frame_idx,image_name,track_id,action,action_conf,det_conf,buf_size,x1,y1,x2,y2
0,20230609c_00228.jpg,1,buffering,0.0000,0.9321,1,830,394,888,481
0,20230609c_00228.jpg,2,buffering,0.0000,0.9284,1,1109,730,1185,822
0,20230609c_00228.jpg,3,buffering,0.0000,0.9265,1,793,858,854,923
0,20230609c_00228.jpg,4,buffering,0.0000,0.9247,1,505,372,579,427
0,20230609c_00228.jpg,5,buffering,0.0000,0.9021,1,98,688,165,759
0,20230609c_00228.jpg,6,buffering,0.0000,0.9002,1,1760,670,1831,740
1,20230609c_00229.jpg,4,buffering,0.0000,0.9274,2,502,371,573,422
2,20230609c_00230.jpg,4,buffering,0.0000,0.8967,3,505,370,577,418
3,20230609c_00231.jpg,13,buffering,0.0000,0.9405,1,728,385,797,477
3,20230609c_00231.jpg,4,neutral,0.9997,0.9063,4,508,371,581,417
4,20230609c_00232.jpg,19,buffering,0.0000,0.9355,1,1320,672,1384,751
4,20230609c_00232.jpg,13,buffering,0.0000,0.9126,2,708,387,769,461
4,20230609c_00232.jpg,4,neutral,0.9997,0.9070,5,508,371,579,415
5,20230609c_00233.jpg,19,buffering,0.0000,0.9303,2,1310,680,1373,750
5,20230609c_00233.jpg,13,buffering,0.0000,0.9285,3,671,392,750,461
5,20230609c_00233.jpg,4,neutral,0.9991,0.8844,6,514,370,571,412
6,20230609c_00234.jpg,13,neutral,0.9998,0.9409,4,656,390,716,462
6,20230609c_00234.jpg,28,buffering,0.0000,0.8938,1,1228,887,1274,958
6,20230609c_00234.jpg,4,neutral,0.9987,0.8906,7,518,370,561,408
7,20230609c_00235.jpg,33,buffering,0.0000,0.9182,1,578,371,634,448
7,20230609c_00235.jpg,13,neutral,0.9996,0.9152,5,641,372,713,459
7,20230609c_00235.jpg,4,neutral,0.9933,0.8701,8,515,370,568,409
7,20230609c_00235.jpg,34,buffering,0.0000,0.8056,1,1823,761,1864,822
8,20230609c_00236.jpg,13,neutral,0.9996,0.9295,6,658,371,722,457
8,20230609c_00236.jpg,33,buffering,0.0000,0.9060,2,572,370,633,444
8,20230609c_00236.jpg,4,neutral,0.9479,0.8829,9,517,370,554,407
9,20230609c_00237.jpg,13,neutral,0.9995,0.9355,7,662,370,727,451
9,20230609c_00237.jpg,2,buffering,0.0000,0.9239,2,1124,694,1182,771
9,20230609c_00237.jpg,45,buffering,0.0000,0.9161,1,1022,870,1102,993
9,20230609c_00237.jpg,33,buffering,0.0000,0.9072,3,569,370,635,430
9,20230609c_00237.jpg,4,neutral,0.8800,0.8830,10,518,370,554,404
10,20230609c_00238.jpg,13,neutral,0.9990,0.9334,8,674,371,742,437
10,20230609c_00238.jpg,4,neutral,0.8694,0.8765,11,518,370,553,399
11,20230609c_00239.jpg,13,neutral,0.9987,0.9093,9,668,370,737,426
11,20230609c_00239.jpg,33,neutral,0.9963,0.8720,4,586,370,633,402
11,20230609c_00239.jpg,4,neutral,0.9469,0.8609,12,522,370,555,394
12,20230609c_00240.jpg,13,neutral,0.9982,0.9215,10,678,370,740,425
12,20230609c_00240.jpg,4,neutral,0.9638,0.8054,13,526,370,557,389
13,20230609c_00241.jpg,13,neutral,0.9978,0.9237,11,684,370,741,426
14,20230609c_00242.jpg,72,buffering,0.0000,0.9328,1,915,705,959,786
14,20230609c_00242.jpg,13,neutral,0.9972,0.9168,12,680,371,738,425
15,20230609c_00243.jpg,72,buffering,0.0000,0.9347,2,909,701,953,782
15,20230609c_00243.jpg,13,neutral,0.9971,0.9131,13,679,370,741,427
15,20230609c_00243.jpg,77,buffering,0.0000,0.9006,1,579,900,616,964
16,20230609c_00244.jpg,78,buffering,0.0000,0.9444,1,1394,552,1468,629
16,20230609c_00244.jpg,72,buffering,0.0000,0.9312,3,896,678,955,784
16,20230609c_00244.jpg,77,buffering,0.0000,0.9267,2,577,895,631,987
16,20230609c_00244.jpg,13,neutral,0.9974,0.9193,14,681,371,741,427
17,20230609c_00245.jpg,78,buffering,0.0000,0.9430,2,1359,567,1443,644
17,20230609c_00245.jpg,72,neutral,0.8040,0.9305,4,888,694,942,773
17,20230609c_00245.jpg,13,neutral,0.9974,0.9111,15,677,370,748,426
18,20230609c_00246.jpg,84,buffering,0.0000,0.9373,1,744,407,822,486
18,20230609c_00246.jpg,72,neutral,0.7848,0.9259,5,857,678,920,766
18,20230609c_00246.jpg,13,neutral,0.9972,0.9049,16,684,371,746,425
19,20230609c_00247.jpg,72,neutral,0.8771,0.9407,6,832,671,884,740
19,20230609c_00247.jpg,84,buffering,0.0000,0.9207,2,733,408,813,522
19,20230609c_00247.jpg,13,neutral,0.9972,0.9131,16,684,371,743,416
19,20230609c_00247.jpg,90,buffering,0.0000,0.8505,1,767,469,812,528
20,20230609c_00248.jpg,72,neutral,0.9263,0.9275,7,814,662,864,731
20,20230609c_00248.jpg,84,buffering,0.0000,0.9193,3,732,410,808,520
20,20230609c_00248.jpg,13,neutral,0.9687,0.8934,16,687,371,743,408
20,20230609c_00248.jpg,90,buffering,0.0000,0.8730,2,764,439,814,521
21,20230609c_00249.jpg,2,buffering,0.0000,0.9299,3,1136,619,1185,700
21,20230609c_00249.jpg,84,neutral,0.9927,0.9221,4,749,395,820,511
21,20230609c_00249.jpg,90,buffering,0.0000,0.7907,3,766,440,817,513
22,20230609c_00250.jpg,2,neutral,0.9996,0.9362,4,1121,587,1183,683
22,20230609c_00250.jpg,84,neutral,0.9531,0.9304,5,748,383,831,509
22,20230609c_00250.jpg,90,neutral,0.9869,0.9176,4,778,423,831,507
22,20230609c_00250.jpg,72,neutral,0.7381,0.8873,8,781,653,825,729
23,20230609c_00251.jpg,90,neutral,0.7046,0.9384,5,785,408,844,497
23,20230609c_00251.jpg,84,fanning,0.6007,0.9191,6,750,372,804,462
24,20230609c_00252.jpg,111,buffering,0.0000,0.9275,1,719,703,774,780
24,20230609c_00252.jpg,84,fanning,0.7557,0.9213,7,759,372,817,455
24,20230609c_00252.jpg,90,neutral,0.6646,0.9208,6,790,403,851,489
25,20230609c_00253.jpg,90,fanning,0.6806,0.9281,7,772,376,858,477
25,20230609c_00253.jpg,84,fanning,0.8279,0.9220,8,774,372,818,450
26,20230609c_00254.jpg,84,fanning,0.8749,0.9239,9,759,372,825,442
26,20230609c_00254.jpg,90,fanning,0.8573,0.9172,8,799,387,851,476
27,20230609c_00255.jpg,90,fanning,0.9047,0.9203,9,806,371,868,469
27,20230609c_00255.jpg,84,fanning,0.8906,0.9121,10,760,370,820,420
28,20230609c_00256.jpg,90,fanning,0.9212,0.9402,10,809,370,878,458
28,20230609c_00256.jpg,72,neutral,0.7794,0.9379,9,662,564,727,661
28,20230609c_00256.jpg,84,fanning,0.8758,0.9094,11,767,370,824,411
29,20230609c_00257.jpg,90,fanning,0.9278,0.9337,11,813,369,883,447
29,20230609c_00257.jpg,146,buffering,0.0000,0.9296,1,652,382,710,473
29,20230609c_00257.jpg,84,fanning,0.8833,0.8906,12,783,370,827,400
30,20230609c_00258.jpg,90,fanning,0.8955,0.9451,12,828,369,882,435
30,20230609c_00258.jpg,152,buffering,0.0000,0.9439,1,451,517,506,616
30,20230609c_00258.jpg,146,buffering,0.0000,0.9364,2,651,371,707,454
30,20230609c_00258.jpg,151,buffering,0.0000,0.9349,1,1251,371,1315,434
31,20230609c_00259.jpg,158,buffering,0.0000,0.9422,1,1432,449,1498,539
31,20230609c_00259.jpg,152,buffering,0.0000,0.9392,2,432,491,488,589
31,20230609c_00259.jpg,146,buffering,0.0000,0.9283,3,653,372,713,452
31,20230609c_00259.jpg,90,fanning,0.9196,0.9049,13,836,370,917,429
31,20230609c_00259.jpg,160,buffering,0.0000,0.8901,1,518,731,569,798
32,20230609c_00260.jpg,152,buffering,0.0000,0.9446,3,411,464,465,559
32,20230609c_00260.jpg,158,buffering,0.0000,0.9401,2,1461,438,1519,530
32,20230609c_00260.jpg,164,buffering,0.0000,0.9206,1,1301,369,1410,431
32,20230609c_00260.jpg,90,fanning,0.9601,0.9148,14,845,370,914,417
32,20230609c_00260.jpg,146,neutral,0.9952,0.8900,4,659,372,700,447
33,20230609c_00261.jpg,158,buffering,0.0000,0.9434,3,1483,415,1538,514
33,20230609c_00261.jpg,146,neutral,0.9846,0.9383,5,650,371,711,460
33,20230609c_00261.jpg,152,neutral,0.9852,0.9369,4,387,423,439,522
33,20230609c_00261.jpg,90,fanning,0.8945,0.8685,15,857,370,899,395
34,20230609c_00262.jpg,158,neutral,0.9887,0.9386,4,1480,389,1536,487
34,20230609c_00262.jpg,152,neutral,0.9057,0.9288,5,367,395,426,493
34,20230609c_00262.jpg,173,buffering,0.0000,0.9217,1,1299,370,1344,405
34,20230609c_00262.jpg,146,neutral,0.9756,0.9102,6,631,369,705,447
35,20230609c_00263.jpg,152,neutral,0.7838,0.9325,6,371,389,437,482
35,20230609c_00263.jpg,146,neutral,0.9111,0.9314,7,627,373,690,461
35,20230609c_00263.jpg,158,neutral,0.9544,0.9265,5,1457,375,1520,472
35,20230609c_00263.jpg,178,buffering,0.0000,0.9198,1,1467,666,1512,741
35,20230609c_00263.jpg,179,buffering,0.0000,0.9111,1,662,370,707,419
35,20230609c_00263.jpg,173,buffering,0.0000,0.8697,2,1302,371,1332,390
36,20230609c_00264.jpg,146,neutral,0.7011,0.9406,8,630,398,679,483
36,20230609c_00264.jpg,158,neutral,0.9475,0.9324,6,1465,371,1526,459
36,20230609c_00264.jpg,178,buffering,0.0000,0.9226,2,1453,641,1500,729
37,20230609c_00265.jpg,146,fanning,0.5577,0.9394,9,626,405,681,496
37,20230609c_00265.jpg,158,neutral,0.9759,0.9337,7,1473,370,1527,445
37,20230609c_00265.jpg,178,buffering,0.0000,0.9264,3,1441,608,1492,693
38,20230609c_00266.jpg,146,fanning,0.7451,0.9405,10,606,402,669,496
38,20230609c_00266.jpg,158,neutral,0.9641,0.9384,8,1473,370,1532,428
38,20230609c_00266.jpg,178,neutral,0.9997,0.9382,4,1415,559,1471,654
38,20230609c_00266.jpg,187,buffering,0.0000,0.9361,1,467,398,521,487
38,20230609c_00266.jpg,188,buffering,0.0000,0.9287,1,400,879,468,955
39,20230609c_00267.jpg,158,neutral,0.9042,0.9401,9,1474,369,1544,421
39,20230609c_00267.jpg,178,neutral,0.9995,0.9386,5,1382,527,1445,616
39,20230609c_00267.jpg,146,fanning,0.8371,0.9353,11,575,383,653,483
39,20230609c_00267.jpg,187,buffering,0.0000,0.9311,2,470,371,523,441
39,20230609c_00267.jpg,191,buffering,0.0000,0.9196,1,498,857,561,941
40,20230609c_00268.jpg,178,neutral,0.9992,0.9472,6,1370,490,1434,578
40,20230609c_00268.jpg,158,neutral,0.8464,0.9413,10,1489,369,1549,424
40,20230609c_00268.jpg,146,fanning,0.8892,0.9381,12,562,371,648,459
40,20230609c_00268.jpg,187,buffering,0.0000,0.9255,3,462,370,537,443
40,20230609c_00268.jpg,188,buffering,0.0000,0.9089,2,410,915,478,1006
41,20230609c_00269.jpg,178,neutral,0.9983,0.9429,7,1366,451,1444,549
41,20230609c_00269.jpg,187,neutral,0.7628,0.9367,4,467,369,523,456
41,20230609c_00269.jpg,146,fanning,0.9456,0.9250,13,539,373,628,446
41,20230609c_00269.jpg,158,neutral,0.8113,0.9230,11,1488,369,1559,435
41,20230609c_00269.jpg,202,buffering,0.0000,0.9122,1,449,846,511,953
42,20230609c_00270.jpg,178,neutral,0.9924,0.9477,8,1379,434,1448,524
42,20230609c_00270.jpg,158,neutral,0.7811,0.9280,12,1492,369,1566,423
42,20230609c_00270.jpg,210,buffering,0.0000,0.9241,1,1112,834,1181,931
42,20230609c_00270.jpg,187,neutral,0.6726,0.9234,5,472,371,607,450
42,20230609c_00270.jpg,146,fanning,0.9534,0.9217,14,513,384,601,451
43,20230609c_00271.jpg,178,neutral,0.7287,0.9444,9,1402,406,1469,492
43,20230609c_00271.jpg,158,neutral,0.6852,0.9274,13,1499,368,1576,421
43,20230609c_00271.jpg,222,buffering,0.0000,0.9248,1,949,983,1024,1077
43,20230609c_00271.jpg,146,fanning,0.9402,0.9154,15,509,387,608,461
44,20230609c_00272.jpg,222,buffering,0.0000,0.9273,2,988,994,1050,1079
44,20230609c_00272.jpg,202,buffering,0.0000,0.9250,2,371,797,494,912
44,20230609c_00272.jpg,228,buffering,0.0000,0.9240,1,840,791,882,866
44,20230609c_00272.jpg,187,uncertain,0.5476,0.9178,6,498,379,603,458
44,20230609c_00272.jpg,158,uncertain,0.5109,0.9157,14,1500,369,1586,422
44,20230609c_00272.jpg,234,buffering,0.0000,0.9066,1,444,372,513,427
45,20230609c_00273.jpg,238,buffering,0.0000,0.9364,1,1418,376,1481,461
45,20230609c_00273.jpg,222,buffering,0.0000,0.9241,3,970,983,1024,1056
45,20230609c_00273.jpg,146,fanning,0.9383,0.9131,16,508,385,581,522
45,20230609c_00273.jpg,246,buffering,0.0000,0.9112,1,478,679,519,749
45,20230609c_00273.jpg,158,fanning,0.7845,0.9101,15,1502,369,1585,425
45,20230609c_00273.jpg,187,fanning,0.6682,0.9073,7,503,390,591,455
45,20230609c_00273.jpg,243,buffering,0.0000,0.9010,1,1133,806,1179,876
45,20230609c_00273.jpg,234,buffering,0.0000,0.8230,2,451,370,519,432
46,20230609c_00274.jpg,248,buffering,0.0000,0.9400,1,742,371,820,436
46,20230609c_00274.jpg,238,buffering,0.0000,0.9343,2,1429,371,1491,440
46,20230609c_00274.jpg,146,fanning,0.9120,0.9045,16,456,372,591,468
46,20230609c_00274.jpg,158,fanning,0.8427,0.9019,16,1509,369,1585,427
47,20230609c_00275.jpg,248,buffering,0.0000,0.9344,2,738,371,801,435
47,20230609c_00275.jpg,238,buffering,0.0000,0.9296,3,1431,370,1484,437
47,20230609c_00275.jpg,160,buffering,0.0000,0.9154,2,533,702,586,766
47,20230609c_00275.jpg,146,fanning,0.9065,0.9143,16,451,370,596,455
47,20230609c_00275.jpg,158,fanning,0.8119,0.9002,16,1514,369,1578,436
47,20230609c_00275.jpg,111,buffering,0.0000,0.9000,2,720,707,761,788
47,20230609c_00275.jpg,234,buffering,0.0000,0.8610,3,458,375,510,446
47,20230609c_00275.jpg,268,buffering,0.0000,0.8512,1,1729,757,1764,814
48,20230609c_00276.jpg,238,neutral,0.9984,0.9239,4,1429,371,1479,424
48,20230609c_00276.jpg,248,buffering,0.0000,0.9212,3,738,371,796,427
48,20230609c_00276.jpg,272,buffering,0.0000,0.9207,1,661,668,710,751
48,20230609c_00276.jpg,146,fanning,0.8667,0.9161,16,462,373,597,456
48,20230609c_00276.jpg,77,buffering,0.0000,0.8763,3,649,1016,720,1063
48,20230609c_00276.jpg,158,fanning,0.7023,0.8592,16,1508,369,1576,434
48,20230609c_00276.jpg,234,trophallaxis,0.6856,0.8539,4,444,379,516,434
49,20230609c_00277.jpg,238,neutral,0.9979,0.9264,5,1427,371,1480,415
49,20230609c_00277.jpg,285,buffering,0.0000,0.9073,1,1612,888,1691,966
49,20230609c_00277.jpg,158,fanning,0.6184,0.9045,16,1504,370,1569,429
49,20230609c_00277.jpg,202,buffering,0.0000,0.8917,3,349,740,437,841
49,20230609c_00277.jpg,187,fanning,0.8638,0.8895,8,507,373,598,457
49,20230609c_00277.jpg,234,trophallaxis,0.8347,0.8200,5,447,377,508,431
50,20230609c_00278.jpg,187,fanning,0.8366,0.9083,9,524,376,599,460
50,20230609c_00278.jpg,234,trophallaxis,0.9960,0.8975,6,440,370,515,432
50,20230609c_00278.jpg,158,fanning,0.6007,0.8915,16,1495,370,1569,428
51,20230609c_00279.jpg,298,buffering,0.0000,0.9387,1,1192,456,1255,553
51,20230609c_00279.jpg,111,buffering,0.0000,0.9183,3,731,737,782,805
51,20230609c_00279.jpg,187,fanning,0.9569,0.9139,10,535,375,599,461
51,20230609c_00279.jpg,158,uncertain,0.5131,0.8820,16,1490,370,1567,426
51,20230609c_00279.jpg,234,trophallaxis,0.9982,0.8768,7,439,372,519,423
52,20230609c_00280.jpg,311,buffering,0.0000,0.9490,1,719,401,795,496
52,20230609c_00280.jpg,298,buffering,0.0000,0.9442,2,1182,434,1256,530
52,20230609c_00280.jpg,158,uncertain,0.5089,0.9192,16,1486,371,1567,422
52,20230609c_00280.jpg,187,fanning,0.9853,0.9097,11,536,378,597,462
52,20230609c_00280.jpg,234,trophallaxis,0.9986,0.8523,8,442,366,522,412
53,20230609c_00281.jpg,298,buffering,0.0000,0.9445,3,1198,412,1270,508
53,20230609c_00281.jpg,311,buffering,0.0000,0.9333,2,693,390,763,479
53,20230609c_00281.jpg,187,fanning,0.9910,0.9298,12,533,374,594,456
53,20230609c_00281.jpg,158,fanning,0.7344,0.9289,16,1483,370,1560,426
53,20230609c_00281.jpg,326,buffering,0.0000,0.9276,1,340,619,387,693
53,20230609c_00281.jpg,228,buffering,0.0000,0.9214,2,821,791,892,854
53,20230609c_00281.jpg,246,buffering,0.0000,0.8887,2,465,671,503,729
53,20230609c_00281.jpg,234,trophallaxis,0.9987,0.8799,9,444,372,517,411
54,20230609c_00282.jpg,298,neutral,0.9983,0.9413,4,1220,400,1291,486
54,20230609c_00282.jpg,311,buffering,0.0000,0.9349,3,668,395,732,485
54,20230609c_00282.jpg,272,buffering,0.0000,0.9332,2,628,680,695,760
54,20230609c_00282.jpg,187,fanning,0.9932,0.9326,13,539,372,597,446
54,20230609c_00282.jpg,158,fanning,0.7412,0.9299,16,1480,369,1559,418
54,20230609c_00282.jpg,326,buffering,0.0000,0.9236,2,340,595,385,667
54,20230609c_00282.jpg,146,fanning,0.9980,0.9137,16,425,368,519,416
55,20230609c_00283.jpg,349,buffering,0.0000,0.9455,1,887,495,961,587
55,20230609c_00283.jpg,298,neutral,0.9965,0.9445,5,1233,398,1302,485
55,20230609c_00283.jpg,311,neutral,0.9997,0.9375,4,655,399,731,493
55,20230609c_00283.jpg,191,buffering,0.0000,0.9359,2,462,793,542,908
55,20230609c_00283.jpg,326,buffering,0.0000,0.9339,3,332,567,378,650
55,20230609c_00283.jpg,158,fanning,0.6016,0.9283,16,1479,370,1560,418
55,20230609c_00283.jpg,187,fanning,0.9805,0.9158,14,542,373,600,436
55,20230609c_00283.jpg,234,trophallaxis,0.9949,0.8758,10,432,367,510,407
56,20230609c_00284.jpg,298,neutral,0.9843,0.9518,6,1238,389,1313,475
56,20230609c_00284.jpg,311,neutral,0.9996,0.9320,5,646,391,716,484
56,20230609c_00284.jpg,158,fanning,0.5738,0.9268,16,1478,369,1561,417
56,20230609c_00284.jpg,187,fanning,0.9815,0.9100,15,544,373,602,420
56,20230609c_00284.jpg,234,uncertain,0.5212,0.9009,11,439,368,530,406
56,20230609c_00284.jpg,366,buffering,0.0000,0.8701,1,1206,882,1259,941
57,20230609c_00285.jpg,298,neutral,0.9693,0.9421,7,1253,372,1327,450
57,20230609c_00285.jpg,311,neutral,0.9979,0.9335,6,641,371,714,458
57,20230609c_00285.jpg,158,fanning,0.5623,0.9265,16,1476,369,1560,417
57,20230609c_00285.jpg,379,buffering,0.0000,0.9208,1,609,755,687,872
57,20230609c_00285.jpg,376,buffering,0.0000,0.9194,1,717,648,775,745
57,20230609c_00285.jpg,243,buffering,0.0000,0.9132,2,1143,774,1185,848
57,20230609c_00285.jpg,384,buffering,0.0000,0.9076,1,475,736,537,795
57,20230609c_00285.jpg,234,fanning,0.9610,0.9064,12,461,372,537,421
57,20230609c_00285.jpg,187,fanning,0.9516,0.8977,16,554,372,596,409
57,20230609c_00285.jpg,382,buffering,0.0000,0.8739,1,418,764,469,815
58,20230609c_00286.jpg,372,buffering,0.0000,0.9433,1,204,463,269,540
58,20230609c_00286.jpg,298,neutral,0.9590,0.9430,8,1265,373,1331,444
58,20230609c_00286.jpg,158,uncertain,0.5308,0.9340,16,1471,370,1557,418
58,20230609c_00286.jpg,393,buffering,0.0000,0.9291,1,660,715,734,832
58,20230609c_00286.jpg,243,buffering,0.0000,0.9196,3,1122,748,1168,818
58,20230609c_00286.jpg,382,buffering,0.0000,0.9163,2,426,756,482,818
58,20230609c_00286.jpg,111,neutral,0.9922,0.9045,4,733,739,781,807
58,20230609c_00286.jpg,384,buffering,0.0000,0.8838,2,495,727,541,788
58,20230609c_00286.jpg,187,fanning,0.8494,0.8824,16,562,370,603,392
58,20230609c_00286.jpg,234,fanning,0.9745,0.8737,13,485,373,537,431
59,20230609c_00287.jpg,372,buffering,0.0000,0.9430,2,216,458,277,523
59,20230609c_00287.jpg,164,buffering,0.0000,0.9410,2,1284,370,1407,451
59,20230609c_00287.jpg,243,neutral,0.9874,0.9342,4,1114,735,1159,812
59,20230609c_00287.jpg,158,uncertain,0.5167,0.9340,16,1468,370,1552,417
59,20230609c_00287.jpg,376,buffering,0.0000,0.9279,2,693,664,758,780
59,20230609c_00287.jpg,400,buffering,0.0000,0.9275,1,712,371,787,446
59,20230609c_00287.jpg,382,buffering,0.0000,0.9255,3,435,753,490,820
59,20230609c_00287.jpg,399,buffering,0.0000,0.9044,1,674,372,721,429
59,20230609c_00287.jpg,384,buffering,0.0000,0.8964,3,503,708,545,776
59,20230609c_00287.jpg,234,fanning,0.9907,0.8776,14,483,372,542,429
59,20230609c_00287.jpg,187,fanning,0.5547,0.8189,16,570,371,611,388
60,20230609c_00288.jpg,372,buffering,0.0000,0.9409,3,227,438,311,518
60,20230609c_00288.jpg,158,uncertain,0.5245,0.9355,16,1468,370,1551,418
60,20230609c_00288.jpg,405,buffering,0.0000,0.9319,1,10,530,73,615
60,20230609c_00288.jpg,400,buffering,0.0000,0.9293,2,701,371,780,453
60,20230609c_00288.jpg,164,buffering,0.0000,0.9288,3,1315,370,1411,449
60,20230609c_00288.jpg,243,neutral,0.9440,0.9286,5,1118,723,1161,803
60,20230609c_00288.jpg,382,neutral,0.9980,0.9203,4,447,733,508,817
60,20230609c_00288.jpg,111,neutral,0.8718,0.9143,5,738,730,792,823
60,20230609c_00288.jpg,384,neutral,0.9992,0.9094,4,511,688,551,759
60,20230609c_00288.jpg,399,buffering,0.0000,0.9068,2,670,372,717,426
60,20230609c_00288.jpg,234,fanning,0.9933,0.8938,15,467,370,540,409
61,20230609c_00289.jpg,405,buffering,0.0000,0.9362,2,20,529,96,604
61,20230609c_00289.jpg,413,buffering,0.0000,0.9351,1,710,557,768,666
61,20230609c_00289.jpg,372,neutral,0.9989,0.9291,4,245,429,342,500
61,20230609c_00289.jpg,158,neutral,0.7706,0.9263,16,1466,371,1549,424
61,20230609c_00289.jpg,376,buffering,0.0000,0.9242,3,701,711,756,805
61,20230609c_00289.jpg,243,neutral,0.8159,0.9193,6,1120,714,1170,790
61,20230609c_00289.jpg,417,buffering,0.0000,0.9174,1,1102,768,1168,873
61,20230609c_00289.jpg,400,buffering,0.0000,0.9115,3,700,371,775,443
61,20230609c_00289.jpg,382,neutral,0.9955,0.9019,5,463,698,518,784
61,20230609c_00289.jpg,384,neutral,0.9995,0.9018,5,516,659,565,730
61,20230609c_00289.jpg,164,neutral,0.9970,0.8997,4,1321,370,1412,440
61,20230609c_00289.jpg,222,neutral,0.9870,0.8919,4,1081,918,1142,1022
61,20230609c_00289.jpg,399,buffering,0.0000,0.8787,3,664,370,712,413
61,20230609c_00289.jpg,234,fanning,0.9937,0.8744,16,474,371,548,405
62,20230609c_00290.jpg,422,buffering,0.0000,0.9385,1,549,464,601,562
62,20230609c_00290.jpg,158,neutral,0.8242,0.9336,16,1466,372,1546,432
62,20230609c_00290.jpg,372,neutral,0.9959,0.9324,5,256,436,338,496
62,20230609c_00290.jpg,164,neutral,0.9924,0.9314,5,1311,370,1413,422
62,20230609c_00290.jpg,400,neutral,0.9556,0.9304,4,711,371,780,442
62,20230609c_00290.jpg,426,buffering,0.0000,0.9297,1,856,745,913,817
62,20230609c_00290.jpg,243,fanning,0.7389,0.9282,7,1123,704,1181,779
62,20230609c_00290.jpg,417,buffering,0.0000,0.9230,2,1101,774,1156,880
62,20230609c_00290.jpg,384,neutral,0.9994,0.9198,6,527,624,570,709
62,20230609c_00290.jpg,234,fanning,0.9739,0.8479,16,487,371,537,395
63,20230609c_00291.jpg,158,neutral,0.8442,0.9399,16,1466,372,1546,425
63,20230609c_00291.jpg,422,buffering,0.0000,0.9377,2,562,450,620,540
63,20230609c_00291.jpg,384,neutral,0.9995,0.9368,7,528,606,614,761
63,20230609c_00291.jpg,426,buffering,0.0000,0.9334,2,868,741,933,807
63,20230609c_00291.jpg,243,fanning,0.7584,0.9324,8,1142,681,1198,760
63,20230609c_00291.jpg,372,neutral,0.9934,0.9324,6,269,423,360,490
63,20230609c_00291.jpg,164,neutral,0.9858,0.9291,6,1309,370,1413,421
63,20230609c_00291.jpg,440,buffering,0.0000,0.9281,1,888,403,957,473
63,20230609c_00291.jpg,417,buffering,0.0000,0.9239,3,1094,776,1155,883
63,20230609c_00291.jpg,160,buffering,0.0000,0.9174,3,548,680,609,763
63,20230609c_00291.jpg,400,neutral,0.9899,0.9172,5,725,372,785,435
63,20230609c_00291.jpg,234,neutral,0.9188,0.8233,16,502,371,570,395
64,20230609c_00292.jpg,384,neutral,0.9993,0.9444,8,532,580,581,666
64,20230609c_00292.jpg,372,neutral,0.9834,0.9423,7,277,417,369,487
64,20230609c_00292.jpg,202,neutral,0.9782,0.9348,4,204,585,258,668
64,20230609c_00292.jpg,158,uncertain,0.5272,0.9348,16,1468,372,1541,422
64,20230609c_00292.jpg,417,fanning,0.8555,0.9314,4,1100,788,1182,878
64,20230609c_00292.jpg,426,buffering,0.0000,0.9284,3,892,718,950,791
64,20230609c_00292.jpg,400,neutral,0.9731,0.9269,6,730,372,791,431
64,20230609c_00292.jpg,164,neutral,0.8527,0.9234,7,1318,370,1413,420
64,20230609c_00292.jpg,440,buffering,0.0000,0.9231,2,890,399,960,468
64,20230609c_00292.jpg,422,buffering,0.0000,0.9109,3,576,440,621,522
64,20230609c_00292.jpg,234,neutral,0.8509,0.7825,16,507,372,566,395
65,20230609c_00293.jpg,384,neutral,0.9802,0.9447,9,529,551,597,633
65,20230609c_00293.jpg,158,fanning,0.5868,0.9395,16,1465,371,1538,422
65,20230609c_00293.jpg,372,neutral,0.9605,0.9390,8,288,410,380,483
65,20230609c_00293.jpg,400,neutral,0.9890,0.9258,7,729,371,795,416
65,20230609c_00293.jpg,379,buffering,0.0000,0.9257,2,624,784,676,860
65,20230609c_00293.jpg,452,buffering,0.0000,0.9253,1,1180,624,1231,709
65,20230609c_00293.jpg,417,fanning,0.9465,0.9204,5,1127,789,1200,870
65,20230609c_00293.jpg,164,neutral,0.7950,0.9169,8,1321,369,1413,418
65,20230609c_00293.jpg,440,buffering,0.0000,0.9157,3,890,390,970,449
65,20230609c_00293.jpg,422,neutral,0.9395,0.9141,4,585,411,635,500
65,20230609c_00293.jpg,311,neutral,0.9985,0.7486,7,503,372,577,412
66,20230609c_00294.jpg,463,buffering,0.0000,0.9444,1,241,475,297,540
66,20230609c_00294.jpg,384,neutral,0.8288,0.9420,10,548,524,617,616
66,20230609c_00294.jpg,466,buffering,0.0000,0.9419,1,460,443,527,527
66,20230609c_00294.jpg,422,neutral,0.7100,0.9397,5,590,386,656,470
66,20230609c_00294.jpg,372,neutral,0.9180,0.9380,9,296,405,377,473
66,20230609c_00294.jpg,158,fanning,0.8849,0.9365,16,1471,372,1542,434
66,20230609c_00294.jpg,452,buffering,0.0000,0.9362,2,1173,612,1223,690
66,20230609c_00294.jpg,440,neutral,0.9997,0.9219,4,888,382,973,448
66,20230609c_00294.jpg,164,neutral,0.6694,0.9194,9,1322,370,1413,417
66,20230609c_00294.jpg,393,buffering,0.0000,0.9091,2,649,759,702,879
66,20230609c_00294.jpg,234,neutral,0.8370,0.6396,16,504,372,568,390
67,20230609c_00295.jpg,384,uncertain,0.5347,0.9428,11,560,501,622,594
67,20230609c_00295.jpg,158,fanning,0.8739,0.9403,16,1463,371,1537,427
67,20230609c_00295.jpg,466,buffering,0.0000,0.9403,2,458,440,535,520
67,20230609c_00295.jpg,463,buffering,0.0000,0.9375,2,247,446,314,526
67,20230609c_00295.jpg,372,neutral,0.7678,0.9368,10,306,396,384,469
67,20230609c_00295.jpg,452,buffering,0.0000,0.9365,3,1153,569,1211,662
67,20230609c_00295.jpg,440,neutral,0.9997,0.9304,5,888,374,963,449
67,20230609c_00295.jpg,478,buffering,0.0000,0.9192,1,585,749,642,840
67,20230609c_00295.jpg,164,uncertain,0.5056,0.9128,10,1323,370,1413,417
67,20230609c_00295.jpg,422,fanning,0.8071,0.8743,6,629,370,682,446
67,20230609c_00295.jpg,483,buffering,0.0000,0.7590,1,480,373,540,442
67,20230609c_00295.jpg,234,neutral,0.9092,0.5864,16,525,372,574,387
68,20230609c_00296.jpg,384,fanning,0.7911,0.9394,12,568,484,627,578
68,20230609c_00296.jpg,485,buffering,0.0000,0.9376,1,986,561,1038,653
68,20230609c_00296.jpg,463,buffering,0.0000,0.9374,3,262,426,322,505
68,20230609c_00296.jpg,452,neutral,0.9991,0.9367,4,1151,522,1209,612
68,20230609c_00296.jpg,158,fanning,0.8377,0.9355,16,1463,370,1532,422
68,20230609c_00296.jpg,466,buffering,0.0000,0.9286,3,464,434,536,516
68,20230609c_00296.jpg,372,neutral,0.6353,0.9249,11,314,399,387,461
68,20230609c_00296.jpg,440,neutral,0.9993,0.9158,6,887,372,950,433
68,20230609c_00296.jpg,164,fanning,0.5921,0.9012,11,1330,369,1413,416
68,20230609c_00296.jpg,483,buffering,0.0000,0.8618,2,483,375,543,446
68,20230609c_00296.jpg,422,neutral,0.6262,0.7362,7,643,379,690,437
68,20230609c_00296.jpg,234,neutral,0.9729,0.7219,16,535,372,580,389
69,20230609c_00297.jpg,158,fanning,0.8984,0.9441,16,1462,370,1529,423
69,20230609c_00297.jpg,384,fanning,0.8961,0.9403,13,579,458,636,546
69,20230609c_00297.jpg,452,neutral,0.9985,0.9368,5,1153,477,1210,563
69,20230609c_00297.jpg,463,neutral,0.9987,0.9358,4,286,406,339,494
69,20230609c_00297.jpg,485,buffering,0.0000,0.9335,2,977,532,1033,622
69,20230609c_00297.jpg,466,neutral,0.9990,0.9283,4,475,437,544,505
69,20230609c_00297.jpg,372,uncertain,0.5192,0.9142,12,325,394,395,461
69,20230609c_00297.jpg,440,neutral,0.9988,0.9077,7,880,371,935,419
69,20230609c_00297.jpg,503,buffering,0.0000,0.8948,1,586,388,659,446
69,20230609c_00297.jpg,483,buffering,0.0000,0.8735,3,474,372,538,438
69,20230609c_00297.jpg,164,fanning,0.6269,0.8585,12,1331,369,1412,415
69,20230609c_00297.jpg,234,neutral,0.9835,0.6079,16,544,372,610,389
70,20230609c_00298.jpg,158,fanning,0.8821,0.9430,16,1463,370,1529,424
70,20230609c_00298.jpg,507,buffering,0.0000,0.9386,1,462,479,523,574
70,20230609c_00298.jpg,384,fanning,0.9567,0.9384,14,578,451,633,536
70,20230609c_00298.jpg,485,buffering,0.0000,0.9369,3,969,499,1022,593
70,20230609c_00298.jpg,452,neutral,0.9969,0.9314,6,1165,436,1223,533
70,20230609c_00298.jpg,466,trophallaxis,0.6988,0.9306,5,484,428,551,497
70,20230609c_00298.jpg,463,neutral,0.9981,0.9260,5,307,401,370,494
70,20230609c_00298.jpg,517,buffering,0.0000,0.9037,1,219,920,301,1019
70,20230609c_00298.jpg,512,buffering,0.0000,0.9030,1,663,670,725,723
70,20230609c_00298.jpg,503,buffering,0.0000,0.8917,2,549,388,628,455
70,20230609c_00298.jpg,440,neutral,0.9985,0.8769,8,884,372,933,405
70,20230609c_00298.jpg,164,fanning,0.6147,0.8704,13,1330,369,1412,414
70,20230609c_00298.jpg,483,trophallaxis,0.8211,0.8634,4,484,371,534,430
70,20230609c_00298.jpg,372,fanning,0.8078,0.8363,13,342,394,407,443
71,20230609c_00299.jpg,384,fanning,0.9867,0.9414,15,582,454,628,538
71,20230609c_00299.jpg,158,fanning,0.9067,0.9412,16,1460,370,1527,423
71,20230609c_00299.jpg,452,neutral,0.9977,0.9410,7,1190,406,1254,491
71,20230609c_00299.jpg,507,buffering,0.0000,0.9394,2,467,489,520,567
71,20230609c_00299.jpg,485,neutral,0.9783,0.9360,4,942,477,996,572
71,20230609c_00299.jpg,466,trophallaxis,0.9985,0.9246,6,487,416,555,484
71,20230609c_00299.jpg,463,neutral,0.9964,0.9221,6,322,392,418,495
71,20230609c_00299.jpg,512,buffering,0.0000,0.9157,2,681,675,744,744
71,20230609c_00299.jpg,525,buffering,0.0000,0.9112,1,30,915,80,1008
71,20230609c_00299.jpg,503,buffering,0.0000,0.9044,3,556,381,620,460
71,20230609c_00299.jpg,164,fanning,0.6119,0.8827,14,1329,368,1413,415
71,20230609c_00299.jpg,483,neutral,0.9977,0.8589,5,484,370,539,426
71,20230609c_00299.jpg,440,neutral,0.9978,0.8475,9,889,372,927,393
71,20230609c_00299.jpg,372,fanning,0.9943,0.7746,14,357,395,418,453
72,20230609c_00300.jpg,349,buffering,0.0000,0.9427,2,899,459,959,552
72,20230609c_00300.jpg,384,fanning,0.9906,0.9358,16,578,438,634,535
72,20230609c_00300.jpg,452,neutral,0.9973,0.9352,8,1216,373,1278,458
72,20230609c_00300.jpg,405,buffering,0.0000,0.9339,3,60,519,157,616
72,20230609c_00300.jpg,158,fanning,0.8933,0.9336,16,1459,371,1518,421
72,20230609c_00300.jpg,534,buffering,0.0000,0.9332,1,734,410,806,512
72,20230609c_00300.jpg,463,neutral,0.9928,0.9330,7,325,392,386,489
72,20230609c_00300.jpg,512,buffering,0.0000,0.9299,3,702,665,766,758
72,20230609c_00300.jpg,466,trophallaxis,0.9993,0.9144,7,489,411,560,479
72,20230609c_00300.jpg,503,neutral,0.9988,0.9105,4,557,386,631,458
72,20230609c_00300.jpg,507,buffering,0.0000,0.9100,3,467,475,543,557
72,20230609c_00300.jpg,483,trophallaxis,0.8905,0.9090,6,486,372,548,436
72,20230609c_00300.jpg,164,fanning,0.7264,0.8797,15,1329,368,1414,415
72,20230609c_00300.jpg,372,fanning,0.9969,0.8752,15,361,397,434,456
73,20230609c_00301.jpg,384,fanning,0.9927,0.9356,16,578,427,641,526
73,20230609c_00301.jpg,534,buffering,0.0000,0.9345,2,734,408,804,499
73,20230609c_00301.jpg,466,trophallaxis,0.9995,0.9271,8,483,385,564,477
73,20230609c_00301.jpg,158,fanning,0.9200,0.9271,16,1457,371,1519,419
73,20230609c_00301.jpg,512,neutral,0.9940,0.9271,4,740,655,802,754
73,20230609c_00301.jpg,507,neutral,0.7567,0.9253,4,456,477,544,588
73,20230609c_00301.jpg,452,neutral,0.9945,0.9250,9,1217,371,1281,442
73,20230609c_00301.jpg,463,neutral,0.9672,0.9229,8,326,379,461,470
73,20230609c_00301.jpg,376,neutral,0.9974,0.9026,4,679,825,721,911
73,20230609c_00301.jpg,553,buffering,0.0000,0.8951,1,1372,855,1418,907
73,20230609c_00301.jpg,372,fanning,0.9975,0.8882,16,366,400,443,456
73,20230609c_00301.jpg,164,fanning,0.8591,0.8783,16,1331,369,1412,415
73,20230609c_00301.jpg,503,neutral,0.9974,0.8549,5,553,384,627,466
73,20230609c_00301.jpg,483,trophallaxis,0.9791,0.7730,7,505,371,550,420
74,20230609c_00302.jpg,384,fanning,0.9951,0.9458,16,587,408,648,513
74,20230609c_00302.jpg,534,buffering,0.0000,0.9410,3,729,395,797,488
74,20230609c_00302.jpg,158,fanning,0.9349,0.9299,16,1456,370,1519,422
74,20230609c_00302.jpg,507,neutral,0.5821,0.9283,5,453,462,512,582
74,20230609c_00302.jpg,561,buffering,0.0000,0.9212,1,97,781,166,872
74,20230609c_00302.jpg,466,trophallaxis,0.9995,0.9195,9,499,408,565,472
74,20230609c_00302.jpg,452,neutral,0.9583,0.9170,10,1216,372,1274,425
74,20230609c_00302.jpg,553,buffering,0.0000,0.9167,2,1343,869,1405,924
74,20230609c_00302.jpg,463,neutral,0.9004,0.9145,9,349,367,458,453
74,20230609c_00302.jpg,379,buffering,0.0000,0.9116,3,616,789,661,859
74,20230609c_00302.jpg,503,trophallaxis,0.9982,0.9046,6,551,375,631,434
74,20230609c_00302.jpg,164,fanning,0.8789,0.8843,16,1331,369,1413,415
74,20230609c_00302.jpg,372,fanning,0.9978,0.8794,16,378,401,454,456
74,20230609c_00302.jpg,567,buffering,0.0000,0.8526,1,456,452,510,531
74,20230609c_00302.jpg,483,trophallaxis,0.9595,0.6979,8,505,371,549,416
75,20230609c_00303.jpg,384,fanning,0.9964,0.9430,16,593,404,653,505
75,20230609c_00303.jpg,534,neutral,0.9941,0.9358,4,727,395,792,479
75,20230609c_00303.jpg,158,fanning,0.9103,0.9314,16,1456,370,1517,425
75,20230609c_00303.jpg,507,fanning,0.7759,0.9282,6,446,483,512,577
75,20230609c_00303.jpg,463,fanning,0.6493,0.9213,10,378,370,458,445
75,20230609c_00303.jpg,503,trophallaxis,0.9995,0.9140,7,551,374,626,429
75,20230609c_00303.jpg,466,trophallaxis,0.9995,0.8827,10,501,407,565,471
75,20230609c_00303.jpg,164,fanning,0.9099,0.8753,16,1332,369,1413,414
75,20230609c_00303.jpg,567,buffering,0.0000,0.8399,2,463,445,506,519
75,20230609c_00303.jpg,483,trophallaxis,0.9963,0.8166,9,501,372,549,417
75,20230609c_00303.jpg,372,fanning,0.9988,0.8085,16,416,396,463,450
76,20230609c_00304.jpg,581,buffering,0.0000,0.9400,1,1188,377,1249,469
76,20230609c_00304.jpg,384,fanning,0.9982,0.9363,16,596,386,658,489
76,20230609c_00304.jpg,534,neutral,0.9662,0.9350,5,730,387,789,478
76,20230609c_00304.jpg,158,fanning,0.9100,0.9307,16,1455,371,1515,419
76,20230609c_00304.jpg,583,buffering,0.0000,0.9295,1,786,381,857,454
76,20230609c_00304.jpg,466,trophallaxis,0.9996,0.9285,11,505,404,569,469
76,20230609c_00304.jpg,463,fanning,0.9570,0.9215,11,394,369,466,456
76,20230609c_00304.jpg,507,fanning,0.7941,0.9148,7,448,496,499,581
76,20230609c_00304.jpg,503,trophallaxis,0.9984,0.9118,8,554,372,629,428
76,20230609c_00304.jpg,483,trophallaxis,0.9985,0.8981,10,498,372,550,420
76,20230609c_00304.jpg,164,fanning,0.9402,0.8605,16,1333,369,1413,414
76,20230609c_00304.jpg,567,buffering,0.0000,0.8422,3,463,439,502,511
77,20230609c_00305.jpg,384,fanning,0.9979,0.9410,16,607,373,669,470
77,20230609c_00305.jpg,581,buffering,0.0000,0.9369,2,1176,374,1238,464
77,20230609c_00305.jpg,466,trophallaxis,0.9996,0.9316,12,504,400,572,468
77,20230609c_00305.jpg,158,fanning,0.8916,0.9158,16,1459,371,1507,415
77,20230609c_00305.jpg,534,neutral,0.7780,0.9069,6,732,383,798,476
77,20230609c_00305.jpg,503,trophallaxis,0.9993,0.9037,9,550,373,617,419
77,20230609c_00305.jpg,483,trophallaxis,0.9992,0.8749,11,507,372,548,408
77,20230609c_00305.jpg,583,buffering,0.0000,0.8736,2,770,393,837,451
77,20230609c_00305.jpg,463,fanning,0.9874,0.8735,12,404,370,490,449
77,20230609c_00305.jpg,507,fanning,0.9572,0.8624,8,446,497,501,580
77,20230609c_00305.jpg,164,fanning,0.9445,0.8578,16,1332,368,1412,415
77,20230609c_00305.jpg,372,fanning,0.9989,0.8269,16,400,393,465,450
77,20230609c_00305.jpg,567,neutral,0.9990,0.8009,4,463,432,505,507
78,20230609c_00306.jpg,581,buffering,0.0000,0.9457,3,1179,372,1243,450
78,20230609c_00306.jpg,503,trophallaxis,0.9994,0.9377,10,537,371,620,415
78,20230609c_00306.jpg,610,buffering,0.0000,0.9375,1,1437,418,1490,495
78,20230609c_00306.jpg,384,fanning,0.9976,0.9365,16,616,372,675,457
78,20230609c_00306.jpg,466,trophallaxis,0.9995,0.9278,13,508,395,577,467
78,20230609c_00306.jpg,507,fanning,0.9967,0.9199,9,437,454,513,574
78,20230609c_00306.jpg,534,neutral,0.6704,0.9104,7,720,374,778,468
78,20230609c_00306.jpg,158,fanning,0.9015,0.9092,16,1458,371,1509,414
78,20230609c_00306.jpg,463,fanning,0.9983,0.9028,13,403,371,515,450
78,20230609c_00306.jpg,617,buffering,0.0000,0.9020,1,787,429,883,534
78,20230609c_00306.jpg,372,fanning,0.9992,0.9005,16,403,391,477,451
78,20230609c_00306.jpg,483,trophallaxis,0.9993,0.8520,12,517,371,554,407
78,20230609c_00306.jpg,583,buffering,0.0000,0.8497,3,753,385,820,435
78,20230609c_00306.jpg,164,fanning,0.9695,0.8478,16,1334,368,1411,413
78,20230609c_00306.jpg,621,buffering,0.0000,0.8257,1,1161,1034,1212,1079
79,20230609c_00307.jpg,581,neutral,0.9929,0.9378,4,1181,372,1244,424
79,20230609c_00307.jpg,610,buffering,0.0000,0.9377,2,1403,430,1467,508
79,20230609c_00307.jpg,191,buffering,0.0000,0.9370,3,405,735,473,820
79,20230609c_00307.jpg,617,buffering,0.0000,0.9361,2,813,434,884,528
79,20230609c_00307.jpg,384,fanning,0.9967,0.9279,16,618,371,678,441
79,20230609c_00307.jpg,372,fanning,0.9992,0.9250,16,405,393,475,454
79,20230609c_00307.jpg,158,fanning,0.8663,0.9197,16,1455,371,1504,413
79,20230609c_00307.jpg,466,trophallaxis,0.9989,0.9162,14,510,396,579,464
79,20230609c_00307.jpg,503,trophallaxis,0.9992,0.9133,11,551,372,617,412
79,20230609c_00307.jpg,463,fanning,0.9990,0.9108,14,466,373,520,453
79,20230609c_00307.jpg,507,fanning,0.9984,0.9071,10,454,449,542,571
79,20230609c_00307.jpg,534,neutral,0.8466,0.8634,8,709,389,750,464
79,20230609c_00307.jpg,164,fanning,0.9784,0.8400,16,1336,368,1412,417
79,20230609c_00307.jpg,483,trophallaxis,0.9989,0.8077,13,520,371,554,401
80,20230609c_00308.jpg,617,buffering,0.0000,0.9356,3,810,439,886,528
80,20230609c_00308.jpg,610,buffering,0.0000,0.9348,3,1390,426,1451,506
80,20230609c_00308.jpg,507,fanning,0.9979,0.9304,11,455,479,512,573
80,20230609c_00308.jpg,372,fanning,0.9993,0.9301,16,404,373,527,455
80,20230609c_00308.jpg,581,neutral,0.9748,0.9252,5,1178,372,1242,420
80,20230609c_00308.jpg,158,fanning,0.8341,0.9244,16,1454,371,1510,414
80,20230609c_00308.jpg,463,fanning,0.9990,0.9151,15,464,371,524,438
80,20230609c_00308.jpg,534,fanning,0.8809,0.9146,9,682,375,774,468
80,20230609c_00308.jpg,405,neutral,0.9995,0.9094,4,84,538,142,627
80,20230609c_00308.jpg,466,trophallaxis,0.9986,0.9065,15,513,396,586,458
80,20230609c_00308.jpg,503,trophallaxis,0.9991,0.9059,12,550,372,612,412
80,20230609c_00308.jpg,642,buffering,0.0000,0.9026,1,754,408,816,508
80,20230609c_00308.jpg,567,neutral,0.9976,0.8903,5,465,420,512,489
80,20230609c_00308.jpg,384,fanning,0.5814,0.8901,16,619,371,670,414
80,20230609c_00308.jpg,164,fanning,0.9732,0.8423,16,1337,368,1414,416
80,20230609c_00308.jpg,483,trophallaxis,0.9918,0.7621,14,523,372,552,391
81,20230609c_00309.jpg,610,neutral,0.9943,0.9443,4,1388,406,1446,490
81,20230609c_00309.jpg,617,trophallaxis,0.9485,0.9403,4,813,440,881,526
81,20230609c_00309.jpg,507,fanning,0.9983,0.9390,12,455,481,508,571
81,20230609c_00309.jpg,649,buffering,0.0000,0.9302,1,511,682,588,773
81,20230609c_00309.jpg,405,neutral,0.9987,0.9295,5,79,500,136,591
81,20230609c_00309.jpg,372,fanning,0.9993,0.9275,16,401,373,523,456
81,20230609c_00309.jpg,158,fanning,0.8287,0.9257,16,1454,371,1514,415
81,20230609c_00309.jpg,512,neutral,0.9877,0.9226,5,887,659,965,726
81,20230609c_00309.jpg,646,buffering,0.0000,0.9197,1,525,394,603,504
81,20230609c_00309.jpg,642,buffering,0.0000,0.9144,2,767,423,811,508
81,20230609c_00309.jpg,463,fanning,0.9993,0.9143,16,466,372,530,432
81,20230609c_00309.jpg,160,neutral,0.9993,0.9086,4,580,657,629,740
81,20230609c_00309.jpg,650,buffering,0.0000,0.8949,1,1731,857,1770,920
81,20230609c_00309.jpg,503,trophallaxis,0.9989,0.8918,13,552,371,606,411
81,20230609c_00309.jpg,567,neutral,0.9932,0.8861,6,472,410,517,482
81,20230609c_00309.jpg,466,trophallaxis,0.9942,0.8688,16,515,395,580,458
81,20230609c_00309.jpg,651,buffering,0.0000,0.7973,1,1144,1051,1193,1079
81,20230609c_00309.jpg,164,fanning,0.9841,0.7606,16,1338,370,1414,415
82,20230609c_00310.jpg,507,fanning,0.9988,0.9481,13,451,480,510,565
82,20230609c_00310.jpg,617,trophallaxis,0.9563,0.9415,5,819,438,882,524
82,20230609c_00310.jpg,610,neutral,0.9714,0.9405,5,1390,381,1443,483
82,20230609c_00310.jpg,160,neutral,0.9875,0.9331,5,564,645,643,740
82,20230609c_00310.jpg,405,neutral,0.9953,0.9320,6,90,483,148,564
82,20230609c_00310.jpg,372,fanning,0.9995,0.9291,16,398,371,524,457
82,20230609c_00310.jpg,158,fanning,0.7102,0.9263,16,1454,371,1514,415
82,20230609c_00310.jpg,654,buffering,0.0000,0.9262,1,658,411,739,472
82,20230609c_00310.jpg,642,buffering,0.0000,0.9241,3,772,421,824,505
82,20230609c_00310.jpg,463,fanning,0.9994,0.9174,16,467,372,530,430
82,20230609c_00310.jpg,650,buffering,0.0000,0.9131,2,1723,855,1764,924
82,20230609c_00310.jpg,646,buffering,0.0000,0.9096,2,537,374,626,469
82,20230609c_00310.jpg,567,neutral,0.9751,0.8690,7,470,405,521,478
82,20230609c_00310.jpg,651,buffering,0.0000,0.8519,2,1148,1034,1198,1079
82,20230609c_00310.jpg,466,trophallaxis,0.9896,0.8391,16,520,387,578,457
83,20230609c_00311.jpg,617,trophallaxis,0.9748,0.9451,6,821,437,883,522
83,20230609c_00311.jpg,507,fanning,0.9990,0.9437,14,442,470,504,556
83,20230609c_00311.jpg,658,buffering,0.0000,0.9383,1,1105,377,1156,470
83,20230609c_00311.jpg,610,neutral,0.9067,0.9351,6,1385,371,1440,473
83,20230609c_00311.jpg,405,neutral,0.9860,0.9345,7,116,454,176,549
83,20230609c_00311.jpg,158,fanning,0.6855,0.9326,16,1454,371,1509,417
83,20230609c_00311.jpg,372,fanning,0.9995,0.9276,16,396,393,472,456
83,20230609c_00311.jpg,654,buffering,0.0000,0.9262,2,651,407,725,463
83,20230609c_00311.jpg,642,neutral,0.9941,0.9215,4,779,420,827,501
83,20230609c_00311.jpg,646,buffering,0.0000,0.9151,3,529,370,633,456
83,20230609c_00311.jpg,463,fanning,0.9993,0.9098,16,465,369,530,443
83,20230609c_00311.jpg,382,neutral,0.9964,0.8969,6,670,593,721,668
83,20230609c_00311.jpg,567,neutral,0.9503,0.8829,8,468,407,522,478
83,20230609c_00311.jpg,466,trophallaxis,0.9941,0.8667,16,532,400,602,457
83,20230609c_00311.jpg,621,buffering,0.0000,0.8610,2,1169,1024,1209,1079
84,20230609c_00312.jpg,617,trophallaxis,0.9333,0.9409,7,822,436,884,522
84,20230609c_00312.jpg,507,fanning,0.9991,0.9402,15,432,464,504,552
84,20230609c_00312.jpg,654,buffering,0.0000,0.9339,3,641,405,722,469
84,20230609c_00312.jpg,158,fanning,0.7464,0.9301,16,1454,371,1514,417
84,20230609c_00312.jpg,426,neutral,0.9857,0.9268,4,1130,614,1191,707
84,20230609c_00312.jpg,658,buffering,0.0000,0.9268,2,1108,376,1163,462
84,20230609c_00312.jpg,372,fanning,0.9995,0.9259,16,393,396,471,458
84,20230609c_00312.jpg,642,neutral,0.6495,0.9189,5,782,416,828,497
84,20230609c_00312.jpg,382,neutral,0.9954,0.9129,7,659,543,754,642
84,20230609c_00312.jpg,646,fanning,0.8696,0.9128,4,566,370,635,421
84,20230609c_00312.jpg,466,trophallaxis,0.9896,0.9124,16,538,402,620,457
84,20230609c_00312.jpg,413,buffering,0.0000,0.9097,2,701,553,749,638
84,20230609c_00312.jpg,610,neutral,0.8839,0.8996,7,1386,391,1435,458
84,20230609c_00312.jpg,463,fanning,0.9994,0.8988,16,467,371,527,471
84,20230609c_00312.jpg,567,neutral,0.8503,0.8980,9,469,406,524,478
84,20230609c_00312.jpg,621,buffering,0.0000,0.8934,3,1161,979,1204,1051
85,20230609c_00313.jpg,617,trophallaxis,0.9932,0.9441,8,819,432,892,520
85,20230609c_00313.jpg,507,fanning,0.9992,0.9335,16,432,451,496,543
85,20230609c_00313.jpg,654,neutral,0.9957,0.9319,4,641,397,708,469
85,20230609c_00313.jpg,658,buffering,0.0000,0.9312,3,1104,375,1156,457
85,20230609c_00313.jpg,426,neutral,0.9967,0.9309,5,1158,579,1212,679
85,20230609c_00313.jpg,158,fanning,0.7298,0.9270,16,1454,371,1510,417
85,20230609c_00313.jpg,466,trophallaxis,0.9946,0.9221,16,538,369,623,457
85,20230609c_00313.jpg,642,fanning,0.9687,0.9215,6,786,410,831,491
85,20230609c_00313.jpg,372,fanning,0.9995,0.9143,16,396,395,469,461
85,20230609c_00313.jpg,567,neutral,0.7570,0.9097,10,461,372,527,481
85,20230609c_00313.jpg,503,trophallaxis,0.9993,0.9047,14,560,369,637,418
85,20230609c_00313.jpg,463,fanning,0.9994,0.8998,16,460,371,512,438
85,20230609c_00313.jpg,610,neutral,0.7818,0.8952,8,1346,370,1433,451
85,20230609c_00313.jpg,534,fanning,0.9204,0.8889,10,649,372,775,432
85,20230609c_00313.jpg,413,buffering,0.0000,0.8792,3,701,513,771,626
85,20230609c_00313.jpg,366,buffering,0.0000,0.8390,2,1224,903,1258,952
86,20230609c_00314.jpg,617,trophallaxis,0.9767,0.9523,9,826,432,886,516
86,20230609c_00314.jpg,654,neutral,0.9831,0.9380,5,631,375,705,465
86,20230609c_00314.jpg,243,neutral,0.6591,0.9380,9,1173,531,1230,633
86,20230609c_00314.jpg,507,fanning,0.9990,0.9375,16,429,456,493,541
86,20230609c_00314.jpg,658,neutral,0.9846,0.9347,4,1100,373,1149,446
86,20230609c_00314.jpg,534,fanning,0.9680,0.9321,11,660,372,767,430
86,20230609c_00314.jpg,642,fanning,0.9943,0.9310,7,782,402,841,493
86,20230609c_00314.jpg,158,fanning,0.7952,0.9263,16,1454,371,1512,422
86,20230609c_00314.jpg,421,buffering,0.0000,0.9243,1,924,994,999,1079
86,20230609c_00314.jpg,466,trophallaxis,0.9963,0.9213,16,537,368,618,456
86,20230609c_00314.jpg,382,neutral,0.9928,0.9149,8,711,495,795,597
86,20230609c_00314.jpg,372,fanning,0.9995,0.9148,16,393,394,475,465
86,20230609c_00314.jpg,567,fanning,0.5925,0.9096,11,463,371,534,478
86,20230609c_00314.jpg,463,fanning,0.9993,0.9074,16,461,371,508,427
86,20230609c_00314.jpg,413,neutral,0.9987,0.8879,4,712,516,755,596
86,20230609c_00314.jpg,610,neutral,0.5659,0.8780,9,1349,371,1428,442
86,20230609c_00314.jpg,503,trophallaxis,0.9994,0.8546,15,553,370,625,413
87,20230609c_00315.jpg,617,fanning,0.8800,0.9452,10,832,424,889,507
87,20230609c_00315.jpg,507,fanning,0.9987,0.9384,16,428,450,494,538
87,20230609c_00315.jpg,642,fanning,0.9979,0.9313,8,775,393,837,476
87,20230609c_00315.jpg,654,neutral,0.9844,0.9312,6,627,373,699,450
87,20230609c_00315.jpg,243,neutral,0.6319,0.9308,10,1174,480,1229,577
87,20230609c_00315.jpg,158,fanning,0.7197,0.9303,16,1453,371,1504,421
87,20230609c_00315.jpg,658,neutral,0.9696,0.9294,5,1099,373,1153,430
87,20230609c_00315.jpg,382,neutral,0.9895,0.9181,9,716,487,805,580
87,20230609c_00315.jpg,372,fanning,0.9995,0.9162,16,391,396,470,467
87,20230609c_00315.jpg,534,fanning,0.9957,0.9156,12,678,372,763,420
87,20230609c_00315.jpg,567,fanning,0.6100,0.9133,12,454,370,541,478
87,20230609c_00315.jpg,463,fanning,0.9991,0.9115,16,461,371,513,427
87,20230609c_00315.jpg,413,neutral,0.9985,0.9098,5,716,494,763,580
87,20230609c_00315.jpg,466,trophallaxis,0.9973,0.9076,16,536,370,616,453
87,20230609c_00315.jpg,700,buffering,0.0000,0.8814,1,905,845,937,906
87,20230609c_00315.jpg,561,buffering,0.0000,0.8616,2,110,814,185,870
87,20230609c_00315.jpg,610,fanning,0.6853,0.8608,10,1345,372,1428,435
87,20230609c_00315.jpg,417,neutral,0.8748,0.7848,6,1263,832,1300,879
87,20230609c_00315.jpg,503,trophallaxis,0.9994,0.5971,16,548,371,619,409
88,20230609c_00316.jpg,617,fanning,0.9545,0.9497,11,831,407,903,495
88,20230609c_00316.jpg,654,neutral,0.9357,0.9336,7,623,371,695,442
88,20230609c_00316.jpg,642,fanning,0.9977,0.9328,9,773,381,832,462
88,20230609c_00316.jpg,158,fanning,0.8340,0.9275,16,1453,371,1508,420
88,20230609c_00316.jpg,567,fanning,0.8033,0.9270,13,480,412,547,478
88,20230609c_00316.jpg,534,fanning,0.9794,0.9250,13,679,372,759,422
88,20230609c_00316.jpg,658,neutral,0.9087,0.9190,6,1098,373,1153,421
88,20230609c_00316.jpg,507,fanning,0.9988,0.9188,16,424,454,482,531
88,20230609c_00316.jpg,553,buffering,0.0000,0.9142,3,1203,928,1263,1046
88,20230609c_00316.jpg,222,neutral,0.9947,0.9121,5,1248,812,1296,910
88,20230609c_00316.jpg,651,buffering,0.0000,0.9034,3,1135,986,1221,1059
88,20230609c_00316.jpg,463,fanning,0.9990,0.9028,16,450,372,515,427
88,20230609c_00316.jpg,372,fanning,0.9993,0.8975,16,389,402,458,472
88,20230609c_00316.jpg,421,buffering,0.0000,0.8967,2,954,999,1016,1079
88,20230609c_00316.jpg,382,neutral,0.9207,0.8937,10,721,470,790,576
88,20230609c_00316.jpg,610,fanning,0.7575,0.8889,11,1345,371,1429,430
88,20230609c_00316.jpg,466,trophallaxis,0.9942,0.8858,16,543,372,616,447
88,20230609c_00316.jpg,612,buffering,0.0000,0.8833,1,244,809,327,871
88,20230609c_00316.jpg,413,neutral,0.9970,0.8507,6,720,470,763,553
89,20230609c_00317.jpg,617,fanning,0.9888,0.9421,12,829,393,897,483
89,20230609c_00317.jpg,158,fanning,0.8689,0.9324,16,1452,371,1510,422
89,20230609c_00317.jpg,654,neutral,0.9440,0.9305,8,620,370,690,436
89,20230609c_00317.jpg,642,fanning,0.9990,0.9285,10,770,372,830,449
89,20230609c_00317.jpg,413,neutral,0.9824,0.9273,7,714,466,776,576
89,20230609c_00317.jpg,372,fanning,0.9991,0.9265,16,389,400,455,472
89,20230609c_00317.jpg,718,buffering,0.0000,0.9247,1,427,462,504,574
89,20230609c_00317.jpg,534,fanning,0.9890,0.9243,14,681,370,750,418
89,20230609c_00317.jpg,463,fanning,0.9987,0.9121,16,464,371,524,428
89,20230609c_00317.jpg,567,fanning,0.9967,0.9111,14,478,412,560,476
89,20230609c_00317.jpg,164,fanning,0.9865,0.9011,16,1340,371,1432,428
89,20230609c_00317.jpg,507,fanning,0.8844,0.8304,16,425,460,469,517
89,20230609c_00317.jpg,466,trophallaxis,0.9904,0.8183,16,561,387,610,439
89,20230609c_00317.jpg,503,trophallaxis,0.9993,0.7988,16,541,371,616,396
90,20230609c_00318.jpg,617,neutral,0.6395,0.9427,13,837,374,906,468
90,20230609c_00318.jpg,723,buffering,0.0000,0.9396,1,335,418,401,507
90,20230609c_00318.jpg,158,fanning,0.8696,0.9368,16,1445,370,1513,425
90,20230609c_00318.jpg,413,neutral,0.9285,0.9335,8,699,448,766,567
90,20230609c_00318.jpg,642,fanning,0.9992,0.9329,11,764,371,825,431
90,20230609c_00318.jpg,718,buffering,0.0000,0.9299,2,442,451,506,554
90,20230609c_00318.jpg,372,fanning,0.9994,0.9228,16,389,399,456,470
90,20230609c_00318.jpg,567,fanning,0.9914,0.9164,15,467,409,559,474
90,20230609c_00318.jpg,463,fanning,0.9978,0.9119,16,456,371,518,431
90,20230609c_00318.jpg,734,buffering,0.0000,0.8847,1,718,434,763,499
90,20230609c_00318.jpg,534,fanning,0.9901,0.8800,15,671,371,737,409
90,20230609c_00318.jpg,654,neutral,0.9510,0.8743,9,622,371,668,406
90,20230609c_00318.jpg,164,fanning,0.9862,0.8738,16,1343,371,1429,420
90,20230609c_00318.jpg,466,trophallaxis,0.9288,0.8417,16,566,373,620,431
91,20230609c_00319.jpg,617,fanning,0.6069,0.9461,14,836,370,909,452
91,20230609c_00319.jpg,426,neutral,0.9342,0.9428,6,1208,515,1272,615
91,20230609c_00319.jpg,723,buffering,0.0000,0.9327,2,356,398,434,491
91,20230609c_00319.jpg,158,fanning,0.8468,0.9305,16,1451,370,1510,423
91,20230609c_00319.jpg,413,neutral,0.8246,0.9294,9,692,447,755,546
91,20230609c_00319.jpg,393,buffering,0.0000,0.9256,3,582,913,655,970
91,20230609c_00319.jpg,567,fanning,0.9688,0.9227,16,493,402,568,466
91,20230609c_00319.jpg,642,fanning,0.9994,0.9138,12,760,372,824,425
91,20230609c_00319.jpg,553,neutral,0.9996,0.9083,4,1188,950,1243,1025
91,20230609c_00319.jpg,718,buffering,0.0000,0.9051,3,442,435,509,533
91,20230609c_00319.jpg,463,trophallaxis,0.9817,0.8983,16,468,372,518,430
91,20230609c_00319.jpg,372,fanning,0.9995,0.8950,16,404,400,461,463
91,20230609c_00319.jpg,534,fanning,0.9844,0.8861,16,680,371,728,397
91,20230609c_00319.jpg,507,neutral,0.9867,0.8832,16,432,454,479,536
91,20230609c_00319.jpg,654,neutral,0.9569,0.8659,10,629,370,668,391
91,20230609c_00319.jpg,734,buffering,0.0000,0.8467,2,719,420,759,473
91,20230609c_00319.jpg,466,trophallaxis,0.8469,0.8163,16,579,373,617,418
91,20230609c_00319.jpg,164,fanning,0.9890,0.6029,16,1341,372,1426,417
92,20230609c_00320.jpg,243,fanning,0.7110,0.9441,11,1167,508,1229,605
92,20230609c_00320.jpg,617,fanning,0.7049,0.9423,15,835,369,911,438
92,20230609c_00320.jpg,158,fanning,0.8088,0.9408,16,1443,371,1513,426
92,20230609c_00320.jpg,366,buffering,0.0000,0.9384,3,1233,903,1283,976
92,20230609c_00320.jpg,752,buffering,0.0000,0.9322,1,1054,372,1111,423
92,20230609c_00320.jpg,754,buffering,0.0000,0.9267,1,1022,714,1081,807
92,20230609c_00320.jpg,379,neutral,0.9986,0.9257,4,576,790,661,873
92,20230609c_00320.jpg,413,neutral,0.6739,0.9244,10,686,410,761,518
92,20230609c_00320.jpg,512,neutral,0.9807,0.9209,6,1136,653,1184,741
92,20230609c_00320.jpg,507,neutral,0.9401,0.9201,16,416,439,486,535
92,20230609c_00320.jpg,642,fanning,0.9995,0.9167,13,766,371,824,421
92,20230609c_00320.jpg,718,neutral,0.9988,0.9154,4,479,411,524,498
92,20230609c_00320.jpg,723,buffering,0.0000,0.9113,3,381,380,450,467
92,20230609c_00320.jpg,463,trophallaxis,0.9949,0.8763,16,462,371,518,425
92,20230609c_00320.jpg,164,fanning,0.9912,0.8625,16,1336,371,1424,414
92,20230609c_00320.jpg,567,fanning,0.9450,0.8587,16,514,391,567,462
92,20230609c_00320.jpg,372,fanning,0.9994,0.8543,16,414,398,470,459
92,20230609c_00320.jpg,734,buffering,0.0000,0.8103,3,719,402,762,472
92,20230609c_00320.jpg,466,fanning,0.9544,0.8002,16,570,372,616,415
93,20230609c_00321.jpg,525,buffering,0.0000,0.9354,2,0,870,84,962
93,20230609c_00321.jpg,158,fanning,0.8407,0.9352,16,1448,371,1512,427
93,20230609c_00321.jpg,734,neutral,0.9997,0.9347,4,704,387,774,488
93,20230609c_00321.jpg,752,buffering,0.0000,0.9347,2,1057,372,1123,421
93,20230609c_00321.jpg,763,buffering,0.0000,0.9267,1,1443,875,1497,980
93,20230609c_00321.jpg,754,buffering,0.0000,0.9186,2,1018,668,1079,771
93,20230609c_00321.jpg,507,neutral,0.8965,0.9175,16,416,440,484,524
93,20230609c_00321.jpg,617,fanning,0.7900,0.9166,16,840,370,917,424
93,20230609c_00321.jpg,718,neutral,0.9975,0.9005,5,464,376,543,465
93,20230609c_00321.jpg,642,fanning,0.9992,0.8796,14,768,372,809,411
93,20230609c_00321.jpg,723,trophallaxis,0.9993,0.8644,4,406,367,453,432
93,20230609c_00321.jpg,372,fanning,0.9992,0.8643,16,396,409,465,459
93,20230609c_00321.jpg,164,fanning,0.9933,0.8434,16,1335,370,1414,415
93,20230609c_00321.jpg,567,fanning,0.9521,0.7874,16,519,392,572,453
93,20230609c_00321.jpg,503,trophallaxis,0.9993,0.7017,16,530,371,599,403
94,20230609c_00322.jpg,752,buffering,0.0000,0.9365,3,1055,373,1119,413
94,20230609c_00322.jpg,158,fanning,0.8255,0.9293,16,1451,371,1512,427
94,20230609c_00322.jpg,754,buffering,0.0000,0.9247,3,998,611,1069,730
94,20230609c_00322.jpg,718,neutral,0.9186,0.9200,6,464,377,533,468
94,20230609c_00322.jpg,507,neutral,0.6975,0.9097,16,432,443,482,519
94,20230609c_00322.jpg,723,trophallaxis,0.9986,0.9086,5,410,367,464,429
94,20230609c_00322.jpg,734,neutral,0.9997,0.8901,5,711,372,804,471
94,20230609c_00322.jpg,372,fanning,0.9989,0.8621,16,392,401,469,459
94,20230609c_00322.jpg,503,trophallaxis,0.9994,0.7979,16,541,371,591,398
94,20230609c_00322.jpg,463,trophallaxis,0.9904,0.7490,16,469,372,517,408
95,20230609c_00323.jpg,734,neutral,0.9993,0.9377,6,759,376,828,468
95,20230609c_00323.jpg,158,fanning,0.8490,0.9306,16,1461,371,1511,429
95,20230609c_00323.jpg,413,neutral,0.5993,0.9273,11,706,383,755,465
95,20230609c_00323.jpg,752,neutral,0.9748,0.9247,4,1040,372,1106,416
95,20230609c_00323.jpg,507,neutral,0.6981,0.9175,16,439,435,493,516
95,20230609c_00323.jpg,718,uncertain,0.4425,0.9110,7,466,383,548,466
95,20230609c_00323.jpg,561,buffering,0.0000,0.9104,3,102,785,191,872
95,20230609c_00323.jpg,463,trophallaxis,0.9986,0.9020,16,461,372,516,423
95,20230609c_00323.jpg,723,trophallaxis,0.9970,0.9015,6,405,368,459,420
95,20230609c_00323.jpg,372,fanning,0.9968,0.8966,16,388,404,455,465
95,20230609c_00323.jpg,617,neutral,0.9976,0.8617,16,858,370,909,395
95,20230609c_00323.jpg,642,fanning,0.9988,0.8220,15,762,372,806,400
96,20230609c_00324.jpg,752,neutral,0.9072,0.9333,5,1024,372,1082,420
96,20230609c_00324.jpg,791,buffering,0.0000,0.9307,1,1069,443,1125,538
96,20230609c_00324.jpg,382,uncertain,0.5020,0.9302,11,788,373,860,471
96,20230609c_00324.jpg,413,neutral,0.5611,0.9294,12,693,372,754,457
96,20230609c_00324.jpg,158,fanning,0.8707,0.9279,16,1461,371,1516,428
96,20230609c_00324.jpg,792,buffering,0.0000,0.9275,1,442,777,488,865
96,20230609c_00324.jpg,507,neutral,0.7008,0.9224,16,437,427,497,506
96,20230609c_00324.jpg,372,fanning,0.9431,0.9217,16,386,367,474,468
96,20230609c_00324.jpg,718,trophallaxis,0.9189,0.8926,8,478,397,540,465
96,20230609c_00324.jpg,723,trophallaxis,0.9986,0.8881,7,410,370,474,423
96,20230609c_00324.jpg,463,trophallaxis,0.9992,0.8854,16,464,372,517,421
96,20230609c_00324.jpg,642,fanning,0.9574,0.8450,16,756,371,798,395
96,20230609c_00324.jpg,503,trophallaxis,0.9994,0.7764,16,533,372,583,396
97,20230609c_00325.jpg,382,fanning,0.8648,0.9449,12,819,370,887,452
97,20230609c_00325.jpg,413,fanning,0.6160,0.9375,13,680,372,742,443
97,20230609c_00325.jpg,791,buffering,0.0000,0.9339,2,1071,428,1131,521
97,20230609c_00325.jpg,158,fanning,0.9091,0.9331,16,1461,370,1510,424
97,20230609c_00325.jpg,752,neutral,0.6443,0.9285,6,1023,371,1075,428
97,20230609c_00325.jpg,809,buffering,0.0000,0.9281,1,911,472,981,566
97,20230609c_00325.jpg,507,neutral,0.7854,0.9237,16,440,384,520,500
97,20230609c_00325.jpg,372,fanning,0.9141,0.9189,16,385,369,465,470
97,20230609c_00325.jpg,807,buffering,0.0000,0.9170,1,956,444,1008,555
97,20230609c_00325.jpg,804,buffering,0.0000,0.9043,1,556,441,612,516
97,20230609c_00325.jpg,718,trophallaxis,0.9943,0.8818,9,488,389,560,460
97,20230609c_00325.jpg,723,trophallaxis,0.9988,0.8658,8,412,370,470,427
97,20230609c_00325.jpg,642,fanning,0.9687,0.8637,16,757,371,794,393
97,20230609c_00325.jpg,463,trophallaxis,0.9995,0.8592,16,463,373,519,422
97,20230609c_00325.jpg,503,trophallaxis,0.9994,0.8238,16,531,372,580,397
98,20230609c_00326.jpg,382,fanning,0.9589,0.9375,13,830,369,898,441
98,20230609c_00326.jpg,809,buffering,0.0000,0.9369,2,910,470,974,548
98,20230609c_00326.jpg,413,fanning,0.6392,0.9365,14,676,372,740,437
98,20230609c_00326.jpg,158,fanning,0.9297,0.9363,16,1447,371,1508,425
98,20230609c_00326.jpg,791,buffering,0.0000,0.9362,3,1077,416,1122,496
98,20230609c_00326.jpg,804,buffering,0.0000,0.9356,2,551,423,609,513
98,20230609c_00326.jpg,820,buffering,0.0000,0.9346,1,874,1000,921,1079
98,20230609c_00326.jpg,372,fanning,0.7908,0.9295,16,383,406,444,472
98,20230609c_00326.jpg,507,neutral,0.9063,0.9269,16,437,385,506,495
98,20230609c_00326.jpg,752,fanning,0.7512,0.9243,7,1023,371,1077,428
98,20230609c_00326.jpg,807,buffering,0.0000,0.9202,2,951,449,1016,533
98,20230609c_00326.jpg,718,trophallaxis,0.9960,0.9098,10,491,391,550,461
98,20230609c_00326.jpg,723,trophallaxis,0.9991,0.8661,9,412,370,473,424
98,20230609c_00326.jpg,463,trophallaxis,0.9995,0.8568,16,463,373,520,419
98,20230609c_00326.jpg,642,neutral,0.6422,0.8454,16,760,371,793,389
98,20230609c_00326.jpg,164,fanning,0.9940,0.7857,16,1332,372,1365,399
98,20230609c_00326.jpg,503,trophallaxis,0.9993,0.7341,16,533,372,580,395
99,20230609c_00327.jpg,809,buffering,0.0000,0.9393,3,897,453,965,537
99,20230609c_00327.jpg,791,neutral,0.9946,0.9354,4,1073,387,1130,482
99,20230609c_00327.jpg,804,buffering,0.0000,0.9348,3,559,418,620,507
99,20230609c_00327.jpg,807,buffering,0.0000,0.9315,3,961,435,1025,521
99,20230609c_00327.jpg,382,fanning,0.8590,0.9307,14,815,370,882,430
99,20230609c_00327.jpg,158,fanning,0.9511,0.9300,16,1453,371,1507,430
99,20230609c_00327.jpg,372,fanning,0.5807,0.9290,16,382,404,442,476
99,20230609c_00327.jpg,393,neutral,0.9995,0.9280,4,574,954,626,1046
99,20230609c_00327.jpg,828,buffering,0.0000,0.9255,1,1181,371,1245,414
99,20230609c_00327.jpg,752,fanning,0.9104,0.9217,8,1028,372,1075,423
99,20230609c_00327.jpg,507,neutral,0.9692,0.9195,16,442,416,497,491
99,20230609c_00327.jpg,413,fanning,0.7400,0.9187,15,675,371,735,426
99,20230609c_00327.jpg,718,trophallaxis,0.9991,0.9149,11,495,391,549,457
99,20230609c_00327.jpg,642,neutral,0.9608,0.8438,16,759,371,790,387
99,20230609c_00327.jpg,463,trophallaxis,0.9995,0.8326,16,460,374,521,417
99,20230609c_00327.jpg,723,trophallaxis,0.9987,0.7838,10,412,369,475,410
100,20230609c_00328.jpg,804,neutral,0.9991,0.9391,4,565,412,625,500
100,20230609c_00328.jpg,372,uncertain,0.4985,0.9332,16,382,405,437,482
100,20230609c_00328.jpg,835,buffering,0.0000,0.9326,1,421,622,482,705
100,20230609c_00328.jpg,382,fanning,0.9117,0.9313,15,817,370,883,416
100,20230609c_00328.jpg,507,neutral,0.9872,0.9296,16,442,382,513,490
100,20230609c_00328.jpg,809,neutral,0.9983,0.9250,4,891,439,963,520
100,20230609c_00328.jpg,158,fanning,0.9464,0.9249,16,1460,371,1510,430
100,20230609c_00328.jpg,791,neutral,0.9749,0.9223,5,1040,372,1122,481
100,20230609c_00328.jpg,754,neutral,0.9940,0.9189,4,982,417,1060,518
100,20230609c_00328.jpg,718,trophallaxis,0.9992,0.9125,12,495,389,543,458
100,20230609c_00328.jpg,828,buffering,0.0000,0.9121,2,1160,370,1239,408
100,20230609c_00328.jpg,700,buffering,0.0000,0.9047,2,917,840,960,899
100,20230609c_00328.jpg,837,buffering,0.0000,0.9009,1,861,826,900,889
100,20230609c_00328.jpg,413,fanning,0.7676,0.8988,16,670,371,729,408
100,20230609c_00328.jpg,752,fanning,0.8911,0.8681,9,1026,372,1072,414
100,20230609c_00328.jpg,807,fanning,0.9143,0.8651,4,983,437,1026,516
100,20230609c_00328.jpg,463,trophallaxis,0.9995,0.8190,16,457,375,517,417
100,20230609c_00328.jpg,503,trophallaxis,0.9991,0.8044,16,532,372,575,393
100,20230609c_00328.jpg,164,fanning,0.9939,0.7829,16,1327,370,1412,415
101,20230609c_00329.jpg,842,buffering,0.0000,0.9424,1,252,557,319,653
101,20230609c_00329.jpg,804,neutral,0.9975,0.9415,5,562,405,631,488
101,20230609c_00329.jpg,835,buffering,0.0000,0.9413,2,428,587,486,672
101,20230609c_00329.jpg,809,neutral,0.9981,0.9396,5,886,424,946,505
101,20230609c_00329.jpg,372,trophallaxis,0.9303,0.9371,16,383,404,435,486
101,20230609c_00329.jpg,844,buffering,0.0000,0.9336,1,744,475,808,562
101,20230609c_00329.jpg,158,fanning,0.9532,0.9241,16,1461,371,1508,432
101,20230609c_00329.jpg,507,neutral,0.9927,0.9236,16,447,415,497,487
101,20230609c_00329.jpg,379,neutral,0.9986,0.9222,5,578,792,632,882
101,20230609c_00329.jpg,828,buffering,0.0000,0.9201,3,1163,370,1244,405
101,20230609c_00329.jpg,754,neutral,0.9566,0.9200,5,979,395,1038,517
101,20230609c_00329.jpg,791,neutral,0.9551,0.9171,6,1067,373,1126,472
101,20230609c_00329.jpg,718,trophallaxis,0.9993,0.9085,13,499,387,545,454
101,20230609c_00329.jpg,382,fanning,0.6082,0.9024,16,816,369,880,403
101,20230609c_00329.jpg,413,neutral,0.7962,0.8832,16,677,371,715,394
101,20230609c_00329.jpg,164,fanning,0.9930,0.8796,16,1324,368,1412,414
101,20230609c_00329.jpg,752,fanning,0.8337,0.8358,10,1023,371,1079,415
101,20230609c_00329.jpg,837,buffering,0.0000,0.8248,2,869,830,906,887
101,20230609c_00329.jpg,463,trophallaxis,0.9995,0.8067,16,456,375,515,419
101,20230609c_00329.jpg,807,fanning,0.9748,0.7639,5,985,461,1029,516
101,20230609c_00329.jpg,503,trophallaxis,0.9983,0.7095,16,531,373,570,393
102,20230609c_00330.jpg,809,neutral,0.9974,0.9462,6,882,407,938,491
102,20230609c_00330.jpg,835,buffering,0.0000,0.9437,3,432,557,488,639
102,20230609c_00330.jpg,842,buffering,0.0000,0.9416,2,263,527,341,614
102,20230609c_00330.jpg,243,fanning,0.6726,0.9399,12,1211,470,1269,555
102,20230609c_00330.jpg,372,trophallaxis,0.7548,0.9387,16,383,399,434,489
102,20230609c_00330.jpg,158,fanning,0.9423,0.9282,16,1458,371,1510,431
102,20230609c_00330.jpg,844,buffering,0.0000,0.9269,2,751,439,827,523
102,20230609c_00330.jpg,804,neutral,0.9948,0.9267,6,570,397,626,477
102,20230609c_00330.jpg,754,neutral,0.9368,0.9234,6,974,380,1038,510
102,20230609c_00330.jpg,507,neutral,0.9900,0.9224,16,447,413,494,487
102,20230609c_00330.jpg,700,buffering,0.0000,0.9174,3,909,840,956,904
102,20230609c_00330.jpg,791,neutral,0.8544,0.9129,7,1071,374,1128,464
102,20230609c_00330.jpg,718,trophallaxis,0.9991,0.9082,14,502,382,552,450
102,20230609c_00330.jpg,828,neutral,0.9792,0.9078,4,1170,370,1243,402
102,20230609c_00330.jpg,807,fanning,0.9151,0.8901,6,975,443,1022,511
102,20230609c_00330.jpg,164,fanning,0.9923,0.8786,16,1321,369,1412,414
102,20230609c_00330.jpg,382,fanning,0.6442,0.8605,16,818,369,880,396
102,20230609c_00330.jpg,463,trophallaxis,0.9995,0.8411,16,455,377,507,416
102,20230609c_00330.jpg,723,trophallaxis,0.9988,0.8203,11,415,368,465,396
103,20230609c_00331.jpg,842,buffering,0.0000,0.9431,3,299,506,374,592
103,20230609c_00331.jpg,372,fanning,0.8820,0.9428,16,376,404,428,489
103,20230609c_00331.jpg,835,neutral,0.9984,0.9412,4,438,536,494,613
103,20230609c_00331.jpg,804,neutral,0.9884,0.9398,7,571,372,636,464
103,20230609c_00331.jpg,844,buffering,0.0000,0.9391,3,771,403,828,493
103,20230609c_00331.jpg,243,neutral,0.7795,0.9390,13,1218,419,1273,507
103,20230609c_00331.jpg,507,neutral,0.9908,0.9338,16,432,375,502,484
103,20230609c_00331.jpg,754,neutral,0.8819,0.9310,7,973,372,1054,501
103,20230609c_00331.jpg,158,fanning,0.9505,0.9284,16,1457,371,1509,430
103,20230609c_00331.jpg,807,neutral,0.7284,0.9229,7,974,421,1018,501
103,20230609c_00331.jpg,809,neutral,0.9934,0.9209,7,872,385,925,467
103,20230609c_00331.jpg,791,neutral,0.6850,0.9180,8,1076,374,1131,459
103,20230609c_00331.jpg,718,trophallaxis,0.9989,0.9047,15,493,373,554,448
103,20230609c_00331.jpg,828,neutral,0.9269,0.8942,5,1177,371,1242,399
103,20230609c_00331.jpg,164,fanning,0.9914,0.8889,16,1320,369,1413,414
103,20230609c_00331.jpg,463,trophallaxis,0.9995,0.7365,16,455,379,508,423
104,20230609c_00332.jpg,842,neutral,0.9826,0.9404,4,341,491,412,577
104,20230609c_00332.jpg,835,neutral,0.9983,0.9366,5,448,518,498,593
104,20230609c_00332.jpg,372,fanning,0.9797,0.9351,16,372,394,430,484
104,20230609c_00332.jpg,804,neutral,0.9843,0.9339,8,574,370,639,449
104,20230609c_00332.jpg,844,neutral,0.9975,0.9323,4,779,377,833,469
104,20230609c_00332.jpg,752,fanning,0.8587,0.9308,11,989,371,1058,436
104,20230609c_00332.jpg,809,neutral,0.9831,0.9295,8,872,371,919,449
104,20230609c_00332.jpg,158,fanning,0.9375,0.9282,16,1458,372,1511,431
104,20230609c_00332.jpg,507,neutral,0.9908,0.9227,16,431,372,495,485
104,20230609c_00332.jpg,791,uncertain,0.5479,0.9211,9,1076,374,1135,454
104,20230609c_00332.jpg,718,trophallaxis,0.9988,0.9020,16,514,378,555,444
104,20230609c_00332.jpg,807,fanning,0.6138,0.9017,8,974,400,1026,488
104,20230609c_00332.jpg,164,fanning,0.9890,0.8997,16,1317,368,1414,414
104,20230609c_00332.jpg,828,neutral,0.8928,0.8423,6,1182,371,1244,396
104,20230609c_00332.jpg,463,trophallaxis,0.9995,0.8284,16,452,373,517,424
105,20230609c_00333.jpg,835,neutral,0.9925,0.9433,6,451,514,514,583
105,20230609c_00333.jpg,844,neutral,0.9965,0.9389,5,786,392,856,470
105,20230609c_00333.jpg,804,neutral,0.9643,0.9376,9,575,371,639,429
105,20230609c_00333.jpg,867,buffering,0.0000,0.9369,1,584,568,639,657
105,20230609c_00333.jpg,842,neutral,0.7328,0.9286,5,368,464,441,564
105,20230609c_00333.jpg,158,fanning,0.9300,0.9282,16,1461,372,1511,432
105,20230609c_00333.jpg,809,neutral,0.9261,0.9204,9,869,371,924,433
105,20230609c_00333.jpg,372,fanning,0.9935,0.9194,16,373,398,422,481
105,20230609c_00333.jpg,507,neutral,0.9897,0.9189,16,426,389,486,479
105,20230609c_00333.jpg,243,neutral,0.7911,0.9178,14,1210,372,1281,452
105,20230609c_00333.jpg,791,uncertain,0.5197,0.9145,10,1080,374,1137,450
105,20230609c_00333.jpg,164,fanning,0.9861,0.8982,16,1318,368,1413,413
105,20230609c_00333.jpg,807,fanning,0.7541,0.8887,9,966,379,1035,470
105,20230609c_00333.jpg,525,buffering,0.0000,0.8667,3,3,867,40,927
105,20230609c_00333.jpg,752,fanning,0.8717,0.8522,12,986,372,1046,426
105,20230609c_00333.jpg,828,neutral,0.8859,0.7082,7,1197,372,1251,391
105,20230609c_00333.jpg,463,trophallaxis,0.9995,0.6637,16,457,372,513,425
106,20230609c_00334.jpg,844,neutral,0.9869,0.9460,6,815,369,898,455
106,20230609c_00334.jpg,842,neutral,0.7430,0.9346,6,390,461,441,549
106,20230609c_00334.jpg,791,uncertain,0.5280,0.9295,11,1078,373,1138,449
106,20230609c_00334.jpg,158,fanning,0.9161,0.9258,16,1458,372,1509,432
106,20230609c_00334.jpg,507,uncertain,0.5133,0.9257,16,418,381,484,475
106,20230609c_00334.jpg,366,neutral,0.9979,0.9215,4,1248,944,1303,1039
106,20230609c_00334.jpg,718,trophallaxis,0.9989,0.9124,16,465,371,559,441
106,20230609c_00334.jpg,807,fanning,0.8180,0.9015,10,964,372,1028,462
106,20230609c_00334.jpg,243,neutral,0.7617,0.8975,15,1206,372,1277,445
106,20230609c_00334.jpg,164,fanning,0.9857,0.8924,16,1321,368,1413,413
106,20230609c_00334.jpg,463,trophallaxis,0.9995,0.8908,16,457,372,523,425
106,20230609c_00334.jpg,567,fanning,0.9992,0.8907,16,573,370,639,412
106,20230609c_00334.jpg,372,fanning,0.9806,0.8885,16,368,394,421,469
106,20230609c_00334.jpg,809,uncertain,0.5121,0.8873,10,877,371,923,409
106,20230609c_00334.jpg,752,fanning,0.8728,0.8343,13,980,371,1038,413
107,20230609c_00335.jpg,844,neutral,0.9565,0.9346,7,809,370,873,453
107,20230609c_00335.jpg,507,fanning,0.9993,0.9343,16,409,391,481,471
107,20230609c_00335.jpg,158,fanning,0.9320,0.9281,16,1458,372,1509,433
107,20230609c_00335.jpg,791,fanning,0.6089,0.9276,12,1082,372,1140,447
107,20230609c_00335.jpg,842,neutral,0.5531,0.9219,7,383,435,439,545
107,20230609c_00335.jpg,718,trophallaxis,0.9993,0.9029,16,458,370,563,435
107,20230609c_00335.jpg,164,fanning,0.9819,0.9003,16,1321,369,1413,413
107,20230609c_00335.jpg,372,fanning,0.9603,0.8851,16,367,392,418,465
107,20230609c_00335.jpg,567,fanning,0.9991,0.8774,16,584,370,624,395
107,20230609c_00335.jpg,763,buffering,0.0000,0.8655,2,1449,949,1495,999
107,20230609c_00335.jpg,807,fanning,0.9251,0.8540,11,964,373,1033,455
107,20230609c_00335.jpg,243,neutral,0.7592,0.8391,16,1215,372,1276,437
107,20230609c_00335.jpg,463,trophallaxis,0.9995,0.8034,16,457,378,508,422
107,20230609c_00335.jpg,828,neutral,0.8648,0.7900,8,1211,372,1262,392
107,20230609c_00335.jpg,752,fanning,0.8468,0.7367,14,974,373,1036,410
108,20230609c_00336.jpg,844,neutral,0.9177,0.9402,8,805,370,869,442
108,20230609c_00336.jpg,160,neutral,0.9952,0.9373,6,602,581,685,654
108,20230609c_00336.jpg,842,fanning,0.7549,0.9340,8,378,443,442,537
108,20230609c_00336.jpg,158,fanning,0.9546,0.9299,16,1456,372,1510,434
108,20230609c_00336.jpg,507,fanning,0.9993,0.9256,16,416,391,471,472
108,20230609c_00336.jpg,791,fanning,0.6547,0.9223,13,1080,372,1140,444
108,20230609c_00336.jpg,372,fanning,0.8882,0.9188,16,363,392,418,460
108,20230609c_00336.jpg,718,trophallaxis,0.9994,0.9087,16,461,370,569,426
108,20230609c_00336.jpg,463,trophallaxis,0.9994,0.9077,16,457,371,511,423
108,20230609c_00336.jpg,164,fanning,0.9797,0.8993,16,1320,369,1413,414
108,20230609c_00336.jpg,792,buffering,0.0000,0.8801,2,450,819,504,861
108,20230609c_00336.jpg,807,fanning,0.9490,0.8688,12,956,373,1037,445
108,20230609c_00336.jpg,752,fanning,0.8387,0.8220,15,989,371,1045,413
108,20230609c_00336.jpg,243,neutral,0.5975,0.8035,16,1216,372,1277,431
108,20230609c_00336.jpg,898,buffering,0.0000,0.7061,1,1248,373,1272,427
109,20230609c_00337.jpg,899,buffering,0.0000,0.9322,1,661,442,727,531
109,20230609c_00337.jpg,158,fanning,0.9632,0.9314,16,1458,371,1508,436
109,20230609c_00337.jpg,842,fanning,0.8932,0.9295,9,387,449,443,539
109,20230609c_00337.jpg,791,fanning,0.7581,0.9282,14,1084,373,1137,432
109,20230609c_00337.jpg,844,neutral,0.6187,0.9233,9,809,370,871,433
109,20230609c_00337.jpg,372,fanning,0.5915,0.9217,16,360,392,417,459
109,20230609c_00337.jpg,507,fanning,0.9989,0.9214,16,421,397,471,483
109,20230609c_00337.jpg,463,trophallaxis,0.9994,0.9005,16,458,370,575,424
109,20230609c_00337.jpg,164,fanning,0.9795,0.8974,16,1321,368,1413,413
109,20230609c_00337.jpg,718,trophallaxis,0.9994,0.8691,16,513,372,570,420
109,20230609c_00337.jpg,243,uncertain,0.5292,0.8110,16,1218,372,1275,430
109,20230609c_00337.jpg,828,neutral,0.7908,0.7982,9,1222,372,1267,398
110,20230609c_00338.jpg,158,fanning,0.9661,0.9379,16,1455,371,1508,435
110,20230609c_00338.jpg,842,fanning,0.9419,0.9355,10,383,451,437,539
110,20230609c_00338.jpg,907,buffering,0.0000,0.9351,1,734,474,785,568
110,20230609c_00338.jpg,791,fanning,0.8199,0.9286,15,1083,373,1138,432
110,20230609c_00338.jpg,899,buffering,0.0000,0.9235,2,637,422,726,500
110,20230609c_00338.jpg,507,fanning,0.9941,0.9227,16,421,397,482,485
110,20230609c_00338.jpg,844,uncertain,0.5345,0.9221,10,809,370,873,428
110,20230609c_00338.jpg,372,trophallaxis,0.8095,0.9182,16,357,391,413,460
110,20230609c_00338.jpg,243,fanning,0.5873,0.9119,16,1224,372,1272,426
110,20230609c_00338.jpg,463,trophallaxis,0.9994,0.9062,16,460,370,574,425
110,20230609c_00338.jpg,807,fanning,0.9767,0.9057,13,947,373,1007,427
110,20230609c_00338.jpg,164,fanning,0.9857,0.8900,16,1320,369,1414,414
110,20230609c_00338.jpg,752,fanning,0.8332,0.8787,16,1003,371,1062,404
110,20230609c_00338.jpg,379,neutral,0.9991,0.8585,6,574,846,634,882
110,20230609c_00338.jpg,718,trophallaxis,0.9993,0.8233,16,518,371,572,416
111,20230609c_00339.jpg,842,fanning,0.9898,0.9373,11,381,454,435,541
111,20230609c_00339.jpg,907,buffering,0.0000,0.9343,2,728,458,782,549
111,20230609c_00339.jpg,372,fanning,0.9951,0.9292,16,355,393,408,462
111,20230609c_00339.jpg,158,fanning,0.9714,0.9284,16,1454,371,1508,434
111,20230609c_00339.jpg,791,fanning,0.8253,0.9273,16,1086,372,1142,434
111,20230609c_00339.jpg,844,fanning,0.6728,0.9267,11,809,370,876,424
111,20230609c_00339.jpg,507,fanning,0.9982,0.9260,16,422,404,473,488
111,20230609c_00339.jpg,243,uncertain,0.5311,0.9074,16,1219,371,1273,420
111,20230609c_00339.jpg,164,fanning,0.9923,0.8950,16,1320,369,1414,414
111,20230609c_00339.jpg,463,trophallaxis,0.9993,0.8825,16,461,371,576,426
111,20230609c_00339.jpg,718,trophallaxis,0.9992,0.8260,16,504,371,579,407
111,20230609c_00339.jpg,752,fanning,0.7492,0.7834,16,1004,371,1065,405
112,20230609c_00340.jpg,907,buffering,0.0000,0.9419,3,707,456,766,545
112,20230609c_00340.jpg,842,fanning,0.9934,0.9381,12,381,456,440,544
112,20230609c_00340.jpg,158,fanning,0.9762,0.9365,16,1454,371,1507,436
112,20230609c_00340.jpg,372,fanning,0.9935,0.9341,16,350,393,406,466
112,20230609c_00340.jpg,844,fanning,0.7748,0.9256,12,810,369,872,423
112,20230609c_00340.jpg,507,fanning,0.9984,0.9234,16,423,398,482,483
112,20230609c_00340.jpg,791,fanning,0.7931,0.9230,16,1089,373,1141,433
112,20230609c_00340.jpg,807,fanning,0.9787,0.8997,14,955,373,994,416
112,20230609c_00340.jpg,463,trophallaxis,0.9993,0.8981,16,461,374,517,425
112,20230609c_00340.jpg,164,fanning,0.9914,0.8879,16,1320,368,1413,413
112,20230609c_00340.jpg,931,buffering,0.0000,0.8848,1,462,905,535,971
112,20230609c_00340.jpg,243,neutral,0.7170,0.8706,16,1221,372,1267,409
112,20230609c_00340.jpg,752,neutral,0.7314,0.8645,16,1020,370,1074,404
113,20230609c_00341.jpg,907,neutral,0.9960,0.9452,4,682,466,746,555
113,20230609c_00341.jpg,842,fanning,0.9961,0.9420,13,377,457,441,545
113,20230609c_00341.jpg,158,fanning,0.9732,0.9389,16,1454,371,1507,434
113,20230609c_00341.jpg,372,fanning,0.9990,0.9291,16,352,393,399,473
113,20230609c_00341.jpg,844,fanning,0.8292,0.9290,13,813,370,877,421
113,20230609c_00341.jpg,936,buffering,0.0000,0.9288,1,543,371,601,455
113,20230609c_00341.jpg,507,fanning,0.9990,0.9221,16,420,390,483,473
113,20230609c_00341.jpg,931,buffering,0.0000,0.9208,2,439,897,497,981
113,20230609c_00341.jpg,791,fanning,0.7007,0.9203,16,1089,372,1145,431
113,20230609c_00341.jpg,938,buffering,0.0000,0.9202,1,1156,714,1216,830
113,20230609c_00341.jpg,243,neutral,0.7218,0.8974,16,1225,371,1269,397
113,20230609c_00341.jpg,463,trophallaxis,0.9992,0.8846,16,462,373,524,426
113,20230609c_00341.jpg,164,fanning,0.9911,0.8840,16,1322,369,1414,413
113,20230609c_00341.jpg,807,fanning,0.9686,0.8616,15,953,374,991,412
113,20230609c_00341.jpg,752,neutral,0.7588,0.8032,16,1026,372,1093,416
114,20230609c_00342.jpg,907,neutral,0.9859,0.9437,5,673,468,732,564
114,20230609c_00342.jpg,158,fanning,0.9763,0.9398,16,1452,371,1508,434
114,20230609c_00342.jpg,842,fanning,0.9981,0.9374,14,376,454,439,544
114,20230609c_00342.jpg,938,buffering,0.0000,0.9296,2,1141,706,1202,807
114,20230609c_00342.jpg,366,neutral,0.9984,0.9290,5,1242,963,1309,1072
114,20230609c_00342.jpg,372,fanning,0.9993,0.9285,16,351,396,397,478
114,20230609c_00342.jpg,507,fanning,0.9992,0.9274,16,424,391,485,471
114,20230609c_00342.jpg,844,fanning,0.8059,0.9267,14,813,369,874,416
114,20230609c_00342.jpg,791,fanning,0.8980,0.9244,16,1092,372,1144,432
114,20230609c_00342.jpg,936,buffering,0.0000,0.9180,2,543,372,607,455
114,20230609c_00342.jpg,612,buffering,0.0000,0.9154,2,208,853,255,930
114,20230609c_00342.jpg,463,trophallaxis,0.9992,0.8959,16,463,373,535,425
114,20230609c_00342.jpg,807,fanning,0.9423,0.8919,16,961,373,997,400
114,20230609c_00342.jpg,164,fanning,0.9897,0.8820,16,1320,369,1414,414
114,20230609c_00342.jpg,243,neutral,0.8062,0.8672,16,1226,371,1264,394
114,20230609c_00342.jpg,752,neutral,0.9053,0.8620,16,1030,370,1089,398
114,20230609c_00342.jpg,718,trophallaxis,0.9991,0.8443,16,529,373,566,408
115,20230609c_00343.jpg,842,fanning,0.9983,0.9369,15,382,455,443,544
115,20230609c_00343.jpg,951,buffering,0.0000,0.9369,1,1062,539,1111,631
115,20230609c_00343.jpg,907,neutral,0.9550,0.9356,6,667,465,723,562
115,20230609c_00343.jpg,158,fanning,0.9797,0.9312,16,1453,371,1508,430
115,20230609c_00343.jpg,372,fanning,0.9992,0.9264,16,351,395,398,478
115,20230609c_00343.jpg,844,fanning,0.6920,0.9238,15,816,369,872,414
115,20230609c_00343.jpg,507,fanning,0.9993,0.9225,16,424,392,484,471
115,20230609c_00343.jpg,791,fanning,0.9314,0.9218,16,1093,372,1146,429
115,20230609c_00343.jpg,938,buffering,0.0000,0.9185,3,1128,702,1173,779
115,20230609c_00343.jpg,463,trophallaxis,0.9992,0.9078,16,464,373,530,425
115,20230609c_00343.jpg,936,buffering,0.0000,0.8809,3,546,371,636,443
115,20230609c_00343.jpg,752,neutral,0.9396,0.8625,16,1027,371,1084,400
115,20230609c_00343.jpg,164,fanning,0.9916,0.8522,16,1320,369,1413,415
115,20230609c_00343.jpg,807,fanning,0.8790,0.8049,16,968,372,1000,395
115,20230609c_00343.jpg,243,neutral,0.9092,0.7976,16,1225,372,1264,395
116,20230609c_00344.jpg,951,buffering,0.0000,0.9409,2,1038,532,1091,619
116,20230609c_00344.jpg,372,fanning,0.9993,0.9382,16,350,389,404,475
116,20230609c_00344.jpg,158,fanning,0.9833,0.9380,16,1453,371,1506,432
116,20230609c_00344.jpg,907,neutral,0.8631,0.9380,7,670,458,725,549
116,20230609c_00344.jpg,842,fanning,0.9985,0.9322,16,382,455,445,544
116,20230609c_00344.jpg,791,fanning,0.8672,0.9228,16,1093,372,1151,430
116,20230609c_00344.jpg,463,trophallaxis,0.9991,0.9174,16,467,373,529,425
116,20230609c_00344.jpg,507,fanning,0.9993,0.9117,16,423,393,478,471
116,20230609c_00344.jpg,844,fanning,0.6447,0.9097,16,815,369,874,413
116,20230609c_00344.jpg,957,buffering,0.0000,0.9066,1,773,927,810,1001
116,20230609c_00344.jpg,752,neutral,0.9513,0.8962,16,1023,371,1083,400
116,20230609c_00344.jpg,936,neutral,0.9992,0.8929,4,577,371,642,437
116,20230609c_00344.jpg,164,fanning,0.9928,0.8522,16,1317,370,1414,416
116,20230609c_00344.jpg,243,neutral,0.8744,0.8129,16,1228,372,1264,400
117,20230609c_00345.jpg,372,fanning,0.9993,0.9455,16,350,395,403,476
117,20230609c_00345.jpg,907,neutral,0.8423,0.9392,8,677,439,737,528
117,20230609c_00345.jpg,158,fanning,0.9841,0.9333,16,1452,371,1503,433
117,20230609c_00345.jpg,842,fanning,0.9983,0.9329,16,384,454,441,543
117,20230609c_00345.jpg,463,trophallaxis,0.9991,0.9255,16,469,372,530,422
117,20230609c_00345.jpg,222,neutral,0.9876,0.9251,6,1395,700,1445,797
117,20230609c_00345.jpg,968,buffering,0.0000,0.9179,1,92,649,161,738
117,20230609c_00345.jpg,791,fanning,0.9016,0.9138,16,1091,373,1147,428
117,20230609c_00345.jpg,844,fanning,0.6845,0.9133,16,818,369,879,409
117,20230609c_00345.jpg,507,fanning,0.9993,0.9119,16,423,384,489,467
117,20230609c_00345.jpg,752,neutral,0.9818,0.8989,16,1026,371,1088,400
117,20230609c_00345.jpg,936,neutral,0.9994,0.8964,5,583,371,642,443
117,20230609c_00345.jpg,164,fanning,0.9911,0.8581,16,1315,370,1414,415
117,20230609c_00345.jpg,243,neutral,0.8794,0.7471,16,1223,372,1259,400
118,20230609c_00346.jpg,158,fanning,0.9863,0.9287,16,1449,371,1503,433
118,20230609c_00346.jpg,978,buffering,0.0000,0.9249,1,182,746,246,817
118,20230609c_00346.jpg,842,fanning,0.9983,0.9247,16,381,453,448,544
118,20230609c_00346.jpg,936,neutral,0.9992,0.9214,6,596,371,653,447
118,20230609c_00346.jpg,372,fanning,0.9992,0.9207,16,347,390,417,477
118,20230609c_00346.jpg,791,fanning,0.9208,0.9194,16,1088,372,1145,430
118,20230609c_00346.jpg,463,trophallaxis,0.9989,0.9162,16,422,373,532,460
118,20230609c_00346.jpg,507,fanning,0.9993,0.9101,16,420,391,489,459
118,20230609c_00346.jpg,844,fanning,0.7279,0.9069,16,816,369,872,408
118,20230609c_00346.jpg,752,neutral,0.9965,0.8960,16,1023,371,1090,401
118,20230609c_00346.jpg,164,fanning,0.9922,0.8623,16,1314,370,1414,415
119,20230609c_00347.jpg,985,buffering,0.0000,0.9465,1,945,507,1000,596
119,20230609c_00347.jpg,158,fanning,0.9885,0.9323,16,1449,371,1505,433
119,20230609c_00347.jpg,372,fanning,0.9990,0.9308,16,344,393,424,477
119,20230609c_00347.jpg,842,fanning,0.9987,0.9305,16,382,453,445,542
119,20230609c_00347.jpg,463,trophallaxis,0.9990,0.9250,16,473,373,538,422
119,20230609c_00347.jpg,791,fanning,0.9289,0.9242,16,1091,373,1150,431
119,20230609c_00347.jpg,936,neutral,0.9978,0.9182,7,603,371,668,442
119,20230609c_00347.jpg,978,buffering,0.0000,0.9088,2,194,725,254,791
119,20230609c_00347.jpg,989,buffering,0.0000,0.9065,1,1288,590,1359,665
119,20230609c_00347.jpg,995,buffering,0.0000,0.9053,1,1214,869,1258,935
119,20230609c_00347.jpg,417,neutral,0.9912,0.9030,7,1444,840,1517,921
119,20230609c_00347.jpg,844,fanning,0.8482,0.9022,16,814,369,872,407
119,20230609c_00347.jpg,507,fanning,0.9993,0.9003,16,424,378,508,458
119,20230609c_00347.jpg,752,neutral,0.9957,0.8838,16,1025,371,1089,400
119,20230609c_00347.jpg,164,fanning,0.9927,0.8769,16,1312,370,1414,414
120,20230609c_00348.jpg,1000,buffering,0.0000,0.9576,1,989,587,1035,659
120,20230609c_00348.jpg,985,buffering,0.0000,0.9510,2,920,508,985,587
120,20230609c_00348.jpg,791,fanning,0.9417,0.9362,16,1090,372,1148,433
120,20230609c_00348.jpg,372,fanning,0.9990,0.9342,16,354,391,430,474
120,20230609c_00348.jpg,998,buffering,0.0000,0.9334,1,754,387,816,481
120,20230609c_00348.jpg,507,fanning,0.9993,0.9287,16,430,373,517,460
120,20230609c_00348.jpg,463,trophallaxis,0.9979,0.9272,16,472,373,534,422
120,20230609c_00348.jpg,842,fanning,0.9988,0.9271,16,384,450,443,540
120,20230609c_00348.jpg,158,fanning,0.9902,0.9239,16,1450,371,1504,435
120,20230609c_00348.jpg,936,neutral,0.9973,0.9205,8,604,371,676,441
120,20230609c_00348.jpg,844,fanning,0.8281,0.9058,16,823,370,873,407
120,20230609c_00348.jpg,995,buffering,0.0000,0.8929,2,1204,888,1251,946
120,20230609c_00348.jpg,989,buffering,0.0000,0.8864,2,1300,542,1387,640
120,20230609c_00348.jpg,1001,buffering,0.0000,0.8837,1,1334,584,1387,663
120,20230609c_00348.jpg,752,neutral,0.9952,0.8698,16,1015,371,1078,394
120,20230609c_00348.jpg,978,buffering,0.0000,0.8630,3,197,712,259,760
120,20230609c_00348.jpg,164,fanning,0.9923,0.5781,16,1336,370,1414,415
121,20230609c_00349.jpg,985,buffering,0.0000,0.9513,3,892,508,967,587
121,20230609c_00349.jpg,1000,buffering,0.0000,0.9384,2,984,578,1034,659
121,20230609c_00349.jpg,1001,buffering,0.0000,0.9340,2,1332,565,1386,649
121,20230609c_00349.jpg,998,buffering,0.0000,0.9326,2,782,374,843,473
121,20230609c_00349.jpg,372,fanning,0.9990,0.9315,16,356,397,426,473
121,20230609c_00349.jpg,936,neutral,0.9959,0.9255,9,608,371,678,433
121,20230609c_00349.jpg,791,fanning,0.9586,0.9250,16,1090,373,1147,428
121,20230609c_00349.jpg,158,fanning,0.9938,0.9236,16,1449,371,1505,432
121,20230609c_00349.jpg,463,trophallaxis,0.9985,0.9232,16,431,373,536,461
121,20230609c_00349.jpg,995,buffering,0.0000,0.9149,3,1208,902,1263,965
121,20230609c_00349.jpg,842,fanning,0.9988,0.9101,16,384,450,439,540
121,20230609c_00349.jpg,507,fanning,0.9993,0.9018,16,432,389,492,459
121,20230609c_00349.jpg,844,fanning,0.8111,0.8992,16,829,370,867,407
121,20230609c_00349.jpg,1013,buffering,0.0000,0.8918,1,1310,372,1347,396
122,20230609c_00350.jpg,1000,buffering,0.0000,0.9419,3,992,567,1047,649
122,20230609c_00350.jpg,158,fanning,0.9962,0.9356,16,1448,371,1503,433
122,20230609c_00350.jpg,998,buffering,0.0000,0.9355,3,789,372,854,463
122,20230609c_00350.jpg,989,buffering,0.0000,0.9338,3,1308,534,1383,616
122,20230609c_00350.jpg,842,fanning,0.9992,0.9321,16,383,449,448,539
122,20230609c_00350.jpg,372,fanning,0.9992,0.9239,16,366,391,433,467
122,20230609c_00350.jpg,463,trophallaxis,0.9984,0.9236,16,433,373,538,462
122,20230609c_00350.jpg,791,fanning,0.9684,0.9217,16,1089,373,1145,429
122,20230609c_00350.jpg,995,neutral,0.9997,0.9158,4,1232,919,1290,983
122,20230609c_00350.jpg,936,neutral,0.7436,0.9141,10,595,370,675,420
122,20230609c_00350.jpg,1013,buffering,0.0000,0.8956,2,1309,372,1346,396
122,20230609c_00350.jpg,507,fanning,0.9992,0.8955,16,434,391,497,460
122,20230609c_00350.jpg,844,fanning,0.7880,0.8777,16,832,370,870,400
122,20230609c_00350.jpg,752,neutral,0.9975,0.6043,16,1017,371,1056,391
123,20230609c_00351.jpg,951,buffering,0.0000,0.9390,3,1004,534,1062,631
123,20230609c_00351.jpg,463,trophallaxis,0.9977,0.9376,16,429,372,544,461
123,20230609c_00351.jpg,998,neutral,0.6782,0.9299,4,786,369,867,459
123,20230609c_00351.jpg,842,fanning,0.9991,0.9251,16,384,447,447,540
123,20230609c_00351.jpg,158,fanning,0.9975,0.9227,16,1448,371,1505,434
123,20230609c_00351.jpg,791,fanning,0.9786,0.9196,16,1088,373,1139,428
123,20230609c_00351.jpg,507,fanning,0.9992,0.9090,16,416,393,501,461
123,20230609c_00351.jpg,372,fanning,0.9993,0.9041,16,372,389,442,460
123,20230609c_00351.jpg,1013,buffering,0.0000,0.8994,3,1308,372,1346,397
123,20230609c_00351.jpg,936,neutral,0.9979,0.8968,11,604,371,672,414
123,20230609c_00351.jpg,844,fanning,0.8893,0.8773,16,832,370,874,399
123,20230609c_00351.jpg,1031,buffering,0.0000,0.8715,1,565,371,607,402
123,20230609c_00351.jpg,752,neutral,0.9984,0.6962,16,1021,371,1064,392
124,20230609c_00352.jpg,1035,buffering,0.0000,0.9481,1,1273,490,1336,579
124,20230609c_00352.jpg,842,fanning,0.9987,0.9336,16,382,450,441,539
124,20230609c_00352.jpg,222,neutral,0.8932,0.9299,7,1408,663,1457,751
124,20230609c_00352.jpg,998,fanning,0.7066,0.9253,5,785,370,854,449
124,20230609c_00352.jpg,951,neutral,0.9948,0.9224,4,993,472,1055,577
124,20230609c_00352.jpg,372,fanning,0.9992,0.9216,16,376,389,446,455
124,20230609c_00352.jpg,158,fanning,0.9981,0.9201,16,1449,371,1506,434
124,20230609c_00352.jpg,463,trophallaxis,0.9965,0.9012,16,433,376,529,454
124,20230609c_00352.jpg,1013,neutral,0.9997,0.8967,4,1307,372,1345,396
124,20230609c_00352.jpg,791,fanning,0.9766,0.8771,16,1091,373,1133,423
124,20230609c_00352.jpg,844,fanning,0.9075,0.8589,16,833,370,875,396
124,20230609c_00352.jpg,936,neutral,0.9967,0.7154,12,629,371,668,401
125,20230609c_00353.jpg,1035,buffering,0.0000,0.9480,2,1271,471,1333,563
125,20230609c_00353.jpg,1048,buffering,0.0000,0.9428,1,565,421,627,512
125,20230609c_00353.jpg,842,fanning,0.9989,0.9352,16,383,450,439,540
125,20230609c_00353.jpg,1049,buffering,0.0000,0.9308,1,862,835,914,924
125,20230609c_00353.jpg,1051,buffering,0.0000,0.9296,1,1089,372,1177,446
125,20230609c_00353.jpg,998,fanning,0.8589,0.9291,6,789,370,860,450
125,20230609c_00353.jpg,158,fanning,0.9981,0.9264,16,1449,371,1504,433
125,20230609c_00353.jpg,372,fanning,0.9992,0.9252,16,378,388,449,450
125,20230609c_00353.jpg,1054,buffering,0.0000,0.9224,1,1150,710,1211,800
125,20230609c_00353.jpg,463,trophallaxis,0.7848,0.9134,16,439,383,539,456
125,20230609c_00353.jpg,1013,neutral,0.9997,0.8951,5,1305,372,1343,396
125,20230609c_00353.jpg,1056,buffering,0.0000,0.8674,1,491,372,548,411
125,20230609c_00353.jpg,844,fanning,0.8522,0.8496,16,843,370,880,393
125,20230609c_00353.jpg,791,fanning,0.9690,0.8342,16,1093,374,1131,424
126,20230609c_00354.jpg,1035,buffering,0.0000,0.9448,3,1268,465,1324,547
126,20230609c_00354.jpg,1048,buffering,0.0000,0.9419,2,537,401,595,499
126,20230609c_00354.jpg,867,buffering,0.0000,0.9390,2,556,583,659,660
126,20230609c_00354.jpg,842,fanning,0.9995,0.9355,16,383,450,437,541
126,20230609c_00354.jpg,998,fanning,0.9394,0.9316,7,789,370,854,449
126,20230609c_00354.jpg,158,fanning,0.9983,0.9278,16,1449,371,1506,434
126,20230609c_00354.jpg,1054,buffering,0.0000,0.9255,2,1153,714,1212,807
126,20230609c_00354.jpg,372,fanning,0.9991,0.9244,16,383,389,454,450
126,20230609c_00354.jpg,463,fanning,0.9042,0.9186,16,439,382,535,457
126,20230609c_00354.jpg,1051,buffering,0.0000,0.9128,2,1085,371,1170,439
126,20230609c_00354.jpg,763,buffering,0.0000,0.9069,3,1447,991,1506,1055
126,20230609c_00354.jpg,1013,neutral,0.9997,0.8971,6,1303,372,1341,397
126,20230609c_00354.jpg,1056,buffering,0.0000,0.8585,2,511,371,558,406
126,20230609c_00354.jpg,791,fanning,0.9489,0.8112,16,1090,372,1127,420
126,20230609c_00354.jpg,844,fanning,0.7187,0.7216,16,843,372,880,387
127,20230609c_00355.jpg,1035,neutral,0.9990,0.9452,4,1265,448,1324,530
127,20230609c_00355.jpg,1048,buffering,0.0000,0.9432,3,539,390,606,489
127,20230609c_00355.jpg,1067,buffering,0.0000,0.9398,1,1287,568,1339,660
127,20230609c_00355.jpg,1066,buffering,0.0000,0.9396,1,1016,371,1080,442
127,20230609c_00355.jpg,1069,buffering,0.0000,0.9362,1,843,767,904,854
127,20230609c_00355.jpg,998,fanning,0.9646,0.9337,8,796,370,856,441
127,20230609c_00355.jpg,158,fanning,0.9984,0.9258,16,1448,371,1505,434
127,20230609c_00355.jpg,1054,buffering,0.0000,0.9253,3,1178,708,1239,807
127,20230609c_00355.jpg,842,fanning,0.9994,0.9216,16,381,448,437,542
127,20230609c_00355.jpg,372,fanning,0.9988,0.9153,16,385,383,460,453
127,20230609c_00355.jpg,463,fanning,0.9944,0.9140,16,451,379,548,452
127,20230609c_00355.jpg,1013,neutral,0.9997,0.8961,7,1303,372,1342,396
127,20230609c_00355.jpg,1051,buffering,0.0000,0.8203,3,1084,372,1143,435
127,20230609c_00355.jpg,1056,buffering,0.0000,0.8172,3,519,372,554,407
128,20230609c_00356.jpg,1067,buffering,0.0000,0.9440,2,1289,535,1344,623
128,20230609c_00356.jpg,1035,neutral,0.9990,0.9405,5,1267,435,1323,522
128,20230609c_00356.jpg,1075,buffering,0.0000,0.9333,1,794,504,863,599
128,20230609c_00356.jpg,1054,neutral,0.8729,0.9311,4,1205,694,1262,789
128,20230609c_00356.jpg,158,fanning,0.9984,0.9276,16,1448,371,1503,435
128,20230609c_00356.jpg,907,fanning,0.5613,0.9252,9,576,397,634,483
128,20230609c_00356.jpg,1066,buffering,0.0000,0.9244,2,1010,372,1074,441
128,20230609c_00356.jpg,998,fanning,0.9769,0.9223,9,798,370,858,435
128,20230609c_00356.jpg,842,fanning,0.9994,0.9169,16,380,447,439,541
128,20230609c_00356.jpg,1051,neutral,0.9993,0.9159,4,1086,373,1136,432
128,20230609c_00356.jpg,463,fanning,0.9974,0.9097,16,458,374,550,446
128,20230609c_00356.jpg,372,fanning,0.9981,0.9054,16,391,390,463,446
128,20230609c_00356.jpg,1013,neutral,0.9996,0.8997,8,1298,372,1340,397
129,20230609c_00357.jpg,1075,buffering,0.0000,0.9391,2,793,477,859,568
129,20230609c_00357.jpg,158,fanning,0.9986,0.9309,16,1448,371,1504,433
129,20230609c_00357.jpg,1067,buffering,0.0000,0.9301,3,1270,463,1349,579
129,20230609c_00357.jpg,907,fanning,0.8647,0.9260,10,574,372,640,465
129,20230609c_00357.jpg,1035,neutral,0.9988,0.9255,6,1268,429,1318,512
129,20230609c_00357.jpg,842,fanning,0.9993,0.9243,16,379,447,440,541
129,20230609c_00357.jpg,998,fanning,0.9806,0.9236,10,795,370,856,427
129,20230609c_00357.jpg,1066,buffering,0.0000,0.9147,3,1001,372,1071,441
129,20230609c_00357.jpg,1054,neutral,0.6189,0.9120,5,1215,661,1271,760
129,20230609c_00357.jpg,463,fanning,0.9980,0.9082,16,460,390,539,446
129,20230609c_00357.jpg,1013,neutral,0.9995,0.8990,9,1290,372,1339,399
129,20230609c_00357.jpg,372,fanning,0.9942,0.8982,16,399,392,471,447
129,20230609c_00357.jpg,1051,neutral,0.9995,0.8937,5,1090,371,1142,428
130,20230609c_00358.jpg,978,neutral,0.9996,0.9345,4,246,566,301,657
130,20230609c_00358.jpg,1075,buffering,0.0000,0.9331,3,792,459,851,557
130,20230609c_00358.jpg,1067,neutral,0.9995,0.9331,4,1259,439,1328,533
130,20230609c_00358.jpg,1088,buffering,0.0000,0.9321,1,914,703,958,793
130,20230609c_00358.jpg,1051,neutral,0.9996,0.9275,6,1089,371,1133,429
130,20230609c_00358.jpg,158,fanning,0.9987,0.9255,16,1447,371,1503,435
130,20230609c_00358.jpg,998,fanning,0.9877,0.9204,11,794,370,851,420
130,20230609c_00358.jpg,842,fanning,0.9993,0.9202,16,379,446,441,541
130,20230609c_00358.jpg,907,fanning,0.9306,0.9170,11,590,372,651,444
130,20230609c_00358.jpg,1066,neutral,0.9997,0.9148,4,999,373,1071,442
130,20230609c_00358.jpg,372,fanning,0.9968,0.9104,16,398,392,475,447
130,20230609c_00358.jpg,463,fanning,0.9989,0.9012,16,462,377,546,446
130,20230609c_00358.jpg,1013,neutral,0.9995,0.8772,10,1284,372,1338,401
130,20230609c_00358.jpg,996,buffering,0.0000,0.8552,1,1058,1040,1105,1079
130,20230609c_00358.jpg,1035,neutral,0.9993,0.8478,7,1271,418,1318,471
130,20230609c_00358.jpg,1056,neutral,0.9994,0.7974,4,518,371,549,399
131,20230609c_00359.jpg,1075,neutral,0.8794,0.9384,4,786,446,845,538
131,20230609c_00359.jpg,978,neutral,0.9993,0.9369,5,236,558,290,656
131,20230609c_00359.jpg,1066,neutral,0.9997,0.9305,5,999,374,1075,442
131,20230609c_00359.jpg,1067,neutral,0.9975,0.9287,5,1274,417,1318,498
131,20230609c_00359.jpg,158,fanning,0.9986,0.9274,16,1447,371,1504,437
131,20230609c_00359.jpg,1051,neutral,0.9993,0.9226,7,1093,372,1139,425
131,20230609c_00359.jpg,1088,buffering,0.0000,0.9224,2,909,660,962,752
131,20230609c_00359.jpg,842,fanning,0.9993,0.9216,16,382,447,437,540
131,20230609c_00359.jpg,1094,buffering,0.0000,0.9212,1,1574,532,1640,637
131,20230609c_00359.jpg,998,fanning,0.9917,0.9188,12,794,370,852,419
131,20230609c_00359.jpg,372,fanning,0.9984,0.9115,16,396,393,476,453
131,20230609c_00359.jpg,463,fanning,0.9990,0.9092,16,471,374,547,452
131,20230609c_00359.jpg,907,fanning,0.9681,0.8921,12,602,371,664,445
131,20230609c_00359.jpg,1013,neutral,0.9993,0.8768,11,1283,373,1333,404
131,20230609c_00359.jpg,1056,neutral,0.9995,0.7823,5,516,371,549,397
132,20230609c_00360.jpg,1075,fanning,0.5949,0.9434,5,784,423,846,512
132,20230609c_00360.jpg,1067,neutral,0.9976,0.9385,6,1272,413,1325,494
132,20230609c_00360.jpg,978,neutral,0.9945,0.9342,6,245,572,316,650
132,20230609c_00360.jpg,463,fanning,0.9994,0.9304,16,482,375,553,455
132,20230609c_00360.jpg,1066,neutral,0.9997,0.9274,6,1009,373,1082,432
132,20230609c_00360.jpg,372,fanning,0.9983,0.9238,16,392,393,482,456
132,20230609c_00360.jpg,1051,neutral,0.9994,0.9202,8,1087,372,1152,433
132,20230609c_00360.jpg,842,fanning,0.9993,0.9184,16,381,447,435,538
132,20230609c_00360.jpg,998,fanning,0.9936,0.9132,13,791,370,843,419
132,20230609c_00360.jpg,158,fanning,0.9986,0.9066,16,1448,370,1504,433
132,20230609c_00360.jpg,1013,neutral,0.9993,0.8935,12,1284,373,1333,404
132,20230609c_00360.jpg,907,fanning,0.9805,0.8839,13,602,372,668,441
132,20230609c_00360.jpg,1056,neutral,0.9995,0.8077,6,513,371,551,393
133,20230609c_00361.jpg,1067,neutral,0.9964,0.9429,7,1280,405,1326,487
133,20230609c_00361.jpg,1075,fanning,0.8765,0.9412,6,782,389,840,502
133,20230609c_00361.jpg,1104,buffering,0.0000,0.9377,1,1190,451,1247,544
133,20230609c_00361.jpg,158,fanning,0.9987,0.9371,16,1447,371,1506,433
133,20230609c_00361.jpg,463,fanning,0.9995,0.9308,16,491,374,559,450
133,20230609c_00361.jpg,1066,neutral,0.9997,0.9295,7,1013,374,1085,429
133,20230609c_00361.jpg,372,fanning,0.9977,0.9236,16,392,390,491,461
133,20230609c_00361.jpg,1051,neutral,0.9994,0.9212,9,1087,373,1150,430
133,20230609c_00361.jpg,842,fanning,0.9993,0.9162,16,382,446,434,538
133,20230609c_00361.jpg,998,fanning,0.9956,0.9118,14,791,371,836,415
133,20230609c_00361.jpg,978,neutral,0.9920,0.9000,7,239,585,346,653
133,20230609c_00361.jpg,907,fanning,0.9886,0.8867,14,603,371,672,439
133,20230609c_00361.jpg,1013,neutral,0.9995,0.8807,13,1277,372,1333,403
134,20230609c_00362.jpg,1075,fanning,0.9661,0.9392,7,781,395,838,493
134,20230609c_00362.jpg,1067,neutral,0.9916,0.9379,8,1282,402,1328,484
134,20230609c_00362.jpg,463,fanning,0.9994,0.9357,16,495,372,564,445
134,20230609c_00362.jpg,989,neutral,0.9987,0.9290,4,1427,380,1504,501
134,20230609c_00362.jpg,1066,neutral,0.9997,0.9280,8,1012,372,1097,430
134,20230609c_00362.jpg,842,fanning,0.9992,0.9211,16,382,448,431,538
134,20230609c_00362.jpg,907,fanning,0.9898,0.9180,15,604,371,675,432
134,20230609c_00362.jpg,372,fanning,0.9978,0.9164,16,410,393,492,447
134,20230609c_00362.jpg,998,fanning,0.9947,0.9096,15,787,370,842,411
134,20230609c_00362.jpg,1051,neutral,0.9994,0.8668,10,1086,374,1160,431
134,20230609c_00362.jpg,1013,neutral,0.9994,0.8581,14,1280,372,1333,397
134,20230609c_00362.jpg,1113,buffering,0.0000,0.8384,1,1152,375,1190,448
134,20230609c_00362.jpg,978,neutral,0.9956,0.8193,8,262,583,329,635
134,20230609c_00362.jpg,158,fanning,0.9987,0.7462,16,1446,371,1504,413
134,20230609c_00362.jpg,164,fanning,0.9920,0.7198,16,1356,371,1411,419
135,20230609c_00363.jpg,463,fanning,0.9995,0.9446,16,504,372,576,437
135,20230609c_00363.jpg,1067,neutral,0.9841,0.9430,9,1282,397,1332,482
135,20230609c_00363.jpg,1075,fanning,0.9926,0.9414,8,781,375,838,485
135,20230609c_00363.jpg,1066,neutral,0.9997,0.9382,9,1012,372,1088,428
135,20230609c_00363.jpg,158,fanning,0.9985,0.9259,16,1447,370,1503,433
135,20230609c_00363.jpg,842,fanning,0.9991,0.9164,16,379,445,434,541
135,20230609c_00363.jpg,998,fanning,0.9955,0.9107,16,784,370,842,414
135,20230609c_00363.jpg,907,fanning,0.9897,0.9091,16,600,371,674,431
135,20230609c_00363.jpg,372,fanning,0.9983,0.9082,16,412,394,495,447
135,20230609c_00363.jpg,1113,buffering,0.0000,0.9077,2,1150,376,1213,460
135,20230609c_00363.jpg,1051,neutral,0.9993,0.8950,11,1099,373,1159,421
135,20230609c_00363.jpg,978,neutral,0.9904,0.8494,9,258,551,337,648
135,20230609c_00363.jpg,1013,neutral,0.9993,0.8033,15,1286,371,1332,390
136,20230609c_00364.jpg,1066,neutral,0.9996,0.9472,10,1010,372,1091,424
136,20230609c_00364.jpg,1067,neutral,0.9575,0.9330,10,1288,393,1334,474
136,20230609c_00364.jpg,158,fanning,0.9986,0.9299,16,1445,371,1505,432
136,20230609c_00364.jpg,978,neutral,0.9928,0.9242,10,293,557,357,623
136,20230609c_00364.jpg,372,fanning,0.9982,0.9230,16,424,392,503,445
136,20230609c_00364.jpg,907,fanning,0.9829,0.9222,16,598,371,671,424
136,20230609c_00364.jpg,1075,fanning,0.9960,0.9191,9,774,395,826,478
136,20230609c_00364.jpg,842,fanning,0.9991,0.9168,16,378,447,436,540
136,20230609c_00364.jpg,463,fanning,0.9996,0.9167,16,511,372,579,432
136,20230609c_00364.jpg,1051,neutral,0.9990,0.8896,12,1101,372,1220,444
136,20230609c_00364.jpg,998,fanning,0.9941,0.8809,16,781,371,841,407
136,20230609c_00364.jpg,1113,buffering,0.0000,0.8490,3,1155,371,1218,447
136,20230609c_00364.jpg,1013,neutral,0.9992,0.7906,16,1289,372,1336,390
137,20230609c_00365.jpg,1134,buffering,0.0000,0.9456,1,241,536,298,619
137,20230609c_00365.jpg,978,neutral,0.9360,0.9406,11,324,534,386,610
137,20230609c_00365.jpg,158,fanning,0.9985,0.9398,16,1447,371,1506,432
137,20230609c_00365.jpg,1066,neutral,0.9993,0.9364,11,1010,372,1094,421
137,20230609c_00365.jpg,372,fanning,0.9979,0.9346,16,427,393,506,442
137,20230609c_00365.jpg,1075,fanning,0.9923,0.9249,10,748,394,805,484
137,20230609c_00365.jpg,842,fanning,0.9993,0.9175,16,381,446,437,541
137,20230609c_00365.jpg,907,fanning,0.9314,0.9140,16,601,371,673,419
137,20230609c_00365.jpg,612,buffering,0.0000,0.9058,3,157,905,257,971
137,20230609c_00365.jpg,1051,neutral,0.9987,0.8958,13,1101,371,1216,437
137,20230609c_00365.jpg,998,fanning,0.9900,0.8816,16,786,370,831,397
137,20230609c_00365.jpg,1113,neutral,0.9994,0.8690,4,1172,372,1215,444
137,20230609c_00365.jpg,463,fanning,0.9996,0.8672,16,510,371,578,428
137,20230609c_00365.jpg,164,fanning,0.9884,0.8669,16,1291,371,1411,472
138,20230609c_00366.jpg,1134,buffering,0.0000,0.9421,2,231,516,296,605
138,20230609c_00366.jpg,1066,neutral,0.9992,0.9368,12,1013,372,1097,421
138,20230609c_00366.jpg,158,fanning,0.9984,0.9358,16,1445,371,1502,434
138,20230609c_00366.jpg,372,fanning,0.9978,0.9334,16,433,392,509,443
138,20230609c_00366.jpg,1075,fanning,0.9956,0.9182,11,749,384,833,468
138,20230609c_00366.jpg,164,fanning,0.9907,0.9018,16,1289,374,1415,429
138,20230609c_00366.jpg,907,fanning,0.9305,0.8965,16,604,370,672,410
138,20230609c_00366.jpg,1051,neutral,0.9977,0.8816,14,1104,371,1233,438
138,20230609c_00366.jpg,1113,neutral,0.9990,0.8721,5,1177,371,1226,441
138,20230609c_00366.jpg,463,fanning,0.9996,0.8589,16,508,371,585,428
138,20230609c_00366.jpg,998,fanning,0.9820,0.8577,16,789,370,839,395
138,20230609c_00366.jpg,842,fanning,0.9989,0.8461,16,380,450,438,536
138,20230609c_00366.jpg,1146,buffering,0.0000,0.8060,1,1153,374,1191,439
139,20230609c_00367.jpg,1066,neutral,0.9982,0.9442,13,1024,372,1107,420
139,20230609c_00367.jpg,842,fanning,0.9989,0.9393,16,381,450,458,537
139,20230609c_00367.jpg,1075,fanning,0.9956,0.9385,12,745,392,830,472
139,20230609c_00367.jpg,372,fanning,0.9991,0.9360,16,436,392,511,442
139,20230609c_00367.jpg,1134,buffering,0.0000,0.9350,3,220,501,291,590
139,20230609c_00367.jpg,1150,buffering,0.0000,0.9315,1,1731,843,1804,928
139,20230609c_00367.jpg,1155,buffering,0.0000,0.9236,1,1292,403,1335,477
139,20230609c_00367.jpg,158,fanning,0.9984,0.9185,16,1448,371,1504,434
139,20230609c_00367.jpg,463,fanning,0.9996,0.8891,16,508,371,578,426
139,20230609c_00367.jpg,1051,neutral,0.9963,0.8367,15,1126,372,1232,437
139,20230609c_00367.jpg,164,fanning,0.9899,0.8146,16,1295,371,1413,424
139,20230609c_00367.jpg,998,fanning,0.9647,0.7542,16,793,372,825,392
139,20230609c_00367.jpg,1113,neutral,0.9988,0.6792,6,1187,376,1228,436
140,20230609c_00368.jpg,1134,neutral,0.9997,0.9412,4,217,485,288,573
140,20230609c_00368.jpg,1150,buffering,0.0000,0.9330,2,1698,834,1767,913
140,20230609c_00368.jpg,1066,neutral,0.9950,0.9319,14,1031,372,1106,417
140,20230609c_00368.jpg,507,fanning,0.9993,0.9276,16,433,399,495,495
140,20230609c_00368.jpg,1155,buffering,0.0000,0.9229,2,1285,397,1333,476
140,20230609c_00368.jpg,158,fanning,0.9981,0.9208,16,1448,371,1504,432
140,20230609c_00368.jpg,842,fanning,0.9991,0.9202,16,378,453,430,542
140,20230609c_00368.jpg,1075,fanning,0.9963,0.9077,13,765,371,841,465
140,20230609c_00368.jpg,372,fanning,0.9992,0.9017,16,436,391,509,440
140,20230609c_00368.jpg,463,fanning,0.9996,0.9011,16,509,371,579,425
140,20230609c_00368.jpg,1113,neutral,0.9980,0.8557,7,1193,373,1231,422
140,20230609c_00368.jpg,1164,buffering,0.0000,0.8190,1,1111,371,1184,395
140,20230609c_00368.jpg,1146,buffering,0.0000,0.8143,2,1153,379,1199,432
140,20230609c_00368.jpg,907,neutral,0.9946,0.7875,16,619,371,659,389
140,20230609c_00368.jpg,164,fanning,0.9900,0.7519,16,1320,370,1413,423
141,20230609c_00369.jpg,1134,neutral,0.9996,0.9335,5,217,469,276,556
141,20230609c_00369.jpg,1155,buffering,0.0000,0.9304,3,1278,387,1327,473
141,20230609c_00369.jpg,1075,fanning,0.9969,0.9303,14,768,371,840,457
141,20230609c_00369.jpg,842,fanning,0.9991,0.9230,16,373,452,437,540
141,20230609c_00369.jpg,1066,neutral,0.9887,0.9214,15,1033,372,1102,415
141,20230609c_00369.jpg,158,fanning,0.9980,0.9193,16,1448,371,1497,432
141,20230609c_00369.jpg,372,fanning,0.9992,0.9087,16,437,390,508,440
141,20230609c_00369.jpg,507,fanning,0.9995,0.9078,16,465,411,515,472
141,20230609c_00369.jpg,463,fanning,0.9996,0.8989,16,513,371,579,426
141,20230609c_00369.jpg,1164,buffering,0.0000,0.8150,2,1116,372,1184,393
141,20230609c_00369.jpg,1146,buffering,0.0000,0.7773,3,1153,376,1193,426
141,20230609c_00369.jpg,1113,neutral,0.9977,0.7535,8,1183,373,1220,416
142,20230609c_00370.jpg,1155,neutral,0.9996,0.9360,4,1265,377,1318,463
142,20230609c_00370.jpg,1134,neutral,0.9988,0.9355,6,214,452,275,539
142,20230609c_00370.jpg,1075,fanning,0.9971,0.9323,15,765,371,840,450
142,20230609c_00370.jpg,1066,neutral,0.9592,0.9274,16,1035,372,1101,414
142,20230609c_00370.jpg,842,fanning,0.9991,0.9267,16,373,451,440,540
142,20230609c_00370.jpg,507,fanning,0.9995,0.9262,16,488,414,546,481
142,20230609c_00370.jpg,158,fanning,0.9970,0.9213,16,1449,370,1496,434
142,20230609c_00370.jpg,372,fanning,0.9992,0.9112,16,436,391,514,445
142,20230609c_00370.jpg,164,fanning,0.9927,0.8537,16,1346,371,1414,441
142,20230609c_00370.jpg,463,fanning,0.9996,0.8288,16,504,371,581,429
142,20230609c_00370.jpg,1113,neutral,0.9960,0.8145,9,1185,374,1223,410
142,20230609c_00370.jpg,1051,neutral,0.9787,0.7362,16,1128,372,1203,422
142,20230609c_00370.jpg,1164,buffering,0.0000,0.6973,3,1116,372,1182,392
143,20230609c_00371.jpg,1155,neutral,0.9995,0.9369,5,1252,374,1312,458
143,20230609c_00371.jpg,1075,fanning,0.9971,0.9337,16,760,372,833,445
143,20230609c_00371.jpg,158,fanning,0.9966,0.9321,16,1447,371,1501,432
143,20230609c_00371.jpg,1134,neutral,0.9915,0.9296,7,212,441,276,532
143,20230609c_00371.jpg,842,fanning,0.9992,0.9295,16,372,451,436,540
143,20230609c_00371.jpg,372,fanning,0.9992,0.9279,16,441,390,512,445
143,20230609c_00371.jpg,1066,neutral,0.7648,0.9273,16,1043,372,1101,413
143,20230609c_00371.jpg,1182,buffering,0.0000,0.9254,1,574,766,630,852
143,20230609c_00371.jpg,1180,buffering,0.0000,0.9238,1,586,372,659,445
143,20230609c_00371.jpg,463,fanning,0.9994,0.9048,16,511,371,566,423
143,20230609c_00371.jpg,1113,neutral,0.9965,0.8366,10,1189,373,1223,403
143,20230609c_00371.jpg,1051,neutral,0.9378,0.8286,16,1146,371,1189,417
143,20230609c_00371.jpg,996,buffering,0.0000,0.8013,2,1061,1050,1111,1080
144,20230609c_00372.jpg,1134,neutral,0.9728,0.9391,8,212,432,263,515
144,20230609c_00372.jpg,1182,buffering,0.0000,0.9353,2,565,746,605,831
144,20230609c_00372.jpg,1155,neutral,0.9993,0.9314,6,1243,374,1315,447
144,20230609c_00372.jpg,1066,neutral,0.6302,0.9300,16,1049,371,1102,411
144,20230609c_00372.jpg,372,fanning,0.9991,0.9293,16,440,390,513,445
144,20230609c_00372.jpg,842,fanning,0.9992,0.9260,16,369,456,431,542
144,20230609c_00372.jpg,1075,fanning,0.9958,0.9250,16,758,372,822,437
144,20230609c_00372.jpg,158,fanning,0.9959,0.9236,16,1448,371,1500,433
144,20230609c_00372.jpg,463,fanning,0.9991,0.9191,16,513,370,575,422
144,20230609c_00372.jpg,1180,buffering,0.0000,0.8900,2,566,401,643,457
144,20230609c_00372.jpg,1113,neutral,0.9956,0.8566,11,1199,373,1227,396
144,20230609c_00372.jpg,1051,neutral,0.8890,0.7973,16,1144,372,1184,412
144,20230609c_00372.jpg,164,fanning,0.9909,0.5796,16,1352,371,1414,420
145,20230609c_00373.jpg,1155,neutral,0.9991,0.9479,7,1246,374,1310,446
145,20230609c_00373.jpg,1196,buffering,0.0000,0.9384,1,559,432,626,517
145,20230609c_00373.jpg,1134,neutral,0.9619,0.9368,9,216,413,274,505
145,20230609c_00373.jpg,372,fanning,0.9992,0.9287,16,439,390,512,446
145,20230609c_00373.jpg,1075,fanning,0.9956,0.9281,16,751,373,824,429
145,20230609c_00373.jpg,1199,buffering,0.0000,0.9260,1,1092,846,1146,930
145,20230609c_00373.jpg,158,fanning,0.9958,0.9256,16,1448,371,1499,434
145,20230609c_00373.jpg,1182,buffering,0.0000,0.9244,3,542,716,596,813
145,20230609c_00373.jpg,842,fanning,0.9993,0.9232,16,369,456,433,542
145,20230609c_00373.jpg,1066,neutral,0.8364,0.9117,16,1055,372,1100,403
145,20230609c_00373.jpg,463,fanning,0.9990,0.9095,16,517,370,578,422
145,20230609c_00373.jpg,1051,neutral,0.9040,0.8202,16,1148,372,1184,407
146,20230609c_00374.jpg,1155,neutral,0.9983,0.9458,8,1236,374,1299,446
146,20230609c_00374.jpg,1134,neutral,0.8000,0.9438,10,221,407,294,489
146,20230609c_00374.jpg,1196,buffering,0.0000,0.9407,2,586,447,670,529
146,20230609c_00374.jpg,372,fanning,0.9992,0.9351,16,436,392,510,446
146,20230609c_00374.jpg,1075,fanning,0.9959,0.9315,16,744,372,818,426
146,20230609c_00374.jpg,1199,buffering,0.0000,0.9280,2,1079,828,1129,919
146,20230609c_00374.jpg,1182,neutral,0.9978,0.9249,4,531,672,584,777
146,20230609c_00374.jpg,158,fanning,0.9952,0.9245,16,1445,371,1500,435
146,20230609c_00374.jpg,842,fanning,0.9993,0.9203,16,368,455,432,542
146,20230609c_00374.jpg,1066,neutral,0.8611,0.9076,16,1055,372,1097,399
146,20230609c_00374.jpg,463,fanning,0.9988,0.9027,16,518,372,583,424
146,20230609c_00374.jpg,1164,neutral,0.9988,0.8667,4,1126,371,1183,398
147,20230609c_00375.jpg,1155,neutral,0.9976,0.9414,9,1230,373,1299,445
147,20230609c_00375.jpg,1000,neutral,0.9975,0.9407,4,985,471,1049,567
147,20230609c_00375.jpg,1196,buffering,0.0000,0.9405,3,632,457,710,556
147,20230609c_00375.jpg,1134,uncertain,0.5058,0.9348,11,231,400,295,484
147,20230609c_00375.jpg,158,fanning,0.9954,0.9336,16,1444,371,1505,433
147,20230609c_00375.jpg,1182,neutral,0.9984,0.9317,5,528,629,583,731
147,20230609c_00375.jpg,1075,fanning,0.9959,0.9311,16,733,372,806,427
147,20230609c_00375.jpg,842,fanning,0.9994,0.9250,16,373,454,430,541
147,20230609c_00375.jpg,372,fanning,0.9992,0.9239,16,438,393,516,446
147,20230609c_00375.jpg,463,fanning,0.9990,0.9034,16,522,371,590,424
147,20230609c_00375.jpg,1066,neutral,0.8334,0.9018,16,1060,372,1103,397
147,20230609c_00375.jpg,1164,neutral,0.9987,0.8477,5,1132,372,1183,393
148,20230609c_00376.jpg,1196,uncertain,0.5099,0.9445,4,687,452,757,539
148,20230609c_00376.jpg,1000,neutral,0.9983,0.9424,5,988,430,1057,515
148,20230609c_00376.jpg,1134,fanning,0.7051,0.9403,12,231,399,293,475
148,20230609c_00376.jpg,1182,neutral,0.9960,0.9357,6,523,591,582,693
148,20230609c_00376.jpg,1075,fanning,0.9961,0.9338,16,732,372,803,421
148,20230609c_00376.jpg,158,fanning,0.9951,0.9250,16,1445,371,1503,433
148,20230609c_00376.jpg,842,fanning,0.9993,0.9224,16,373,454,429,541
148,20230609c_00376.jpg,372,fanning,0.9991,0.9160,16,442,392,523,446
148,20230609c_00376.jpg,1155,neutral,0.9977,0.9152,10,1235,373,1315,448
148,20230609c_00376.jpg,463,fanning,0.9990,0.9024,16,520,371,590,424
148,20230609c_00376.jpg,1066,neutral,0.8349,0.8499,16,1063,373,1102,394
149,20230609c_00377.jpg,1227,buffering,0.0000,0.9503,1,592,732,650,799
149,20230609c_00377.jpg,1182,neutral,0.9667,0.9461,7,519,550,574,650
149,20230609c_00377.jpg,1155,neutral,0.9982,0.9454,11,1233,373,1289,448
149,20230609c_00377.jpg,1196,fanning,0.7695,0.9435,5,741,441,798,531
149,20230609c_00377.jpg,1134,fanning,0.8325,0.9409,13,238,392,302,468
149,20230609c_00377.jpg,1223,buffering,0.0000,0.9350,1,661,591,726,686
149,20230609c_00377.jpg,1075,fanning,0.9946,0.9349,16,722,372,788,423
149,20230609c_00377.jpg,842,fanning,0.9993,0.9238,16,373,451,430,541
149,20230609c_00377.jpg,158,fanning,0.9955,0.9201,16,1445,371,1499,432
149,20230609c_00377.jpg,372,fanning,0.9991,0.9065,16,444,392,525,442
149,20230609c_00377.jpg,463,fanning,0.9991,0.9059,16,521,371,594,424
149,20230609c_00377.jpg,1066,neutral,0.7409,0.9022,16,1068,372,1106,399
149,20230609c_00377.jpg,1164,neutral,0.9988,0.5770,6,1137,372,1185,388
150,20230609c_00378.jpg,1196,uncertain,0.5109,0.9427,6,775,418,827,509
150,20230609c_00378.jpg,1134,fanning,0.9060,0.9421,14,246,386,309,460
150,20230609c_00378.jpg,1223,buffering,0.0000,0.9368,2,661,619,726,694
150,20230609c_00378.jpg,1182,neutral,0.9037,0.9347,8,503,508,552,607
150,20230609c_00378.jpg,842,fanning,0.9992,0.9317,16,369,449,432,539
150,20230609c_00378.jpg,1227,buffering,0.0000,0.9279,2,618,742,677,814
150,20230609c_00378.jpg,1155,neutral,0.9983,0.9270,12,1229,371,1282,439
150,20230609c_00378.jpg,1075,fanning,0.9928,0.9226,16,725,372,790,420
150,20230609c_00378.jpg,158,fanning,0.9963,0.9178,16,1445,371,1503,433
150,20230609c_00378.jpg,1088,buffering,0.0000,0.9139,3,923,374,979,447
150,20230609c_00378.jpg,1066,neutral,0.7809,0.9116,16,1067,373,1108,401
150,20230609c_00378.jpg,463,fanning,0.9991,0.8972,16,519,371,589,426
150,20230609c_00378.jpg,372,fanning,0.9992,0.8876,16,449,393,528,439
151,20230609c_00379.jpg,1196,fanning,0.7025,0.9413,7,781,398,835,487
151,20230609c_00379.jpg,1182,neutral,0.7064,0.9408,9,484,471,538,568
151,20230609c_00379.jpg,1223,buffering,0.0000,0.9394,3,638,625,696,705
151,20230609c_00379.jpg,1134,fanning,0.9440,0.9387,15,251,378,314,454
151,20230609c_00379.jpg,842,fanning,0.9990,0.9280,16,367,450,431,538
151,20230609c_00379.jpg,1088,neutral,0.9681,0.9250,4,899,373,968,438
151,20230609c_00379.jpg,158,fanning,0.9964,0.9182,16,1445,371,1505,430
151,20230609c_00379.jpg,1075,fanning,0.9725,0.9161,16,719,372,775,414
151,20230609c_00379.jpg,1155,neutral,0.9977,0.9132,13,1237,373,1277,429
151,20230609c_00379.jpg,1066,neutral,0.6613,0.9004,16,1072,372,1110,399
151,20230609c_00379.jpg,463,fanning,0.9990,0.8997,16,515,371,593,427
151,20230609c_00379.jpg,372,fanning,0.9996,0.8898,16,452,394,532,440
152,20230609c_00380.jpg,1134,fanning,0.9660,0.9435,16,252,372,317,455
152,20230609c_00380.jpg,1196,fanning,0.8167,0.9361,8,787,390,871,468
152,20230609c_00380.jpg,158,fanning,0.9959,0.9294,16,1445,371,1503,432
152,20230609c_00380.jpg,1182,fanning,0.8338,0.9279,10,476,430,531,531
152,20230609c_00380.jpg,842,fanning,0.9987,0.9267,16,373,448,435,535
152,20230609c_00380.jpg,463,fanning,0.9991,0.9173,16,518,371,581,426
152,20230609c_00380.jpg,1066,neutral,0.7935,0.9139,16,1067,373,1107,400
152,20230609c_00380.jpg,1088,neutral,0.9755,0.9013,5,925,373,977,428
152,20230609c_00380.jpg,1075,fanning,0.7292,0.8982,16,717,371,771,408
152,20230609c_00380.jpg,1155,neutral,0.9969,0.8770,14,1232,372,1271,415
152,20230609c_00380.jpg,372,fanning,0.9996,0.7816,16,457,395,533,441
153,20230609c_00381.jpg,1134,fanning,0.9708,0.9392,16,250,374,314,454
153,20230609c_00381.jpg,951,neutral,0.9947,0.9354,5,817,374,947,469
153,20230609c_00381.jpg,158,fanning,0.9950,0.9266,16,1446,371,1503,430
153,20230609c_00381.jpg,1196,fanning,0.8008,0.9256,9,815,398,879,470
153,20230609c_00381.jpg,1182,fanning,0.9582,0.9235,11,467,394,533,507
153,20230609c_00381.jpg,842,fanning,0.9980,0.9220,16,368,444,434,536
153,20230609c_00381.jpg,1066,neutral,0.8577,0.9109,16,1065,372,1107,401
153,20230609c_00381.jpg,1088,neutral,0.9441,0.9074,6,929,374,978,422
153,20230609c_00381.jpg,463,fanning,0.9991,0.9057,16,516,370,590,424
153,20230609c_00381.jpg,1155,neutral,0.9974,0.8991,15,1230,373,1266,406
153,20230609c_00381.jpg,1075,fanning,0.5922,0.8888,16,707,371,751,401
153,20230609c_00381.jpg,372,fanning,0.9996,0.8080,16,465,395,532,439
154,20230609c_00382.jpg,1000,neutral,0.9901,0.9499,6,994,412,1069,494
154,20230609c_00382.jpg,1134,fanning,0.9764,0.9374,16,250,373,314,456
154,20230609c_00382.jpg,158,fanning,0.9949,0.9245,16,1447,371,1500,434
154,20230609c_00382.jpg,463,fanning,0.9990,0.9241,16,522,371,588,422
154,20230609c_00382.jpg,842,fanning,0.9993,0.9216,16,374,450,432,535
154,20230609c_00382.jpg,1088,neutral,0.9725,0.9187,7,934,373,976,413
154,20230609c_00382.jpg,951,neutral,0.9820,0.9116,6,838,371,904,480
154,20230609c_00382.jpg,1066,neutral,0.9087,0.9101,16,1066,373,1109,403
154,20230609c_00382.jpg,1155,neutral,0.9971,0.8127,16,1227,372,1262,398
154,20230609c_00382.jpg,372,fanning,0.9996,0.7938,16,458,396,544,442
155,20230609c_00383.jpg,1134,fanning,0.9737,0.9356,16,250,377,313,454
155,20230609c_00383.jpg,158,fanning,0.9941,0.9275,16,1443,371,1503,430
155,20230609c_00383.jpg,463,fanning,0.9988,0.9179,16,521,371,593,425
155,20230609c_00383.jpg,842,fanning,0.9993,0.9168,16,376,450,423,536
155,20230609c_00383.jpg,951,neutral,0.9305,0.9108,7,860,381,915,473
155,20230609c_00383.jpg,1066,neutral,0.9577,0.9099,16,1070,373,1108,403
155,20230609c_00383.jpg,1088,neutral,0.9750,0.8783,8,931,374,968,402
155,20230609c_00383.jpg,372,fanning,0.9995,0.8511,16,465,400,550,446
155,20230609c_00383.jpg,1075,uncertain,0.5116,0.8268,16,708,371,746,391
155,20230609c_00383.jpg,1269,buffering,0.0000,0.8220,1,259,1037,326,1079
156,20230609c_00384.jpg,1196,fanning,0.8867,0.9394,10,931,373,993,461
156,20230609c_00384.jpg,1273,buffering,0.0000,0.9371,1,404,443,473,550
156,20230609c_00384.jpg,1134,fanning,0.9681,0.9370,16,249,377,314,452
156,20230609c_00384.jpg,158,fanning,0.9929,0.9317,16,1440,371,1507,427
156,20230609c_00384.jpg,1051,neutral,0.9300,0.9246,16,1163,368,1226,432
156,20230609c_00384.jpg,463,fanning,0.9980,0.9182,16,523,370,589,426
156,20230609c_00384.jpg,951,neutral,0.7524,0.9059,8,847,374,902,454
156,20230609c_00384.jpg,842,fanning,0.9993,0.9049,16,375,448,418,534
156,20230609c_00384.jpg,1066,neutral,0.9668,0.8790,16,1078,373,1112,396
156,20230609c_00384.jpg,372,fanning,0.9995,0.8673,16,471,401,554,447
157,20230609c_00385.jpg,1284,buffering,0.0000,0.9409,1,888,432,934,515
157,20230609c_00385.jpg,1283,buffering,0.0000,0.9398,1,740,375,812,470
157,20230609c_00385.jpg,1134,fanning,0.9599,0.9383,16,250,377,314,452
157,20230609c_00385.jpg,1273,buffering,0.0000,0.9363,2,376,445,462,555
157,20230609c_00385.jpg,1051,neutral,0.8664,0.9345,16,1180,372,1231,426
157,20230609c_00385.jpg,158,fanning,0.9940,0.9334,16,1442,371,1505,428
157,20230609c_00385.jpg,1286,buffering,0.0000,0.9301,1,333,639,396,731
157,20230609c_00385.jpg,1289,buffering,0.0000,0.9167,1,1346,943,1398,1032
157,20230609c_00385.jpg,951,neutral,0.5764,0.9165,9,837,370,895,441
157,20230609c_00385.jpg,463,fanning,0.9974,0.9160,16,526,371,583,419
157,20230609c_00385.jpg,372,fanning,0.9994,0.9103,16,473,405,564,450
157,20230609c_00385.jpg,842,fanning,0.9993,0.9068,16,374,448,418,533
157,20230609c_00385.jpg,1066,neutral,0.9785,0.8142,16,1080,373,1110,391
157,20230609c_00385.jpg,996,buffering,0.0000,0.7918,3,1073,1047,1137,1080
158,20230609c_00386.jpg,1134,fanning,0.9426,0.9395,16,250,376,314,451
158,20230609c_00386.jpg,1286,buffering,0.0000,0.9386,2,326,614,389,699
158,20230609c_00386.jpg,1284,buffering,0.0000,0.9359,2,863,416,924,496
158,20230609c_00386.jpg,1273,buffering,0.0000,0.9310,3,394,487,464,569
158,20230609c_00386.jpg,158,fanning,0.9958,0.9228,16,1446,371,1499,428
158,20230609c_00386.jpg,951,fanning,0.8149,0.9173,10,845,370,889,438
158,20230609c_00386.jpg,1296,buffering,0.0000,0.9157,1,903,372,962,443
158,20230609c_00386.jpg,1051,fanning,0.6090,0.9121,16,1174,372,1237,423
158,20230609c_00386.jpg,463,fanning,0.9969,0.9116,16,533,371,580,413
158,20230609c_00386.jpg,372,fanning,0.9993,0.8990,16,485,405,575,450
158,20230609c_00386.jpg,842,fanning,0.9992,0.8760,16,374,448,419,530
159,20230609c_00387.jpg,1134,fanning,0.9148,0.9389,16,250,373,316,453
159,20230609c_00387.jpg,1286,buffering,0.0000,0.9385,3,342,596,397,679
159,20230609c_00387.jpg,158,fanning,0.9950,0.9343,16,1435,372,1501,428
159,20230609c_00387.jpg,372,fanning,0.9993,0.9219,16,497,390,583,452
159,20230609c_00387.jpg,1051,fanning,0.6377,0.9159,16,1183,372,1236,424
159,20230609c_00387.jpg,842,fanning,0.9995,0.9134,16,372,448,429,538
159,20230609c_00387.jpg,1284,buffering,0.0000,0.9114,3,834,371,915,495
159,20230609c_00387.jpg,1273,fanning,0.8034,0.9101,4,373,502,462,592
159,20230609c_00387.jpg,951,fanning,0.9272,0.9070,11,840,371,887,428
159,20230609c_00387.jpg,463,fanning,0.9967,0.9026,16,533,371,578,410
159,20230609c_00387.jpg,1296,buffering,0.0000,0.8477,2,891,372,964,442
160,20230609c_00388.jpg,1312,buffering,0.0000,0.9452,1,617,440,676,507
160,20230609c_00388.jpg,1134,fanning,0.9000,0.9389,16,250,373,314,453
160,20230609c_00388.jpg,158,fanning,0.9969,0.9364,16,1435,371,1503,430
160,20230609c_00388.jpg,842,fanning,0.9994,0.9326,16,367,440,432,532
160,20230609c_00388.jpg,1284,neutral,0.9991,0.9292,4,868,371,925,485
160,20230609c_00388.jpg,1314,buffering,0.0000,0.9165,1,676,369,744,447
160,20230609c_00388.jpg,1051,fanning,0.6971,0.9132,16,1173,372,1240,425
160,20230609c_00388.jpg,951,fanning,0.9576,0.9128,12,842,370,890,423
160,20230609c_00388.jpg,1286,fanning,0.6041,0.9120,4,363,597,410,675
160,20230609c_00388.jpg,372,fanning,0.9993,0.9108,16,499,378,590,453
160,20230609c_00388.jpg,1296,buffering,0.0000,0.9090,3,904,373,955,425
160,20230609c_00388.jpg,463,fanning,0.9960,0.8926,16,533,371,577,408
161,20230609c_00389.jpg,1312,buffering,0.0000,0.9431,2,603,451,675,519
161,20230609c_00389.jpg,1134,fanning,0.9757,0.9374,16,249,370,315,453
161,20230609c_00389.jpg,1284,neutral,0.9976,0.9363,5,871,374,931,483
161,20230609c_00389.jpg,158,fanning,0.9964,0.9344,16,1434,371,1502,429
161,20230609c_00389.jpg,1314,buffering,0.0000,0.9332,2,673,370,747,453
161,20230609c_00389.jpg,842,fanning,0.9993,0.9314,16,367,439,435,533
161,20230609c_00389.jpg,1227,buffering,0.0000,0.9272,3,715,797,789,885
161,20230609c_00389.jpg,1323,buffering,0.0000,0.9249,1,210,805,273,882
161,20230609c_00389.jpg,372,fanning,0.9994,0.9147,16,505,400,589,455
161,20230609c_00389.jpg,951,fanning,0.9679,0.9027,13,845,370,889,419
161,20230609c_00389.jpg,1286,fanning,0.9021,0.9017,5,367,585,429,687
161,20230609c_00389.jpg,1296,neutral,0.9987,0.8972,4,907,374,955,422
161,20230609c_00389.jpg,1051,fanning,0.7884,0.8780,16,1177,372,1248,425
161,20230609c_00389.jpg,463,fanning,0.9940,0.8541,16,530,371,572,401
162,20230609c_00390.jpg,1312,buffering,0.0000,0.9465,3,606,455,684,527
162,20230609c_00390.jpg,1314,buffering,0.0000,0.9411,3,675,373,747,460
162,20230609c_00390.jpg,1134,fanning,0.9822,0.9395,16,249,371,317,457
162,20230609c_00390.jpg,158,fanning,0.9964,0.9357,16,1435,372,1503,425
162,20230609c_00390.jpg,1284,neutral,0.9910,0.9308,6,877,394,932,479
162,20230609c_00390.jpg,842,fanning,0.9991,0.9306,16,368,437,435,533
162,20230609c_00390.jpg,372,fanning,0.9995,0.9201,16,511,396,596,452
162,20230609c_00390.jpg,951,fanning,0.9682,0.9177,14,840,371,887,422
162,20230609c_00390.jpg,1051,fanning,0.7790,0.9164,16,1189,372,1268,450
162,20230609c_00390.jpg,1323,buffering,0.0000,0.9153,2,240,822,298,895
162,20230609c_00390.jpg,1286,fanning,0.9907,0.9135,6,366,574,434,676
162,20230609c_00390.jpg,463,fanning,0.9929,0.9059,16,532,371,576,404
163,20230609c_00391.jpg,1312,neutral,0.9949,0.9405,4,642,460,714,536
163,20230609c_00391.jpg,1314,fanning,0.6402,0.9362,4,679,372,747,463
163,20230609c_00391.jpg,158,fanning,0.9934,0.9359,16,1432,372,1506,423
163,20230609c_00391.jpg,1134,fanning,0.9769,0.9355,16,250,371,316,454
163,20230609c_00391.jpg,1345,buffering,0.0000,0.9346,1,941,372,997,411
163,20230609c_00391.jpg,1284,neutral,0.9853,0.9330,7,835,369,930,476
163,20230609c_00391.jpg,1273,fanning,0.8282,0.9325,5,363,547,416,649
163,20230609c_00391.jpg,842,fanning,0.9990,0.9294,16,369,440,434,533
163,20230609c_00391.jpg,1347,buffering,0.0000,0.9228,1,1389,1003,1462,1079
163,20230609c_00391.jpg,372,fanning,0.9995,0.9144,16,519,389,600,448
163,20230609c_00391.jpg,463,fanning,0.9833,0.8875,16,532,372,578,404
163,20230609c_00391.jpg,951,fanning,0.9817,0.8726,15,835,370,883,410
163,20230609c_00391.jpg,1051,fanning,0.7230,0.8539,16,1211,382,1293,443
164,20230609c_00392.jpg,1104,buffering,0.0000,0.9414,2,1180,485,1240,558
164,20230609c_00392.jpg,158,fanning,0.9755,0.9398,16,1432,372,1499,424
164,20230609c_00392.jpg,1314,fanning,0.7910,0.9359,5,676,371,748,456
164,20230609c_00392.jpg,1134,fanning,0.9763,0.9355,16,252,374,307,454
164,20230609c_00392.jpg,1347,buffering,0.0000,0.9334,2,1380,978,1440,1079
164,20230609c_00392.jpg,1345,buffering,0.0000,0.9301,2,948,373,991,405
164,20230609c_00392.jpg,372,fanning,0.9994,0.9206,16,533,372,603,449
164,20230609c_00392.jpg,842,fanning,0.9989,0.9141,16,370,446,432,528
164,20230609c_00392.jpg,1284,neutral,0.9764,0.9102,8,855,371,925,466
164,20230609c_00392.jpg,951,fanning,0.9792,0.8427,16,838,370,892,401
164,20230609c_00392.jpg,1051,uncertain,0.5499,0.8168,16,1215,380,1308,452
165,20230609c_00393.jpg,1361,buffering,0.0000,0.9427,1,1415,430,1477,517
165,20230609c_00393.jpg,1360,buffering,0.0000,0.9358,1,203,600,267,686
165,20230609c_00393.jpg,158,fanning,0.9734,0.9338,16,1445,372,1508,422
165,20230609c_00393.jpg,1134,fanning,0.9845,0.9337,16,248,371,315,454
165,20230609c_00393.jpg,1345,buffering,0.0000,0.9305,3,940,372,992,409
165,20230609c_00393.jpg,1314,fanning,0.8806,0.9281,6,682,372,747,448
165,20230609c_00393.jpg,372,fanning,0.9994,0.9278,16,526,372,612,447
165,20230609c_00393.jpg,1289,buffering,0.0000,0.9215,2,1347,931,1400,1041
165,20230609c_00393.jpg,1284,neutral,0.9679,0.9129,9,880,377,928,457
165,20230609c_00393.jpg,842,fanning,0.9991,0.8919,16,371,442,439,532
165,20230609c_00393.jpg,1051,neutral,0.6220,0.8660,16,1223,399,1306,447
166,20230609c_00394.jpg,1361,buffering,0.0000,0.9428,2,1407,415,1481,507
166,20230609c_00394.jpg,1284,neutral,0.8834,0.9382,10,889,372,934,446
166,20230609c_00394.jpg,1134,fanning,0.9891,0.9336,16,247,371,314,453
166,20230609c_00394.jpg,158,fanning,0.9550,0.9334,16,1445,372,1500,421
166,20230609c_00394.jpg,1314,uncertain,0.5060,0.9312,7,678,371,748,437
166,20230609c_00394.jpg,1340,buffering,0.0000,0.9307,1,405,597,460,677
166,20230609c_00394.jpg,1345,neutral,0.9942,0.9282,4,940,372,995,412
166,20230609c_00394.jpg,1051,neutral,0.6738,0.9231,16,1228,381,1317,439
166,20230609c_00394.jpg,842,fanning,0.9993,0.9223,16,341,431,436,530
166,20230609c_00394.jpg,372,fanning,0.9993,0.9195,16,530,372,613,451
166,20230609c_00394.jpg,1373,buffering,0.0000,0.8877,1,823,370,913,401
167,20230609c_00395.jpg,1361,buffering,0.0000,0.9456,3,1399,382,1460,487
167,20230609c_00395.jpg,1134,fanning,0.9923,0.9336,16,247,371,315,454
167,20230609c_00395.jpg,1314,uncertain,0.5294,0.9307,8,675,371,747,424
167,20230609c_00395.jpg,1273,fanning,0.9305,0.9272,6,319,627,389,689
167,20230609c_00395.jpg,1051,uncertain,0.5488,0.9268,16,1236,376,1320,436
167,20230609c_00395.jpg,158,fanning,0.9391,0.9252,16,1445,372,1497,421
167,20230609c_00395.jpg,1284,neutral,0.9462,0.9242,11,886,372,933,437
167,20230609c_00395.jpg,372,fanning,0.9992,0.9207,16,533,372,612,445
167,20230609c_00395.jpg,1345,neutral,0.9949,0.9133,5,952,373,992,399
167,20230609c_00395.jpg,842,fanning,0.9991,0.9077,16,372,445,416,528
167,20230609c_00395.jpg,1373,buffering,0.0000,0.8684,2,813,370,906,398
168,20230609c_00396.jpg,1385,buffering,0.0000,0.9460,1,866,471,923,556
168,20230609c_00396.jpg,1340,buffering,0.0000,0.9459,2,416,567,478,650
168,20230609c_00396.jpg,1051,neutral,0.6937,0.9410,16,1243,374,1325,434
168,20230609c_00396.jpg,1361,neutral,0.9879,0.9355,4,1358,373,1439,468
168,20230609c_00396.jpg,842,fanning,0.9991,0.9343,16,366,443,435,528
168,20230609c_00396.jpg,1134,fanning,0.9943,0.9308,16,250,369,313,451
168,20230609c_00396.jpg,158,fanning,0.8952,0.9279,16,1443,373,1503,419
168,20230609c_00396.jpg,1284,neutral,0.8846,0.9256,12,886,372,931,433
168,20230609c_00396.jpg,1386,buffering,0.0000,0.9248,1,1015,462,1085,560
168,20230609c_00396.jpg,372,fanning,0.9992,0.9029,16,534,371,624,442
168,20230609c_00396.jpg,1314,neutral,0.5928,0.8909,9,676,371,733,410
168,20230609c_00396.jpg,1345,neutral,0.9949,0.8875,6,962,373,995,394
168,20230609c_00396.jpg,1390,buffering,0.0000,0.8849,1,1273,814,1304,866
168,20230609c_00396.jpg,1373,buffering,0.0000,0.8397,3,801,370,867,394
169,20230609c_00397.jpg,1386,buffering,0.0000,0.9447,2,1004,424,1075,523
169,20230609c_00397.jpg,1340,buffering,0.0000,0.9439,3,432,554,488,639
169,20230609c_00397.jpg,1361,neutral,0.9228,0.9429,5,1370,410,1449,472
169,20230609c_00397.jpg,1051,neutral,0.7492,0.9386,16,1262,373,1338,429
169,20230609c_00397.jpg,158,fanning,0.8824,0.9325,16,1442,372,1502,420
169,20230609c_00397.jpg,1385,buffering,0.0000,0.9318,2,867,444,926,541
169,20230609c_00397.jpg,842,fanning,0.9991,0.9315,16,367,441,434,529
169,20230609c_00397.jpg,372,fanning,0.9990,0.9284,16,561,372,627,436
169,20230609c_00397.jpg,1134,fanning,0.9942,0.9268,16,245,369,314,454
169,20230609c_00397.jpg,1284,neutral,0.7285,0.9241,13,885,372,929,431
169,20230609c_00397.jpg,463,fanning,0.7347,0.8598,16,534,371,589,401
169,20230609c_00397.jpg,1314,neutral,0.6569,0.8558,10,683,371,726,393
169,20230609c_00397.jpg,1390,buffering,0.0000,0.8471,2,1261,832,1297,885
169,20230609c_00397.jpg,1345,neutral,0.9942,0.8180,7,957,372,993,390
169,20230609c_00397.jpg,1373,neutral,0.9997,0.7952,4,792,371,865,392
170,20230609c_00398.jpg,1051,neutral,0.7502,0.9431,16,1272,372,1394,424
170,20230609c_00398.jpg,164,fanning,0.9923,0.9424,16,1389,390,1492,482
170,20230609c_00398.jpg,507,fanning,0.9995,0.9406,16,571,425,632,519
170,20230609c_00398.jpg,1340,neutral,0.9884,0.9402,4,438,542,500,630
170,20230609c_00398.jpg,1386,buffering,0.0000,0.9369,3,1008,384,1072,480
170,20230609c_00398.jpg,842,fanning,0.9992,0.9338,16,368,442,436,528
170,20230609c_00398.jpg,1134,fanning,0.9962,0.9317,16,243,369,302,450
170,20230609c_00398.jpg,1385,buffering,0.0000,0.9276,3,856,425,918,521
170,20230609c_00398.jpg,158,fanning,0.7646,0.9256,16,1448,372,1497,429
170,20230609c_00398.jpg,1284,fanning,0.6084,0.9135,14,884,372,928,429
170,20230609c_00398.jpg,372,fanning,0.9976,0.9035,16,571,372,631,426
170,20230609c_00398.jpg,463,fanning,0.7734,0.8456,16,530,370,591,405
171,20230609c_00399.jpg,1340,neutral,0.8914,0.9479,5,439,534,511,619
171,20230609c_00399.jpg,164,fanning,0.9931,0.9476,16,1409,374,1499,495
171,20230609c_00399.jpg,1386,neutral,0.7768,0.9453,4,992,372,1065,435
171,20230609c_00399.jpg,507,fanning,0.9995,0.9384,16,601,411,656,512
171,20230609c_00399.jpg,842,fanning,0.9992,0.9304,16,369,439,436,527
171,20230609c_00399.jpg,1051,neutral,0.6674,0.9304,16,1287,373,1412,423
171,20230609c_00399.jpg,1134,fanning,0.9962,0.9290,16,243,369,303,450
171,20230609c_00399.jpg,1385,neutral,0.9936,0.9276,4,856,418,922,509
171,20230609c_00399.jpg,158,fanning,0.6531,0.9250,16,1447,373,1499,428
171,20230609c_00399.jpg,1284,fanning,0.8250,0.9120,15,885,372,928,421
171,20230609c_00399.jpg,372,fanning,0.9977,0.9068,16,578,371,625,416
171,20230609c_00399.jpg,463,fanning,0.8461,0.8724,16,534,370,605,406
172,20230609c_00400.jpg,1340,neutral,0.7663,0.9512,6,452,520,517,608
172,20230609c_00400.jpg,164,fanning,0.9920,0.9463,16,1426,375,1498,495
172,20230609c_00400.jpg,842,fanning,0.9992,0.9379,16,370,436,436,526
172,20230609c_00400.jpg,507,fanning,0.9995,0.9369,16,610,410,666,506
172,20230609c_00400.jpg,1134,fanning,0.9979,0.9355,16,243,369,300,451
172,20230609c_00400.jpg,1385,neutral,0.9426,0.9291,5,854,412,919,498
172,20230609c_00400.jpg,1386,neutral,0.7511,0.9239,5,996,370,1047,421
172,20230609c_00400.jpg,158,uncertain,0.5275,0.9182,16,1448,373,1498,422
172,20230609c_00400.jpg,463,fanning,0.6498,0.8907,16,531,371,595,401
172,20230609c_00400.jpg,372,fanning,0.9964,0.8803,16,592,371,640,407
173,20230609c_00401.jpg,1340,neutral,0.5611,0.9495,7,455,512,523,601
173,20230609c_00401.jpg,164,fanning,0.9860,0.9491,16,1428,377,1494,497
173,20230609c_00401.jpg,1385,neutral,0.8550,0.9405,6,848,385,909,484
173,20230609c_00401.jpg,507,fanning,0.9995,0.9359,16,612,405,669,502
173,20230609c_00401.jpg,842,fanning,0.9992,0.9333,16,369,439,435,529
173,20230609c_00401.jpg,1134,fanning,0.9985,0.9299,16,243,370,303,449
173,20230609c_00401.jpg,158,neutral,0.6820,0.9289,16,1446,373,1496,418
173,20230609c_00401.jpg,463,uncertain,0.5279,0.8955,16,528,371,594,400
173,20230609c_00401.jpg,1430,buffering,0.0000,0.8944,1,1303,372,1340,398
173,20230609c_00401.jpg,1284,fanning,0.8618,0.8935,16,880,372,930,409
173,20230609c_00401.jpg,372,fanning,0.9868,0.8535,16,599,371,642,397
174,20230609c_00402.jpg,1340,fanning,0.7080,0.9513,8,461,507,531,595
174,20230609c_00402.jpg,164,fanning,0.9837,0.9508,16,1426,378,1491,496
174,20230609c_00402.jpg,1385,uncertain,0.5092,0.9409,7,846,380,912,478
174,20230609c_00402.jpg,507,fanning,0.9995,0.9386,16,608,387,662,489
174,20230609c_00402.jpg,158,neutral,0.7673,0.9368,16,1443,372,1500,415
174,20230609c_00402.jpg,842,fanning,0.9992,0.9334,16,369,438,436,526
174,20230609c_00402.jpg,1134,fanning,0.9988,0.9266,16,242,370,303,449
174,20230609c_00402.jpg,1436,buffering,0.0000,0.9246,1,992,372,1042,437
174,20230609c_00402.jpg,463,neutral,0.5735,0.9063,16,529,371,594,403
174,20230609c_00402.jpg,1430,buffering,0.0000,0.9007,2,1305,373,1342,400
174,20230609c_00402.jpg,1284,fanning,0.9298,0.8734,16,882,372,930,406
175,20230609c_00403.jpg,164,fanning,0.9949,0.9493,16,1421,411,1481,497
175,20230609c_00403.jpg,1340,fanning,0.8496,0.9464,9,460,499,540,585
175,20230609c_00403.jpg,1312,neutral,0.9936,0.9416,5,731,535,797,619
175,20230609c_00403.jpg,507,fanning,0.9995,0.9370,16,591,370,653,470
175,20230609c_00403.jpg,842,fanning,0.9991,0.9356,16,369,437,437,525
175,20230609c_00403.jpg,1385,fanning,0.7068,0.9355,8,848,373,912,470
175,20230609c_00403.jpg,1134,fanning,0.9989,0.9341,16,241,369,301,449
175,20230609c_00403.jpg,158,neutral,0.7339,0.9300,16,1434,372,1501,418
175,20230609c_00403.jpg,1447,buffering,0.0000,0.9274,1,1182,848,1237,951
175,20230609c_00403.jpg,463,uncertain,0.5466,0.9064,16,529,370,592,403
175,20230609c_00403.jpg,1436,buffering,0.0000,0.9038,2,991,372,1039,431
175,20230609c_00403.jpg,1430,buffering,0.0000,0.8848,3,1312,372,1348,396
175,20230609c_00403.jpg,1284,fanning,0.7165,0.8609,16,889,372,932,395
176,20230609c_00404.jpg,1340,fanning,0.9480,0.9484,10,468,493,541,576
176,20230609c_00404.jpg,164,fanning,0.9944,0.9479,16,1423,392,1479,489
176,20230609c_00404.jpg,842,fanning,0.9991,0.9389,16,368,435,437,527
176,20230609c_00404.jpg,1385,fanning,0.8506,0.9305,9,842,372,903,460
176,20230609c_00404.jpg,158,neutral,0.7699,0.9302,16,1438,372,1493,415
176,20230609c_00404.jpg,1134,fanning,0.9990,0.9296,16,241,369,307,449
176,20230609c_00404.jpg,1447,buffering,0.0000,0.9266,2,1185,844,1242,944
176,20230609c_00404.jpg,507,fanning,0.9994,0.9214,16,576,371,640,455
176,20230609c_00404.jpg,1436,buffering,0.0000,0.9208,3,992,372,1034,421
176,20230609c_00404.jpg,463,neutral,0.8789,0.8663,16,535,371,584,398
177,20230609c_00405.jpg,1340,fanning,0.9720,0.9453,11,475,486,541,566
177,20230609c_00405.jpg,1462,buffering,0.0000,0.9395,1,1005,441,1074,527
177,20230609c_00405.jpg,842,fanning,0.9991,0.9390,16,369,435,437,525
177,20230609c_00405.jpg,1436,uncertain,0.5241,0.9366,4,993,372,1059,416
177,20230609c_00405.jpg,164,fanning,0.9945,0.9305,16,1420,374,1492,478
177,20230609c_00405.jpg,158,neutral,0.8582,0.9282,16,1438,372,1496,417
177,20230609c_00405.jpg,1385,fanning,0.8819,0.9282,10,839,372,913,442
177,20230609c_00405.jpg,507,fanning,0.9993,0.9280,16,560,371,626,459
177,20230609c_00405.jpg,1134,fanning,0.9991,0.9237,16,241,370,306,447
177,20230609c_00405.jpg,1447,buffering,0.0000,0.9235,3,1155,843,1221,937
177,20230609c_00405.jpg,463,neutral,0.9789,0.8294,16,535,372,578,396
178,20230609c_00406.jpg,1340,fanning,0.9840,0.9454,12,485,480,548,558
178,20230609c_00406.jpg,1469,buffering,0.0000,0.9406,1,1400,456,1471,558
178,20230609c_00406.jpg,842,fanning,0.9992,0.9396,16,367,439,434,526
178,20230609c_00406.jpg,1134,fanning,0.9991,0.9287,16,242,370,304,449
178,20230609c_00406.jpg,507,fanning,0.9992,0.9283,16,556,370,622,453
178,20230609c_00406.jpg,1283,buffering,0.0000,0.9237,2,790,373,855,478
178,20230609c_00406.jpg,164,fanning,0.9954,0.9222,16,1416,373,1490,469
178,20230609c_00406.jpg,1436,uncertain,0.5311,0.9183,5,998,370,1068,407
178,20230609c_00406.jpg,158,neutral,0.8897,0.9090,16,1437,372,1499,413
178,20230609c_00406.jpg,1462,buffering,0.0000,0.9047,2,1014,432,1056,517
178,20230609c_00406.jpg,1385,fanning,0.9631,0.8516,11,835,371,891,430
178,20230609c_00406.jpg,463,neutral,0.9917,0.8470,16,535,371,574,394
179,20230609c_00407.jpg,1340,fanning,0.9892,0.9424,13,486,467,562,550
179,20230609c_00407.jpg,1469,buffering,0.0000,0.9419,2,1414,432,1476,539
179,20230609c_00407.jpg,842,fanning,0.9992,0.9390,16,366,436,436,538
179,20230609c_00407.jpg,1134,fanning,0.9991,0.9288,16,241,369,306,448
179,20230609c_00407.jpg,507,fanning,0.9990,0.9213,16,557,371,627,446
179,20230609c_00407.jpg,1283,buffering,0.0000,0.9077,3,793,391,842,455
179,20230609c_00407.jpg,164,fanning,0.9967,0.9022,16,1416,372,1499,462
179,20230609c_00407.jpg,1478,buffering,0.0000,0.8977,1,1028,420,1144,497
179,20230609c_00407.jpg,158,neutral,0.7931,0.8929,16,1441,372,1498,416
179,20230609c_00407.jpg,1462,buffering,0.0000,0.8841,3,1033,421,1096,497
179,20230609c_00407.jpg,1385,fanning,0.9463,0.8442,12,847,371,886,433
180,20230609c_00408.jpg,1469,buffering,0.0000,0.9482,3,1416,425,1487,523
180,20230609c_00408.jpg,1340,fanning,0.9929,0.9467,14,492,453,566,538
180,20230609c_00408.jpg,842,fanning,0.9992,0.9390,16,366,435,437,532
180,20230609c_00408.jpg,1478,buffering,0.0000,0.9356,2,1031,415,1109,498
180,20230609c_00408.jpg,1283,neutral,0.9990,0.9305,4,792,373,892,474
180,20230609c_00408.jpg,1134,fanning,0.9990,0.9211,16,240,369,310,446
180,20230609c_00408.jpg,507,fanning,0.9982,0.9211,16,545,371,635,452
180,20230609c_00408.jpg,1436,neutral,0.7818,0.9134,6,985,371,1062,412
180,20230609c_00408.jpg,1227,neutral,0.9940,0.9103,4,872,924,966,1010
180,20230609c_00408.jpg,158,fanning,0.8617,0.9060,16,1419,372,1498,424
180,20230609c_00408.jpg,1385,fanning,0.9754,0.8708,13,849,373,898,423
180,20230609c_00408.jpg,164,fanning,0.9978,0.8517,16,1420,373,1465,452
181,20230609c_00409.jpg,1469,neutral,0.9986,0.9496,4,1404,418,1475,512
181,20230609c_00409.jpg,1340,fanning,0.9948,0.9425,15,500,449,566,532
181,20230609c_00409.jpg,1478,buffering,0.0000,0.9397,3,1032,409,1104,493
181,20230609c_00409.jpg,1283,neutral,0.9984,0.9390,5,795,391,877,478
181,20230609c_00409.jpg,507,fanning,0.9970,0.9384,16,547,370,632,452
181,20230609c_00409.jpg,842,fanning,0.9990,0.9365,16,366,436,436,525
181,20230609c_00409.jpg,1486,buffering,0.0000,0.9362,1,1111,393,1167,487
181,20230609c_00409.jpg,1134,fanning,0.9991,0.9282,16,240,371,310,445
181,20230609c_00409.jpg,1436,neutral,0.6355,0.9281,7,982,372,1058,411
181,20230609c_00409.jpg,1051,neutral,0.7138,0.8783,16,1359,370,1501,427
181,20230609c_00409.jpg,1385,fanning,0.9825,0.8360,14,849,372,915,417
181,20230609c_00409.jpg,164,fanning,0.9973,0.8161,16,1410,372,1464,442
181,20230609c_00409.jpg,1489,buffering,0.0000,0.6461,1,1355,370,1442,424
182,20230609c_00410.jpg,1340,fanning,0.9961,0.9459,16,507,440,570,525
182,20230609c_00410.jpg,1469,neutral,0.9964,0.9442,5,1396,422,1463,515
182,20230609c_00410.jpg,1436,uncertain,0.5104,0.9436,8,976,371,1052,411
182,20230609c_00410.jpg,842,fanning,0.9990,0.9419,16,367,436,435,532
182,20230609c_00410.jpg,1478,neutral,0.9993,0.9397,4,1035,401,1101,487
182,20230609c_00410.jpg,1283,neutral,0.9971,0.9339,6,838,371,910,474
182,20230609c_00410.jpg,1134,fanning,0.9991,0.9336,16,240,370,310,445
182,20230609c_00410.jpg,1486,buffering,0.0000,0.9322,2,1101,382,1158,475
182,20230609c_00410.jpg,507,fanning,0.9980,0.9314,16,560,370,632,452
182,20230609c_00410.jpg,158,fanning,0.8336,0.9222,16,1449,372,1509,422
182,20230609c_00410.jpg,164,fanning,0.9969,0.8691,16,1409,372,1461,429
183,20230609c_00411.jpg,1340,fanning,0.9966,0.9467,16,509,435,568,520
183,20230609c_00411.jpg,1469,neutral,0.9974,0.9430,6,1381,426,1448,517
183,20230609c_00411.jpg,842,fanning,0.9994,0.9382,16,367,435,438,527
183,20230609c_00411.jpg,1478,neutral,0.9987,0.9336,5,1040,390,1099,478
183,20230609c_00411.jpg,1312,neutral,0.9963,0.9319,6,769,590,832,666
183,20230609c_00411.jpg,1134,fanning,0.9992,0.9317,16,239,370,314,443
183,20230609c_00411.jpg,158,fanning,0.8389,0.9284,16,1449,372,1512,420
183,20230609c_00411.jpg,507,fanning,0.9975,0.9263,16,556,370,631,450
183,20230609c_00411.jpg,1486,buffering,0.0000,0.9260,3,1095,376,1160,468
183,20230609c_00411.jpg,1436,fanning,0.7598,0.9237,9,972,372,1045,410
183,20230609c_00411.jpg,164,fanning,0.9935,0.8800,16,1415,372,1457,420
183,20230609c_00411.jpg,1283,neutral,0.8323,0.8737,7,849,372,933,456
183,20230609c_00411.jpg,1489,buffering,0.0000,0.5802,2,1355,372,1414,419
184,20230609c_00412.jpg,1340,fanning,0.9975,0.9455,16,511,423,571,507
184,20230609c_00412.jpg,1469,neutral,0.9965,0.9432,7,1366,420,1424,513
184,20230609c_00412.jpg,842,fanning,0.9993,0.9361,16,368,435,437,524
184,20230609c_00412.jpg,1486,fanning,0.6676,0.9299,4,1101,373,1158,461
184,20230609c_00412.jpg,507,fanning,0.9990,0.9297,16,568,370,630,444
184,20230609c_00412.jpg,1478,neutral,0.9894,0.9276,6,1043,378,1104,465
184,20230609c_00412.jpg,158,fanning,0.8745,0.9268,16,1456,373,1515,432
184,20230609c_00412.jpg,1134,fanning,0.9991,0.9215,16,241,370,316,445
184,20230609c_00412.jpg,1104,buffering,0.0000,0.9159,3,1172,490,1249,546
184,20230609c_00412.jpg,1436,fanning,0.8505,0.9137,10,968,372,1037,407
184,20230609c_00412.jpg,164,fanning,0.9858,0.8951,16,1415,373,1456,409
184,20230609c_00412.jpg,1283,fanning,0.7544,0.8242,8,846,370,945,429
185,20230609c_00413.jpg,1340,fanning,0.9973,0.9419,16,511,402,572,500
185,20230609c_00413.jpg,1469,neutral,0.9904,0.9415,8,1347,375,1410,489
185,20230609c_00413.jpg,158,fanning,0.9387,0.9400,16,1463,373,1524,434
185,20230609c_00413.jpg,842,fanning,0.9993,0.9384,16,366,436,437,526
185,20230609c_00413.jpg,1478,neutral,0.9780,0.9344,7,1046,374,1099,461
185,20230609c_00413.jpg,507,fanning,0.9988,0.9306,16,563,371,633,440
185,20230609c_00413.jpg,1486,fanning,0.6353,0.9295,5,1105,372,1161,445
185,20230609c_00413.jpg,1134,fanning,0.9991,0.9288,16,242,369,316,445
185,20230609c_00413.jpg,1436,fanning,0.8534,0.9212,11,963,372,1037,408
185,20230609c_00413.jpg,164,fanning,0.9775,0.9176,16,1414,371,1456,397
185,20230609c_00413.jpg,1283,fanning,0.9347,0.8669,9,880,373,930,437
186,20230609c_00414.jpg,1340,fanning,0.9971,0.9446,16,515,398,571,499
186,20230609c_00414.jpg,158,fanning,0.9234,0.9414,16,1473,373,1538,427
186,20230609c_00414.jpg,842,fanning,0.9993,0.9381,16,366,438,437,524
186,20230609c_00414.jpg,1469,neutral,0.9847,0.9328,9,1322,372,1408,467
186,20230609c_00414.jpg,1134,fanning,0.9991,0.9323,16,242,370,314,446
186,20230609c_00414.jpg,1436,fanning,0.8773,0.9292,12,958,373,1019,408
186,20230609c_00414.jpg,507,fanning,0.9982,0.9207,16,567,370,638,423
186,20230609c_00414.jpg,1478,neutral,0.9676,0.9198,8,1053,374,1102,435
186,20230609c_00414.jpg,1486,fanning,0.8151,0.9182,6,1106,373,1158,433
186,20230609c_00414.jpg,1283,fanning,0.9646,0.8568,10,844,370,928,452
187,20230609c_00415.jpg,1340,fanning,0.9966,0.9472,16,515,399,573,494
187,20230609c_00415.jpg,1469,neutral,0.9702,0.9387,10,1319,372,1412,461
187,20230609c_00415.jpg,842,fanning,0.9994,0.9373,16,367,438,435,526
187,20230609c_00415.jpg,1512,buffering,0.0000,0.9342,1,1093,478,1156,572
187,20230609c_00415.jpg,158,fanning,0.9336,0.9306,16,1466,371,1513,421
187,20230609c_00415.jpg,1486,fanning,0.8214,0.9225,7,1102,373,1171,429
187,20230609c_00415.jpg,1134,fanning,0.9991,0.9220,16,242,369,316,447
187,20230609c_00415.jpg,1478,neutral,0.9523,0.9218,9,1051,373,1101,419
187,20230609c_00415.jpg,1436,fanning,0.9133,0.9145,13,957,373,1016,405
187,20230609c_00415.jpg,507,fanning,0.9959,0.9132,16,580,371,646,415
187,20230609c_00415.jpg,1227,neutral,0.9909,0.9086,5,965,987,1006,1064
187,20230609c_00415.jpg,1283,fanning,0.9753,0.8665,11,855,372,905,430
188,20230609c_00416.jpg,1340,fanning,0.9968,0.9442,16,520,397,579,488
188,20230609c_00416.jpg,1512,buffering,0.0000,0.9424,2,1097,470,1162,558
188,20230609c_00416.jpg,842,fanning,0.9994,0.9376,16,367,439,435,525
188,20230609c_00416.jpg,158,fanning,0.9350,0.9339,16,1467,372,1515,418
188,20230609c_00416.jpg,1134,fanning,0.9992,0.9321,16,241,369,316,446
188,20230609c_00416.jpg,1478,neutral,0.9270,0.9150,10,1057,374,1093,407
188,20230609c_00416.jpg,1469,neutral,0.9307,0.9148,11,1320,372,1377,447
188,20230609c_00416.jpg,507,fanning,0.9931,0.9128,16,581,372,650,411
188,20230609c_00416.jpg,1486,fanning,0.5640,0.9104,8,1108,372,1163,416
188,20230609c_00416.jpg,1436,fanning,0.9226,0.8926,14,960,373,1014,398
188,20230609c_00416.jpg,1283,fanning,0.9844,0.8682,12,856,371,901,424
189,20230609c_00417.jpg,842,fanning,0.9993,0.9395,16,367,438,435,526
189,20230609c_00417.jpg,1340,fanning,0.9967,0.9373,16,523,391,587,482
189,20230609c_00417.jpg,1134,fanning,0.9992,0.9344,16,241,369,317,446
189,20230609c_00417.jpg,1512,buffering,0.0000,0.9344,3,1094,455,1156,545
189,20230609c_00417.jpg,158,fanning,0.9377,0.9327,16,1470,372,1515,418
189,20230609c_00417.jpg,1516,buffering,0.0000,0.9249,1,798,371,871,449
189,20230609c_00417.jpg,1486,uncertain,0.5182,0.9069,9,1116,373,1160,407
189,20230609c_00417.jpg,1469,neutral,0.9147,0.9064,12,1319,373,1366,435
189,20230609c_00417.jpg,1478,neutral,0.9691,0.8999,11,1060,373,1095,400
189,20230609c_00417.jpg,1520,buffering,0.0000,0.8898,1,921,422,993,485
189,20230609c_00417.jpg,1436,fanning,0.9294,0.8870,15,963,372,1013,395
189,20230609c_00417.jpg,1283,fanning,0.9914,0.8699,13,858,371,900,421
189,20230609c_00417.jpg,507,fanning,0.9833,0.8663,16,593,371,638,397
189,20230609c_00417.jpg,1526,buffering,0.0000,0.5929,1,883,373,939,395
190,20230609c_00418.jpg,1340,fanning,0.9962,0.9451,16,525,383,587,475
190,20230609c_00418.jpg,1512,neutral,0.8345,0.9432,4,1094,435,1154,520
190,20230609c_00418.jpg,1134,fanning,0.9992,0.9382,16,239,369,315,444
190,20230609c_00418.jpg,842,fanning,0.9993,0.9355,16,367,436,440,525
190,20230609c_00418.jpg,1520,buffering,0.0000,0.9312,2,924,408,990,476
190,20230609c_00418.jpg,1360,buffering,0.0000,0.9300,2,206,609,264,720
190,20230609c_00418.jpg,158,fanning,0.9255,0.9293,16,1471,372,1513,419
190,20230609c_00418.jpg,1283,fanning,0.9964,0.8931,14,840,371,903,421
190,20230609c_00418.jpg,1486,uncertain,0.5382,0.8912,10,1124,373,1161,400
190,20230609c_00418.jpg,1489,buffering,0.0000,0.8647,3,1320,371,1417,416
190,20230609c_00418.jpg,1516,buffering,0.0000,0.8642,2,780,371,851,450
190,20230609c_00418.jpg,1436,fanning,0.9485,0.7305,16,967,373,1002,396
190,20230609c_00418.jpg,1526,buffering,0.0000,0.6906,2,896,374,946,395
191,20230609c_00419.jpg,1340,fanning,0.9962,0.9462,16,530,376,596,472
191,20230609c_00419.jpg,1512,neutral,0.5688,0.9433,5,1091,422,1149,506
191,20230609c_00419.jpg,842,fanning,0.9993,0.9366,16,368,436,437,526
191,20230609c_00419.jpg,1134,fanning,0.9988,0.9322,16,240,371,316,446
191,20230609c_00419.jpg,1520,buffering,0.0000,0.9313,3,927,403,991,475
191,20230609c_00419.jpg,158,fanning,0.9133,0.9287,16,1472,372,1514,422
191,20230609c_00419.jpg,1516,buffering,0.0000,0.9237,3,797,370,859,438
191,20230609c_00419.jpg,1283,fanning,0.9975,0.9131,15,844,370,911,419
191,20230609c_00419.jpg,1486,uncertain,0.5019,0.8814,11,1125,372,1160,396
191,20230609c_00419.jpg,1489,neutral,0.9974,0.8443,4,1323,370,1415,413
191,20230609c_00419.jpg,1526,buffering,0.0000,0.7347,3,905,374,946,395
191,20230609c_00419.jpg,1436,fanning,0.9204,0.7207,16,963,373,1001,395
192,20230609c_00420.jpg,1340,fanning,0.9958,0.9419,16,539,380,608,470
192,20230609c_00420.jpg,1512,uncertain,0.5221,0.9409,6,1084,392,1149,479
192,20230609c_00420.jpg,158,fanning,0.8902,0.9357,16,1470,372,1510,416
192,20230609c_00420.jpg,1520,neutral,0.9996,0.9341,4,930,397,992,471
192,20230609c_00420.jpg,1134,fanning,0.9991,0.9334,16,244,372,316,444
192,20230609c_00420.jpg,1283,fanning,0.9969,0.9154,16,848,370,913,417
192,20230609c_00420.jpg,1516,neutral,0.9996,0.9150,4,801,370,859,433
192,20230609c_00420.jpg,1447,neutral,0.9997,0.9093,4,1084,857,1149,915
192,20230609c_00420.jpg,842,fanning,0.9992,0.8947,16,372,435,436,525
192,20230609c_00420.jpg,1489,neutral,0.9955,0.8818,5,1320,371,1415,411
192,20230609c_00420.jpg,1526,neutral,0.9995,0.7551,4,909,373,946,390
192,20230609c_00420.jpg,1436,fanning,0.6940,0.7208,16,957,373,1001,398
193,20230609c_00421.jpg,1340,fanning,0.9955,0.9505,16,541,380,607,467
193,20230609c_00421.jpg,158,fanning,0.9033,0.9355,16,1468,373,1514,419
193,20230609c_00421.jpg,1512,fanning,0.7369,0.9353,7,1084,384,1148,473
193,20230609c_00421.jpg,1134,fanning,0.9991,0.9237,16,242,371,321,448
193,20230609c_00421.jpg,1516,neutral,0.9961,0.9200,5,796,371,857,429
193,20230609c_00421.jpg,1520,neutral,0.9983,0.9177,5,933,391,995,464
193,20230609c_00421.jpg,842,fanning,0.9992,0.9160,16,369,437,434,526
193,20230609c_00421.jpg,1549,buffering,0.0000,0.8853,1,1506,866,1565,922
193,20230609c_00421.jpg,1283,fanning,0.9555,0.7928,16,865,372,907,406
193,20230609c_00421.jpg,1436,uncertain,0.5148,0.7543,16,965,372,1004,393
194,20230609c_00422.jpg,842,fanning,0.9991,0.9399,16,368,439,434,526
194,20230609c_00422.jpg,1340,fanning,0.9952,0.9343,16,543,384,621,464
194,20230609c_00422.jpg,158,fanning,0.8844,0.9343,16,1471,373,1512,420
194,20230609c_00422.jpg,1520,neutral,0.9947,0.9329,6,926,378,996,463
194,20230609c_00422.jpg,1512,fanning,0.7521,0.9309,8,1081,377,1145,468
194,20230609c_00422.jpg,1134,fanning,0.9992,0.9184,16,244,370,320,448
194,20230609c_00422.jpg,1516,neutral,0.9673,0.9103,6,797,371,855,419
194,20230609c_00422.jpg,1283,fanning,0.9232,0.8685,16,874,372,904,397
194,20230609c_00422.jpg,1526,neutral,0.9993,0.7913,5,904,373,944,404
195,20230609c_00423.jpg,158,fanning,0.8438,0.9380,16,1467,373,1513,419
195,20230609c_00423.jpg,842,fanning,0.9992,0.9369,16,368,438,434,528
195,20230609c_00423.jpg,1563,buffering,0.0000,0.9350,1,1078,657,1141,744
195,20230609c_00423.jpg,1512,fanning,0.8570,0.9330,9,1081,374,1142,454
195,20230609c_00423.jpg,1520,neutral,0.9795,0.9253,7,935,390,995,464
195,20230609c_00423.jpg,1134,fanning,0.9992,0.9236,16,244,371,320,449
195,20230609c_00423.jpg,1516,neutral,0.9338,0.9024,7,791,371,849,413
195,20230609c_00423.jpg,1340,fanning,0.9933,0.8483,16,565,389,619,458
195,20230609c_00423.jpg,1283,fanning,0.9347,0.8377,16,869,372,902,392
195,20230609c_00423.jpg,1436,uncertain,0.5226,0.6282,16,962,372,1004,393
196,20230609c_00424.jpg,1340,fanning,0.9915,0.9421,16,548,380,630,462
196,20230609c_00424.jpg,1572,buffering,0.0000,0.9413,1,408,692,463,789
196,20230609c_00424.jpg,158,fanning,0.7053,0.9408,16,1466,373,1513,418
196,20230609c_00424.jpg,842,fanning,0.9992,0.9375,16,368,436,436,531
196,20230609c_00424.jpg,1512,fanning,0.8496,0.9336,10,1081,374,1141,449
196,20230609c_00424.jpg,1563,buffering,0.0000,0.9304,2,1063,614,1131,709
196,20230609c_00424.jpg,1520,neutral,0.9748,0.9301,8,929,371,997,466
196,20230609c_00424.jpg,1134,fanning,0.9993,0.9272,16,244,375,321,449
196,20230609c_00424.jpg,1447,neutral,0.9996,0.9223,5,1043,813,1108,913
196,20230609c_00424.jpg,1576,buffering,0.0000,0.8973,1,1265,920,1305,988
196,20230609c_00424.jpg,1516,neutral,0.8180,0.8852,8,790,371,844,406
197,20230609c_00425.jpg,158,fanning,0.5951,0.9410,16,1469,373,1513,421
197,20230609c_00425.jpg,842,fanning,0.9991,0.9381,16,367,437,437,526
197,20230609c_00425.jpg,1563,buffering,0.0000,0.9379,3,1054,577,1115,667
197,20230609c_00425.jpg,1520,neutral,0.9352,0.9354,9,934,374,998,470
197,20230609c_00425.jpg,1512,fanning,0.8586,0.9317,11,1076,373,1137,439
197,20230609c_00425.jpg,1134,fanning,0.9992,0.9299,16,244,376,320,449
197,20230609c_00425.jpg,1340,fanning,0.9671,0.9016,16,559,388,624,463
197,20230609c_00425.jpg,1516,uncertain,0.5412,0.8944,9,797,370,846,402
197,20230609c_00425.jpg,1436,fanning,0.5925,0.6325,16,968,373,1003,395
198,20230609c_00426.jpg,1563,neutral,0.9936,0.9452,4,1041,547,1106,634
198,20230609c_00426.jpg,1340,fanning,0.9580,0.9381,16,562,387,641,463
198,20230609c_00426.jpg,842,fanning,0.9992,0.9380,16,367,441,435,526
198,20230609c_00426.jpg,1520,neutral,0.9079,0.9364,10,938,376,999,469
198,20230609c_00426.jpg,158,uncertain,0.5211,0.9319,16,1468,373,1511,422
198,20230609c_00426.jpg,1512,fanning,0.9011,0.9317,12,1077,373,1131,433
198,20230609c_00426.jpg,1134,fanning,0.9991,0.9273,16,242,375,317,449
198,20230609c_00426.jpg,1312,neutral,0.9889,0.9208,7,869,726,921,799
198,20230609c_00426.jpg,1516,fanning,0.7450,0.8588,10,800,371,845,398
198,20230609c_00426.jpg,1436,fanning,0.6787,0.7253,16,963,373,1000,394
199,20230609c_00427.jpg,1563,neutral,0.9835,0.9448,5,1024,506,1096,599
199,20230609c_00427.jpg,1340,fanning,0.9501,0.9417,16,561,384,647,460
199,20230609c_00427.jpg,842,fanning,0.9992,0.9394,16,367,437,438,528
199,20230609c_00427.jpg,1520,trophallaxis,0.5829,0.9384,11,943,393,1006,468
199,20230609c_00427.jpg,158,neutral,0.5575,0.9344,16,1466,373,1511,420
199,20230609c_00427.jpg,1512,fanning,0.9405,0.9323,13,1074,373,1127,429
199,20230609c_00427.jpg,1134,fanning,0.9990,0.9301,16,241,384,317,449
199,20230609c_00427.jpg,1595,buffering,0.0000,0.9157,1,953,736,993,839
200,20230609c_00428.jpg,1563,neutral,0.9741,0.9437,6,1007,476,1070,578
200,20230609c_00428.jpg,1340,fanning,0.9329,0.9410,16,568,374,656,452
200,20230609c_00428.jpg,842,fanning,0.9992,0.9396,16,367,438,436,528
200,20230609c_00428.jpg,1520,trophallaxis,0.7833,0.9342,12,944,377,1008,465
200,20230609c_00428.jpg,1134,fanning,0.9990,0.9322,16,241,381,316,450
200,20230609c_00428.jpg,158,neutral,0.5774,0.9299,16,1469,373,1511,421
200,20230609c_00428.jpg,1601,buffering,0.0000,0.9276,1,874,669,923,746
200,20230609c_00428.jpg,1512,fanning,0.9587,0.9260,14,1071,373,1120,423
200,20230609c_00428.jpg,1572,buffering,0.0000,0.8879,2,394,709,452,771
200,20230609c_00428.jpg,1526,neutral,0.9993,0.8738,6,894,373,942,401
201,20230609c_00429.jpg,1340,fanning,0.9438,0.9438,16,570,377,660,452
201,20230609c_00429.jpg,1563,neutral,0.9596,0.9415,7,993,473,1056,569
201,20230609c_00429.jpg,842,fanning,0.9993,0.9413,16,366,440,434,534
201,20230609c_00429.jpg,1134,fanning,0.9988,0.9407,16,242,378,317,450
201,20230609c_00429.jpg,1520,trophallaxis,0.9556,0.9366,13,950,378,1010,463
201,20230609c_00429.jpg,1601,buffering,0.0000,0.9340,2,886,644,936,721
201,20230609c_00429.jpg,1512,fanning,0.9712,0.9327,15,1063,373,1114,418
201,20230609c_00429.jpg,158,neutral,0.8565,0.9278,16,1471,373,1532,423
201,20230609c_00429.jpg,1603,buffering,0.0000,0.9161,1,627,535,692,682
202,20230609c_00430.jpg,1563,neutral,0.7991,0.9446,8,992,465,1053,553
202,20230609c_00430.jpg,1340,fanning,0.9513,0.9423,16,574,375,660,452
202,20230609c_00430.jpg,1520,trophallaxis,0.9808,0.9388,14,951,377,1013,462
202,20230609c_00430.jpg,842,fanning,0.9992,0.9385,16,367,436,436,530
202,20230609c_00430.jpg,1134,fanning,0.9986,0.9362,16,243,383,319,451
202,20230609c_00430.jpg,1611,buffering,0.0000,0.9309,1,845,371,912,439
202,20230609c_00430.jpg,158,neutral,0.8464,0.9299,16,1468,373,1514,425
202,20230609c_00430.jpg,1512,fanning,0.9758,0.9299,16,1055,372,1110,413
202,20230609c_00430.jpg,1601,buffering,0.0000,0.9289,3,907,608,959,694
202,20230609c_00430.jpg,1603,buffering,0.0000,0.9287,2,656,541,709,641
202,20230609c_00430.jpg,1553,buffering,0.0000,0.8228,1,380,1042,434,1080
203,20230609c_00431.jpg,1563,neutral,0.6205,0.9448,9,987,445,1055,531
203,20230609c_00431.jpg,1340,fanning,0.9568,0.9413,16,581,374,660,446
203,20230609c_00431.jpg,842,fanning,0.9991,0.9389,16,367,439,434,534
203,20230609c_00431.jpg,1134,fanning,0.9981,0.9385,16,243,381,320,452
203,20230609c_00431.jpg,1601,neutral,0.9945,0.9362,4,924,558,979,646
203,20230609c_00431.jpg,1603,buffering,0.0000,0.9349,3,663,501,721,600
203,20230609c_00431.jpg,1512,fanning,0.9741,0.9341,16,1062,373,1105,409
203,20230609c_00431.jpg,1611,buffering,0.0000,0.9289,2,847,371,903,436
203,20230609c_00431.jpg,158,neutral,0.8658,0.9278,16,1470,373,1510,424
203,20230609c_00431.jpg,1520,trophallaxis,0.9921,0.9170,15,960,384,1012,455
204,20230609c_00432.jpg,1563,fanning,0.6525,0.9490,10,978,435,1048,522
204,20230609c_00432.jpg,1621,buffering,0.0000,0.9437,1,1059,525,1117,626
204,20230609c_00432.jpg,1134,fanning,0.9966,0.9392,16,245,386,319,452
204,20230609c_00432.jpg,842,fanning,0.9990,0.9391,16,367,436,436,540
204,20230609c_00432.jpg,1601,neutral,0.9985,0.9389,5,934,521,989,601
204,20230609c_00432.jpg,1340,fanning,0.9682,0.9370,16,583,373,658,438
204,20230609c_00432.jpg,158,neutral,0.8581,0.9290,16,1469,373,1513,423
204,20230609c_00432.jpg,1512,fanning,0.9644,0.9192,16,1059,373,1101,402
204,20230609c_00432.jpg,1620,buffering,0.0000,0.9181,1,657,378,750,458
204,20230609c_00432.jpg,1611,buffering,0.0000,0.9069,3,837,371,920,436
204,20230609c_00432.jpg,1520,trophallaxis,0.9950,0.8818,16,964,377,1016,444
205,20230609c_00433.jpg,1563,fanning,0.9584,0.9408,11,962,422,1031,506
205,20230609c_00433.jpg,1134,fanning,0.9968,0.9406,16,244,388,318,453
205,20230609c_00433.jpg,842,fanning,0.9990,0.9386,16,367,436,437,540
205,20230609c_00433.jpg,1621,buffering,0.0000,0.9364,2,1045,478,1111,586
205,20230609c_00433.jpg,1611,neutral,0.9995,0.9358,4,845,371,913,432
205,20230609c_00433.jpg,1601,neutral,0.9981,0.9330,6,919,483,981,575
205,20230609c_00433.jpg,158,neutral,0.8274,0.9269,16,1470,373,1511,423
205,20230609c_00433.jpg,1620,buffering,0.0000,0.9226,2,677,384,734,472
205,20230609c_00433.jpg,1340,fanning,0.9825,0.9182,16,592,372,676,481
205,20230609c_00433.jpg,1512,fanning,0.9367,0.9109,16,1051,372,1089,399
205,20230609c_00433.jpg,1520,trophallaxis,0.9960,0.6635,16,969,374,1020,422
206,20230609c_00434.jpg,1563,fanning,0.9797,0.9417,12,951,392,1020,484
206,20230609c_00434.jpg,1134,fanning,0.9966,0.9408,16,247,383,319,453
206,20230609c_00434.jpg,842,fanning,0.9990,0.9397,16,367,438,434,532
206,20230609c_00434.jpg,1620,buffering,0.0000,0.9373,3,669,372,742,456
206,20230609c_00434.jpg,1340,fanning,0.9892,0.9362,16,587,371,659,438
206,20230609c_00434.jpg,1621,buffering,0.0000,0.9342,3,1031,452,1110,555
206,20230609c_00434.jpg,158,neutral,0.8438,0.9280,16,1466,373,1511,422
206,20230609c_00434.jpg,1611,neutral,0.9989,0.8947,5,847,371,924,425
206,20230609c_00434.jpg,1512,fanning,0.8477,0.8588,16,1053,372,1087,391
206,20230609c_00434.jpg,1520,trophallaxis,0.9981,0.7612,16,976,373,1020,423
206,20230609c_00434.jpg,1526,neutral,0.9993,0.5991,7,892,373,923,405
207,20230609c_00435.jpg,1621,neutral,0.9968,0.9465,4,1020,422,1083,515
207,20230609c_00435.jpg,1563,fanning,0.9656,0.9437,13,930,401,997,483
207,20230609c_00435.jpg,1637,buffering,0.0000,0.9417,1,548,464,615,541
207,20230609c_00435.jpg,842,fanning,0.9990,0.9387,16,367,435,437,538
207,20230609c_00435.jpg,1639,buffering,0.0000,0.9382,1,871,441,932,532
207,20230609c_00435.jpg,1134,fanning,0.9976,0.9380,16,246,384,317,454
207,20230609c_00435.jpg,1340,fanning,0.9921,0.9352,16,588,369,656,444
207,20230609c_00435.jpg,1620,neutral,0.9996,0.9297,4,666,371,734,442
207,20230609c_00435.jpg,158,neutral,0.8362,0.9290,16,1471,374,1514,423
207,20230609c_00435.jpg,1640,buffering,0.0000,0.9243,1,543,945,597,1043
207,20230609c_00435.jpg,1611,neutral,0.9989,0.8912,6,847,370,917,419
207,20230609c_00435.jpg,1520,trophallaxis,0.9955,0.8554,16,971,373,1018,422
208,20230609c_00436.jpg,1637,buffering,0.0000,0.9412,2,564,446,630,520
208,20230609c_00436.jpg,1621,neutral,0.9908,0.9411,5,1019,398,1091,479
208,20230609c_00436.jpg,842,fanning,0.9990,0.9403,16,370,435,437,527
208,20230609c_00436.jpg,1134,fanning,0.9969,0.9390,16,244,384,314,454
208,20230609c_00436.jpg,158,neutral,0.8488,0.9300,16,1466,373,1528,424
208,20230609c_00436.jpg,1639,buffering,0.0000,0.9288,2,869,437,931,530
208,20230609c_00436.jpg,1520,trophallaxis,0.9820,0.9173,16,976,374,1017,424
208,20230609c_00436.jpg,1620,neutral,0.9996,0.9113,5,647,372,730,431
208,20230609c_00436.jpg,1611,neutral,0.9987,0.8822,7,849,371,917,411
208,20230609c_00436.jpg,1640,buffering,0.0000,0.8814,2,566,946,611,1004
208,20230609c_00436.jpg,1340,fanning,0.9905,0.8808,16,589,371,640,445
209,20230609c_00437.jpg,1621,neutral,0.9568,0.9419,6,1032,395,1102,473
209,20230609c_00437.jpg,1134,fanning,0.9966,0.9383,16,243,377,317,453
209,20230609c_00437.jpg,842,fanning,0.9989,0.9382,16,369,436,436,532
209,20230609c_00437.jpg,158,neutral,0.9077,0.9299,16,1469,374,1528,425
209,20230609c_00437.jpg,1640,buffering,0.0000,0.9269,3,577,942,639,1007
209,20230609c_00437.jpg,1620,neutral,0.9995,0.9137,6,664,371,733,420
209,20230609c_00437.jpg,1520,neutral,0.9940,0.9104,16,980,374,1018,421
209,20230609c_00437.jpg,1639,buffering,0.0000,0.9049,3,868,401,933,526
209,20230609c_00437.jpg,1340,fanning,0.9878,0.8996,16,587,371,662,431
209,20230609c_00437.jpg,1652,buffering,0.0000,0.8763,1,624,371,668,430
209,20230609c_00437.jpg,1611,neutral,0.9965,0.8586,8,850,372,915,411
210,20230609c_00438.jpg,842,fanning,0.9989,0.9396,16,368,435,438,531
210,20230609c_00438.jpg,1134,fanning,0.9965,0.9370,16,241,376,317,452
210,20230609c_00438.jpg,1621,neutral,0.8878,0.9363,7,1043,383,1104,468
210,20230609c_00438.jpg,1654,buffering,0.0000,0.9338,1,1084,728,1151,825
210,20230609c_00438.jpg,1620,neutral,0.9994,0.9288,7,670,371,732,420
210,20230609c_00438.jpg,158,neutral,0.9326,0.9272,16,1466,374,1529,423
210,20230609c_00438.jpg,1639,neutral,0.9871,0.9200,4,856,395,925,525
210,20230609c_00438.jpg,1520,neutral,0.9986,0.9096,16,982,374,1019,420
210,20230609c_00438.jpg,1340,fanning,0.9884,0.8831,16,588,371,668,428
210,20230609c_00438.jpg,1652,buffering,0.0000,0.8787,2,626,373,665,423
210,20230609c_00438.jpg,1611,neutral,0.9919,0.8734,9,848,371,911,406
211,20230609c_00439.jpg,1134,fanning,0.9954,0.9412,16,242,374,316,454
211,20230609c_00439.jpg,1660,buffering,0.0000,0.9401,1,672,410,730,506
211,20230609c_00439.jpg,842,fanning,0.9989,0.9387,16,371,437,436,526
211,20230609c_00439.jpg,1621,neutral,0.8169,0.9336,8,1041,373,1109,460
211,20230609c_00439.jpg,158,neutral,0.9393,0.9332,16,1467,373,1513,421
211,20230609c_00439.jpg,1654,buffering,0.0000,0.9281,2,1089,708,1148,806
211,20230609c_00439.jpg,1639,neutral,0.8362,0.9157,5,869,450,920,517
211,20230609c_00439.jpg,1520,neutral,0.9993,0.9123,16,982,374,1019,419
211,20230609c_00439.jpg,1620,neutral,0.9992,0.8975,8,666,372,727,419
211,20230609c_00439.jpg,1340,fanning,0.9936,0.8918,16,587,371,656,426
211,20230609c_00439.jpg,1665,buffering,0.0000,0.8905,1,838,411,916,459
211,20230609c_00439.jpg,1652,buffering,0.0000,0.8703,3,624,372,662,414
211,20230609c_00439.jpg,1611,neutral,0.9906,0.8555,10,845,371,887,398
211,20230609c_00439.jpg,1526,neutral,0.9993,0.7235,8,880,372,918,397
212,20230609c_00440.jpg,1660,buffering,0.0000,0.9409,2,670,400,729,497
212,20230609c_00440.jpg,1134,fanning,0.9930,0.9395,16,243,376,317,454
212,20230609c_00440.jpg,842,fanning,0.9988,0.9393,16,368,435,437,534
212,20230609c_00440.jpg,158,neutral,0.9534,0.9317,16,1465,373,1526,424
212,20230609c_00440.jpg,1654,buffering,0.0000,0.9289,3,1100,699,1151,788
212,20230609c_00440.jpg,1621,neutral,0.7882,0.9256,9,1045,373,1106,445
212,20230609c_00440.jpg,1639,fanning,0.5625,0.9209,6,872,419,930,512
212,20230609c_00440.jpg,1520,neutral,0.9993,0.9080,16,982,374,1020,418
212,20230609c_00440.jpg,1665,buffering,0.0000,0.8909,2,832,405,921,454
212,20230609c_00440.jpg,1340,fanning,0.9918,0.8841,16,585,371,657,421
212,20230609c_00440.jpg,1620,neutral,0.9996,0.8757,9,675,372,725,409
212,20230609c_00440.jpg,1652,neutral,0.9671,0.8661,4,620,372,658,408
212,20230609c_00440.jpg,1526,neutral,0.9993,0.8441,9,876,371,910,395
212,20230609c_00440.jpg,1674,buffering,0.0000,0.8221,1,782,372,816,393
213,20230609c_00441.jpg,1660,buffering,0.0000,0.9456,3,671,390,733,490
213,20230609c_00441.jpg,1639,fanning,0.9080,0.9409,7,877,422,934,505
213,20230609c_00441.jpg,1621,neutral,0.7137,0.9407,10,1042,373,1114,435
213,20230609c_00441.jpg,1134,fanning,0.9922,0.9400,16,243,375,317,454
213,20230609c_00441.jpg,842,fanning,0.9988,0.9393,16,368,435,439,535
213,20230609c_00441.jpg,158,neutral,0.9743,0.9359,16,1466,374,1512,420
213,20230609c_00441.jpg,1654,neutral,0.9483,0.9278,4,1104,665,1161,759
213,20230609c_00441.jpg,1312,neutral,0.9821,0.9127,8,994,870,1036,950
213,20230609c_00441.jpg,1520,neutral,0.9995,0.9074,16,981,372,1027,421
213,20230609c_00441.jpg,1340,fanning,0.9975,0.8912,16,585,372,664,415
213,20230609c_00441.jpg,1620,neutral,0.9996,0.8896,10,676,371,723,405
213,20230609c_00441.jpg,1665,buffering,0.0000,0.8818,3,827,396,912,442
213,20230609c_00441.jpg,1674,buffering,0.0000,0.8756,2,783,372,820,394
213,20230609c_00441.jpg,1526,neutral,0.9992,0.6208,10,877,372,914,397
214,20230609c_00442.jpg,842,fanning,0.9985,0.9417,16,368,434,437,531
214,20230609c_00442.jpg,1681,buffering,0.0000,0.9405,1,834,562,898,664
214,20230609c_00442.jpg,1639,fanning,0.9355,0.9400,8,887,407,942,493
214,20230609c_00442.jpg,1134,fanning,0.9905,0.9386,16,243,374,318,454
214,20230609c_00442.jpg,1660,neutral,0.9989,0.9386,4,674,379,743,477
214,20230609c_00442.jpg,1654,neutral,0.8839,0.9326,5,1105,636,1160,726
214,20230609c_00442.jpg,158,neutral,0.9785,0.9285,16,1468,373,1528,424
214,20230609c_00442.jpg,1621,uncertain,0.5202,0.9121,11,1047,372,1113,421
214,20230609c_00442.jpg,1520,neutral,0.9994,0.9017,16,979,372,1024,420
214,20230609c_00442.jpg,1340,fanning,0.9975,0.8930,16,588,371,647,412
214,20230609c_00442.jpg,1652,neutral,0.9763,0.8767,5,629,371,662,394
214,20230609c_00442.jpg,1620,neutral,0.9992,0.8426,11,677,372,720,397
215,20230609c_00443.jpg,1681,buffering,0.0000,0.9449,2,857,535,919,639
215,20230609c_00443.jpg,1654,neutral,0.9029,0.9414,6,1096,610,1154,689
215,20230609c_00443.jpg,842,fanning,0.9984,0.9405,16,367,434,437,535
215,20230609c_00443.jpg,1134,fanning,0.9893,0.9390,16,243,374,318,454
215,20230609c_00443.jpg,1639,fanning,0.9315,0.9379,9,889,374,948,473
215,20230609c_00443.jpg,1660,neutral,0.9994,0.9319,5,682,375,749,467
215,20230609c_00443.jpg,158,neutral,0.9759,0.9301,16,1467,373,1512,424
215,20230609c_00443.jpg,1621,uncertain,0.5197,0.9215,12,1056,373,1103,406
215,20230609c_00443.jpg,1447,neutral,0.9993,0.9204,6,920,804,964,876
215,20230609c_00443.jpg,1340,fanning,0.9953,0.8906,16,589,371,629,397
215,20230609c_00443.jpg,1603,neutral,0.9735,0.8297,4,774,373,849,464
215,20230609c_00443.jpg,1520,neutral,0.9992,0.8233,16,984,374,1023,413
215,20230609c_00443.jpg,1693,buffering,0.0000,0.8207,1,780,392,823,465
215,20230609c_00443.jpg,1620,neutral,0.9992,0.8069,12,680,373,720,394
215,20230609c_00443.jpg,1526,neutral,0.9993,0.7014,11,885,372,918,395
216,20230609c_00444.jpg,1681,buffering,0.0000,0.9446,3,888,512,955,616
216,20230609c_00444.jpg,842,fanning,0.9979,0.9395,16,367,434,439,534
216,20230609c_00444.jpg,1134,fanning,0.9885,0.9387,16,242,375,316,453
216,20230609c_00444.jpg,1660,neutral,0.9971,0.9381,6,689,370,755,456
216,20230609c_00444.jpg,1654,neutral,0.9497,0.9361,7,1088,589,1145,671
216,20230609c_00444.jpg,158,neutral,0.9826,0.9297,16,1464,373,1511,424
216,20230609c_00444.jpg,1639,fanning,0.9355,0.9284,10,903,379,959,456
216,20230609c_00444.jpg,1696,buffering,0.0000,0.9267,1,755,433,824,516
216,20230609c_00444.jpg,1447,neutral,0.9894,0.9091,7,902,778,955,854
216,20230609c_00444.jpg,1520,neutral,0.9990,0.8743,16,986,374,1021,408
216,20230609c_00444.jpg,1693,buffering,0.0000,0.8672,2,788,391,833,454
216,20230609c_00444.jpg,1526,neutral,0.9993,0.8586,12,885,372,916,395
216,20230609c_00444.jpg,1340,fanning,0.9809,0.8423,16,595,372,633,390
216,20230609c_00444.jpg,1620,neutral,0.9992,0.7972,13,675,373,709,391
216,20230609c_00444.jpg,1674,buffering,0.0000,0.6838,3,775,373,819,393
217,20230609c_00445.jpg,1681,neutral,0.9981,0.9454,4,924,505,995,603
217,20230609c_00445.jpg,842,fanning,0.9977,0.9421,16,367,433,438,534
217,20230609c_00445.jpg,1134,fanning,0.9853,0.9401,16,242,375,317,452
217,20230609c_00445.jpg,1654,neutral,0.9837,0.9361,8,1105,571,1167,660
217,20230609c_00445.jpg,1660,neutral,0.9968,0.9360,7,690,370,756,444
217,20230609c_00445.jpg,158,neutral,0.9856,0.9325,16,1466,373,1512,422
217,20230609c_00445.jpg,1693,buffering,0.0000,0.9315,3,772,382,851,481
217,20230609c_00445.jpg,1447,neutral,0.9111,0.9278,8,913,764,964,838
217,20230609c_00445.jpg,1639,fanning,0.9569,0.9214,11,898,372,963,444
217,20230609c_00445.jpg,1520,neutral,0.9987,0.8911,16,983,373,1019,404
218,20230609c_00446.jpg,1681,neutral,0.9952,0.9444,5,960,497,1021,595
218,20230609c_00446.jpg,842,fanning,0.9977,0.9416,16,367,436,437,532
218,20230609c_00446.jpg,1134,fanning,0.9770,0.9404,16,242,377,317,452
218,20230609c_00446.jpg,1639,fanning,0.9569,0.9367,12,904,373,963,439
218,20230609c_00446.jpg,1595,buffering,0.0000,0.9341,2,940,757,990,833
218,20230609c_00446.jpg,1703,buffering,0.0000,0.9340,1,1222,584,1286,669
218,20230609c_00446.jpg,1660,neutral,0.9971,0.9325,8,699,372,767,433
218,20230609c_00446.jpg,1654,neutral,0.9775,0.9303,9,1134,538,1187,637
218,20230609c_00446.jpg,158,neutral,0.9870,0.9282,16,1466,373,1512,422
218,20230609c_00446.jpg,1693,neutral,0.9926,0.9226,4,765,379,856,454
218,20230609c_00446.jpg,1704,buffering,0.0000,0.9061,1,856,908,898,976
219,20230609c_00447.jpg,1703,buffering,0.0000,0.9461,2,1239,544,1300,642
219,20230609c_00447.jpg,1681,neutral,0.9888,0.9440,6,970,480,1034,580
219,20230609c_00447.jpg,1134,fanning,0.9706,0.9390,16,242,382,316,452
219,20230609c_00447.jpg,842,fanning,0.9976,0.9388,16,368,435,439,534
219,20230609c_00447.jpg,1708,buffering,0.0000,0.9379,1,779,432,844,531
219,20230609c_00447.jpg,1654,neutral,0.9568,0.9369,10,1154,505,1219,595
219,20230609c_00447.jpg,158,neutral,0.9889,0.9346,16,1466,373,1514,421
219,20230609c_00447.jpg,1639,fanning,0.9556,0.9318,13,903,373,969,434
219,20230609c_00447.jpg,1660,neutral,0.9525,0.9184,9,706,372,761,426
219,20230609c_00447.jpg,1693,neutral,0.6040,0.9178,5,770,379,847,451
219,20230609c_00447.jpg,1595,buffering,0.0000,0.9010,3,935,781,970,841
219,20230609c_00447.jpg,1704,buffering,0.0000,0.8893,2,855,894,894,967
219,20230609c_00447.jpg,1526,neutral,0.9994,0.6535,13,882,372,907,390
220,20230609c_00448.jpg,1703,buffering,0.0000,0.9472,3,1261,511,1328,609
220,20230609c_00448.jpg,1681,neutral,0.9819,0.9443,7,978,455,1042,556
220,20230609c_00448.jpg,842,fanning,0.9976,0.9410,16,369,435,438,526
220,20230609c_00448.jpg,1708,buffering,0.0000,0.9401,2,782,445,859,523
220,20230609c_00448.jpg,1134,fanning,0.9929,0.9400,16,242,376,316,453
220,20230609c_00448.jpg,1693,fanning,0.7115,0.9334,6,763,374,838,441
220,20230609c_00448.jpg,158,neutral,0.9897,0.9329,16,1470,373,1513,422
220,20230609c_00448.jpg,1654,neutral,0.9533,0.9278,11,1136,450,1206,545
220,20230609c_00448.jpg,1639,fanning,0.9594,0.9197,14,899,372,967,439
220,20230609c_00448.jpg,1660,neutral,0.9558,0.9091,10,708,372,766,416
220,20230609c_00448.jpg,1447,neutral,0.7436,0.8939,9,905,763,951,817
220,20230609c_00448.jpg,1312,neutral,0.9848,0.8191,9,1036,935,1097,973
220,20230609c_00448.jpg,1526,neutral,0.9995,0.7422,14,886,372,909,390
221,20230609c_00449.jpg,1681,neutral,0.9628,0.9418,8,983,434,1051,532
221,20230609c_00449.jpg,842,fanning,0.9971,0.9399,16,369,435,437,526
221,20230609c_00449.jpg,1708,buffering,0.0000,0.9382,3,787,431,872,512
221,20230609c_00449.jpg,1134,fanning,0.9959,0.9381,16,242,380,316,452
221,20230609c_00449.jpg,158,neutral,0.9917,0.9370,16,1467,373,1516,422
221,20230609c_00449.jpg,1703,neutral,0.9994,0.9319,4,1281,459,1342,554
221,20230609c_00449.jpg,1693,fanning,0.9647,0.9267,7,761,373,839,440
221,20230609c_00449.jpg,1640,neutral,0.9994,0.9194,4,751,856,808,952
221,20230609c_00449.jpg,1639,fanning,0.8344,0.9146,15,897,373,963,439
221,20230609c_00449.jpg,1447,fanning,0.6334,0.9079,10,890,732,933,797
221,20230609c_00449.jpg,1660,neutral,0.9996,0.9024,11,716,372,761,412
222,20230609c_00450.jpg,1703,neutral,0.9970,0.9501,5,1247,418,1331,495
222,20230609c_00450.jpg,1681,neutral,0.9901,0.9468,9,976,420,1040,515
222,20230609c_00450.jpg,842,fanning,0.9976,0.9392,16,367,435,438,535
222,20230609c_00450.jpg,1708,neutral,0.9973,0.9376,4,794,420,874,501
222,20230609c_00450.jpg,1134,fanning,0.9972,0.9338,16,241,382,318,451
222,20230609c_00450.jpg,158,neutral,0.9904,0.9321,16,1468,372,1514,425
222,20230609c_00450.jpg,1693,fanning,0.9868,0.9199,8,760,373,837,439
222,20230609c_00450.jpg,1447,uncertain,0.5072,0.9145,11,884,700,924,761
222,20230609c_00450.jpg,1639,fanning,0.8350,0.9101,16,900,373,964,431
222,20230609c_00450.jpg,1660,neutral,0.9997,0.8951,12,710,371,759,410
222,20230609c_00450.jpg,1526,neutral,0.9995,0.5531,15,885,372,912,389
223,20230609c_00451.jpg,1708,neutral,0.9651,0.9429,5,810,400,881,492
223,20230609c_00451.jpg,158,neutral,0.9908,0.9420,16,1466,373,1516,422
223,20230609c_00451.jpg,842,fanning,0.9975,0.9386,16,368,435,438,534
223,20230609c_00451.jpg,1134,fanning,0.9967,0.9332,16,242,382,321,451
223,20230609c_00451.jpg,1639,fanning,0.7526,0.9200,16,905,372,967,429
223,20230609c_00451.jpg,1693,fanning,0.9888,0.9170,9,757,373,832,441
223,20230609c_00451.jpg,1660,neutral,0.9997,0.8532,13,712,371,759,403
223,20230609c_00451.jpg,1526,neutral,0.9994,0.7586,16,893,373,919,391
224,20230609c_00452.jpg,1708,fanning,0.7399,0.9461,6,821,399,885,488
224,20230609c_00452.jpg,158,neutral,0.9906,0.9417,16,1466,372,1517,422
224,20230609c_00452.jpg,842,fanning,0.9974,0.9407,16,368,436,437,524
224,20230609c_00452.jpg,1681,neutral,0.9851,0.9401,10,1008,374,1074,447
224,20230609c_00452.jpg,1730,buffering,0.0000,0.9396,1,969,418,1025,504
224,20230609c_00452.jpg,1134,fanning,0.9953,0.9329,16,241,389,315,451
224,20230609c_00452.jpg,1639,fanning,0.6781,0.9315,16,914,373,979,426
224,20230609c_00452.jpg,1654,neutral,0.9129,0.9300,12,1176,374,1258,447
224,20230609c_00452.jpg,1693,fanning,0.9961,0.9139,10,758,372,834,429
224,20230609c_00452.jpg,1660,neutral,0.9997,0.8755,14,713,372,753,397
225,20230609c_00453.jpg,1730,buffering,0.0000,0.9472,2,970,420,1028,514
225,20230609c_00453.jpg,1708,fanning,0.7535,0.9454,7,830,381,891,478
225,20230609c_00453.jpg,1681,neutral,0.9752,0.9428,11,1010,372,1073,442
225,20230609c_00453.jpg,1654,neutral,0.8468,0.9409,13,1177,373,1254,448
225,20230609c_00453.jpg,842,fanning,0.9974,0.9405,16,367,435,437,533
225,20230609c_00453.jpg,158,neutral,0.9909,0.9392,16,1466,373,1515,422
225,20230609c_00453.jpg,1134,fanning,0.9956,0.9365,16,242,383,319,452
225,20230609c_00453.jpg,1639,fanning,0.7071,0.9329,16,924,373,991,419
225,20230609c_00453.jpg,1737,buffering,0.0000,0.9288,1,1230,821,1283,920
225,20230609c_00453.jpg,1693,fanning,0.9943,0.9214,11,755,371,834,419
225,20230609c_00453.jpg,1741,buffering,0.0000,0.9043,1,515,768,560,851
225,20230609c_00453.jpg,1660,neutral,0.9997,0.8774,15,712,372,751,395
225,20230609c_00453.jpg,1738,buffering,0.0000,0.8085,1,550,813,598,857
226,20230609c_00454.jpg,1730,buffering,0.0000,0.9433,3,969,414,1030,511
226,20230609c_00454.jpg,842,fanning,0.9971,0.9381,16,368,435,438,533
226,20230609c_00454.jpg,1134,fanning,0.9962,0.9360,16,243,382,320,452
226,20230609c_00454.jpg,1681,neutral,0.9864,0.9342,12,1007,372,1069,438
226,20230609c_00454.jpg,1708,fanning,0.8669,0.9320,8,827,371,894,464
226,20230609c_00454.jpg,158,neutral,0.9918,0.9305,16,1465,374,1514,423
226,20230609c_00454.jpg,1639,fanning,0.9321,0.9301,16,932,372,995,417
226,20230609c_00454.jpg,1737,buffering,0.0000,0.9253,2,1227,807,1287,916
226,20230609c_00454.jpg,1654,neutral,0.8761,0.9180,14,1173,372,1261,445
226,20230609c_00454.jpg,1741,buffering,0.0000,0.9123,2,514,752,567,831
226,20230609c_00454.jpg,1693,fanning,0.9966,0.8897,12,760,372,830,415
226,20230609c_00454.jpg,1660,neutral,0.9997,0.7921,16,709,371,744,390
227,20230609c_00455.jpg,1708,fanning,0.7686,0.9430,9,835,371,894,459
227,20230609c_00455.jpg,842,fanning,0.9973,0.9399,16,367,437,436,523
227,20230609c_00455.jpg,1730,neutral,0.9997,0.9368,4,958,375,1021,481
227,20230609c_00455.jpg,158,neutral,0.9919,0.9357,16,1465,374,1518,422
227,20230609c_00455.jpg,1134,fanning,0.9962,0.9339,16,243,382,324,452
227,20230609c_00455.jpg,1681,neutral,0.9877,0.9262,13,1012,374,1075,439
227,20230609c_00455.jpg,1654,neutral,0.8816,0.9189,15,1164,373,1259,445
227,20230609c_00455.jpg,1737,buffering,0.0000,0.9119,3,1186,798,1258,900
227,20230609c_00455.jpg,1693,fanning,0.9982,0.8975,13,764,371,826,410
227,20230609c_00455.jpg,1746,buffering,0.0000,0.8619,1,1156,879,1215,919
227,20230609c_00455.jpg,1639,fanning,0.8508,0.8013,16,939,374,991,415
228,20230609c_00456.jpg,842,fanning,0.9972,0.9413,16,366,435,436,535
228,20230609c_00456.jpg,158,neutral,0.9891,0.9321,16,1464,374,1515,421
228,20230609c_00456.jpg,1134,fanning,0.9914,0.9318,16,242,392,316,452
228,20230609c_00456.jpg,1708,fanning,0.8521,0.9308,10,833,369,894,448
228,20230609c_00456.jpg,1654,neutral,0.9092,0.9114,16,1157,374,1248,447
228,20230609c_00456.jpg,1693,fanning,0.9985,0.9056,14,762,371,811,399
228,20230609c_00456.jpg,1746,buffering,0.0000,0.9024,2,1154,877,1205,930
228,20230609c_00456.jpg,1681,neutral,0.9827,0.8994,14,1017,373,1074,437
228,20230609c_00456.jpg,1639,fanning,0.6038,0.8593,16,947,374,992,414
229,20230609c_00457.jpg,1674,neutral,0.9992,0.9581,4,766,371,814,394
229,20230609c_00457.jpg,842,fanning,0.9971,0.9384,16,368,436,438,530
229,20230609c_00457.jpg,1134,fanning,0.9912,0.9329,16,242,389,320,450
229,20230609c_00457.jpg,1654,neutral,0.9418,0.9274,16,1150,376,1236,446
229,20230609c_00457.jpg,158,neutral,0.9468,0.9268,16,1455,374,1513,431
229,20230609c_00457.jpg,1708,fanning,0.9308,0.9255,11,834,370,892,445
229,20230609c_00457.jpg,1681,neutral,0.9761,0.8801,15,1021,372,1074,433
229,20230609c_00457.jpg,1746,buffering,0.0000,0.8670,3,1144,882,1178,937
229,20230609c_00457.jpg,1639,neutral,0.6492,0.8360,16,947,373,1001,412
230,20230609c_00458.jpg,842,fanning,0.9974,0.9407,16,368,434,439,523
230,20230609c_00458.jpg,158,neutral,0.8325,0.9303,16,1461,373,1512,431
230,20230609c_00458.jpg,1708,fanning,0.9335,0.9292,12,838,370,896,441
230,20230609c_00458.jpg,1134,fanning,0.9899,0.9288,16,242,391,319,448
230,20230609c_00458.jpg,1595,neutral,0.6303,0.9255,4,916,750,976,847
230,20230609c_00458.jpg,1654,neutral,0.9811,0.9222,16,1149,372,1230,446
230,20230609c_00458.jpg,1674,neutral,0.9991,0.8949,5,764,371,811,394
230,20230609c_00458.jpg,1730,neutral,0.9994,0.8789,5,983,372,1036,438
230,20230609c_00458.jpg,1758,buffering,0.0000,0.8198,1,1190,1048,1252,1080
230,20230609c_00458.jpg,1639,neutral,0.6391,0.8100,16,948,373,1000,411
231,20230609c_00459.jpg,842,fanning,0.9973,0.9425,16,366,435,437,532
231,20230609c_00459.jpg,158,neutral,0.7465,0.9296,16,1461,373,1513,433
231,20230609c_00459.jpg,1134,fanning,0.9899,0.9291,16,242,392,320,448
231,20230609c_00459.jpg,1761,buffering,0.0000,0.9269,1,717,635,766,713
231,20230609c_00459.jpg,1708,fanning,0.9462,0.9262,13,838,369,896,436
231,20230609c_00459.jpg,1654,neutral,0.9832,0.9193,16,1144,372,1222,439
231,20230609c_00459.jpg,1746,neutral,0.9990,0.9130,4,1118,910,1162,976
231,20230609c_00459.jpg,1674,neutral,0.9982,0.8934,6,763,371,806,393
231,20230609c_00459.jpg,1639,neutral,0.5640,0.8047,16,952,374,989,410
232,20230609c_00460.jpg,842,fanning,0.9977,0.9401,16,368,435,439,533
232,20230609c_00460.jpg,1761,buffering,0.0000,0.9370,2,694,618,750,698
232,20230609c_00460.jpg,1654,neutral,0.9852,0.9343,16,1143,372,1216,441
232,20230609c_00460.jpg,1134,fanning,0.9874,0.9312,16,242,393,320,448
232,20230609c_00460.jpg,158,fanning,0.6560,0.9279,16,1460,373,1512,433
232,20230609c_00460.jpg,1708,fanning,0.9540,0.9263,14,838,369,898,436
232,20230609c_00460.jpg,1674,neutral,0.9967,0.9115,7,761,371,804,396
233,20230609c_00461.jpg,842,fanning,0.9977,0.9403,16,367,435,438,524
233,20230609c_00461.jpg,1654,neutral,0.9642,0.9391,16,1134,372,1202,437
233,20230609c_00461.jpg,158,fanning,0.8794,0.9292,16,1458,373,1511,432
233,20230609c_00461.jpg,1134,fanning,0.9747,0.9284,16,242,393,319,449
233,20230609c_00461.jpg,1708,fanning,0.9487,0.9276,15,838,369,895,433
233,20230609c_00461.jpg,1674,neutral,0.9955,0.9023,8,753,372,817,399
234,20230609c_00462.jpg,842,fanning,0.9974,0.9406,16,369,433,436,534
234,20230609c_00462.jpg,1654,neutral,0.9868,0.9364,16,1137,373,1194,430
234,20230609c_00462.jpg,1134,fanning,0.9741,0.9306,16,243,392,317,450
234,20230609c_00462.jpg,1776,buffering,0.0000,0.9298,1,470,613,525,703
234,20230609c_00462.jpg,158,fanning,0.9355,0.9279,16,1454,372,1511,433
234,20230609c_00462.jpg,1708,fanning,0.9655,0.9221,16,838,370,896,432
234,20230609c_00462.jpg,1730,neutral,0.9987,0.9212,6,978,372,1061,428
234,20230609c_00462.jpg,1674,neutral,0.9961,0.9043,9,756,372,799,399
235,20230609c_00463.jpg,842,fanning,0.9971,0.9414,16,369,432,440,534
235,20230609c_00463.jpg,1776,buffering,0.0000,0.9381,2,462,580,518,670
235,20230609c_00463.jpg,1134,fanning,0.9803,0.9339,16,243,392,316,451
235,20230609c_00463.jpg,1730,neutral,0.9989,0.9327,7,984,371,1068,422
235,20230609c_00463.jpg,158,fanning,0.9670,0.9244,16,1454,372,1509,432
235,20230609c_00463.jpg,1708,fanning,0.9308,0.9224,16,838,369,897,433
235,20230609c_00463.jpg,1654,neutral,0.9827,0.9212,16,1133,375,1186,418
235,20230609c_00463.jpg,1786,buffering,0.0000,0.9193,1,154,700,210,764
235,20230609c_00463.jpg,1674,neutral,0.9970,0.8986,10,751,372,797,398
236,20230609c_00464.jpg,842,fanning,0.9976,0.9421,16,369,433,437,530
236,20230609c_00464.jpg,1134,fanning,0.9802,0.9373,16,242,390,316,452
236,20230609c_00464.jpg,1730,neutral,0.9982,0.9277,8,992,371,1075,419
236,20230609c_00464.jpg,1654,neutral,0.9829,0.9251,16,1131,373,1174,413
236,20230609c_00464.jpg,158,fanning,0.9798,0.9204,16,1452,372,1506,431
236,20230609c_00464.jpg,1708,fanning,0.8777,0.9116,16,836,369,895,432
236,20230609c_00464.jpg,1674,neutral,0.9962,0.9093,11,734,371,796,399
236,20230609c_00464.jpg,1786,buffering,0.0000,0.8913,2,171,679,224,754
237,20230609c_00465.jpg,842,fanning,0.9987,0.9385,16,370,434,435,533
237,20230609c_00465.jpg,1134,fanning,0.9812,0.9382,16,244,389,316,454
237,20230609c_00465.jpg,1730,neutral,0.9963,0.9311,9,1000,371,1079,415
237,20230609c_00465.jpg,158,fanning,0.9896,0.9246,16,1445,373,1508,431
237,20230609c_00465.jpg,1708,fanning,0.8127,0.9205,16,836,369,895,432
237,20230609c_00465.jpg,1674,neutral,0.9932,0.9132,12,733,371,796,400
237,20230609c_00465.jpg,1654,neutral,0.9929,0.9015,16,1131,373,1171,405
237,20230609c_00465.jpg,1786,buffering,0.0000,0.8998,3,174,648,233,718
238,20230609c_00466.jpg,1134,fanning,0.9797,0.9398,16,245,388,315,454
238,20230609c_00466.jpg,842,fanning,0.9989,0.9385,16,369,436,434,532
238,20230609c_00466.jpg,1786,neutral,0.9996,0.9313,4,164,612,245,683
238,20230609c_00466.jpg,1730,neutral,0.9929,0.9290,10,999,370,1082,416
238,20230609c_00466.jpg,158,fanning,0.9896,0.9198,16,1452,372,1507,426
238,20230609c_00466.jpg,1708,fanning,0.8329,0.9166,16,835,371,892,431
238,20230609c_00466.jpg,1674,neutral,0.9974,0.9122,13,733,371,778,397
238,20230609c_00466.jpg,1654,neutral,0.9933,0.9018,16,1125,372,1167,396
239,20230609c_00467.jpg,1134,fanning,0.9815,0.9392,16,244,387,318,454
239,20230609c_00467.jpg,842,fanning,0.9988,0.9357,16,369,434,435,534
239,20230609c_00467.jpg,158,fanning,0.9879,0.9269,16,1455,373,1510,426
239,20230609c_00467.jpg,1730,neutral,0.9842,0.9244,11,996,370,1078,413
239,20230609c_00467.jpg,1708,fanning,0.8314,0.9210,16,834,369,892,431
239,20230609c_00467.jpg,1674,neutral,0.9969,0.9108,14,717,371,781,398
239,20230609c_00467.jpg,1786,neutral,0.9979,0.8314,5,193,572,239,644
239,20230609c_00467.jpg,1654,neutral,0.9953,0.8061,16,1124,372,1163,391
240,20230609c_00468.jpg,1134,fanning,0.9796,0.9381,16,245,386,318,455
240,20230609c_00468.jpg,1730,neutral,0.9642,0.9359,12,1001,372,1082,411
240,20230609c_00468.jpg,842,fanning,0.9986,0.9324,16,367,435,438,532
240,20230609c_00468.jpg,1808,buffering,0.0000,0.9322,1,260,644,334,727
240,20230609c_00468.jpg,158,fanning,0.9897,0.9270,16,1450,373,1512,431
240,20230609c_00468.jpg,1708,fanning,0.6458,0.9251,16,833,371,892,431
240,20230609c_00468.jpg,1810,buffering,0.0000,0.9229,1,663,387,727,461
240,20230609c_00468.jpg,1786,neutral,0.9914,0.8982,6,186,533,243,609
240,20230609c_00468.jpg,1674,neutral,0.9966,0.8951,15,728,371,773,399
241,20230609c_00469.jpg,1134,fanning,0.9794,0.9403,16,242,375,317,453
241,20230609c_00469.jpg,842,fanning,0.9985,0.9359,16,367,436,437,524
241,20230609c_00469.jpg,1730,neutral,0.9363,0.9340,13,1006,371,1086,410
241,20230609c_00469.jpg,158,fanning,0.9911,0.9323,16,1444,372,1512,433
241,20230609c_00469.jpg,1708,fanning,0.6922,0.9302,16,832,370,890,429
241,20230609c_00469.jpg,1808,buffering,0.0000,0.9268,2,299,644,374,723
241,20230609c_00469.jpg,1786,neutral,0.9861,0.9238,7,168,485,244,575
241,20230609c_00469.jpg,1810,buffering,0.0000,0.9224,2,689,371,762,461
241,20230609c_00469.jpg,1813,buffering,0.0000,0.9194,1,659,822,711,896
241,20230609c_00469.jpg,1674,neutral,0.9973,0.8082,16,725,372,774,398
242,20230609c_00470.jpg,842,fanning,0.9985,0.9402,16,369,433,438,524
242,20230609c_00470.jpg,1134,fanning,0.9794,0.9339,16,243,377,317,453
242,20230609c_00470.jpg,158,fanning,0.9918,0.9301,16,1446,372,1511,432
242,20230609c_00470.jpg,1813,buffering,0.0000,0.9301,2,671,806,733,902
242,20230609c_00470.jpg,1708,fanning,0.7221,0.9294,16,833,370,893,425
242,20230609c_00470.jpg,1786,neutral,0.8653,0.9257,8,170,434,240,501
242,20230609c_00470.jpg,1810,buffering,0.0000,0.9231,3,701,373,762,465
242,20230609c_00470.jpg,1730,neutral,0.8604,0.8896,14,1009,371,1088,408
243,20230609c_00471.jpg,842,fanning,0.9985,0.9414,16,372,434,438,524
243,20230609c_00471.jpg,1810,neutral,0.9994,0.9369,4,718,370,775,456
243,20230609c_00471.jpg,1819,buffering,0.0000,0.9328,1,984,585,1033,668
243,20230609c_00471.jpg,1813,buffering,0.0000,0.9326,3,693,785,743,876
243,20230609c_00471.jpg,1708,fanning,0.7176,0.9324,16,832,370,893,421
243,20230609c_00471.jpg,158,fanning,0.9923,0.9295,16,1451,373,1514,432
243,20230609c_00471.jpg,1134,fanning,0.9755,0.9032,16,202,374,316,453
243,20230609c_00471.jpg,1730,neutral,0.7362,0.8983,15,1012,371,1089,414
244,20230609c_00472.jpg,1819,buffering,0.0000,0.9426,2,974,574,1035,662
244,20230609c_00472.jpg,842,fanning,0.9986,0.9410,16,372,434,439,525
244,20230609c_00472.jpg,158,fanning,0.9931,0.9298,16,1448,373,1513,432
244,20230609c_00472.jpg,1813,neutral,0.9996,0.9203,4,699,732,755,841
244,20230609c_00472.jpg,1827,buffering,0.0000,0.9192,1,702,1000,768,1079
244,20230609c_00472.jpg,1810,neutral,0.9990,0.9138,5,730,372,797,443
244,20230609c_00472.jpg,1708,fanning,0.7025,0.9119,16,835,371,885,419
244,20230609c_00472.jpg,1730,neutral,0.6630,0.8681,16,1017,372,1084,417
244,20230609c_00472.jpg,1134,fanning,0.9771,0.8286,16,245,376,306,452
245,20230609c_00473.jpg,1134,fanning,0.9722,0.9412,16,244,372,318,451
245,20230609c_00473.jpg,842,fanning,0.9985,0.9398,16,372,435,438,526
245,20230609c_00473.jpg,1819,buffering,0.0000,0.9371,3,975,563,1029,646
245,20230609c_00473.jpg,158,fanning,0.9925,0.9318,16,1445,373,1510,433
245,20230609c_00473.jpg,1810,neutral,0.9990,0.9197,6,732,372,797,440
245,20230609c_00473.jpg,1708,fanning,0.6680,0.9115,16,836,371,889,417
245,20230609c_00473.jpg,1730,fanning,0.6119,0.8961,16,1015,372,1105,418
246,20230609c_00474.jpg,1134,fanning,0.9691,0.9444,16,245,370,318,451
246,20230609c_00474.jpg,1833,buffering,0.0000,0.9360,1,217,889,304,980
246,20230609c_00474.jpg,1810,neutral,0.9988,0.9342,7,730,372,793,440
246,20230609c_00474.jpg,842,fanning,0.9988,0.9334,16,367,436,436,527
246,20230609c_00474.jpg,158,fanning,0.9917,0.9298,16,1444,373,1511,432
246,20230609c_00474.jpg,1837,buffering,0.0000,0.9180,1,366,365,449,430
246,20230609c_00474.jpg,1708,fanning,0.6920,0.9134,16,838,370,892,416
246,20230609c_00474.jpg,1730,fanning,0.9271,0.8562,16,1019,372,1079,405
247,20230609c_00475.jpg,1134,fanning,0.9625,0.9442,16,245,370,314,452
247,20230609c_00475.jpg,1833,buffering,0.0000,0.9353,2,243,919,339,1008
247,20230609c_00475.jpg,1810,neutral,0.9981,0.9336,8,731,372,798,436
247,20230609c_00475.jpg,1837,buffering,0.0000,0.9334,2,364,366,426,430
247,20230609c_00475.jpg,1741,buffering,0.0000,0.9326,3,526,623,591,744
247,20230609c_00475.jpg,158,fanning,0.9901,0.9275,16,1444,373,1509,430
247,20230609c_00475.jpg,842,fanning,0.9988,0.9257,16,372,438,437,529
247,20230609c_00475.jpg,1708,fanning,0.6768,0.9150,16,835,370,886,416
247,20230609c_00475.jpg,1844,buffering,0.0000,0.9067,1,758,599,814,696
247,20230609c_00475.jpg,1730,fanning,0.8592,0.8119,16,1028,373,1081,396
248,20230609c_00476.jpg,1741,neutral,0.9981,0.9425,4,513,572,581,680
248,20230609c_00476.jpg,1134,fanning,0.9559,0.9404,16,245,370,315,452
248,20230609c_00476.jpg,1810,neutral,0.9958,0.9325,9,735,373,805,430
248,20230609c_00476.jpg,1837,buffering,0.0000,0.9307,3,367,367,429,425
248,20230609c_00476.jpg,1844,buffering,0.0000,0.9303,2,727,564,791,664
248,20230609c_00476.jpg,158,fanning,0.9876,0.9267,16,1444,374,1510,432
248,20230609c_00476.jpg,1708,fanning,0.6633,0.9148,16,836,370,888,418
248,20230609c_00476.jpg,842,fanning,0.9987,0.9080,16,373,439,440,531
248,20230609c_00476.jpg,1730,fanning,0.7927,0.7379,16,1026,373,1081,406
249,20230609c_00477.jpg,1741,neutral,0.9911,0.9481,5,526,550,588,646
249,20230609c_00477.jpg,1134,fanning,0.9668,0.9407,16,245,372,315,453
249,20230609c_00477.jpg,158,fanning,0.9835,0.9365,16,1439,373,1508,429
249,20230609c_00477.jpg,1595,fanning,0.6507,0.9310,5,883,782,934,890
249,20230609c_00477.jpg,1837,neutral,0.7125,0.9258,4,363,367,426,421
249,20230609c_00477.jpg,1810,neutral,0.9779,0.9246,10,740,373,812,424
249,20230609c_00477.jpg,842,fanning,0.9982,0.9134,16,368,441,435,533
249,20230609c_00477.jpg,1708,fanning,0.6159,0.9094,16,835,370,895,420
249,20230609c_00477.jpg,1730,fanning,0.7113,0.7287,16,1034,373,1081,399
250,20230609c_00478.jpg,1741,neutral,0.7665,0.9434,6,537,548,602,648
250,20230609c_00478.jpg,1134,fanning,0.9710,0.9401,16,244,372,315,453
250,20230609c_00478.jpg,1595,fanning,0.8173,0.9378,6,896,735,952,835
250,20230609c_00478.jpg,1837,fanning,0.5771,0.9370,5,368,368,437,420
250,20230609c_00478.jpg,1761,buffering,0.0000,0.9365,3,584,494,653,585
250,20230609c_00478.jpg,158,fanning,0.9710,0.9322,16,1437,373,1507,425
250,20230609c_00478.jpg,1708,fanning,0.5647,0.9190,16,840,371,893,421
250,20230609c_00478.jpg,842,fanning,0.9977,0.9114,16,371,438,436,529
250,20230609c_00478.jpg,1810,neutral,0.9814,0.8916,11,747,372,793,407
251,20230609c_00479.jpg,1134,fanning,0.9747,0.9419,16,243,372,315,451
251,20230609c_00479.jpg,1741,fanning,0.6087,0.9395,7,525,549,585,658
251,20230609c_00479.jpg,1868,buffering,0.0000,0.9378,1,436,945,504,1062
251,20230609c_00479.jpg,1837,fanning,0.7845,0.9306,6,367,367,447,414
251,20230609c_00479.jpg,158,fanning,0.9492,0.9288,16,1441,374,1509,426
251,20230609c_00479.jpg,1867,buffering,0.0000,0.9252,1,1052,371,1124,450
251,20230609c_00479.jpg,1708,fanning,0.6366,0.9192,16,839,370,893,422
251,20230609c_00479.jpg,842,fanning,0.9975,0.9033,16,372,436,438,528
251,20230609c_00479.jpg,1810,neutral,0.9894,0.8867,12,749,372,794,400
252,20230609c_00480.jpg,1872,buffering,0.0000,0.9452,1,1398,504,1461,593
252,20230609c_00480.jpg,1134,fanning,0.9853,0.9444,16,244,370,315,451
252,20230609c_00480.jpg,1874,buffering,0.0000,0.9373,1,669,416,714,501
252,20230609c_00480.jpg,158,fanning,0.9216,0.9306,16,1434,373,1507,429
252,20230609c_00480.jpg,1876,buffering,0.0000,0.9298,1,523,930,598,1021
252,20230609c_00480.jpg,1867,buffering,0.0000,0.9294,2,1058,371,1133,446
252,20230609c_00480.jpg,1873,buffering,0.0000,0.9288,1,907,661,964,756
252,20230609c_00480.jpg,1708,fanning,0.7203,0.9226,16,838,370,894,423
252,20230609c_00480.jpg,842,fanning,0.9971,0.9127,16,376,434,438,530
253,20230609c_00481.jpg,1872,buffering,0.0000,0.9428,2,1378,489,1443,576
253,20230609c_00481.jpg,1134,fanning,0.9840,0.9419,16,243,371,313,452
253,20230609c_00481.jpg,1874,buffering,0.0000,0.9370,2,652,401,728,491
253,20230609c_00481.jpg,158,fanning,0.8849,0.9356,16,1443,374,1510,429
253,20230609c_00481.jpg,1867,buffering,0.0000,0.9336,3,1059,370,1125,441
253,20230609c_00481.jpg,1873,buffering,0.0000,0.9280,2,915,613,979,721
253,20230609c_00481.jpg,1837,fanning,0.9619,0.9253,7,379,368,461,409
253,20230609c_00481.jpg,842,fanning,0.9977,0.9180,16,382,428,451,534
253,20230609c_00481.jpg,1708,fanning,0.7316,0.9168,16,837,371,896,424
253,20230609c_00481.jpg,1881,buffering,0.0000,0.8964,1,616,939,703,1019
253,20230609c_00481.jpg,1882,buffering,0.0000,0.8562,1,0,705,31,808
254,20230609c_00482.jpg,1867,neutral,0.9971,0.9408,4,1062,371,1131,439
254,20230609c_00482.jpg,1134,fanning,0.9936,0.9406,16,243,370,315,451
254,20230609c_00482.jpg,1874,buffering,0.0000,0.9362,3,628,400,707,488
254,20230609c_00482.jpg,158,fanning,0.8813,0.9347,16,1451,374,1512,429
254,20230609c_00482.jpg,1708,fanning,0.7162,0.9181,16,837,371,889,425
254,20230609c_00482.jpg,1827,buffering,0.0000,0.8839,2,720,958,833,1046
254,20230609c_00482.jpg,1882,buffering,0.0000,0.8833,2,0,675,38,767
254,20230609c_00482.jpg,842,fanning,0.9937,0.8671,16,381,440,437,528
255,20230609c_00483.jpg,1874,neutral,0.9941,0.9444,4,615,390,678,488
255,20230609c_00483.jpg,1134,fanning,0.9976,0.9401,16,242,370,316,450
255,20230609c_00483.jpg,158,fanning,0.9014,0.9326,16,1444,374,1509,429
255,20230609c_00483.jpg,1867,neutral,0.9870,0.9253,5,1059,374,1132,433
255,20230609c_00483.jpg,1882,buffering,0.0000,0.9211,3,0,649,70,726
255,20230609c_00483.jpg,1708,fanning,0.6953,0.9201,16,837,370,897,426
255,20230609c_00483.jpg,842,fanning,0.9964,0.9151,16,378,440,436,526
255,20230609c_00483.jpg,1896,buffering,0.0000,0.9111,1,347,397,398,487
256,20230609c_00484.jpg,1874,neutral,0.9705,0.9364,5,598,390,659,482
256,20230609c_00484.jpg,158,fanning,0.9394,0.9320,16,1451,374,1513,429
256,20230609c_00484.jpg,1881,buffering,0.0000,0.9280,2,638,918,687,999
256,20230609c_00484.jpg,1134,fanning,0.9987,0.9272,16,242,374,314,448
256,20230609c_00484.jpg,1867,neutral,0.9887,0.9199,6,1058,371,1131,428
256,20230609c_00484.jpg,1708,fanning,0.6758,0.9177,16,840,371,907,425
256,20230609c_00484.jpg,1896,buffering,0.0000,0.9135,2,366,395,423,483
256,20230609c_00484.jpg,842,fanning,0.9964,0.8678,16,381,446,430,525
257,20230609c_00485.jpg,1874,neutral,0.9578,0.9361,6,589,389,649,483
257,20230609c_00485.jpg,158,fanning,0.9449,0.9327,16,1446,373,1511,429
257,20230609c_00485.jpg,1708,fanning,0.6108,0.9130,16,841,371,903,424
257,20230609c_00485.jpg,1867,neutral,0.9964,0.9128,7,1083,373,1124,412
257,20230609c_00485.jpg,1907,buffering,0.0000,0.9094,1,255,369,329,480
257,20230609c_00485.jpg,1896,buffering,0.0000,0.9087,3,388,394,444,480
257,20230609c_00485.jpg,1134,fanning,0.9981,0.8290,16,241,378,301,449
257,20230609c_00485.jpg,842,fanning,0.9974,0.7394,16,381,455,422,525
258,20230609c_00486.jpg,158,fanning,0.9616,0.9426,16,1452,374,1513,430
258,20230609c_00486.jpg,1874,neutral,0.7967,0.9346,7,575,377,641,476
258,20230609c_00486.jpg,1913,buffering,0.0000,0.9342,1,1032,384,1090,475
258,20230609c_00486.jpg,1914,buffering,0.0000,0.9331,1,1219,390,1272,475
258,20230609c_00486.jpg,1896,fanning,0.9991,0.9227,4,399,390,462,474
258,20230609c_00486.jpg,1907,buffering,0.0000,0.9127,2,244,369,338,448
258,20230609c_00486.jpg,1708,fanning,0.5902,0.9095,16,842,371,902,418
258,20230609c_00486.jpg,1134,fanning,0.9980,0.8866,16,241,374,318,447
258,20230609c_00486.jpg,842,fanning,0.9960,0.8795,16,380,444,420,526
258,20230609c_00486.jpg,1867,neutral,0.9971,0.8734,8,1089,374,1125,403
258,20230609c_00486.jpg,1920,buffering,0.0000,0.6125,1,416,466,436,524
259,20230609c_00487.jpg,158,fanning,0.9503,0.9402,16,1441,373,1513,426
259,20230609c_00487.jpg,1913,buffering,0.0000,0.9326,2,1029,382,1084,473
259,20230609c_00487.jpg,1914,buffering,0.0000,0.9322,2,1210,374,1269,461
259,20230609c_00487.jpg,1896,fanning,0.9990,0.9317,5,416,389,479,469
259,20230609c_00487.jpg,842,fanning,0.9962,0.9276,16,375,439,441,527
259,20230609c_00487.jpg,1134,fanning,0.9986,0.9251,16,240,377,317,445
259,20230609c_00487.jpg,1874,uncertain,0.5046,0.9195,8,544,374,640,457
259,20230609c_00487.jpg,1708,fanning,0.6554,0.9053,16,850,371,908,416
259,20230609c_00487.jpg,1738,buffering,0.0000,0.8889,2,1114,829,1158,896
259,20230609c_00487.jpg,1867,neutral,0.9978,0.8420,9,1097,373,1132,393
260,20230609c_00488.jpg,1914,buffering,0.0000,0.9387,3,1212,373,1269,457
260,20230609c_00488.jpg,1896,fanning,0.9991,0.9376,6,436,380,524,471
260,20230609c_00488.jpg,158,fanning,0.9512,0.9324,16,1433,373,1507,427
260,20230609c_00488.jpg,1134,fanning,0.9986,0.9313,16,238,374,315,446
260,20230609c_00488.jpg,842,fanning,0.9959,0.9289,16,375,437,439,527
260,20230609c_00488.jpg,1874,fanning,0.6059,0.9263,9,542,373,631,459
260,20230609c_00488.jpg,1913,buffering,0.0000,0.9254,3,1028,374,1089,468
260,20230609c_00488.jpg,1708,fanning,0.6914,0.9101,16,846,371,904,416
261,20230609c_00489.jpg,1914,neutral,0.9995,0.9389,4,1210,372,1267,448
261,20230609c_00489.jpg,1896,fanning,0.9994,0.9381,7,457,373,536,477
261,20230609c_00489.jpg,1874,fanning,0.5635,0.9381,10,547,370,626,457
261,20230609c_00489.jpg,1134,fanning,0.9983,0.9349,16,239,375,319,448
261,20230609c_00489.jpg,158,fanning,0.9555,0.9337,16,1451,374,1509,427
261,20230609c_00489.jpg,842,fanning,0.9958,0.9215,16,377,434,435,528
261,20230609c_00489.jpg,1913,neutral,0.9974,0.9132,4,1023,375,1086,465
261,20230609c_00489.jpg,1708,fanning,0.7929,0.9019,16,849,371,911,413
261,20230609c_00489.jpg,1939,buffering,0.0000,0.8987,1,363,366,424,437
261,20230609c_00489.jpg,1934,buffering,0.0000,0.8104,1,459,372,540,398
262,20230609c_00490.jpg,158,fanning,0.9676,0.9412,16,1450,374,1516,428
262,20230609c_00490.jpg,1134,fanning,0.9965,0.9359,16,240,385,316,447
262,20230609c_00490.jpg,1913,neutral,0.9944,0.9320,5,1016,375,1080,463
262,20230609c_00490.jpg,1896,fanning,0.9993,0.9278,8,467,370,550,468
262,20230609c_00490.jpg,1874,fanning,0.7464,0.9247,11,547,372,621,441
262,20230609c_00490.jpg,842,fanning,0.9934,0.9243,16,380,436,439,530
262,20230609c_00490.jpg,1914,neutral,0.9994,0.9225,5,1204,373,1264,436
262,20230609c_00490.jpg,1708,fanning,0.7630,0.9000,16,849,371,911,411
262,20230609c_00490.jpg,1939,buffering,0.0000,0.8941,2,358,366,426,412
262,20230609c_00490.jpg,1934,buffering,0.0000,0.5793,2,460,371,542,396
263,20230609c_00491.jpg,1913,neutral,0.9811,0.9453,6,1007,373,1070,446
263,20230609c_00491.jpg,1134,fanning,0.9956,0.9366,16,240,378,317,448
263,20230609c_00491.jpg,158,fanning,0.9703,0.9354,16,1439,373,1513,426
263,20230609c_00491.jpg,1914,neutral,0.9988,0.9272,6,1205,373,1263,429
263,20230609c_00491.jpg,842,fanning,0.9920,0.9250,16,374,435,435,525
263,20230609c_00491.jpg,1595,fanning,0.9067,0.9219,7,877,745,925,819
263,20230609c_00491.jpg,1896,fanning,0.9993,0.9051,9,496,371,574,462
263,20230609c_00491.jpg,1708,fanning,0.7152,0.8976,16,844,371,905,410
263,20230609c_00491.jpg,1939,buffering,0.0000,0.8835,3,371,367,421,398
263,20230609c_00491.jpg,1874,fanning,0.9945,0.8528,12,552,370,621,427
263,20230609c_00491.jpg,1934,buffering,0.0000,0.7524,3,466,373,531,399
264,20230609c_00492.jpg,1913,neutral,0.9770,0.9454,7,990,373,1059,439
264,20230609c_00492.jpg,1134,fanning,0.9958,0.9381,16,240,376,317,449
264,20230609c_00492.jpg,1914,neutral,0.9980,0.9355,7,1203,373,1261,424
264,20230609c_00492.jpg,158,fanning,0.9717,0.9341,16,1435,372,1505,429
264,20230609c_00492.jpg,1957,buffering,0.0000,0.9324,1,335,481,381,564
264,20230609c_00492.jpg,1868,buffering,0.0000,0.9320,2,447,914,525,1005
264,20230609c_00492.jpg,842,fanning,0.9913,0.9248,16,361,434,441,522
264,20230609c_00492.jpg,1708,fanning,0.7481,0.8881,16,847,371,906,407
264,20230609c_00492.jpg,1896,fanning,0.9993,0.8879,10,505,373,578,458
264,20230609c_00492.jpg,1934,neutral,0.9996,0.8427,4,463,373,540,396
264,20230609c_00492.jpg,1874,fanning,0.9958,0.8369,13,549,372,602,409
265,20230609c_00493.jpg,1134,fanning,0.9973,0.9381,16,241,376,317,449
265,20230609c_00493.jpg,1913,neutral,0.9681,0.9381,8,991,373,1056,429
265,20230609c_00493.jpg,158,fanning,0.9743,0.9335,16,1436,372,1505,430
265,20230609c_00493.jpg,1957,buffering,0.0000,0.9292,2,330,431,434,544
265,20230609c_00493.jpg,1876,buffering,0.0000,0.9289,2,537,882,623,976
265,20230609c_00493.jpg,1914,neutral,0.9962,0.9241,8,1199,372,1260,420
265,20230609c_00493.jpg,1964,buffering,0.0000,0.9225,1,712,373,763,438
265,20230609c_00493.jpg,1896,fanning,0.9993,0.9099,11,507,374,579,447
265,20230609c_00493.jpg,842,fanning,0.9893,0.9062,16,381,437,432,526
265,20230609c_00493.jpg,1708,fanning,0.7380,0.8606,16,841,371,900,402
265,20230609c_00493.jpg,1934,neutral,0.9990,0.8148,5,464,372,542,398
265,20230609c_00493.jpg,1967,buffering,0.0000,0.5508,1,369,367,422,393
266,20230609c_00494.jpg,1957,buffering,0.0000,0.9377,3,318,432,376,524
266,20230609c_00494.jpg,1134,fanning,0.9984,0.9369,16,242,377,318,449
266,20230609c_00494.jpg,158,fanning,0.9840,0.9337,16,1436,373,1507,430
266,20230609c_00494.jpg,1873,buffering,0.0000,0.9314,3,1000,406,1058,504
266,20230609c_00494.jpg,1881,buffering,0.0000,0.9292,3,614,859,684,941
266,20230609c_00494.jpg,1914,neutral,0.9944,0.9266,9,1202,371,1260,410
266,20230609c_00494.jpg,1896,fanning,0.9994,0.9258,12,506,373,581,433
266,20230609c_00494.jpg,842,fanning,0.9899,0.9233,16,383,438,432,525
266,20230609c_00494.jpg,1913,neutral,0.9135,0.9101,9,992,373,1047,416
266,20230609c_00494.jpg,1595,fanning,0.9485,0.9093,8,883,778,920,850
266,20230609c_00494.jpg,1964,buffering,0.0000,0.9012,2,711,373,772,434
266,20230609c_00494.jpg,1967,buffering,0.0000,0.8634,2,375,367,424,398
266,20230609c_00494.jpg,1934,neutral,0.9983,0.7930,6,468,372,534,393
266,20230609c_00494.jpg,1708,fanning,0.6804,0.7928,16,847,371,886,400
267,20230609c_00495.jpg,158,fanning,0.9892,0.9418,16,1435,373,1508,427
267,20230609c_00495.jpg,1873,neutral,0.9971,0.9408,4,995,372,1050,441
267,20230609c_00495.jpg,1134,fanning,0.9986,0.9372,16,245,374,317,453
267,20230609c_00495.jpg,1957,fanning,0.5539,0.9367,4,320,410,376,504
267,20230609c_00495.jpg,1964,buffering,0.0000,0.9201,3,719,374,766,431
267,20230609c_00495.jpg,1595,fanning,0.9638,0.9168,9,884,770,926,836
267,20230609c_00495.jpg,842,fanning,0.9902,0.9080,16,384,440,433,525
267,20230609c_00495.jpg,1914,neutral,0.9940,0.9046,10,1220,372,1259,399
267,20230609c_00495.jpg,1708,fanning,0.7429,0.8743,16,839,370,899,400
267,20230609c_00495.jpg,1896,fanning,0.9995,0.8691,13,508,373,580,426
267,20230609c_00495.jpg,1967,buffering,0.0000,0.8462,3,373,367,428,397
268,20230609c_00496.jpg,1957,fanning,0.8727,0.9407,5,311,392,383,492
268,20230609c_00496.jpg,1873,neutral,0.9832,0.9390,5,995,372,1049,440
268,20230609c_00496.jpg,1134,fanning,0.9987,0.9379,16,244,373,314,453
268,20230609c_00496.jpg,158,fanning,0.9892,0.9329,16,1445,372,1506,423
268,20230609c_00496.jpg,1964,neutral,0.9938,0.9261,4,719,373,767,423
268,20230609c_00496.jpg,1975,buffering,0.0000,0.9209,1,696,842,757,933
268,20230609c_00496.jpg,842,fanning,0.9893,0.9103,16,379,438,436,524
268,20230609c_00496.jpg,1896,fanning,0.9995,0.8733,14,515,373,581,421
268,20230609c_00496.jpg,1967,neutral,0.9839,0.8610,4,375,367,430,395
268,20230609c_00496.jpg,1708,fanning,0.7653,0.8561,16,838,371,898,399
268,20230609c_00496.jpg,1934,neutral,0.9830,0.8227,7,473,372,538,394
269,20230609c_00497.jpg,1873,neutral,0.9602,0.9394,6,995,372,1057,429
269,20230609c_00497.jpg,158,fanning,0.9882,0.9367,16,1433,373,1506,427
269,20230609c_00497.jpg,1134,fanning,0.9988,0.9348,16,244,370,316,453
269,20230609c_00497.jpg,1975,buffering,0.0000,0.9297,2,703,842,771,932
269,20230609c_00497.jpg,1957,fanning,0.9889,0.9235,6,308,389,394,475
269,20230609c_00497.jpg,842,fanning,0.9845,0.9195,16,374,412,433,525
269,20230609c_00497.jpg,1964,neutral,0.9959,0.9081,5,719,372,781,410
269,20230609c_00497.jpg,1896,fanning,0.9995,0.8970,15,516,372,586,427
269,20230609c_00497.jpg,1708,fanning,0.8580,0.8592,16,830,371,894,398
269,20230609c_00497.jpg,1967,neutral,0.9842,0.8378,5,375,366,436,397
269,20230609c_00497.jpg,1934,neutral,0.6846,0.8134,8,470,372,535,396
270,20230609c_00498.jpg,1134,fanning,0.9986,0.9378,16,242,371,316,452
270,20230609c_00498.jpg,1873,neutral,0.9164,0.9366,7,990,372,1055,431
270,20230609c_00498.jpg,1975,buffering,0.0000,0.9327,3,705,826,763,920
270,20230609c_00498.jpg,842,fanning,0.9944,0.9285,16,380,438,434,523
270,20230609c_00498.jpg,158,fanning,0.9916,0.9269,16,1437,372,1507,423
270,20230609c_00498.jpg,1957,fanning,0.9968,0.9261,7,331,401,404,459
270,20230609c_00498.jpg,1964,neutral,0.9980,0.8776,6,735,372,777,395
270,20230609c_00498.jpg,1967,neutral,0.9917,0.8522,6,382,366,446,397
270,20230609c_00498.jpg,1708,fanning,0.7922,0.8181,16,841,373,880,393
270,20230609c_00498.jpg,1934,uncertain,0.5153,0.7908,9,473,372,539,394
271,20230609c_00499.jpg,1134,fanning,0.9986,0.9370,16,239,371,315,453
271,20230609c_00499.jpg,1975,neutral,0.9978,0.9301,4,711,778,768,890
271,20230609c_00499.jpg,842,fanning,0.9881,0.9288,16,380,439,437,524
271,20230609c_00499.jpg,1873,neutral,0.9325,0.9261,8,993,372,1065,430
271,20230609c_00499.jpg,158,fanning,0.9928,0.9234,16,1434,373,1507,425
271,20230609c_00499.jpg,1957,fanning,0.9989,0.9232,8,340,401,410,469
271,20230609c_00499.jpg,1896,fanning,0.9996,0.9047,16,503,371,589,414
271,20230609c_00499.jpg,1964,neutral,0.9988,0.8770,7,746,372,781,394
271,20230609c_00499.jpg,1967,neutral,0.9965,0.8520,7,379,367,449,402
271,20230609c_00499.jpg,1934,trophallaxis,0.9671,0.8299,10,473,372,538,394
271,20230609c_00499.jpg,1708,fanning,0.7221,0.6635,16,843,372,883,388
272,20230609c_00500.jpg,1134,fanning,0.9982,0.9394,16,241,371,315,453
272,20230609c_00500.jpg,842,fanning,0.9861,0.9308,16,352,439,439,523
272,20230609c_00500.jpg,158,fanning,0.9886,0.9274,16,1435,372,1506,427
272,20230609c_00500.jpg,1957,fanning,0.9993,0.9123,9,351,399,427,462
272,20230609c_00500.jpg,1992,buffering,0.0000,0.8867,1,233,1027,293,1077
272,20230609c_00500.jpg,1813,neutral,0.9996,0.8585,5,980,372,1058,436
272,20230609c_00500.jpg,1967,neutral,0.9973,0.8428,8,379,368,453,396
272,20230609c_00500.jpg,1896,fanning,0.9995,0.8390,16,529,372,594,406
272,20230609c_00500.jpg,1934,trophallaxis,0.9884,0.7894,11,479,373,541,393
273,20230609c_00501.jpg,1134,fanning,0.9982,0.9379,16,243,370,313,454
273,20230609c_00501.jpg,842,fanning,0.9721,0.9328,16,364,437,441,519
273,20230609c_00501.jpg,158,fanning,0.9867,0.9287,16,1438,373,1510,425
273,20230609c_00501.jpg,1957,fanning,0.9992,0.9035,10,367,399,447,453
273,20230609c_00501.jpg,1813,neutral,0.9997,0.8923,6,992,373,1071,415
273,20230609c_00501.jpg,1992,buffering,0.0000,0.8476,2,264,1032,320,1073
273,20230609c_00501.jpg,1896,fanning,0.9985,0.8325,16,532,372,594,405
273,20230609c_00501.jpg,1967,neutral,0.9933,0.7943,9,377,367,444,393
273,20230609c_00501.jpg,1934,trophallaxis,0.9984,0.7775,12,480,373,536,392
274,20230609c_00502.jpg,1134,fanning,0.9981,0.9397,16,243,369,315,454
274,20230609c_00502.jpg,842,fanning,0.9987,0.9371,16,379,427,446,523
274,20230609c_00502.jpg,158,fanning,0.9871,0.9342,16,1436,374,1509,427
274,20230609c_00502.jpg,1999,buffering,0.0000,0.9305,1,1010,668,1085,755
274,20230609c_00502.jpg,1813,neutral,0.9997,0.9120,7,1003,372,1085,415
274,20230609c_00502.jpg,1957,fanning,0.9992,0.9044,11,380,398,461,452
274,20230609c_00502.jpg,1896,fanning,0.9924,0.8517,16,529,372,594,407
274,20230609c_00502.jpg,1934,trophallaxis,0.9990,0.7794,13,480,372,536,393
274,20230609c_00502.jpg,1967,neutral,0.9879,0.7764,10,380,367,446,394
275,20230609c_00503.jpg,1134,fanning,0.9969,0.9380,16,244,368,314,454
275,20230609c_00503.jpg,842,fanning,0.9992,0.9375,16,378,446,444,523
275,20230609c_00503.jpg,158,fanning,0.9886,0.9335,16,1433,372,1505,429
275,20230609c_00503.jpg,1957,fanning,0.9994,0.9194,12,390,393,467,450
275,20230609c_00503.jpg,1813,neutral,0.9996,0.9176,8,1011,372,1087,416
275,20230609c_00503.jpg,1896,fanning,0.6632,0.8802,16,517,371,601,406
275,20230609c_00503.jpg,1934,trophallaxis,0.9989,0.7009,14,484,373,537,393
275,20230609c_00503.jpg,1967,neutral,0.9537,0.6726,11,385,366,450,394
276,20230609c_00504.jpg,842,fanning,0.9994,0.9394,16,372,430,450,523
276,20230609c_00504.jpg,1134,fanning,0.9970,0.9353,16,244,370,312,452
276,20230609c_00504.jpg,158,fanning,0.9893,0.9337,16,1432,374,1508,431
276,20230609c_00504.jpg,1813,neutral,0.9996,0.9236,9,1022,372,1099,418
276,20230609c_00504.jpg,1957,fanning,0.9994,0.9122,13,395,396,478,447
276,20230609c_00504.jpg,1876,buffering,0.0000,0.8944,3,566,872,611,947
276,20230609c_00504.jpg,1896,trophallaxis,0.9497,0.8704,16,524,371,607,402
276,20230609c_00504.jpg,2011,buffering,0.0000,0.8653,1,711,1022,758,1080
276,20230609c_00504.jpg,1934,trophallaxis,0.9991,0.8330,15,484,372,536,400
276,20230609c_00504.jpg,1967,neutral,0.9065,0.8206,12,382,367,461,400
277,20230609c_00505.jpg,2013,buffering,0.0000,0.9418,1,696,375,767,458
277,20230609c_00505.jpg,1813,neutral,0.9994,0.9375,10,1027,372,1104,421
277,20230609c_00505.jpg,842,fanning,0.9995,0.9363,16,373,444,452,521
277,20230609c_00505.jpg,1134,fanning,0.9972,0.9344,16,244,371,312,452
277,20230609c_00505.jpg,158,fanning,0.9900,0.9320,16,1436,373,1505,426
277,20230609c_00505.jpg,1868,buffering,0.0000,0.9232,3,494,907,547,990
277,20230609c_00505.jpg,1957,fanning,0.9995,0.9205,14,410,383,503,446
277,20230609c_00505.jpg,1896,trophallaxis,0.8895,0.8348,16,534,372,597,398
277,20230609c_00505.jpg,1934,trophallaxis,0.9987,0.7217,16,491,372,542,393
278,20230609c_00506.jpg,2019,buffering,0.0000,0.9459,1,773,432,826,507
278,20230609c_00506.jpg,842,fanning,0.9995,0.9383,16,373,448,462,520
278,20230609c_00506.jpg,1134,fanning,0.9987,0.9331,16,244,370,310,451
278,20230609c_00506.jpg,158,fanning,0.9882,0.9298,16,1443,374,1504,432
278,20230609c_00506.jpg,1813,neutral,0.9992,0.9266,11,1020,372,1101,414
278,20230609c_00506.jpg,1957,fanning,0.9996,0.9232,15,428,393,511,444
278,20230609c_00506.jpg,2013,buffering,0.0000,0.9229,2,688,373,765,448
278,20230609c_00506.jpg,1975,neutral,0.9975,0.9167,5,745,621,808,705
278,20230609c_00506.jpg,1896,trophallaxis,0.9842,0.8187,16,535,372,596,397
278,20230609c_00506.jpg,1934,trophallaxis,0.9988,0.7039,16,490,373,541,395
278,20230609c_00506.jpg,1967,neutral,0.6486,0.6555,13,393,367,451,391
279,20230609c_00507.jpg,842,fanning,0.9995,0.9387,16,372,446,466,518
279,20230609c_00507.jpg,158,fanning,0.9868,0.9371,16,1447,374,1517,428
279,20230609c_00507.jpg,1881,neutral,0.9858,0.9368,4,592,808,652,909
279,20230609c_00507.jpg,2019,buffering,0.0000,0.9366,2,780,406,838,505
279,20230609c_00507.jpg,1134,fanning,0.9988,0.9318,16,244,371,309,450
279,20230609c_00507.jpg,2013,buffering,0.0000,0.9313,3,687,372,756,438
279,20230609c_00507.jpg,1957,fanning,0.9996,0.9167,16,434,393,514,445
279,20230609c_00507.jpg,1813,neutral,0.9973,0.9127,12,1017,371,1105,407
279,20230609c_00507.jpg,2028,buffering,0.0000,0.9013,1,558,750,593,807
279,20230609c_00507.jpg,1896,trophallaxis,0.9865,0.8300,16,543,372,596,397
279,20230609c_00507.jpg,1967,fanning,0.7257,0.7865,14,395,367,481,400
279,20230609c_00507.jpg,1934,trophallaxis,0.9988,0.7862,16,485,373,542,398
280,20230609c_00508.jpg,158,fanning,0.9882,0.9382,16,1448,374,1503,428
280,20230609c_00508.jpg,2019,buffering,0.0000,0.9382,3,777,400,837,494
280,20230609c_00508.jpg,842,fanning,0.9996,0.9362,16,373,444,468,517
280,20230609c_00508.jpg,2013,neutral,0.9993,0.9349,4,685,373,755,436
280,20230609c_00508.jpg,1134,fanning,0.9989,0.9298,16,243,371,309,450
280,20230609c_00508.jpg,2028,buffering,0.0000,0.9232,2,557,719,611,812
280,20230609c_00508.jpg,1813,neutral,0.9880,0.9222,13,1027,372,1114,407
280,20230609c_00508.jpg,1957,fanning,0.9996,0.8970,16,427,372,546,445
280,20230609c_00508.jpg,1896,trophallaxis,0.9481,0.8815,16,546,372,600,402
280,20230609c_00508.jpg,1967,fanning,0.9175,0.8605,15,391,367,452,395
280,20230609c_00508.jpg,1934,trophallaxis,0.9986,0.7678,16,460,372,543,394
281,20230609c_00509.jpg,2013,neutral,0.9959,0.9370,5,681,372,749,423
281,20230609c_00509.jpg,1957,fanning,0.9996,0.9369,16,451,375,549,458
281,20230609c_00509.jpg,2019,neutral,0.9882,0.9360,4,775,387,838,477
281,20230609c_00509.jpg,158,fanning,0.9856,0.9347,16,1447,374,1521,427
281,20230609c_00509.jpg,842,fanning,0.9996,0.9306,16,369,443,462,514
281,20230609c_00509.jpg,1134,fanning,0.9989,0.9301,16,243,371,309,451
281,20230609c_00509.jpg,1813,neutral,0.8305,0.8997,14,1034,371,1133,404
281,20230609c_00509.jpg,1967,fanning,0.9188,0.8372,16,394,367,467,392
281,20230609c_00509.jpg,1896,uncertain,0.5125,0.8253,16,544,372,596,396
281,20230609c_00509.jpg,1934,trophallaxis,0.9986,0.6847,16,467,373,544,390
282,20230609c_00510.jpg,2037,buffering,0.0000,0.9430,1,589,479,650,567
282,20230609c_00510.jpg,842,fanning,0.9996,0.9368,16,370,446,458,513
282,20230609c_00510.jpg,2019,neutral,0.9298,0.9365,5,776,374,836,467
282,20230609c_00510.jpg,1957,fanning,0.9996,0.9356,16,459,375,545,458
282,20230609c_00510.jpg,158,fanning,0.9751,0.9345,16,1432,373,1503,429
282,20230609c_00510.jpg,2040,buffering,0.0000,0.9315,1,504,776,570,838
282,20230609c_00510.jpg,1134,fanning,0.9986,0.9314,16,242,370,308,450
282,20230609c_00510.jpg,2013,neutral,0.9468,0.9036,6,674,371,743,415
282,20230609c_00510.jpg,1813,neutral,0.9103,0.8955,15,1048,373,1115,401
282,20230609c_00510.jpg,1967,fanning,0.9786,0.8908,16,397,367,470,393
282,20230609c_00510.jpg,1896,uncertain,0.5047,0.7890,16,555,372,617,404
282,20230609c_00510.jpg,1934,trophallaxis,0.9972,0.7140,16,475,373,544,390
283,20230609c_00511.jpg,1957,fanning,0.9996,0.9388,16,463,393,540,458
283,20230609c_00511.jpg,1134,fanning,0.9986,0.9365,16,242,370,306,451
283,20230609c_00511.jpg,158,fanning,0.9702,0.9357,16,1439,373,1505,426
283,20230609c_00511.jpg,842,fanning,0.9996,0.9332,16,369,444,467,513
283,20230609c_00511.jpg,2043,buffering,0.0000,0.9300,1,500,655,552,739
283,20230609c_00511.jpg,2040,buffering,0.0000,0.9295,2,475,783,542,843
283,20230609c_00511.jpg,2019,neutral,0.8178,0.9290,6,776,372,839,452
283,20230609c_00511.jpg,2046,buffering,0.0000,0.9198,1,650,838,696,901
283,20230609c_00511.jpg,1813,neutral,0.9248,0.9029,16,1054,374,1117,401
283,20230609c_00511.jpg,2013,neutral,0.9940,0.8547,7,669,371,732,414
283,20230609c_00511.jpg,1967,fanning,0.9938,0.8487,16,403,368,476,392
283,20230609c_00511.jpg,1934,trophallaxis,0.9980,0.8046,16,470,373,541,391
284,20230609c_00512.jpg,842,fanning,0.9996,0.9394,16,370,444,467,514
284,20230609c_00512.jpg,1957,fanning,0.9996,0.9375,16,468,373,552,458
284,20230609c_00512.jpg,2048,buffering,0.0000,0.9372,1,46,489,104,547
284,20230609c_00512.jpg,2043,buffering,0.0000,0.9367,2,507,631,564,727
284,20230609c_00512.jpg,2019,uncertain,0.5362,0.9345,7,776,373,839,445
284,20230609c_00512.jpg,158,fanning,0.9783,0.9344,16,1441,373,1504,425
284,20230609c_00512.jpg,2046,buffering,0.0000,0.9324,2,648,839,701,917
284,20230609c_00512.jpg,1134,fanning,0.9988,0.9286,16,240,371,305,452
284,20230609c_00512.jpg,2040,buffering,0.0000,0.9171,3,465,795,527,860
284,20230609c_00512.jpg,1813,neutral,0.8637,0.9100,16,1058,373,1122,400
284,20230609c_00512.jpg,1967,fanning,0.9954,0.8767,16,406,368,479,391
284,20230609c_00512.jpg,2013,neutral,0.9993,0.8262,8,667,372,723,402
284,20230609c_00512.jpg,1934,trophallaxis,0.9949,0.6437,16,469,373,549,393
285,20230609c_00513.jpg,158,fanning,0.9874,0.9390,16,1431,372,1503,429
285,20230609c_00513.jpg,1957,fanning,0.9996,0.9381,16,469,375,559,455
285,20230609c_00513.jpg,2043,buffering,0.0000,0.9381,3,526,593,582,679
285,20230609c_00513.jpg,1134,fanning,0.9988,0.9352,16,239,371,301,450
285,20230609c_00513.jpg,842,fanning,0.9996,0.9349,16,370,445,466,513
285,20230609c_00513.jpg,2046,buffering,0.0000,0.9309,3,671,829,744,913
285,20230609c_00513.jpg,2051,buffering,0.0000,0.9308,1,614,371,694,466
285,20230609c_00513.jpg,2019,fanning,0.7352,0.9204,8,776,372,839,436
285,20230609c_00513.jpg,2048,buffering,0.0000,0.9169,2,56,482,116,536
285,20230609c_00513.jpg,2040,neutral,0.9994,0.9158,4,464,813,526,883
285,20230609c_00513.jpg,1813,neutral,0.6573,0.9034,16,1064,373,1126,400
285,20230609c_00513.jpg,1967,fanning,0.9921,0.8779,16,409,368,482,390
286,20230609c_00514.jpg,2051,buffering,0.0000,0.9414,2,615,372,688,458
286,20230609c_00514.jpg,842,fanning,0.9996,0.9380,16,369,447,471,512
286,20230609c_00514.jpg,158,fanning,0.9873,0.9379,16,1440,373,1509,425
286,20230609c_00514.jpg,2040,neutral,0.9995,0.9376,5,480,820,551,902
286,20230609c_00514.jpg,1957,fanning,0.9996,0.9299,16,472,375,556,454
286,20230609c_00514.jpg,1134,fanning,0.9988,0.9261,16,240,371,301,451
286,20230609c_00514.jpg,2019,fanning,0.8462,0.9226,9,777,372,840,429
286,20230609c_00514.jpg,2048,buffering,0.0000,0.9198,3,66,473,127,527
286,20230609c_00514.jpg,1813,fanning,0.6658,0.9064,16,1070,374,1132,402
286,20230609c_00514.jpg,1967,fanning,0.9781,0.8733,16,411,368,484,391
287,20230609c_00515.jpg,2037,buffering,0.0000,0.9402,2,563,464,623,557
287,20230609c_00515.jpg,158,fanning,0.9881,0.9376,16,1436,373,1507,426
287,20230609c_00515.jpg,842,fanning,0.9996,0.9362,16,368,445,475,512
287,20230609c_00515.jpg,2051,buffering,0.0000,0.9316,3,613,373,679,454
287,20230609c_00515.jpg,1134,fanning,0.9989,0.9303,16,239,372,296,451
287,20230609c_00515.jpg,1957,fanning,0.9996,0.9298,16,475,374,554,455
287,20230609c_00515.jpg,2019,fanning,0.9039,0.9250,10,772,372,835,422
287,20230609c_00515.jpg,2048,neutral,0.9994,0.9203,4,83,471,149,526
287,20230609c_00515.jpg,1813,fanning,0.8232,0.9046,16,1079,374,1140,403
287,20230609c_00515.jpg,1934,trophallaxis,0.9966,0.8219,16,495,372,558,396
287,20230609c_00515.jpg,1967,fanning,0.9787,0.8036,16,419,370,493,390
287,20230609c_00515.jpg,2055,buffering,0.0000,0.6643,1,664,372,712,393
288,20230609c_00516.jpg,842,fanning,0.9996,0.9333,16,369,446,469,513
288,20230609c_00516.jpg,158,fanning,0.9934,0.9322,16,1434,374,1508,428
288,20230609c_00516.jpg,1957,fanning,0.9996,0.9286,16,476,373,552,456
288,20230609c_00516.jpg,1881,neutral,0.9938,0.9211,5,601,767,669,864
288,20230609c_00516.jpg,1813,fanning,0.9171,0.9194,16,1082,374,1145,406
288,20230609c_00516.jpg,1134,fanning,0.9991,0.9188,16,240,372,294,451
288,20230609c_00516.jpg,2019,fanning,0.9043,0.9145,11,773,372,835,418
288,20230609c_00516.jpg,2051,neutral,0.9997,0.8916,4,617,373,681,449
288,20230609c_00516.jpg,2048,neutral,0.9996,0.8841,5,100,466,156,516
288,20230609c_00516.jpg,1934,trophallaxis,0.9908,0.8454,16,498,372,563,401
288,20230609c_00516.jpg,1967,fanning,0.9816,0.8264,16,416,369,490,389
288,20230609c_00516.jpg,2055,buffering,0.0000,0.8188,2,663,372,705,391
289,20230609c_00517.jpg,158,fanning,0.9937,0.9325,16,1444,373,1505,424
289,20230609c_00517.jpg,842,fanning,0.9996,0.9323,16,369,446,473,514
289,20230609c_00517.jpg,1957,fanning,0.9995,0.9309,16,477,391,550,457
289,20230609c_00517.jpg,2061,buffering,0.0000,0.9271,1,599,421,650,487
289,20230609c_00517.jpg,1134,fanning,0.9992,0.9224,16,239,372,293,451
289,20230609c_00517.jpg,2019,fanning,0.9277,0.9171,12,770,373,829,415
289,20230609c_00517.jpg,1813,fanning,0.9666,0.9108,16,1085,374,1147,404
289,20230609c_00517.jpg,2048,neutral,0.9992,0.8792,6,100,465,162,514
289,20230609c_00517.jpg,1934,trophallaxis,0.9480,0.8149,16,495,372,555,398
289,20230609c_00517.jpg,2051,neutral,0.9997,0.8130,5,611,374,670,431
289,20230609c_00517.jpg,1967,fanning,0.9810,0.7998,16,417,369,488,388
290,20230609c_00518.jpg,2061,buffering,0.0000,0.9354,2,596,390,659,475
290,20230609c_00518.jpg,1957,fanning,0.9995,0.9347,16,479,382,553,455
290,20230609c_00518.jpg,842,fanning,0.9996,0.9337,16,367,444,473,512
290,20230609c_00518.jpg,158,fanning,0.9941,0.9336,16,1438,374,1510,426
290,20230609c_00518.jpg,1134,fanning,0.9993,0.9267,16,239,371,293,449
290,20230609c_00518.jpg,2019,fanning,0.9586,0.9229,13,768,372,830,413
290,20230609c_00518.jpg,1813,fanning,0.9749,0.9075,16,1087,374,1148,404
290,20230609c_00518.jpg,1934,trophallaxis,0.8488,0.8543,16,497,372,542,398
290,20230609c_00518.jpg,2048,neutral,0.9978,0.8495,7,107,461,161,508
290,20230609c_00518.jpg,1967,fanning,0.9757,0.8417,16,413,369,485,390
291,20230609c_00519.jpg,158,fanning,0.9948,0.9345,16,1436,374,1508,424
291,20230609c_00519.jpg,1957,fanning,0.9994,0.9333,16,481,390,554,455
291,20230609c_00519.jpg,842,fanning,0.9996,0.9328,16,367,446,473,509
291,20230609c_00519.jpg,2061,buffering,0.0000,0.9309,3,583,372,644,445
291,20230609c_00519.jpg,2019,fanning,0.9698,0.9238,14,769,372,829,412
291,20230609c_00519.jpg,2068,buffering,0.0000,0.9218,1,1247,792,1301,877
291,20230609c_00519.jpg,1134,fanning,0.9993,0.9209,16,238,372,293,449
291,20230609c_00519.jpg,1813,fanning,0.9767,0.9048,16,1088,374,1150,403
291,20230609c_00519.jpg,1934,neutral,0.9236,0.8607,16,499,372,542,399
291,20230609c_00519.jpg,2048,neutral,0.9656,0.8165,8,96,470,155,514
291,20230609c_00519.jpg,1967,fanning,0.9287,0.8070,16,411,368,489,391
292,20230609c_00520.jpg,2068,buffering,0.0000,0.9432,2,1239,781,1298,880
292,20230609c_00520.jpg,1957,fanning,0.9994,0.9390,16,480,384,556,455
292,20230609c_00520.jpg,158,fanning,0.9948,0.9347,16,1433,374,1508,427
292,20230609c_00520.jpg,2061,neutral,0.9992,0.9327,4,583,371,643,428
292,20230609c_00520.jpg,842,fanning,0.9996,0.9321,16,367,444,473,510
292,20230609c_00520.jpg,1134,fanning,0.9993,0.9275,16,238,371,294,448
292,20230609c_00520.jpg,1813,fanning,0.9788,0.9071,16,1094,374,1151,403
292,20230609c_00520.jpg,2019,fanning,0.9852,0.9010,15,771,372,831,409
292,20230609c_00520.jpg,1934,neutral,0.9983,0.8549,16,499,372,546,403
292,20230609c_00520.jpg,1967,fanning,0.8244,0.7397,16,431,371,494,391
293,20230609c_00521.jpg,2051,neutral,0.9997,0.9369,6,584,371,659,427
293,20230609c_00521.jpg,1957,fanning,0.9993,0.9368,16,479,394,557,456
293,20230609c_00521.jpg,2074,buffering,0.0000,0.9368,1,838,523,895,615
293,20230609c_00521.jpg,158,fanning,0.9950,0.9361,16,1437,374,1508,426
293,20230609c_00521.jpg,1134,fanning,0.9993,0.9307,16,238,371,295,447
293,20230609c_00521.jpg,842,fanning,0.9996,0.9295,16,368,445,472,510
293,20230609c_00521.jpg,2068,buffering,0.0000,0.9280,3,1209,762,1277,868
293,20230609c_00521.jpg,1813,fanning,0.9691,0.9242,16,1096,374,1152,405
293,20230609c_00521.jpg,2019,fanning,0.9859,0.8935,16,771,372,831,406
293,20230609c_00521.jpg,1934,neutral,0.9989,0.8333,16,489,372,536,395
293,20230609c_00521.jpg,1967,fanning,0.7014,0.7065,16,409,368,487,389
294,20230609c_00522.jpg,2077,buffering,0.0000,0.9412,1,1028,452,1096,540
294,20230609c_00522.jpg,1957,fanning,0.9991,0.9396,16,483,392,570,456
294,20230609c_00522.jpg,2051,neutral,0.9994,0.9373,7,570,372,647,427
294,20230609c_00522.jpg,158,fanning,0.9953,0.9361,16,1436,374,1507,426
294,20230609c_00522.jpg,2074,buffering,0.0000,0.9361,2,836,478,897,572
294,20230609c_00522.jpg,1134,fanning,0.9993,0.9342,16,237,372,291,448
294,20230609c_00522.jpg,842,fanning,0.9996,0.9269,16,365,441,471,511
294,20230609c_00522.jpg,1813,fanning,0.9667,0.9170,16,1095,374,1151,403
294,20230609c_00522.jpg,2019,fanning,0.9890,0.8878,16,768,372,829,404
294,20230609c_00522.jpg,1934,neutral,0.9993,0.8721,16,490,372,547,398
294,20230609c_00522.jpg,1967,uncertain,0.5077,0.8681,16,405,368,481,392
295,20230609c_00523.jpg,2051,neutral,0.9575,0.9385,8,569,371,645,425
295,20230609c_00523.jpg,1957,fanning,0.9991,0.9373,16,482,393,563,455
295,20230609c_00523.jpg,1134,fanning,0.9993,0.9355,16,238,373,292,448
295,20230609c_00523.jpg,158,fanning,0.9961,0.9334,16,1439,375,1509,428
295,20230609c_00523.jpg,842,fanning,0.9996,0.9288,16,366,441,477,513
295,20230609c_00523.jpg,2074,buffering,0.0000,0.9272,3,834,433,880,521
295,20230609c_00523.jpg,1813,fanning,0.9790,0.9168,16,1099,374,1148,402
295,20230609c_00523.jpg,2019,fanning,0.9910,0.8851,16,767,372,829,404
295,20230609c_00523.jpg,1967,neutral,0.5716,0.8796,16,406,368,482,391
295,20230609c_00523.jpg,1934,neutral,0.9993,0.8628,16,493,372,548,399
296,20230609c_00524.jpg,1134,fanning,0.9994,0.9356,16,238,373,293,448
296,20230609c_00524.jpg,158,fanning,0.9951,0.9341,16,1439,374,1511,425
296,20230609c_00524.jpg,1957,fanning,0.9988,0.9336,16,485,392,565,457
296,20230609c_00524.jpg,2074,neutral,0.9990,0.9335,4,818,377,884,469
296,20230609c_00524.jpg,2051,fanning,0.5921,0.9291,9,572,371,650,422
296,20230609c_00524.jpg,842,fanning,0.9996,0.9272,16,366,440,473,508
296,20230609c_00524.jpg,1999,buffering,0.0000,0.9167,2,1017,623,1078,715
296,20230609c_00524.jpg,2019,fanning,0.9828,0.8702,16,775,372,816,398
296,20230609c_00524.jpg,1967,neutral,0.7523,0.8435,16,412,369,484,390
296,20230609c_00524.jpg,1934,neutral,0.9992,0.8312,16,494,372,540,396
297,20230609c_00525.jpg,158,fanning,0.9949,0.9361,16,1446,375,1512,424
297,20230609c_00525.jpg,1957,fanning,0.9982,0.9355,16,486,391,566,456
297,20230609c_00525.jpg,1134,fanning,0.9994,0.9351,16,237,373,293,446
297,20230609c_00525.jpg,2074,neutral,0.9979,0.9309,5,809,371,874,424
297,20230609c_00525.jpg,842,fanning,0.9996,0.9278,16,366,440,471,508
297,20230609c_00525.jpg,2051,fanning,0.9627,0.9083,10,576,372,655,420
297,20230609c_00525.jpg,2087,buffering,0.0000,0.9027,1,1058,372,1141,431
297,20230609c_00525.jpg,2019,fanning,0.9760,0.8564,16,776,372,814,394
297,20230609c_00525.jpg,1934,neutral,0.9995,0.8347,16,497,372,541,397
298,20230609c_00526.jpg,1957,fanning,0.9982,0.9391,16,490,382,572,464
298,20230609c_00526.jpg,2087,buffering,0.0000,0.9391,2,1064,373,1144,426
298,20230609c_00526.jpg,1134,fanning,0.9994,0.9361,16,236,372,295,446
298,20230609c_00526.jpg,158,fanning,0.9968,0.9324,16,1436,374,1506,426
298,20230609c_00526.jpg,842,fanning,0.9996,0.9293,16,369,440,471,511
298,20230609c_00526.jpg,2051,fanning,0.9910,0.8648,11,579,372,662,415
298,20230609c_00526.jpg,1934,neutral,0.9996,0.8647,16,493,372,539,395
298,20230609c_00526.jpg,1967,neutral,0.6691,0.8579,16,414,369,489,392
298,20230609c_00526.jpg,2019,fanning,0.9153,0.8208,16,775,372,809,392
298,20230609c_00526.jpg,1896,neutral,0.7796,0.6206,16,623,372,658,409
299,20230609c_00527.jpg,2094,buffering,0.0000,0.9409,1,885,526,944,610
299,20230609c_00527.jpg,1134,fanning,0.9994,0.9392,16,237,373,297,446
299,20230609c_00527.jpg,842,fanning,0.9996,0.9384,16,368,440,473,511
299,20230609c_00527.jpg,158,fanning,0.9971,0.9359,16,1448,375,1514,426
299,20230609c_00527.jpg,1957,fanning,0.9971,0.9340,16,495,387,571,466
299,20230609c_00527.jpg,2095,buffering,0.0000,0.9244,1,812,370,874,422
299,20230609c_00527.jpg,2087,buffering,0.0000,0.9195,3,1076,373,1132,435
299,20230609c_00527.jpg,2092,buffering,0.0000,0.9139,1,1012,777,1053,848
299,20230609c_00527.jpg,1967,neutral,0.7645,0.8723,16,406,369,481,392
299,20230609c_00527.jpg,1934,neutral,0.9996,0.8675,16,495,372,539,398
299,20230609c_00527.jpg,2051,fanning,0.9596,0.8472,12,569,372,663,413
299,20230609c_00527.jpg,1896,neutral,0.9301,0.8404,16,618,372,661,407
300,20230609c_00528.jpg,2087,neutral,0.9853,0.9414,4,1079,373,1145,431
300,20230609c_00528.jpg,2094,buffering,0.0000,0.9408,2,887,492,943,589
300,20230609c_00528.jpg,1134,fanning,0.9994,0.9388,16,237,372,299,447
300,20230609c_00528.jpg,158,fanning,0.9967,0.9380,16,1448,374,1508,424
300,20230609c_00528.jpg,2028,buffering,0.0000,0.9292,3,603,588,656,682
300,20230609c_00528.jpg,1957,fanning,0.9971,0.9286,16,497,380,568,463
300,20230609c_00528.jpg,842,fanning,0.9994,0.9278,16,365,440,473,512
300,20230609c_00528.jpg,2095,buffering,0.0000,0.9093,2,813,370,872,414
300,20230609c_00528.jpg,2092,buffering,0.0000,0.9072,2,999,760,1041,832
300,20230609c_00528.jpg,2051,fanning,0.8771,0.8855,13,581,372,666,408
300,20230609c_00528.jpg,1967,neutral,0.7366,0.8849,16,395,368,492,394
300,20230609c_00528.jpg,1934,neutral,0.9997,0.7473,16,501,373,549,397
301,20230609c_00529.jpg,1134,fanning,0.9994,0.9373,16,236,372,303,445
301,20230609c_00529.jpg,2092,buffering,0.0000,0.9328,3,981,742,1029,819
301,20230609c_00529.jpg,1957,fanning,0.9971,0.9327,16,501,377,569,465
301,20230609c_00529.jpg,2087,neutral,0.9741,0.9325,5,1081,373,1150,431
301,20230609c_00529.jpg,158,fanning,0.9961,0.9314,16,1436,374,1506,423
301,20230609c_00529.jpg,2094,buffering,0.0000,0.9299,3,888,452,948,555
301,20230609c_00529.jpg,842,fanning,0.9994,0.9270,16,366,440,472,510
301,20230609c_00529.jpg,1868,neutral,0.9987,0.9208,4,530,876,584,967
301,20230609c_00529.jpg,2095,buffering,0.0000,0.8986,3,813,371,875,408
301,20230609c_00529.jpg,1967,neutral,0.7027,0.8869,16,397,367,482,395
301,20230609c_00529.jpg,2051,fanning,0.6182,0.8868,14,573,372,672,408
301,20230609c_00529.jpg,1896,neutral,0.8898,0.8770,16,621,372,660,401
301,20230609c_00529.jpg,1934,neutral,0.9997,0.8113,16,505,373,563,397
302,20230609c_00530.jpg,2094,neutral,0.9988,0.9407,4,878,414,937,514
302,20230609c_00530.jpg,1134,fanning,0.9994,0.9384,16,236,371,302,445
302,20230609c_00530.jpg,1957,fanning,0.9970,0.9362,16,504,375,571,466
302,20230609c_00530.jpg,2092,neutral,0.9958,0.9331,4,973,711,1023,793
302,20230609c_00530.jpg,158,fanning,0.9961,0.9327,16,1451,375,1518,427
302,20230609c_00530.jpg,842,fanning,0.9994,0.9276,16,371,438,472,510
302,20230609c_00530.jpg,2087,neutral,0.9716,0.9254,6,1087,372,1168,433
302,20230609c_00530.jpg,2095,neutral,0.9991,0.8816,4,826,371,863,398
302,20230609c_00530.jpg,1967,neutral,0.7074,0.8807,16,406,369,481,394
302,20230609c_00530.jpg,1934,neutral,0.9997,0.7831,16,503,373,548,400
303,20230609c_00531.jpg,2087,neutral,0.9879,0.9378,7,1074,372,1148,423
303,20230609c_00531.jpg,1134,fanning,0.9993,0.9369,16,236,370,305,445
303,20230609c_00531.jpg,158,fanning,0.9962,0.9309,16,1451,374,1521,427
303,20230609c_00531.jpg,842,fanning,0.9994,0.9283,16,371,439,471,510
303,20230609c_00531.jpg,1957,fanning,0.9965,0.9271,16,504,372,572,464
303,20230609c_00531.jpg,2094,neutral,0.9979,0.9233,5,855,371,914,473
303,20230609c_00531.jpg,2092,neutral,0.9954,0.9205,5,971,663,1019,746
303,20230609c_00531.jpg,2095,neutral,0.9990,0.8712,5,824,371,865,398
303,20230609c_00531.jpg,1896,neutral,0.9167,0.8452,16,622,372,662,394
303,20230609c_00531.jpg,1967,neutral,0.6393,0.8240,16,419,370,491,394
303,20230609c_00531.jpg,1934,neutral,0.9997,0.6837,16,512,373,551,403
304,20230609c_00532.jpg,1134,fanning,0.9993,0.9350,16,235,371,308,446
304,20230609c_00532.jpg,2087,neutral,0.9834,0.9328,8,1062,371,1146,419
304,20230609c_00532.jpg,842,fanning,0.9994,0.9328,16,371,437,471,509
304,20230609c_00532.jpg,158,fanning,0.9952,0.9321,16,1449,374,1516,424
304,20230609c_00532.jpg,2094,neutral,0.9976,0.9248,6,820,369,884,434
304,20230609c_00532.jpg,1957,fanning,0.9963,0.9226,16,507,373,571,463
304,20230609c_00532.jpg,1967,neutral,0.6427,0.8372,16,426,370,504,396
304,20230609c_00532.jpg,1896,neutral,0.9869,0.8042,16,617,372,663,396
305,20230609c_00533.jpg,1134,fanning,0.9992,0.9376,16,236,371,304,446
305,20230609c_00533.jpg,2094,neutral,0.9964,0.9360,7,823,370,872,423
305,20230609c_00533.jpg,2087,neutral,0.9637,0.9344,9,1070,370,1149,417
305,20230609c_00533.jpg,1957,fanning,0.9959,0.9326,16,508,372,574,461
305,20230609c_00533.jpg,842,fanning,0.9994,0.9319,16,372,435,473,510
305,20230609c_00533.jpg,158,fanning,0.9965,0.9308,16,1452,375,1518,430
305,20230609c_00533.jpg,2118,buffering,0.0000,0.9238,1,704,374,760,440
305,20230609c_00533.jpg,1967,neutral,0.6937,0.7596,16,430,370,499,391
305,20230609c_00533.jpg,1934,neutral,0.9997,0.5984,16,500,373,542,397
306,20230609c_00534.jpg,2118,buffering,0.0000,0.9389,2,697,372,766,458
306,20230609c_00534.jpg,2077,buffering,0.0000,0.9388,2,1046,486,1124,569
306,20230609c_00534.jpg,1957,fanning,0.9953,0.9384,16,511,375,577,460
306,20230609c_00534.jpg,1134,fanning,0.9989,0.9383,16,236,370,305,446
306,20230609c_00534.jpg,2087,neutral,0.9134,0.9353,10,1090,372,1169,419
306,20230609c_00534.jpg,158,fanning,0.9971,0.9281,16,1449,375,1525,426
306,20230609c_00534.jpg,842,fanning,0.9993,0.9262,16,372,438,469,510
306,20230609c_00534.jpg,1967,neutral,0.6031,0.8297,16,433,370,516,395
307,20230609c_00535.jpg,1957,fanning,0.9957,0.9407,16,511,375,578,461
307,20230609c_00535.jpg,2123,buffering,0.0000,0.9384,1,818,370,879,424
307,20230609c_00535.jpg,2077,buffering,0.0000,0.9371,3,1082,482,1161,560
307,20230609c_00535.jpg,1134,fanning,0.9988,0.9331,16,236,370,307,445
307,20230609c_00535.jpg,2118,buffering,0.0000,0.9324,3,702,376,767,469
307,20230609c_00535.jpg,158,fanning,0.9971,0.9309,16,1451,374,1520,429
307,20230609c_00535.jpg,2087,neutral,0.8022,0.9277,11,1093,372,1179,418
307,20230609c_00535.jpg,842,fanning,0.9991,0.9242,16,373,440,468,510
307,20230609c_00535.jpg,1967,neutral,0.6910,0.7516,16,440,371,522,396
308,20230609c_00536.jpg,2077,neutral,0.9994,0.9403,4,1078,473,1163,553
308,20230609c_00536.jpg,1957,fanning,0.9962,0.9386,16,513,375,577,461
308,20230609c_00536.jpg,2123,buffering,0.0000,0.9385,2,824,370,878,423
308,20230609c_00536.jpg,2128,buffering,0.0000,0.9369,1,559,536,615,624
308,20230609c_00536.jpg,1134,fanning,0.9989,0.9365,16,236,370,302,445
308,20230609c_00536.jpg,842,fanning,0.9991,0.9307,16,373,441,468,511
308,20230609c_00536.jpg,2118,neutral,0.9997,0.9299,4,720,372,781,458
308,20230609c_00536.jpg,158,fanning,0.9977,0.9290,16,1449,374,1526,426
308,20230609c_00536.jpg,2087,uncertain,0.5347,0.9251,12,1098,373,1179,408
308,20230609c_00536.jpg,1967,neutral,0.5616,0.8487,16,443,372,518,396
309,20230609c_00537.jpg,2123,buffering,0.0000,0.9424,3,822,370,882,424
309,20230609c_00537.jpg,2077,neutral,0.9993,0.9404,5,1074,467,1161,544
309,20230609c_00537.jpg,1957,fanning,0.9955,0.9380,16,512,376,576,461
309,20230609c_00537.jpg,1134,fanning,0.9989,0.9372,16,239,370,301,447
309,20230609c_00537.jpg,158,fanning,0.9981,0.9330,16,1446,374,1525,425
309,20230609c_00537.jpg,2118,neutral,0.9996,0.9330,5,728,371,785,444
309,20230609c_00537.jpg,842,fanning,0.9991,0.9322,16,374,439,472,510
309,20230609c_00537.jpg,2132,buffering,0.0000,0.9273,1,426,778,470,866
309,20230609c_00537.jpg,1813,fanning,0.9781,0.8965,16,1098,370,1220,406
309,20230609c_00537.jpg,1967,uncertain,0.5464,0.7576,16,447,372,525,398
310,20230609c_00538.jpg,158,fanning,0.9982,0.9428,16,1447,374,1531,427
310,20230609c_00538.jpg,2123,neutral,0.9997,0.9419,4,824,371,887,425
310,20230609c_00538.jpg,2077,neutral,0.9984,0.9376,6,1100,451,1166,526
310,20230609c_00538.jpg,1134,fanning,0.9987,0.9323,16,238,370,304,447
310,20230609c_00538.jpg,2118,neutral,0.9996,0.9314,6,728,371,786,440
310,20230609c_00538.jpg,842,fanning,0.9990,0.9294,16,375,440,466,510
310,20230609c_00538.jpg,1957,fanning,0.9936,0.9188,16,517,382,577,461
310,20230609c_00538.jpg,1813,fanning,0.9665,0.8827,16,1107,371,1197,409
310,20230609c_00538.jpg,1967,fanning,0.6612,0.7745,16,454,372,524,395
311,20230609c_00539.jpg,2077,neutral,0.9981,0.9455,7,1110,441,1173,518
311,20230609c_00539.jpg,158,fanning,0.9980,0.9420,16,1444,375,1521,428
311,20230609c_00539.jpg,2123,neutral,0.9993,0.9375,5,824,370,895,430
311,20230609c_00539.jpg,842,fanning,0.9988,0.9318,16,375,441,469,510
311,20230609c_00539.jpg,1134,fanning,0.9983,0.9299,16,238,371,299,447
311,20230609c_00539.jpg,2118,neutral,0.9996,0.9211,7,731,373,783,430
311,20230609c_00539.jpg,1813,fanning,0.9843,0.9165,16,1122,371,1202,408
311,20230609c_00539.jpg,1957,fanning,0.9924,0.8940,16,516,383,588,488
311,20230609c_00539.jpg,1967,fanning,0.6705,0.8363,16,458,372,538,398
312,20230609c_00540.jpg,158,fanning,0.9980,0.9459,16,1448,375,1517,429
312,20230609c_00540.jpg,2077,neutral,0.9984,0.9425,8,1114,425,1176,505
312,20230609c_00540.jpg,2140,buffering,0.0000,0.9412,1,834,401,896,498
312,20230609c_00540.jpg,1957,fanning,0.9940,0.9332,16,514,405,615,487
312,20230609c_00540.jpg,1134,fanning,0.9974,0.9314,16,239,371,297,447
312,20230609c_00540.jpg,842,fanning,0.9985,0.9307,16,375,440,468,510
312,20230609c_00540.jpg,2118,neutral,0.9996,0.9245,8,729,372,791,421
312,20230609c_00540.jpg,2123,neutral,0.9975,0.9203,6,823,371,904,416
312,20230609c_00540.jpg,1813,fanning,0.9936,0.8870,16,1120,371,1208,406
312,20230609c_00540.jpg,1967,uncertain,0.5067,0.8429,16,457,372,549,396
313,20230609c_00541.jpg,2145,buffering,0.0000,0.9394,1,293,580,346,662
313,20230609c_00541.jpg,2077,neutral,0.9972,0.9369,9,1124,411,1186,492
313,20230609c_00541.jpg,2140,buffering,0.0000,0.9356,2,827,371,916,481
313,20230609c_00541.jpg,842,fanning,0.9980,0.9336,16,376,439,471,510
313,20230609c_00541.jpg,1134,fanning,0.9970,0.9315,16,237,371,291,447
313,20230609c_00541.jpg,158,fanning,0.9981,0.9308,16,1441,373,1507,426
313,20230609c_00541.jpg,1957,fanning,0.9967,0.9300,16,517,393,601,487
313,20230609c_00541.jpg,1881,neutral,0.9948,0.9273,6,624,681,667,769
313,20230609c_00541.jpg,2118,neutral,0.9995,0.9213,9,732,372,793,419
313,20230609c_00541.jpg,2123,neutral,0.9948,0.8968,7,824,371,900,410
313,20230609c_00541.jpg,2144,buffering,0.0000,0.8776,1,516,386,568,457
313,20230609c_00541.jpg,1813,fanning,0.9960,0.8371,16,1125,371,1223,402
313,20230609c_00541.jpg,1967,uncertain,0.5458,0.7129,16,462,372,545,395
314,20230609c_00542.jpg,2145,buffering,0.0000,0.9399,2,320,569,372,654
314,20230609c_00542.jpg,2140,buffering,0.0000,0.9360,3,829,371,896,464
314,20230609c_00542.jpg,842,fanning,0.9976,0.9356,16,376,438,470,510
314,20230609c_00542.jpg,2077,neutral,0.9935,0.9316,10,1129,375,1204,474
314,20230609c_00542.jpg,1957,fanning,0.9968,0.9274,16,509,387,587,494
314,20230609c_00542.jpg,1134,fanning,0.9967,0.9233,16,238,372,292,447
314,20230609c_00542.jpg,2118,neutral,0.9995,0.9202,10,733,372,794,419
314,20230609c_00542.jpg,158,fanning,0.9977,0.9186,16,1442,373,1508,423
314,20230609c_00542.jpg,2144,buffering,0.0000,0.8932,2,513,384,566,449
314,20230609c_00542.jpg,1813,fanning,0.9957,0.7989,16,1132,370,1210,396
315,20230609c_00543.jpg,158,fanning,0.9974,0.9376,16,1442,374,1511,428
315,20230609c_00543.jpg,2145,buffering,0.0000,0.9373,3,347,545,402,631
315,20230609c_00543.jpg,842,fanning,0.9972,0.9353,16,377,436,469,510
315,20230609c_00543.jpg,2140,neutral,0.9906,0.9336,4,826,370,899,451
315,20230609c_00543.jpg,1134,fanning,0.9970,0.9301,16,237,372,290,448
315,20230609c_00543.jpg,2118,neutral,0.9995,0.9161,11,733,372,792,415
315,20230609c_00543.jpg,2144,buffering,0.0000,0.9136,3,516,379,571,444
315,20230609c_00543.jpg,1957,fanning,0.9974,0.9046,16,521,427,588,500
315,20230609c_00543.jpg,2077,neutral,0.9978,0.8920,11,1135,370,1205,460
315,20230609c_00543.jpg,1967,neutral,0.8767,0.8191,16,465,372,549,393
315,20230609c_00543.jpg,1813,fanning,0.9933,0.7264,16,1134,370,1218,398
316,20230609c_00544.jpg,2145,neutral,0.9986,0.9405,4,356,512,406,591
316,20230609c_00544.jpg,158,fanning,0.9979,0.9372,16,1438,374,1510,425
316,20230609c_00544.jpg,842,fanning,0.9987,0.9315,16,377,436,470,513
316,20230609c_00544.jpg,1957,fanning,0.9978,0.9298,16,512,420,572,495
316,20230609c_00544.jpg,1134,fanning,0.9972,0.9293,16,237,372,291,449
316,20230609c_00544.jpg,2118,neutral,0.9996,0.9118,12,741,372,783,410
316,20230609c_00544.jpg,2140,neutral,0.9790,0.8992,5,834,371,916,443
316,20230609c_00544.jpg,2144,neutral,0.9992,0.8596,4,522,378,578,439
316,20230609c_00544.jpg,2077,neutral,0.9982,0.8474,12,1143,371,1215,445
316,20230609c_00544.jpg,1967,neutral,0.9551,0.8054,16,474,373,559,393
316,20230609c_00544.jpg,1813,fanning,0.9852,0.8006,16,1144,371,1218,398
317,20230609c_00545.jpg,158,fanning,0.9986,0.9367,16,1433,374,1513,429
317,20230609c_00545.jpg,1134,fanning,0.9976,0.9303,16,237,372,292,449
317,20230609c_00545.jpg,2145,neutral,0.9796,0.9251,5,368,474,421,567
317,20230609c_00545.jpg,842,fanning,0.9987,0.9231,16,378,436,469,512
317,20230609c_00545.jpg,1957,fanning,0.9977,0.9230,16,506,403,572,490
317,20230609c_00545.jpg,2092,neutral,0.9955,0.9187,6,855,370,925,460
317,20230609c_00545.jpg,2118,neutral,0.9995,0.9000,13,742,372,780,402
317,20230609c_00545.jpg,2077,neutral,0.9971,0.8914,13,1152,371,1222,427
317,20230609c_00545.jpg,2144,neutral,0.9992,0.7515,5,515,370,580,440
318,20230609c_00546.jpg,158,fanning,0.9987,0.9349,16,1436,375,1513,430
318,20230609c_00546.jpg,1134,fanning,0.9981,0.9315,16,238,373,291,449
318,20230609c_00546.jpg,1957,fanning,0.9973,0.9272,16,512,401,573,492
318,20230609c_00546.jpg,842,fanning,0.9987,0.9156,16,378,440,460,559
318,20230609c_00546.jpg,2145,neutral,0.7261,0.9148,6,389,482,441,560
318,20230609c_00546.jpg,1813,fanning,0.9853,0.8943,16,1149,372,1225,405
318,20230609c_00546.jpg,2118,neutral,0.9996,0.8707,14,744,372,779,397
318,20230609c_00546.jpg,2123,neutral,0.9972,0.8574,8,856,372,911,397
319,20230609c_00547.jpg,2152,buffering,0.0000,0.9430,1,909,403,974,497
319,20230609c_00547.jpg,158,fanning,0.9987,0.9416,16,1442,374,1512,428
319,20230609c_00547.jpg,2145,neutral,0.9727,0.9330,7,418,445,478,555
319,20230609c_00547.jpg,1957,fanning,0.9962,0.9309,16,521,380,590,483
319,20230609c_00547.jpg,1134,fanning,0.9981,0.9267,16,238,372,290,449
319,20230609c_00547.jpg,842,fanning,0.9986,0.9263,16,376,432,467,508
319,20230609c_00547.jpg,1813,fanning,0.9869,0.9090,16,1154,371,1229,405
319,20230609c_00547.jpg,2118,neutral,0.9996,0.8564,15,747,372,781,392
319,20230609c_00547.jpg,2123,neutral,0.9977,0.8354,9,852,372,892,392
319,20230609c_00547.jpg,1967,neutral,0.9976,0.7461,16,500,372,594,395
320,20230609c_00548.jpg,2152,buffering,0.0000,0.9455,2,930,408,998,494
320,20230609c_00548.jpg,158,fanning,0.9987,0.9355,16,1436,375,1512,433
320,20230609c_00548.jpg,1134,fanning,0.9985,0.9328,16,239,372,290,450
320,20230609c_00548.jpg,2155,buffering,0.0000,0.9328,1,855,450,921,539
320,20230609c_00548.jpg,1957,fanning,0.9957,0.9288,16,521,379,588,477
320,20230609c_00548.jpg,2145,neutral,0.9722,0.9231,8,448,452,505,534
320,20230609c_00548.jpg,842,fanning,0.9985,0.9224,16,376,433,478,513
320,20230609c_00548.jpg,1813,fanning,0.9885,0.9145,16,1157,371,1229,405
320,20230609c_00548.jpg,1967,neutral,0.9986,0.8177,16,513,372,596,396
320,20230609c_00548.jpg,2123,neutral,0.9980,0.7666,10,849,372,883,389
321,20230609c_00549.jpg,2152,buffering,0.0000,0.9476,3,957,404,1031,487
321,20230609c_00549.jpg,158,fanning,0.9987,0.9375,16,1440,374,1510,429
321,20230609c_00549.jpg,2155,buffering,0.0000,0.9317,2,882,426,934,517
321,20230609c_00549.jpg,1134,fanning,0.9989,0.9313,16,238,372,289,449
321,20230609c_00549.jpg,842,fanning,0.9985,0.9308,16,375,432,462,514
321,20230609c_00549.jpg,1957,fanning,0.9943,0.9307,16,517,370,591,465
321,20230609c_00549.jpg,2145,neutral,0.9072,0.9285,9,459,411,533,501
321,20230609c_00549.jpg,1813,fanning,0.9894,0.8974,16,1159,372,1231,403
321,20230609c_00549.jpg,1967,neutral,0.9986,0.7806,16,514,372,591,389
321,20230609c_00549.jpg,2123,neutral,0.9976,0.7208,11,844,371,880,386
322,20230609c_00550.jpg,2152,neutral,0.9867,0.9457,4,987,393,1058,474
322,20230609c_00550.jpg,158,fanning,0.9984,0.9417,16,1438,374,1515,428
322,20230609c_00550.jpg,842,fanning,0.9987,0.9368,16,375,430,464,511
322,20230609c_00550.jpg,2155,buffering,0.0000,0.9364,3,888,400,942,490
322,20230609c_00550.jpg,1134,fanning,0.9993,0.9361,16,238,373,290,449
322,20230609c_00550.jpg,2145,uncertain,0.5050,0.9323,10,492,410,550,477
322,20230609c_00550.jpg,1957,fanning,0.9916,0.9311,16,546,386,598,464
322,20230609c_00550.jpg,1813,fanning,0.9916,0.9086,16,1170,372,1236,398
322,20230609c_00550.jpg,1967,neutral,0.9953,0.7981,16,523,371,597,388
323,20230609c_00551.jpg,158,fanning,0.9983,0.9434,16,1431,373,1513,426
323,20230609c_00551.jpg,842,fanning,0.9984,0.9343,16,373,431,464,509
323,20230609c_00551.jpg,2152,neutral,0.9788,0.9325,5,1023,374,1100,443
323,20230609c_00551.jpg,2155,neutral,0.9996,0.9316,4,887,394,938,485
323,20230609c_00551.jpg,2145,fanning,0.7310,0.9295,11,495,376,569,478
323,20230609c_00551.jpg,1134,fanning,0.9994,0.9222,16,237,372,292,448
323,20230609c_00551.jpg,1957,fanning,0.9956,0.9156,16,550,385,599,456
323,20230609c_00551.jpg,1813,fanning,0.9923,0.9133,16,1169,372,1238,400
323,20230609c_00551.jpg,1967,neutral,0.9818,0.8080,16,527,371,610,392
324,20230609c_00552.jpg,158,fanning,0.9981,0.9410,16,1441,374,1512,423
324,20230609c_00552.jpg,2152,neutral,0.9558,0.9376,6,1055,374,1122,435
324,20230609c_00552.jpg,842,fanning,0.9986,0.9356,16,376,431,464,509
324,20230609c_00552.jpg,2145,fanning,0.7479,0.9308,12,499,376,565,472
324,20230609c_00552.jpg,1134,fanning,0.9995,0.9292,16,237,372,288,449
324,20230609c_00552.jpg,2155,neutral,0.9993,0.9237,5,883,387,935,475
324,20230609c_00552.jpg,1957,fanning,0.9957,0.9214,16,533,370,606,462
324,20230609c_00552.jpg,2165,buffering,0.0000,0.9090,1,1328,760,1369,829
324,20230609c_00552.jpg,1813,fanning,0.9928,0.8933,16,1171,371,1243,401
324,20230609c_00552.jpg,1967,neutral,0.9928,0.8005,16,530,371,617,392
325,20230609c_00553.jpg,158,fanning,0.9981,0.9421,16,1441,374,1514,426
325,20230609c_00553.jpg,2152,neutral,0.9191,0.9361,7,1074,373,1140,435
325,20230609c_00553.jpg,1134,fanning,0.9995,0.9351,16,238,372,290,448
325,20230609c_00553.jpg,842,fanning,0.9982,0.9350,16,375,429,470,508
325,20230609c_00553.jpg,2155,neutral,0.9984,0.9196,6,888,378,939,460
325,20230609c_00553.jpg,2165,buffering,0.0000,0.9132,2,1314,739,1355,811
325,20230609c_00553.jpg,2145,fanning,0.7591,0.9096,13,501,373,580,464
325,20230609c_00553.jpg,1813,fanning,0.9955,0.9002,16,1181,372,1249,399
325,20230609c_00553.jpg,1957,fanning,0.9955,0.8867,16,552,379,600,449
325,20230609c_00553.jpg,1967,neutral,0.9647,0.7786,16,550,372,623,391
326,20230609c_00554.jpg,158,fanning,0.9975,0.9429,16,1440,374,1515,424
326,20230609c_00554.jpg,842,fanning,0.9986,0.9290,16,376,431,469,510
326,20230609c_00554.jpg,2145,fanning,0.7861,0.9286,14,505,370,578,457
326,20230609c_00554.jpg,2155,neutral,0.9980,0.9150,7,887,373,935,440
326,20230609c_00554.jpg,1134,fanning,0.9996,0.9088,16,237,370,292,442
326,20230609c_00554.jpg,1813,fanning,0.9974,0.9016,16,1181,372,1249,403
326,20230609c_00554.jpg,1957,fanning,0.9986,0.8865,16,552,373,629,441
327,20230609c_00555.jpg,158,fanning,0.9979,0.9410,16,1440,375,1516,430
327,20230609c_00555.jpg,2171,buffering,0.0000,0.9383,1,1068,374,1141,445
327,20230609c_00555.jpg,842,fanning,0.9987,0.9321,16,374,428,467,510
327,20230609c_00555.jpg,2145,fanning,0.8692,0.9249,15,510,370,583,455
327,20230609c_00555.jpg,1134,fanning,0.9996,0.9142,16,238,371,293,442
327,20230609c_00555.jpg,2155,neutral,0.9965,0.9045,8,890,374,937,419
327,20230609c_00555.jpg,1813,fanning,0.9980,0.9018,16,1174,372,1245,403
327,20230609c_00555.jpg,1957,fanning,0.9940,0.8817,16,559,373,626,441
328,20230609c_00556.jpg,2171,buffering,0.0000,0.9410,2,1072,377,1154,440
328,20230609c_00556.jpg,842,fanning,0.9987,0.9365,16,375,429,465,511
328,20230609c_00556.jpg,158,fanning,0.9980,0.9300,16,1439,373,1508,423
328,20230609c_00556.jpg,2145,fanning,0.9359,0.9161,16,511,371,599,449
328,20230609c_00556.jpg,1134,fanning,0.9996,0.9108,16,236,371,294,442
328,20230609c_00556.jpg,1813,fanning,0.9985,0.8959,16,1183,372,1245,399
328,20230609c_00556.jpg,1957,trophallaxis,0.6356,0.8949,16,558,371,601,439
328,20230609c_00556.jpg,2155,neutral,0.9959,0.8897,9,893,373,935,399
328,20230609c_00556.jpg,1967,trophallaxis,0.7441,0.6869,16,580,372,635,398
329,20230609c_00557.jpg,842,fanning,0.9987,0.9372,16,377,427,466,511
329,20230609c_00557.jpg,158,fanning,0.9978,0.9361,16,1444,375,1511,427
329,20230609c_00557.jpg,2171,buffering,0.0000,0.9343,3,1074,375,1152,438
329,20230609c_00557.jpg,1134,fanning,0.9996,0.9202,16,234,371,292,441
329,20230609c_00557.jpg,2184,buffering,0.0000,0.9198,1,171,1010,231,1080
329,20230609c_00557.jpg,2145,fanning,0.8908,0.9057,16,514,370,623,443
329,20230609c_00557.jpg,1813,fanning,0.9986,0.9013,16,1183,371,1240,400
329,20230609c_00557.jpg,1957,trophallaxis,0.9684,0.8529,16,559,372,606,439
329,20230609c_00557.jpg,1967,trophallaxis,0.9730,0.5555,16,596,374,641,400
330,20230609c_00558.jpg,158,fanning,0.9986,0.9429,16,1435,374,1515,430
330,20230609c_00558.jpg,842,fanning,0.9987,0.9385,16,377,428,463,511
330,20230609c_00558.jpg,1134,fanning,0.9996,0.9294,16,234,369,290,441
330,20230609c_00558.jpg,2171,neutral,0.9990,0.9285,4,1084,373,1162,436
330,20230609c_00558.jpg,2189,buffering,0.0000,0.9243,1,1101,901,1151,1007
330,20230609c_00558.jpg,2187,buffering,0.0000,0.9242,1,503,839,575,910
330,20230609c_00558.jpg,1813,fanning,0.9984,0.9078,16,1188,372,1237,400
330,20230609c_00558.jpg,1934,neutral,0.9997,0.9076,16,512,371,577,438
330,20230609c_00558.jpg,1957,trophallaxis,0.9972,0.8840,16,556,371,635,437
330,20230609c_00558.jpg,2184,buffering,0.0000,0.8788,2,185,1027,251,1079
331,20230609c_00559.jpg,842,fanning,0.9989,0.9375,16,377,429,467,511
331,20230609c_00559.jpg,158,fanning,0.9984,0.9373,16,1444,373,1510,424
331,20230609c_00559.jpg,2171,neutral,0.9990,0.9306,5,1098,374,1170,437
331,20230609c_00559.jpg,1134,fanning,0.9996,0.9278,16,228,368,287,439
331,20230609c_00559.jpg,1868,neutral,0.9980,0.9196,5,543,883,628,946
331,20230609c_00559.jpg,1813,fanning,0.9983,0.9144,16,1189,371,1236,400
331,20230609c_00559.jpg,1934,neutral,0.9997,0.9070,16,519,370,577,435
331,20230609c_00559.jpg,1957,trophallaxis,0.9974,0.8807,16,559,370,641,433
331,20230609c_00559.jpg,2184,buffering,0.0000,0.8366,3,215,1040,276,1079
332,20230609c_00560.jpg,158,fanning,0.9986,0.9428,16,1440,374,1514,431
332,20230609c_00560.jpg,842,fanning,0.9989,0.9394,16,377,430,465,511
332,20230609c_00560.jpg,1134,fanning,0.9996,0.9328,16,225,369,283,438
332,20230609c_00560.jpg,2197,buffering,0.0000,0.9271,1,61,962,132,1041
332,20230609c_00560.jpg,2171,neutral,0.9984,0.9264,6,1111,372,1176,433
332,20230609c_00560.jpg,1813,fanning,0.9986,0.9054,16,1189,371,1235,400
332,20230609c_00560.jpg,2184,neutral,0.9997,0.8944,4,230,1027,289,1079
332,20230609c_00560.jpg,1934,neutral,0.9997,0.8736,16,521,370,639,428
332,20230609c_00560.jpg,1957,trophallaxis,0.9930,0.8636,16,553,372,604,432
332,20230609c_00560.jpg,1967,trophallaxis,0.9857,0.8087,16,597,372,643,403
333,20230609c_00561.jpg,158,fanning,0.9984,0.9418,16,1438,374,1520,434
333,20230609c_00561.jpg,842,fanning,0.9988,0.9391,16,377,431,466,510
333,20230609c_00561.jpg,2203,buffering,0.0000,0.9308,1,449,970,509,1044
333,20230609c_00561.jpg,2184,neutral,0.9996,0.9301,5,220,983,298,1080
333,20230609c_00561.jpg,2197,buffering,0.0000,0.9296,2,88,944,162,1027
333,20230609c_00561.jpg,1134,fanning,0.9996,0.9262,16,225,369,284,437
333,20230609c_00561.jpg,1813,fanning,0.9988,0.9114,16,1189,371,1232,401
333,20230609c_00561.jpg,1934,neutral,0.9997,0.9062,16,517,370,576,424
333,20230609c_00561.jpg,1957,trophallaxis,0.9987,0.9061,16,557,370,645,434
334,20230609c_00562.jpg,842,fanning,0.9989,0.9429,16,376,430,465,510
334,20230609c_00562.jpg,158,fanning,0.9981,0.9422,16,1445,373,1517,426
334,20230609c_00562.jpg,2184,neutral,0.9990,0.9293,6,249,928,338,1038
334,20230609c_00562.jpg,2203,buffering,0.0000,0.9270,2,478,962,532,1033
334,20230609c_00562.jpg,1134,fanning,0.9996,0.9238,16,224,369,283,436
334,20230609c_00562.jpg,2208,buffering,0.0000,0.9201,1,1018,760,1086,850
334,20230609c_00562.jpg,1934,neutral,0.9996,0.9095,16,520,371,563,411
334,20230609c_00562.jpg,1813,fanning,0.9987,0.9083,16,1188,371,1233,401
334,20230609c_00562.jpg,1957,trophallaxis,0.9978,0.9010,16,559,369,641,434
335,20230609c_00563.jpg,158,fanning,0.9983,0.9434,16,1435,374,1519,428
335,20230609c_00563.jpg,842,fanning,0.9989,0.9396,16,376,429,469,510
335,20230609c_00563.jpg,2208,buffering,0.0000,0.9222,2,1039,774,1108,859
335,20230609c_00563.jpg,1134,fanning,0.9996,0.9129,16,224,365,286,434
335,20230609c_00563.jpg,1934,neutral,0.9995,0.9081,16,521,372,567,407
335,20230609c_00563.jpg,1813,fanning,0.9984,0.9078,16,1187,371,1233,402
335,20230609c_00563.jpg,1957,trophallaxis,0.9979,0.8985,16,562,370,640,431
336,20230609c_00564.jpg,842,fanning,0.9988,0.9436,16,375,431,469,510
336,20230609c_00564.jpg,158,fanning,0.9983,0.9401,16,1444,373,1514,422
336,20230609c_00564.jpg,2208,buffering,0.0000,0.9266,3,1070,772,1130,863
336,20230609c_00564.jpg,1134,fanning,0.9996,0.9152,16,224,367,290,433
336,20230609c_00564.jpg,1813,fanning,0.9986,0.9048,16,1183,371,1235,402
336,20230609c_00564.jpg,1957,trophallaxis,0.9066,0.8986,16,562,371,637,436
336,20230609c_00564.jpg,1934,neutral,0.9995,0.8959,16,523,371,567,399
336,20230609c_00564.jpg,1967,trophallaxis,0.7524,0.5722,16,604,373,643,404
337,20230609c_00565.jpg,158,fanning,0.9986,0.9428,16,1445,374,1518,430
337,20230609c_00565.jpg,842,fanning,0.9989,0.9379,16,376,432,465,510
337,20230609c_00565.jpg,2208,neutral,0.9990,0.9293,4,1091,738,1147,852
337,20230609c_00565.jpg,1134,fanning,0.9996,0.9165,16,223,362,288,433
337,20230609c_00565.jpg,1813,fanning,0.9989,0.9092,16,1182,371,1239,403
337,20230609c_00565.jpg,1957,fanning,0.8905,0.9090,16,540,371,634,440
337,20230609c_00565.jpg,2219,buffering,0.0000,0.8940,1,1133,374,1172,412
338,20230609c_00566.jpg,158,fanning,0.9987,0.9425,16,1444,374,1517,424
338,20230609c_00566.jpg,842,fanning,0.9988,0.9357,16,375,432,467,509
338,20230609c_00566.jpg,2208,neutral,0.9991,0.9257,5,1112,728,1162,823
338,20230609c_00566.jpg,1134,fanning,0.9996,0.9182,16,223,361,288,433
338,20230609c_00566.jpg,1957,fanning,0.9962,0.9165,16,562,372,616,435
338,20230609c_00566.jpg,2219,buffering,0.0000,0.9056,2,1131,373,1176,411
338,20230609c_00566.jpg,1813,fanning,0.9989,0.9026,16,1185,372,1244,402
339,20230609c_00567.jpg,158,fanning,0.9987,0.9405,16,1446,374,1520,422
339,20230609c_00567.jpg,842,fanning,0.9989,0.9316,16,376,429,470,511
339,20230609c_00567.jpg,1134,fanning,0.9996,0.9239,16,224,359,288,432
339,20230609c_00567.jpg,2208,neutral,0.7721,0.9092,6,1133,695,1176,782
339,20230609c_00567.jpg,1813,fanning,0.9987,0.9059,16,1128,371,1248,403
339,20230609c_00567.jpg,2219,buffering,0.0000,0.9026,3,1135,373,1180,399
339,20230609c_00567.jpg,1957,fanning,0.9540,0.8877,16,543,371,622,429
340,20230609c_00568.jpg,158,fanning,0.9986,0.9453,16,1445,374,1537,424
340,20230609c_00568.jpg,842,fanning,0.9988,0.9342,16,376,429,471,509
340,20230609c_00568.jpg,1134,fanning,0.9996,0.9256,16,222,359,288,432
340,20230609c_00568.jpg,2208,uncertain,0.5035,0.9212,7,1157,651,1203,737
340,20230609c_00568.jpg,2171,neutral,0.9844,0.9019,7,1185,372,1246,402
340,20230609c_00568.jpg,1957,fanning,0.9768,0.8955,16,539,371,627,420
340,20230609c_00568.jpg,2219,neutral,0.9991,0.6584,4,1138,372,1180,388
340,20230609c_00568.jpg,1967,neutral,0.9888,0.6487,16,603,372,639,399
341,20230609c_00569.jpg,158,fanning,0.9985,0.9500,16,1438,374,1518,428
341,20230609c_00569.jpg,842,fanning,0.9990,0.9367,16,376,431,471,510
341,20230609c_00569.jpg,2236,buffering,0.0000,0.9321,1,1015,959,1067,1044
341,20230609c_00569.jpg,1134,fanning,0.9996,0.9257,16,223,361,288,433
341,20230609c_00569.jpg,2208,fanning,0.7994,0.9159,8,1184,606,1240,695
341,20230609c_00569.jpg,2237,buffering,0.0000,0.9084,1,679,772,714,835
341,20230609c_00569.jpg,2171,neutral,0.8419,0.8932,8,1190,373,1249,403
341,20230609c_00569.jpg,1957,fanning,0.9735,0.8774,16,564,371,609,399
341,20230609c_00569.jpg,1967,neutral,0.9096,0.7497,16,611,374,651,401
342,20230609c_00570.jpg,842,fanning,0.9989,0.9387,16,377,434,469,509
342,20230609c_00570.jpg,158,fanning,0.9985,0.9382,16,1441,373,1510,421
342,20230609c_00570.jpg,2208,fanning,0.9170,0.9307,9,1208,570,1268,654
342,20230609c_00570.jpg,2236,buffering,0.0000,0.9304,2,991,929,1051,1020
342,20230609c_00570.jpg,1134,fanning,0.9996,0.9269,16,221,360,289,435
342,20230609c_00570.jpg,2171,uncertain,0.5345,0.9040,9,1191,373,1251,402
342,20230609c_00570.jpg,1967,neutral,0.9484,0.8595,16,612,372,661,397
343,20230609c_00571.jpg,158,fanning,0.9982,0.9422,16,1440,374,1515,428
343,20230609c_00571.jpg,2208,fanning,0.8462,0.9380,10,1225,544,1281,634
343,20230609c_00571.jpg,842,fanning,0.9989,0.9364,16,377,433,473,510
343,20230609c_00571.jpg,1134,fanning,0.9996,0.9238,16,220,360,291,436
343,20230609c_00571.jpg,2171,fanning,0.9900,0.9021,10,1187,371,1254,406
343,20230609c_00571.jpg,1967,neutral,0.9610,0.6984,16,611,371,668,392
344,20230609c_00572.jpg,2247,buffering,0.0000,0.9407,1,996,550,1048,642
344,20230609c_00572.jpg,2208,fanning,0.9289,0.9370,11,1247,522,1306,617
344,20230609c_00572.jpg,842,fanning,0.9989,0.9346,16,377,433,474,508
344,20230609c_00572.jpg,158,fanning,0.9981,0.9281,16,1437,374,1509,424
344,20230609c_00572.jpg,1134,fanning,0.9996,0.9258,16,219,360,289,435
344,20230609c_00572.jpg,2171,fanning,0.9951,0.9056,11,1190,373,1253,403
344,20230609c_00572.jpg,1967,neutral,0.9891,0.8161,16,607,371,665,394
345,20230609c_00573.jpg,842,fanning,0.9988,0.9392,16,378,434,476,509
345,20230609c_00573.jpg,158,fanning,0.9983,0.9318,16,1434,375,1507,427
345,20230609c_00573.jpg,1134,fanning,0.9996,0.9263,16,218,359,292,434
345,20230609c_00573.jpg,2208,neutral,0.9261,0.9247,12,1243,491,1308,591
345,20230609c_00573.jpg,2171,fanning,0.9980,0.9018,12,1188,371,1253,406
346,20230609c_00574.jpg,2208,neutral,0.8907,0.9383,13,1234,463,1304,562
346,20230609c_00574.jpg,2258,buffering,0.0000,0.9380,1,657,373,731,438
346,20230609c_00574.jpg,842,fanning,0.9988,0.9368,16,379,431,475,509
346,20230609c_00574.jpg,158,fanning,0.9966,0.9362,16,1438,375,1515,431
346,20230609c_00574.jpg,1134,fanning,0.9996,0.9287,16,216,359,302,433
346,20230609c_00574.jpg,2203,buffering,0.0000,0.9255,3,583,931,649,1034
346,20230609c_00574.jpg,2171,fanning,0.9987,0.9106,13,1186,371,1249,403
346,20230609c_00574.jpg,1967,neutral,0.7636,0.8320,16,623,372,659,393
347,20230609c_00575.jpg,2208,neutral,0.9251,0.9473,14,1238,441,1295,538
347,20230609c_00575.jpg,2260,buffering,0.0000,0.9405,1,926,454,993,542
347,20230609c_00575.jpg,1134,fanning,0.9996,0.9369,16,211,358,288,430
347,20230609c_00575.jpg,2258,buffering,0.0000,0.9356,2,685,372,749,439
347,20230609c_00575.jpg,158,fanning,0.9972,0.9336,16,1441,375,1508,425
347,20230609c_00575.jpg,842,fanning,0.9989,0.9318,16,376,433,475,503
347,20230609c_00575.jpg,2171,fanning,0.9989,0.9188,14,1194,373,1248,403
347,20230609c_00575.jpg,1967,neutral,0.9395,0.8212,16,627,372,658,392
348,20230609c_00576.jpg,2208,neutral,0.8962,0.9445,15,1238,441,1295,536
348,20230609c_00576.jpg,2260,buffering,0.0000,0.9413,2,913,423,980,517
348,20230609c_00576.jpg,158,fanning,0.9986,0.9377,16,1439,375,1513,430
348,20230609c_00576.jpg,842,fanning,0.9988,0.9337,16,376,431,472,503
348,20230609c_00576.jpg,1134,fanning,0.9996,0.9296,16,210,356,288,430
348,20230609c_00576.jpg,2171,fanning,0.9991,0.9206,15,1194,372,1248,403
348,20230609c_00576.jpg,2267,buffering,0.0000,0.9195,1,436,974,495,1050
348,20230609c_00576.jpg,2258,buffering,0.0000,0.9104,3,668,372,750,435
348,20230609c_00576.jpg,1967,neutral,0.9898,0.8216,16,630,373,661,396
349,20230609c_00577.jpg,2260,buffering,0.0000,0.9471,3,910,403,974,490
349,20230609c_00577.jpg,2208,neutral,0.8658,0.9441,16,1240,435,1291,520
349,20230609c_00577.jpg,158,fanning,0.9989,0.9392,16,1439,375,1512,428
349,20230609c_00577.jpg,842,fanning,0.9986,0.9333,16,379,432,476,505
349,20230609c_00577.jpg,1134,fanning,0.9996,0.9238,16,210,355,279,431
349,20230609c_00577.jpg,2171,fanning,0.9992,0.9177,16,1194,373,1246,402
349,20230609c_00577.jpg,2258,neutral,0.9993,0.8858,4,678,373,758,428
349,20230609c_00577.jpg,1967,neutral,0.9957,0.8493,16,630,372,658,394
350,20230609c_00578.jpg,2208,neutral,0.9955,0.9475,16,1239,423,1291,512
350,20230609c_00578.jpg,158,fanning,0.9990,0.9419,16,1441,375,1516,430
350,20230609c_00578.jpg,2260,neutral,0.9862,0.9411,4,896,378,958,474
350,20230609c_00578.jpg,842,fanning,0.9983,0.9381,16,380,432,474,507
350,20230609c_00578.jpg,1134,fanning,0.9996,0.9209,16,208,355,275,432
350,20230609c_00578.jpg,2258,neutral,0.9994,0.9205,5,692,373,741,419
350,20230609c_00578.jpg,2171,fanning,0.9991,0.9195,16,1198,373,1243,402
350,20230609c_00578.jpg,2267,buffering,0.0000,0.8580,2,420,956,467,1046
351,20230609c_00579.jpg,842,fanning,0.9986,0.9418,16,381,431,471,510
351,20230609c_00579.jpg,2208,neutral,0.9970,0.9399,16,1238,414,1288,499
351,20230609c_00579.jpg,158,fanning,0.9989,0.9369,16,1438,374,1513,430
351,20230609c_00579.jpg,2260,neutral,0.9373,0.9336,5,884,375,937,473
351,20230609c_00579.jpg,1134,fanning,0.9995,0.9257,16,211,355,277,430
351,20230609c_00579.jpg,2171,fanning,0.9992,0.9142,16,1199,373,1242,400
351,20230609c_00579.jpg,2258,neutral,0.9997,0.8969,6,694,371,742,409
352,20230609c_00580.jpg,2208,neutral,0.9983,0.9477,16,1238,410,1286,489
352,20230609c_00580.jpg,158,fanning,0.9990,0.9424,16,1435,374,1515,428
352,20230609c_00580.jpg,842,fanning,0.9984,0.9423,16,381,430,472,509
352,20230609c_00580.jpg,2260,neutral,0.8262,0.9365,6,879,374,934,467
352,20230609c_00580.jpg,1134,fanning,0.9995,0.9262,16,212,354,277,426
352,20230609c_00580.jpg,2171,fanning,0.9989,0.9098,16,1202,373,1239,402
352,20230609c_00580.jpg,2258,neutral,0.9997,0.8889,7,703,372,748,403
353,20230609c_00581.jpg,2208,neutral,0.9988,0.9416,16,1245,401,1292,485
353,20230609c_00581.jpg,158,fanning,0.9989,0.9414,16,1441,374,1515,422
353,20230609c_00581.jpg,842,fanning,0.9986,0.9411,16,382,431,471,509
353,20230609c_00581.jpg,2260,neutral,0.7640,0.9374,7,889,373,941,451
353,20230609c_00581.jpg,1134,fanning,0.9995,0.9238,16,206,354,278,428
353,20230609c_00581.jpg,2171,fanning,0.9988,0.9060,16,1198,373,1239,404
353,20230609c_00581.jpg,2258,neutral,0.9997,0.8294,8,707,372,749,394
354,20230609c_00582.jpg,2288,buffering,0.0000,0.9457,1,939,553,1008,640
354,20230609c_00582.jpg,842,fanning,0.9984,0.9449,16,382,430,470,510
354,20230609c_00582.jpg,158,fanning,0.9989,0.9430,16,1441,375,1515,423
354,20230609c_00582.jpg,2208,neutral,0.9990,0.9316,16,1247,395,1296,477
354,20230609c_00582.jpg,2290,buffering,0.0000,0.9278,1,474,735,517,812
354,20230609c_00582.jpg,1134,fanning,0.9995,0.9254,16,208,354,278,426
354,20230609c_00582.jpg,2171,fanning,0.9987,0.9179,16,1192,372,1238,404
354,20230609c_00582.jpg,2260,neutral,0.6127,0.9177,8,894,373,954,427
354,20230609c_00582.jpg,2267,buffering,0.0000,0.8424,3,387,1002,441,1060
355,20230609c_00583.jpg,842,fanning,0.9983,0.9477,16,383,428,467,510
355,20230609c_00583.jpg,158,fanning,0.9988,0.9448,16,1440,374,1512,423
355,20230609c_00583.jpg,2247,buffering,0.0000,0.9393,2,991,513,1046,608
355,20230609c_00583.jpg,2208,neutral,0.9991,0.9328,16,1247,389,1300,472
355,20230609c_00583.jpg,1134,fanning,0.9995,0.9250,16,203,353,276,426
355,20230609c_00583.jpg,2260,fanning,0.7812,0.9204,9,889,373,944,430
355,20230609c_00583.jpg,2171,fanning,0.9987,0.9144,16,1186,372,1237,404
356,20230609c_00584.jpg,842,fanning,0.9980,0.9425,16,380,426,469,509
356,20230609c_00584.jpg,2208,neutral,0.9993,0.9382,16,1246,384,1295,468
356,20230609c_00584.jpg,158,fanning,0.9987,0.9363,16,1436,374,1504,428
356,20230609c_00584.jpg,1134,fanning,0.9995,0.9257,16,206,353,275,427
356,20230609c_00584.jpg,2260,fanning,0.8824,0.9183,10,880,373,938,417
356,20230609c_00584.jpg,2171,fanning,0.9979,0.9174,16,1184,372,1230,403
356,20230609c_00584.jpg,2187,buffering,0.0000,0.8657,2,513,838,547,889
357,20230609c_00585.jpg,842,fanning,0.9973,0.9458,16,380,426,470,509
357,20230609c_00585.jpg,158,fanning,0.9986,0.9410,16,1437,375,1515,430
357,20230609c_00585.jpg,1134,fanning,0.9995,0.9264,16,201,353,278,427
357,20230609c_00585.jpg,2208,neutral,0.9991,0.9262,16,1242,377,1297,454
357,20230609c_00585.jpg,2171,fanning,0.9976,0.9187,16,1183,372,1229,404
357,20230609c_00585.jpg,2260,fanning,0.9115,0.8525,11,888,373,928,399
358,20230609c_00586.jpg,842,fanning,0.9977,0.9430,16,380,427,470,507
358,20230609c_00586.jpg,2308,buffering,0.0000,0.9424,1,862,408,936,475
358,20230609c_00586.jpg,158,fanning,0.9987,0.9372,16,1436,374,1513,428
358,20230609c_00586.jpg,1134,fanning,0.9995,0.9267,16,201,352,275,427
358,20230609c_00586.jpg,2171,fanning,0.9973,0.9184,16,1182,372,1229,406
358,20230609c_00586.jpg,2189,buffering,0.0000,0.9151,2,1089,906,1147,1004
358,20230609c_00586.jpg,2208,neutral,0.9993,0.9046,16,1238,373,1298,445
359,20230609c_00587.jpg,2308,buffering,0.0000,0.9442,2,868,404,941,485
359,20230609c_00587.jpg,2315,buffering,0.0000,0.9436,1,1105,374,1164,437
359,20230609c_00587.jpg,842,fanning,0.9975,0.9426,16,381,426,472,507
359,20230609c_00587.jpg,158,fanning,0.9984,0.9342,16,1439,373,1506,423
359,20230609c_00587.jpg,1134,fanning,0.9995,0.9242,16,203,353,277,425
359,20230609c_00587.jpg,2171,fanning,0.9953,0.9089,16,1184,372,1237,405
359,20230609c_00587.jpg,2208,neutral,0.9993,0.8872,16,1238,373,1282,431
360,20230609c_00588.jpg,842,fanning,0.9983,0.9452,16,381,427,464,508
360,20230609c_00588.jpg,2315,buffering,0.0000,0.9434,2,1094,375,1158,450
360,20230609c_00588.jpg,158,fanning,0.9985,0.9430,16,1434,375,1514,432
360,20230609c_00588.jpg,2308,buffering,0.0000,0.9397,3,875,402,945,474
360,20230609c_00588.jpg,2171,fanning,0.9953,0.9276,16,1183,372,1235,407
360,20230609c_00588.jpg,1134,fanning,0.9994,0.9260,16,205,354,275,429
360,20230609c_00588.jpg,2322,buffering,0.0000,0.8923,1,177,672,234,745
360,20230609c_00588.jpg,2208,neutral,0.9991,0.8374,16,1248,374,1283,418
361,20230609c_00589.jpg,842,fanning,0.9989,0.9428,16,382,425,468,509
361,20230609c_00589.jpg,2315,buffering,0.0000,0.9412,3,1084,373,1146,455
361,20230609c_00589.jpg,158,fanning,0.9981,0.9381,16,1439,373,1507,425
361,20230609c_00589.jpg,2308,neutral,0.9996,0.9302,4,881,373,946,464
361,20230609c_00589.jpg,2236,buffering,0.0000,0.9291,3,865,743,918,845
361,20230609c_00589.jpg,1134,fanning,0.9994,0.9262,16,204,354,276,426
361,20230609c_00589.jpg,2171,fanning,0.9915,0.9252,16,1184,372,1236,406
362,20230609c_00590.jpg,842,fanning,0.9991,0.9393,16,384,426,464,509
362,20230609c_00590.jpg,2308,neutral,0.9997,0.9360,5,899,381,960,456
362,20230609c_00590.jpg,158,fanning,0.9983,0.9328,16,1439,373,1509,423
362,20230609c_00590.jpg,2315,neutral,0.9704,0.9320,4,1080,373,1138,445
362,20230609c_00590.jpg,1134,fanning,0.9994,0.9272,16,203,354,279,427
362,20230609c_00590.jpg,2327,buffering,0.0000,0.9250,1,145,690,194,771
362,20230609c_00590.jpg,2171,fanning,0.9813,0.9220,16,1184,372,1232,406
363,20230609c_00591.jpg,842,fanning,0.9992,0.9457,16,384,423,466,508
363,20230609c_00591.jpg,158,fanning,0.9986,0.9456,16,1440,374,1516,424
363,20230609c_00591.jpg,2308,neutral,0.9996,0.9370,6,902,373,968,449
363,20230609c_00591.jpg,1134,fanning,0.9994,0.9285,16,200,356,277,425
363,20230609c_00591.jpg,2315,neutral,0.8008,0.9268,5,1078,374,1134,431
363,20230609c_00591.jpg,2171,fanning,0.9753,0.9172,16,1185,372,1227,407
363,20230609c_00591.jpg,2322,buffering,0.0000,0.9148,2,159,659,216,745
364,20230609c_00592.jpg,842,fanning,0.9992,0.9437,16,385,422,469,509
364,20230609c_00592.jpg,158,fanning,0.9978,0.9407,16,1440,374,1509,424
364,20230609c_00592.jpg,2333,buffering,0.0000,0.9311,1,495,371,563,458
364,20230609c_00592.jpg,1134,fanning,0.9994,0.9270,16,197,355,277,428
364,20230609c_00592.jpg,2308,neutral,0.9987,0.9245,7,914,374,970,426
364,20230609c_00592.jpg,2315,neutral,0.5652,0.9193,6,1076,374,1126,415
364,20230609c_00592.jpg,2171,fanning,0.9597,0.9187,16,1186,372,1228,407
365,20230609c_00593.jpg,842,fanning,0.9993,0.9464,16,386,421,463,509
365,20230609c_00593.jpg,158,fanning,0.9979,0.9445,16,1440,374,1509,426
365,20230609c_00593.jpg,2333,buffering,0.0000,0.9346,2,493,370,557,453
365,20230609c_00593.jpg,2308,neutral,0.9973,0.9279,8,916,373,975,417
365,20230609c_00593.jpg,1134,fanning,0.9993,0.9276,16,197,357,280,426
365,20230609c_00593.jpg,2171,fanning,0.9389,0.9137,16,1188,372,1229,406
365,20230609c_00593.jpg,2315,uncertain,0.5260,0.8838,7,1077,373,1114,399
366,20230609c_00594.jpg,842,fanning,0.9994,0.9467,16,386,423,463,508
366,20230609c_00594.jpg,158,fanning,0.9972,0.9436,16,1439,374,1508,426
366,20230609c_00594.jpg,1134,fanning,0.9993,0.9291,16,196,355,278,427
366,20230609c_00594.jpg,2333,buffering,0.0000,0.9211,3,498,371,562,444
366,20230609c_00594.jpg,2171,fanning,0.9307,0.9132,16,1189,372,1229,405
366,20230609c_00594.jpg,2308,neutral,0.9948,0.8950,9,914,373,975,407
367,20230609c_00595.jpg,842,fanning,0.9995,0.9481,16,385,422,464,510
367,20230609c_00595.jpg,158,fanning,0.9973,0.9377,16,1437,375,1505,429
367,20230609c_00595.jpg,1134,fanning,0.9993,0.9327,16,195,356,278,427
367,20230609c_00595.jpg,2333,neutral,0.9994,0.9304,4,508,371,571,436
367,20230609c_00595.jpg,2171,fanning,0.9287,0.9112,16,1190,372,1229,405
367,20230609c_00595.jpg,2308,neutral,0.9973,0.8184,10,939,374,973,391
368,20230609c_00596.jpg,842,fanning,0.9995,0.9473,16,387,422,461,508
368,20230609c_00596.jpg,158,fanning,0.9981,0.9353,16,1434,375,1503,429
368,20230609c_00596.jpg,1134,fanning,0.9993,0.9315,16,195,354,278,427
368,20230609c_00596.jpg,2333,neutral,0.9983,0.9307,5,513,373,584,434
368,20230609c_00596.jpg,2171,fanning,0.9309,0.9301,16,1187,373,1233,404
369,20230609c_00597.jpg,2353,buffering,0.0000,0.9422,1,482,431,540,530
369,20230609c_00597.jpg,842,fanning,0.9996,0.9410,16,389,424,462,508
369,20230609c_00597.jpg,158,fanning,0.9981,0.9382,16,1433,375,1513,428
369,20230609c_00597.jpg,1134,fanning,0.9992,0.9306,16,197,354,278,429
369,20230609c_00597.jpg,2333,neutral,0.9763,0.9257,6,509,373,572,425
369,20230609c_00597.jpg,2327,buffering,0.0000,0.9250,2,159,717,227,791
369,20230609c_00597.jpg,2171,fanning,0.9203,0.9197,16,1191,373,1236,402
370,20230609c_00598.jpg,158,fanning,0.9983,0.9404,16,1434,374,1509,429
370,20230609c_00598.jpg,842,fanning,0.9996,0.9292,16,386,423,462,512
370,20230609c_00598.jpg,2353,buffering,0.0000,0.9281,2,495,401,563,497
370,20230609c_00598.jpg,1134,fanning,0.9992,0.9252,16,196,354,278,428
370,20230609c_00598.jpg,2171,fanning,0.9070,0.9167,16,1191,373,1238,401
370,20230609c_00598.jpg,2333,neutral,0.9752,0.8650,7,518,373,561,418
371,20230609c_00599.jpg,158,fanning,0.9983,0.9433,16,1435,374,1507,423
371,20230609c_00599.jpg,842,fanning,0.9996,0.9351,16,383,420,459,507
371,20230609c_00599.jpg,2171,fanning,0.8961,0.9247,16,1191,373,1239,404
371,20230609c_00599.jpg,1134,fanning,0.9992,0.9240,16,195,351,282,430
371,20230609c_00599.jpg,2353,buffering,0.0000,0.9184,3,500,377,563,471
372,20230609c_00600.jpg,158,fanning,0.9984,0.9459,16,1440,373,1516,423
372,20230609c_00600.jpg,2371,buffering,0.0000,0.9412,1,472,446,521,526
372,20230609c_00600.jpg,842,fanning,0.9996,0.9371,16,387,419,457,508
372,20230609c_00600.jpg,2353,neutral,0.9148,0.9282,4,503,373,564,463
372,20230609c_00600.jpg,2171,fanning,0.9301,0.9245,16,1192,373,1238,406
372,20230609c_00600.jpg,2187,buffering,0.0000,0.9198,3,503,838,571,926
372,20230609c_00600.jpg,1134,fanning,0.9991,0.9154,16,193,349,280,428
373,20230609c_00601.jpg,2371,buffering,0.0000,0.9422,2,465,428,525,523
373,20230609c_00601.jpg,842,fanning,0.9996,0.9399,16,384,418,455,507
373,20230609c_00601.jpg,158,fanning,0.9984,0.9395,16,1436,373,1506,425
373,20230609c_00601.jpg,2353,neutral,0.9328,0.9311,5,511,372,575,461
373,20230609c_00601.jpg,1134,fanning,0.9991,0.9243,16,194,351,277,430
373,20230609c_00601.jpg,2171,fanning,0.9267,0.9180,16,1188,372,1241,407
373,20230609c_00601.jpg,2189,buffering,0.0000,0.9106,3,1074,920,1125,990
374,20230609c_00602.jpg,842,fanning,0.9996,0.9418,16,381,418,454,507
374,20230609c_00602.jpg,158,fanning,0.9984,0.9372,16,1436,372,1505,421
374,20230609c_00602.jpg,2371,buffering,0.0000,0.9332,3,467,424,532,513
374,20230609c_00602.jpg,2353,neutral,0.8717,0.9268,6,512,371,576,461
374,20230609c_00602.jpg,2171,fanning,0.9227,0.9219,16,1185,372,1239,407
374,20230609c_00602.jpg,1134,fanning,0.9990,0.9188,16,194,352,276,431
375,20230609c_00603.jpg,842,fanning,0.9996,0.9443,16,379,418,448,510
375,20230609c_00603.jpg,158,fanning,0.9984,0.9378,16,1437,374,1510,426
375,20230609c_00603.jpg,2371,neutral,0.9964,0.9315,4,475,425,552,509
375,20230609c_00603.jpg,2353,neutral,0.7172,0.9272,7,504,373,565,456
375,20230609c_00603.jpg,1134,fanning,0.9991,0.9251,16,197,351,284,428
375,20230609c_00603.jpg,2171,fanning,0.9375,0.9171,16,1184,372,1240,407
376,20230609c_00604.jpg,842,fanning,0.9996,0.9408,16,380,417,454,509
376,20230609c_00604.jpg,158,fanning,0.9980,0.9366,16,1434,373,1498,428
376,20230609c_00604.jpg,1134,fanning,0.9990,0.9281,16,196,352,274,425
376,20230609c_00604.jpg,2171,fanning,0.9230,0.9221,16,1186,372,1234,405
376,20230609c_00604.jpg,2353,fanning,0.5529,0.9098,8,481,370,543,443
376,20230609c_00604.jpg,2371,neutral,0.9858,0.8845,5,485,430,555,532
377,20230609c_00605.jpg,842,fanning,0.9996,0.9423,16,380,419,442,507
377,20230609c_00605.jpg,158,fanning,0.9982,0.9385,16,1433,373,1503,428
377,20230609c_00605.jpg,2353,fanning,0.9046,0.9266,9,452,370,523,430
377,20230609c_00605.jpg,1134,fanning,0.9991,0.9264,16,194,350,273,426
377,20230609c_00605.jpg,2171,fanning,0.9259,0.9182,16,1183,371,1232,402
377,20230609c_00605.jpg,2371,neutral,0.8685,0.9133,6,489,404,543,488
378,20230609c_00606.jpg,842,fanning,0.9996,0.9445,16,380,416,440,508
378,20230609c_00606.jpg,158,fanning,0.9979,0.9394,16,1429,374,1507,433
378,20230609c_00606.jpg,1134,fanning,0.9991,0.9279,16,199,347,269,422
378,20230609c_00606.jpg,2171,fanning,0.9169,0.9222,16,1181,371,1230,402
378,20230609c_00606.jpg,2371,neutral,0.8498,0.9191,7,471,383,554,477
378,20230609c_00606.jpg,2353,fanning,0.9713,0.9166,10,453,370,521,423
379,20230609c_00607.jpg,842,fanning,0.9996,0.9460,16,379,419,440,507
379,20230609c_00607.jpg,158,fanning,0.9973,0.9421,16,1437,374,1513,426
379,20230609c_00607.jpg,1134,fanning,0.9992,0.9282,16,200,346,271,423
379,20230609c_00607.jpg,2171,fanning,0.9219,0.9233,16,1180,371,1229,402
379,20230609c_00607.jpg,2398,buffering,0.0000,0.9173,1,520,372,598,428
379,20230609c_00607.jpg,2353,fanning,0.9854,0.9089,11,442,370,514,433
379,20230609c_00607.jpg,2371,neutral,0.7834,0.9059,8,499,388,553,474
380,20230609c_00608.jpg,842,fanning,0.9996,0.9405,16,380,421,445,508
380,20230609c_00608.jpg,158,fanning,0.9969,0.9395,16,1437,374,1512,431
380,20230609c_00608.jpg,2371,fanning,0.9388,0.9275,9,501,381,554,467
380,20230609c_00608.jpg,1134,fanning,0.9992,0.9256,16,198,347,267,422
380,20230609c_00608.jpg,2171,fanning,0.9501,0.9221,16,1180,371,1231,401
380,20230609c_00608.jpg,2353,fanning,0.9988,0.9062,12,433,370,520,435
380,20230609c_00608.jpg,2398,buffering,0.0000,0.8897,2,523,371,603,427
381,20230609c_00609.jpg,158,fanning,0.9965,0.9441,16,1436,374,1516,426
381,20230609c_00609.jpg,842,fanning,0.9995,0.9401,16,381,417,449,509
381,20230609c_00609.jpg,2290,buffering,0.0000,0.9237,2,448,773,512,865
381,20230609c_00609.jpg,2371,fanning,0.9902,0.9235,10,509,370,565,459
381,20230609c_00609.jpg,2171,fanning,0.9622,0.9232,16,1180,371,1231,401
381,20230609c_00609.jpg,1134,fanning,0.9993,0.9230,16,196,346,274,422
381,20230609c_00609.jpg,2353,fanning,0.9989,0.9106,13,431,368,509,425
381,20230609c_00609.jpg,2398,buffering,0.0000,0.8990,3,550,372,596,422
382,20230609c_00610.jpg,158,fanning,0.9962,0.9414,16,1431,374,1506,427
382,20230609c_00610.jpg,842,fanning,0.9995,0.9412,16,381,418,447,509
382,20230609c_00610.jpg,2371,fanning,0.9954,0.9283,11,506,371,568,456
382,20230609c_00610.jpg,1134,fanning,0.9994,0.9275,16,195,346,272,423
382,20230609c_00610.jpg,2171,fanning,0.9797,0.9207,16,1179,371,1230,402
382,20230609c_00610.jpg,2353,fanning,0.9991,0.9200,14,432,370,499,426
382,20230609c_00610.jpg,2398,neutral,0.6760,0.9033,4,554,372,602,414
383,20230609c_00611.jpg,842,fanning,0.9995,0.9430,16,381,418,443,508
383,20230609c_00611.jpg,158,fanning,0.9951,0.9414,16,1437,373,1510,426
383,20230609c_00611.jpg,2371,fanning,0.9962,0.9356,12,502,373,568,452
383,20230609c_00611.jpg,1134,fanning,0.9995,0.9314,16,196,344,274,421
383,20230609c_00611.jpg,2398,fanning,0.7273,0.9101,5,556,371,610,407
383,20230609c_00611.jpg,2353,fanning,0.9992,0.9088,15,431,370,506,433
383,20230609c_00611.jpg,2171,fanning,0.9793,0.9031,16,1179,372,1224,400
384,20230609c_00612.jpg,842,fanning,0.9995,0.9476,16,382,420,442,508
384,20230609c_00612.jpg,158,fanning,0.9888,0.9397,16,1438,373,1515,426
384,20230609c_00612.jpg,2371,fanning,0.9855,0.9310,13,508,372,570,446
384,20230609c_00612.jpg,1134,fanning,0.9995,0.9279,16,199,345,271,423
384,20230609c_00612.jpg,2353,fanning,0.9991,0.9202,16,446,370,506,433
384,20230609c_00612.jpg,2398,neutral,0.8181,0.8578,6,559,371,607,396
384,20230609c_00612.jpg,2171,fanning,0.9787,0.8497,16,1179,371,1217,399
385,20230609c_00613.jpg,842,fanning,0.9995,0.9470,16,382,420,440,509
385,20230609c_00613.jpg,158,fanning,0.9814,0.9406,16,1429,374,1511,431
385,20230609c_00613.jpg,2371,fanning,0.9599,0.9328,14,516,372,575,439
385,20230609c_00613.jpg,1134,fanning,0.9995,0.9245,16,202,343,275,422
385,20230609c_00613.jpg,2353,fanning,0.9992,0.9158,16,449,371,512,427
385,20230609c_00613.jpg,2171,fanning,0.9644,0.8581,16,1182,372,1221,398
386,20230609c_00614.jpg,842,fanning,0.9995,0.9480,16,383,419,443,509
386,20230609c_00614.jpg,158,fanning,0.9703,0.9418,16,1429,374,1510,424
386,20230609c_00614.jpg,2448,buffering,0.0000,0.9383,1,734,417,793,527
386,20230609c_00614.jpg,2353,fanning,0.9991,0.9317,16,460,373,515,431
386,20230609c_00614.jpg,1134,fanning,0.9996,0.9266,16,203,343,273,420
386,20230609c_00614.jpg,2371,fanning,0.9824,0.9199,15,517,372,576,427
386,20230609c_00614.jpg,2451,buffering,0.0000,0.9197,1,809,757,856,838
386,20230609c_00614.jpg,2171,fanning,0.9544,0.8727,16,1182,371,1223,398
387,20230609c_00615.jpg,2448,buffering,0.0000,0.9442,2,725,392,803,483
387,20230609c_00615.jpg,842,fanning,0.9995,0.9396,16,383,417,444,509
387,20230609c_00615.jpg,158,fanning,0.9692,0.9395,16,1431,374,1507,429
387,20230609c_00615.jpg,2353,fanning,0.9990,0.9318,16,450,371,523,434
387,20230609c_00615.jpg,1134,fanning,0.9996,0.9278,16,202,343,274,421
387,20230609c_00615.jpg,2290,buffering,0.0000,0.9236,3,457,753,519,849
387,20230609c_00615.jpg,2371,fanning,0.9862,0.9114,16,521,372,581,417
387,20230609c_00615.jpg,2171,fanning,0.9409,0.8913,16,1182,372,1225,399
387,20230609c_00615.jpg,2458,buffering,0.0000,0.8170,1,781,660,813,690
388,20230609c_00616.jpg,158,fanning,0.9712,0.9399,16,1428,374,1507,428
388,20230609c_00616.jpg,2448,buffering,0.0000,0.9390,3,730,375,816,454
388,20230609c_00616.jpg,2463,buffering,0.0000,0.9389,1,812,372,894,428
388,20230609c_00616.jpg,2353,fanning,0.9990,0.9373,16,452,370,522,428
388,20230609c_00616.jpg,842,fanning,0.9995,0.9345,16,383,419,446,509
388,20230609c_00616.jpg,1134,fanning,0.9996,0.9278,16,203,343,274,422
388,20230609c_00616.jpg,2371,fanning,0.9904,0.8948,16,520,371,583,413
388,20230609c_00616.jpg,2171,fanning,0.9356,0.8911,16,1182,371,1224,401
389,20230609c_00617.jpg,2353,fanning,0.9992,0.9427,16,452,369,525,425
389,20230609c_00617.jpg,158,fanning,0.9725,0.9426,16,1427,374,1506,425
389,20230609c_00617.jpg,2448,neutral,0.9988,0.9374,4,741,374,813,460
389,20230609c_00617.jpg,842,fanning,0.9995,0.9336,16,383,418,448,509
389,20230609c_00617.jpg,1134,fanning,0.9996,0.9273,16,203,343,271,421
389,20230609c_00617.jpg,2171,fanning,0.8978,0.9150,16,1181,371,1223,404
389,20230609c_00617.jpg,2463,buffering,0.0000,0.9142,2,807,370,925,425
389,20230609c_00617.jpg,2371,fanning,0.9807,0.8243,16,533,373,575,397
390,20230609c_00618.jpg,158,fanning,0.9798,0.9415,16,1427,375,1508,433
390,20230609c_00618.jpg,2448,neutral,0.9983,0.9412,5,742,374,809,455
390,20230609c_00618.jpg,842,fanning,0.9995,0.9345,16,384,419,449,509
390,20230609c_00618.jpg,2353,fanning,0.9993,0.9342,16,455,371,533,426
390,20230609c_00618.jpg,2463,buffering,0.0000,0.9287,3,815,372,922,433
390,20230609c_00618.jpg,1134,fanning,0.9996,0.9272,16,203,343,275,421
390,20230609c_00618.jpg,2171,fanning,0.9221,0.9168,16,1180,371,1224,404
391,20230609c_00619.jpg,158,fanning,0.9882,0.9398,16,1436,374,1505,428
391,20230609c_00619.jpg,2448,neutral,0.9980,0.9390,6,744,373,807,447
391,20230609c_00619.jpg,842,fanning,0.9995,0.9374,16,383,418,448,509
391,20230609c_00619.jpg,2478,buffering,0.0000,0.9352,1,1248,602,1300,674
391,20230609c_00619.jpg,2463,neutral,0.7048,0.9326,4,827,372,924,428
391,20230609c_00619.jpg,1134,fanning,0.9996,0.9281,16,202,344,272,422
391,20230609c_00619.jpg,2353,fanning,0.9993,0.9241,16,460,370,536,427
391,20230609c_00619.jpg,2171,fanning,0.8843,0.9128,16,1180,371,1222,404
392,20230609c_00620.jpg,2478,buffering,0.0000,0.9432,2,1244,583,1305,660
392,20230609c_00620.jpg,158,fanning,0.9920,0.9401,16,1436,374,1510,429
392,20230609c_00620.jpg,2463,neutral,0.6986,0.9394,5,834,372,924,427
392,20230609c_00620.jpg,2448,neutral,0.9970,0.9369,7,742,373,803,437
392,20230609c_00620.jpg,842,fanning,0.9995,0.9362,16,383,420,449,510
392,20230609c_00620.jpg,2353,fanning,0.9992,0.9353,16,467,370,546,420
392,20230609c_00620.jpg,2484,buffering,0.0000,0.9309,1,1148,576,1201,674
392,20230609c_00620.jpg,1134,fanning,0.9996,0.9284,16,203,344,268,422
392,20230609c_00620.jpg,2171,fanning,0.8622,0.9191,16,1180,371,1221,404
393,20230609c_00621.jpg,2484,buffering,0.0000,0.9403,2,1130,564,1181,642
393,20230609c_00621.jpg,158,fanning,0.9944,0.9402,16,1430,374,1512,427
393,20230609c_00621.jpg,2478,buffering,0.0000,0.9382,3,1224,584,1300,665
393,20230609c_00621.jpg,842,fanning,0.9995,0.9353,16,384,418,448,509
393,20230609c_00621.jpg,1134,fanning,0.9996,0.9278,16,202,343,268,422
393,20230609c_00621.jpg,2463,fanning,0.6686,0.9225,6,850,374,916,420
393,20230609c_00621.jpg,2448,neutral,0.9850,0.9168,8,747,373,809,431
393,20230609c_00621.jpg,2353,fanning,0.9993,0.9165,16,468,373,548,417
393,20230609c_00621.jpg,2171,fanning,0.8398,0.9130,16,1179,371,1222,402
393,20230609c_00621.jpg,2487,buffering,0.0000,0.9064,1,540,449,595,535
394,20230609c_00622.jpg,842,fanning,0.9995,0.9398,16,384,418,443,509
394,20230609c_00622.jpg,158,fanning,0.9957,0.9395,16,1426,374,1507,427
394,20230609c_00622.jpg,2478,neutral,0.9996,0.9386,4,1213,590,1284,670
394,20230609c_00622.jpg,1134,fanning,0.9997,0.9270,16,200,343,270,421
394,20230609c_00622.jpg,2171,fanning,0.8490,0.9214,16,1179,372,1224,402
394,20230609c_00622.jpg,2448,neutral,0.9785,0.9158,9,752,373,816,420
394,20230609c_00622.jpg,2463,neutral,0.6335,0.9133,7,860,373,924,416
394,20230609c_00622.jpg,2353,fanning,0.9992,0.8960,16,467,373,555,415
395,20230609c_00623.jpg,158,fanning,0.9963,0.9407,16,1438,374,1513,429
395,20230609c_00623.jpg,2497,buffering,0.0000,0.9367,1,518,370,592,456
395,20230609c_00623.jpg,2478,neutral,0.9996,0.9360,5,1181,598,1249,675
395,20230609c_00623.jpg,1134,fanning,0.9997,0.9293,16,200,342,272,419
395,20230609c_00623.jpg,2171,fanning,0.8316,0.9214,16,1180,372,1223,404
395,20230609c_00623.jpg,842,fanning,0.9995,0.9212,16,385,429,436,508
395,20230609c_00623.jpg,2463,neutral,0.6525,0.9031,8,868,373,929,407
395,20230609c_00623.jpg,2353,fanning,0.9993,0.8758,16,469,373,552,414
396,20230609c_00624.jpg,2501,buffering,0.0000,0.9399,1,1000,554,1072,630
396,20230609c_00624.jpg,158,fanning,0.9970,0.9388,16,1438,375,1513,426
396,20230609c_00624.jpg,2497,buffering,0.0000,0.9335,2,540,372,603,464
396,20230609c_00624.jpg,842,fanning,0.9996,0.9312,16,363,407,442,509
396,20230609c_00624.jpg,1134,fanning,0.9997,0.9257,16,197,342,267,419
396,20230609c_00624.jpg,2353,fanning,0.9990,0.9241,16,470,370,550,417
396,20230609c_00624.jpg,2171,fanning,0.8501,0.9221,16,1181,372,1223,403
396,20230609c_00624.jpg,2463,neutral,0.6719,0.8730,9,878,373,920,398
396,20230609c_00624.jpg,2448,neutral,0.9949,0.8561,10,765,373,805,395
397,20230609c_00625.jpg,842,fanning,0.9996,0.9426,16,375,420,450,510
397,20230609c_00625.jpg,2501,buffering,0.0000,0.9418,2,985,532,1059,614
397,20230609c_00625.jpg,158,fanning,0.9975,0.9378,16,1426,376,1509,431
397,20230609c_00625.jpg,2497,buffering,0.0000,0.9337,3,539,371,611,451
397,20230609c_00625.jpg,2327,buffering,0.0000,0.9267,3,247,816,304,935
397,20230609c_00625.jpg,1134,fanning,0.9997,0.9262,16,199,342,270,420
397,20230609c_00625.jpg,2353,fanning,0.9992,0.9251,16,463,373,550,415
397,20230609c_00625.jpg,2171,fanning,0.8672,0.9200,16,1180,372,1224,402
398,20230609c_00626.jpg,2501,buffering,0.0000,0.9515,3,943,505,1025,591
398,20230609c_00626.jpg,842,fanning,0.9996,0.9421,16,378,419,446,508
398,20230609c_00626.jpg,158,fanning,0.9973,0.9401,16,1427,374,1507,427
398,20230609c_00626.jpg,2497,neutral,0.9997,0.9370,4,544,371,603,442
398,20230609c_00626.jpg,1134,fanning,0.9997,0.9299,16,196,343,266,418
398,20230609c_00626.jpg,2353,fanning,0.9992,0.9252,16,463,372,547,416
398,20230609c_00626.jpg,2171,fanning,0.8896,0.9223,16,1178,372,1222,403
399,20230609c_00627.jpg,842,fanning,0.9995,0.9395,16,378,421,451,510
399,20230609c_00627.jpg,158,fanning,0.9975,0.9391,16,1439,374,1513,431
399,20230609c_00627.jpg,2353,fanning,0.9988,0.9372,16,462,370,548,416
399,20230609c_00627.jpg,1134,fanning,0.9997,0.9222,16,189,344,259,418
399,20230609c_00627.jpg,2497,neutral,0.9997,0.9208,5,542,371,613,432
399,20230609c_00627.jpg,2171,fanning,0.9126,0.9201,16,1177,372,1222,403
399,20230609c_00627.jpg,2458,buffering,0.0000,0.8562,2,784,663,827,713
400,20230609c_00628.jpg,158,fanning,0.9977,0.9419,16,1437,374,1511,428
400,20230609c_00628.jpg,842,fanning,0.9995,0.9345,16,373,421,448,507
400,20230609c_00628.jpg,2353,fanning,0.9989,0.9296,16,467,370,601,420
400,20230609c_00628.jpg,1134,fanning,0.9997,0.9241,16,187,345,258,418
400,20230609c_00628.jpg,2171,fanning,0.9304,0.9162,16,1175,371,1224,403
400,20230609c_00628.jpg,2497,neutral,0.9996,0.9003,6,560,372,606,416
401,20230609c_00629.jpg,158,fanning,0.9981,0.9391,16,1430,374,1512,433
401,20230609c_00629.jpg,842,fanning,0.9995,0.9365,16,376,419,452,506
401,20230609c_00629.jpg,2353,fanning,0.9993,0.9285,16,468,370,565,417
401,20230609c_00629.jpg,1134,fanning,0.9997,0.9243,16,190,345,258,418
401,20230609c_00629.jpg,2290,neutral,0.9221,0.9224,4,438,733,494,834
401,20230609c_00629.jpg,2171,fanning,0.9652,0.9162,16,1173,371,1224,403
401,20230609c_00629.jpg,2497,neutral,0.9996,0.8813,7,561,373,601,406
402,20230609c_00630.jpg,842,fanning,0.9995,0.9412,16,377,420,453,507
402,20230609c_00630.jpg,158,fanning,0.9977,0.9408,16,1428,373,1512,427
402,20230609c_00630.jpg,2353,fanning,0.9992,0.9281,16,470,369,546,417
402,20230609c_00630.jpg,2171,fanning,0.9490,0.9167,16,1172,370,1219,403
402,20230609c_00630.jpg,1134,fanning,0.9997,0.9052,16,190,346,257,419
402,20230609c_00630.jpg,2497,neutral,0.9996,0.8265,8,559,372,597,393
403,20230609c_00631.jpg,842,fanning,0.9995,0.9464,16,375,422,448,507
403,20230609c_00631.jpg,158,fanning,0.9972,0.9433,16,1438,374,1511,428
403,20230609c_00631.jpg,2548,buffering,0.0000,0.9243,1,741,379,803,475
403,20230609c_00631.jpg,2353,fanning,0.9991,0.9169,16,471,372,542,415
403,20230609c_00631.jpg,2171,fanning,0.9441,0.9159,16,1171,371,1220,402
403,20230609c_00631.jpg,1134,fanning,0.9997,0.9031,16,191,338,255,418
404,20230609c_00632.jpg,842,fanning,0.9994,0.9449,16,375,424,453,508
404,20230609c_00632.jpg,2553,buffering,0.0000,0.9435,1,489,505,536,586
404,20230609c_00632.jpg,158,fanning,0.9969,0.9404,16,1434,374,1508,431
404,20230609c_00632.jpg,2555,buffering,0.0000,0.9402,1,760,596,823,669
404,20230609c_00632.jpg,2548,buffering,0.0000,0.9281,2,741,375,806,471
404,20230609c_00632.jpg,1134,fanning,0.9996,0.9256,16,190,340,254,418
404,20230609c_00632.jpg,2554,buffering,0.0000,0.9241,1,547,672,611,778
404,20230609c_00632.jpg,2171,fanning,0.9540,0.9165,16,1173,371,1224,403
404,20230609c_00632.jpg,2353,fanning,0.9978,0.9047,16,500,373,562,413
405,20230609c_00633.jpg,158,fanning,0.9968,0.9481,16,1426,372,1502,424
405,20230609c_00633.jpg,842,fanning,0.9992,0.9448,16,376,422,454,508
405,20230609c_00633.jpg,2555,buffering,0.0000,0.9393,2,772,574,845,660
405,20230609c_00633.jpg,2548,buffering,0.0000,0.9373,3,746,374,808,462
405,20230609c_00633.jpg,2553,buffering,0.0000,0.9351,2,484,489,536,581
405,20230609c_00633.jpg,2554,buffering,0.0000,0.9307,2,540,648,596,755
405,20230609c_00633.jpg,1134,fanning,0.9996,0.9252,16,190,340,254,418
405,20230609c_00633.jpg,2171,fanning,0.9556,0.9180,16,1172,371,1223,404
405,20230609c_00633.jpg,2353,fanning,0.9938,0.8788,16,524,372,556,398
406,20230609c_00634.jpg,842,fanning,0.9991,0.9454,16,375,421,458,510
406,20230609c_00634.jpg,2554,buffering,0.0000,0.9424,3,531,607,590,716
406,20230609c_00634.jpg,158,fanning,0.9974,0.9424,16,1425,375,1507,429
406,20230609c_00634.jpg,2553,buffering,0.0000,0.9359,3,485,466,536,566
406,20230609c_00634.jpg,2548,neutral,0.9913,0.9275,4,751,373,814,451
406,20230609c_00634.jpg,1134,fanning,0.9996,0.9222,16,188,340,253,418
406,20230609c_00634.jpg,2171,fanning,0.9681,0.9074,16,1169,371,1223,403
406,20230609c_00634.jpg,2353,fanning,0.9761,0.8937,16,529,372,564,398
406,20230609c_00634.jpg,2564,buffering,0.0000,0.7947,1,162,564,191,597
407,20230609c_00635.jpg,842,fanning,0.9990,0.9459,16,376,421,456,509
407,20230609c_00635.jpg,158,fanning,0.9970,0.9431,16,1435,375,1512,432
407,20230609c_00635.jpg,2554,neutral,0.9954,0.9427,4,536,561,606,661
407,20230609c_00635.jpg,2553,neutral,0.9871,0.9388,4,503,438,558,540
407,20230609c_00635.jpg,2548,neutral,0.9913,0.9385,5,756,373,815,445
407,20230609c_00635.jpg,1134,fanning,0.9996,0.9123,16,190,340,253,417
407,20230609c_00635.jpg,2171,fanning,0.9704,0.9049,16,1176,371,1217,406
407,20230609c_00635.jpg,2353,fanning,0.9649,0.8739,16,520,372,556,399
408,20230609c_00636.jpg,2571,buffering,0.0000,0.9486,1,877,514,931,595
408,20230609c_00636.jpg,842,fanning,0.9989,0.9458,16,376,422,453,509
408,20230609c_00636.jpg,158,fanning,0.9967,0.9430,16,1436,374,1507,427
408,20230609c_00636.jpg,2487,buffering,0.0000,0.9426,2,542,407,590,506
408,20230609c_00636.jpg,2548,neutral,0.9834,0.9353,6,760,373,820,436
408,20230609c_00636.jpg,2572,buffering,0.0000,0.9270,1,517,932,572,1007
408,20230609c_00636.jpg,1134,fanning,0.9996,0.9175,16,185,340,251,419
408,20230609c_00636.jpg,2171,fanning,0.9658,0.9034,16,1178,371,1217,412
408,20230609c_00636.jpg,2576,buffering,0.0000,0.9015,1,698,967,733,1039
408,20230609c_00636.jpg,2353,fanning,0.8510,0.8765,16,524,374,558,396
409,20230609c_00637.jpg,842,fanning,0.9988,0.9452,16,377,421,454,508
409,20230609c_00637.jpg,2571,buffering,0.0000,0.9436,2,897,488,952,568
409,20230609c_00637.jpg,158,fanning,0.9955,0.9410,16,1428,374,1508,430
409,20230609c_00637.jpg,2548,neutral,0.8799,0.9210,7,763,373,824,431
409,20230609c_00637.jpg,1134,fanning,0.9996,0.9191,16,187,340,252,419
409,20230609c_00637.jpg,2171,fanning,0.9599,0.9011,16,1178,371,1217,406
409,20230609c_00637.jpg,2353,neutral,0.6622,0.8718,16,531,374,562,393
410,20230609c_00638.jpg,842,fanning,0.9986,0.9452,16,377,420,458,508
410,20230609c_00638.jpg,2571,buffering,0.0000,0.9407,3,926,459,978,542
410,20230609c_00638.jpg,158,fanning,0.9947,0.9392,16,1422,375,1509,425
410,20230609c_00638.jpg,1134,fanning,0.9996,0.9214,16,185,339,251,418
410,20230609c_00638.jpg,2171,fanning,0.9532,0.9163,16,1178,370,1220,405
410,20230609c_00638.jpg,2548,neutral,0.5633,0.9144,8,759,373,832,422
410,20230609c_00638.jpg,2353,neutral,0.9861,0.8541,16,533,373,569,392
411,20230609c_00639.jpg,842,fanning,0.9987,0.9427,16,376,421,460,508
411,20230609c_00639.jpg,158,fanning,0.9936,0.9421,16,1435,373,1509,425
411,20230609c_00639.jpg,2571,neutral,0.9995,0.9350,4,957,436,1010,522
411,20230609c_00639.jpg,2171,fanning,0.9602,0.9133,16,1175,371,1225,406
411,20230609c_00639.jpg,1134,fanning,0.9996,0.9097,16,185,339,251,419
411,20230609c_00639.jpg,2548,neutral,0.6246,0.9039,9,777,373,827,409
411,20230609c_00639.jpg,2598,buffering,0.0000,0.8841,1,597,375,689,437
411,20230609c_00639.jpg,2353,neutral,0.9935,0.6248,16,534,372,568,387
412,20230609c_00640.jpg,2571,neutral,0.9994,0.9459,5,982,407,1036,498
412,20230609c_00640.jpg,842,fanning,0.9984,0.9407,16,375,419,460,507
412,20230609c_00640.jpg,158,fanning,0.9936,0.9381,16,1437,374,1508,426
412,20230609c_00640.jpg,2290,neutral,0.8298,0.9353,5,446,737,503,833
412,20230609c_00640.jpg,2171,fanning,0.9540,0.9194,16,1174,371,1223,409
412,20230609c_00640.jpg,1134,fanning,0.9996,0.9142,16,185,339,251,419
412,20230609c_00640.jpg,2501,fanning,0.6606,0.9138,4,697,373,773,417
412,20230609c_00640.jpg,2598,buffering,0.0000,0.8969,2,592,386,688,443
412,20230609c_00640.jpg,2548,fanning,0.6487,0.8675,10,787,372,835,398
413,20230609c_00641.jpg,158,fanning,0.9899,0.9419,16,1425,375,1501,430
413,20230609c_00641.jpg,842,fanning,0.9980,0.9382,16,374,421,456,507
413,20230609c_00641.jpg,2571,neutral,0.9994,0.9354,6,993,391,1051,477
413,20230609c_00641.jpg,2614,buffering,0.0000,0.9330,1,872,329,937,420
413,20230609c_00641.jpg,2501,fanning,0.8569,0.9231,5,697,374,757,425
413,20230609c_00641.jpg,2598,buffering,0.0000,0.9205,3,588,386,678,450
413,20230609c_00641.jpg,1134,fanning,0.9996,0.9205,16,186,340,252,419
413,20230609c_00641.jpg,2171,fanning,0.9470,0.9192,16,1174,370,1223,407
413,20230609c_00641.jpg,2327,neutral,0.9550,0.8660,4,310,958,381,1009
414,20230609c_00642.jpg,2571,neutral,0.9990,0.9397,7,995,380,1053,459
414,20230609c_00642.jpg,842,fanning,0.9982,0.9381,16,375,420,455,508
414,20230609c_00642.jpg,158,fanning,0.9931,0.9380,16,1433,375,1505,431
414,20230609c_00642.jpg,2614,buffering,0.0000,0.9379,2,869,323,939,419
414,20230609c_00642.jpg,1134,fanning,0.9996,0.9241,16,188,341,250,419
414,20230609c_00642.jpg,2598,fanning,0.7819,0.9114,4,581,387,672,448
414,20230609c_00642.jpg,2501,fanning,0.9026,0.9008,6,687,373,750,418
414,20230609c_00642.jpg,2171,fanning,0.9122,0.8981,16,1174,370,1216,409
415,20230609c_00643.jpg,2571,neutral,0.9979,0.9442,8,1005,375,1065,450
415,20230609c_00643.jpg,158,fanning,0.9917,0.9414,16,1430,374,1509,430
415,20230609c_00643.jpg,842,fanning,0.9984,0.9390,16,374,420,455,507
415,20230609c_00643.jpg,2614,buffering,0.0000,0.9363,3,860,315,933,395
415,20230609c_00643.jpg,2598,fanning,0.9147,0.9302,5,567,379,664,443
415,20230609c_00643.jpg,2501,fanning,0.9428,0.9072,7,686,372,746,419
415,20230609c_00643.jpg,2171,fanning,0.8775,0.9000,16,1175,371,1221,405
415,20230609c_00643.jpg,1134,fanning,0.9996,0.8913,16,188,344,251,419
416,20230609c_00644.jpg,842,fanning,0.9984,0.9410,16,373,421,458,507
416,20230609c_00644.jpg,158,fanning,0.9889,0.9392,16,1423,374,1507,427
416,20230609c_00644.jpg,2598,fanning,0.9259,0.9366,6,537,370,645,448
416,20230609c_00644.jpg,2614,neutral,0.9995,0.9321,4,856,310,928,392
416,20230609c_00644.jpg,1134,fanning,0.9996,0.9142,16,190,341,251,421
416,20230609c_00644.jpg,2571,neutral,0.9956,0.9131,9,1012,373,1065,448
416,20230609c_00644.jpg,2171,fanning,0.8568,0.9078,16,1173,371,1221,406
416,20230609c_00644.jpg,2501,fanning,0.9693,0.8993,8,682,373,744,413
417,20230609c_00645.jpg,2598,fanning,0.9584,0.9468,7,555,369,639,440
417,20230609c_00645.jpg,842,fanning,0.9981,0.9415,16,373,421,461,507
417,20230609c_00645.jpg,158,fanning,0.9849,0.9405,16,1433,375,1511,427
417,20230609c_00645.jpg,2614,neutral,0.9993,0.9257,5,846,308,936,387
417,20230609c_00645.jpg,1134,fanning,0.9996,0.9220,16,191,343,252,422
417,20230609c_00645.jpg,2571,neutral,0.9874,0.9186,10,1006,372,1065,434
417,20230609c_00645.jpg,2171,fanning,0.8180,0.9050,16,1173,371,1218,403
417,20230609c_00645.jpg,2501,fanning,0.9737,0.9010,9,680,373,736,409
418,20230609c_00646.jpg,158,fanning,0.9875,0.9395,16,1436,374,1516,426
418,20230609c_00646.jpg,842,fanning,0.9979,0.9378,16,373,423,461,507
418,20230609c_00646.jpg,2598,fanning,0.9765,0.9378,8,534,371,638,430
418,20230609c_00646.jpg,1134,fanning,0.9996,0.9228,16,191,347,251,421
418,20230609c_00646.jpg,2658,buffering,0.0000,0.9136,1,1151,687,1192,748
418,20230609c_00646.jpg,2171,fanning,0.8814,0.9107,16,1172,371,1217,402
418,20230609c_00646.jpg,2501,fanning,0.9674,0.8670,10,678,372,742,413
418,20230609c_00646.jpg,2571,neutral,0.9876,0.8428,11,1008,373,1067,418
419,20230609c_00647.jpg,158,fanning,0.9849,0.9416,16,1432,374,1510,426
419,20230609c_00647.jpg,2501,fanning,0.9661,0.9372,11,653,370,719,453
419,20230609c_00647.jpg,842,fanning,0.9976,0.9361,16,373,421,462,505
419,20230609c_00647.jpg,2666,buffering,0.0000,0.9331,1,994,376,1062,455
419,20230609c_00647.jpg,2658,buffering,0.0000,0.9312,2,1119,670,1173,764
419,20230609c_00647.jpg,2171,fanning,0.8986,0.9160,16,1171,371,1218,402
419,20230609c_00647.jpg,2598,fanning,0.8331,0.9149,9,572,373,632,420
419,20230609c_00647.jpg,1134,fanning,0.9996,0.9140,16,194,348,252,421
420,20230609c_00648.jpg,158,fanning,0.9890,0.9446,16,1432,373,1505,422
420,20230609c_00648.jpg,2501,fanning,0.9760,0.9390,12,667,374,725,448
420,20230609c_00648.jpg,2666,buffering,0.0000,0.9365,2,989,374,1049,460
420,20230609c_00648.jpg,842,fanning,0.9978,0.9363,16,374,421,461,507
420,20230609c_00648.jpg,2576,buffering,0.0000,0.9288,2,670,987,725,1079
420,20230609c_00648.jpg,2670,buffering,0.0000,0.9283,1,713,630,764,717
420,20230609c_00648.jpg,2171,fanning,0.8649,0.9195,16,1172,371,1218,403
420,20230609c_00648.jpg,1134,fanning,0.9996,0.9188,16,193,345,253,422
420,20230609c_00648.jpg,2598,fanning,0.9113,0.8858,10,544,372,630,407
421,20230609c_00649.jpg,2501,fanning,0.9722,0.9387,13,673,374,725,444
421,20230609c_00649.jpg,842,fanning,0.9980,0.9366,16,373,420,463,506
421,20230609c_00649.jpg,2670,buffering,0.0000,0.9350,2,718,602,777,694
421,20230609c_00649.jpg,158,fanning,0.9910,0.9347,16,1431,375,1517,431
421,20230609c_00649.jpg,2666,buffering,0.0000,0.9335,3,982,373,1043,463
421,20230609c_00649.jpg,1134,fanning,0.9996,0.9257,16,193,347,252,421
421,20230609c_00649.jpg,2171,fanning,0.8628,0.9189,16,1173,371,1217,403
421,20230609c_00649.jpg,2677,buffering,0.0000,0.9172,1,1030,372,1072,407
421,20230609c_00649.jpg,2614,neutral,0.9991,0.9062,6,805,309,893,370
421,20230609c_00649.jpg,2598,fanning,0.8191,0.8143,11,576,373,617,389
422,20230609c_00650.jpg,158,fanning,0.9921,0.9357,16,1443,374,1530,439
422,20230609c_00650.jpg,842,fanning,0.9981,0.9335,16,373,420,461,503
422,20230609c_00650.jpg,2666,neutral,0.9937,0.9277,4,981,374,1058,462
422,20230609c_00650.jpg,2458,buffering,0.0000,0.9238,3,783,642,847,737
422,20230609c_00650.jpg,1134,fanning,0.9996,0.9234,16,195,347,252,421
422,20230609c_00650.jpg,2501,fanning,0.9754,0.9213,14,663,372,729,441
422,20230609c_00650.jpg,2572,buffering,0.0000,0.9189,2,533,919,583,1002
422,20230609c_00650.jpg,2171,fanning,0.8054,0.9166,16,1174,371,1216,405
422,20230609c_00650.jpg,2677,buffering,0.0000,0.9036,2,1031,372,1072,402
423,20230609c_00651.jpg,2458,neutral,0.9997,0.9430,4,819,638,894,721
423,20230609c_00651.jpg,2670,buffering,0.0000,0.9406,3,732,569,794,666
423,20230609c_00651.jpg,2666,neutral,0.9839,0.9388,5,994,374,1054,455
423,20230609c_00651.jpg,842,fanning,0.9983,0.9385,16,372,420,458,503
423,20230609c_00651.jpg,158,fanning,0.9895,0.9361,16,1446,374,1528,436
423,20230609c_00651.jpg,1134,fanning,0.9996,0.9301,16,194,347,251,422
423,20230609c_00651.jpg,2171,fanning,0.8292,0.9213,16,1174,371,1219,408
423,20230609c_00651.jpg,2501,fanning,0.9785,0.8446,15,657,371,730,456
423,20230609c_00651.jpg,2677,buffering,0.0000,0.8110,3,1032,373,1071,396
423,20230609c_00651.jpg,2614,neutral,0.9991,0.8043,7,799,326,874,377
424,20230609c_00652.jpg,158,fanning,0.9891,0.9374,16,1437,374,1526,432
424,20230609c_00652.jpg,2666,neutral,0.9628,0.9328,6,999,373,1054,446
424,20230609c_00652.jpg,842,fanning,0.9984,0.9317,16,368,420,465,502
424,20230609c_00652.jpg,1134,fanning,0.9996,0.9275,16,195,346,251,422
424,20230609c_00652.jpg,2171,fanning,0.8369,0.9213,16,1181,371,1220,406
424,20230609c_00652.jpg,2501,fanning,0.9852,0.8446,16,667,373,728,427
425,20230609c_00653.jpg,2666,neutral,0.9043,0.9399,7,1001,372,1063,439
425,20230609c_00653.jpg,842,fanning,0.9986,0.9385,16,367,419,459,504
425,20230609c_00653.jpg,158,fanning,0.9888,0.9384,16,1444,374,1526,432
425,20230609c_00653.jpg,1134,fanning,0.9996,0.9294,16,196,346,251,422
425,20230609c_00653.jpg,2171,fanning,0.8512,0.9242,16,1178,371,1223,406
425,20230609c_00653.jpg,2501,fanning,0.9644,0.9085,16,675,373,737,417
425,20230609c_00653.jpg,2614,neutral,0.9976,0.8231,8,804,339,881,394
426,20230609c_00654.jpg,2666,neutral,0.7746,0.9403,8,1009,373,1073,440
426,20230609c_00654.jpg,842,fanning,0.9985,0.9391,16,367,419,458,506
426,20230609c_00654.jpg,158,fanning,0.9861,0.9382,16,1444,373,1525,431
426,20230609c_00654.jpg,2694,buffering,0.0000,0.9241,1,699,376,774,471
426,20230609c_00654.jpg,2171,fanning,0.8676,0.9188,16,1171,372,1230,406
426,20230609c_00654.jpg,1134,fanning,0.9996,0.9148,16,197,345,252,421
426,20230609c_00654.jpg,2614,neutral,0.9917,0.9011,9,799,352,883,402
426,20230609c_00654.jpg,2501,fanning,0.9611,0.8905,16,680,373,740,419
427,20230609c_00655.jpg,842,fanning,0.9984,0.9389,16,367,419,459,504
427,20230609c_00655.jpg,2694,buffering,0.0000,0.9380,2,729,374,796,459
427,20230609c_00655.jpg,158,fanning,0.9850,0.9363,16,1441,374,1526,432
427,20230609c_00655.jpg,2666,neutral,0.6396,0.9303,9,1028,373,1087,440
427,20230609c_00655.jpg,1134,fanning,0.9996,0.9250,16,201,345,253,420
427,20230609c_00655.jpg,2501,fanning,0.9615,0.9188,16,691,373,756,416
427,20230609c_00655.jpg,2171,fanning,0.8786,0.9007,16,1174,373,1237,406
427,20230609c_00655.jpg,2614,neutral,0.8495,0.9004,10,828,363,879,402
428,20230609c_00656.jpg,2487,buffering,0.0000,0.9426,3,520,371,604,438
428,20230609c_00656.jpg,158,fanning,0.9812,0.9404,16,1436,374,1524,434
428,20230609c_00656.jpg,842,fanning,0.9984,0.9372,16,368,417,464,504
428,20230609c_00656.jpg,2694,buffering,0.0000,0.9303,3,745,373,816,443
428,20230609c_00656.jpg,2666,uncertain,0.5021,0.9190,10,1024,375,1087,431
428,20230609c_00656.jpg,2171,fanning,0.8773,0.9184,16,1190,373,1249,407
428,20230609c_00656.jpg,2501,neutral,0.9191,0.9057,16,696,373,754,413
428,20230609c_00656.jpg,1134,fanning,0.9996,0.8897,16,200,346,252,420
428,20230609c_00656.jpg,2614,fanning,0.9714,0.8482,11,813,368,877,405
429,20230609c_00657.jpg,842,fanning,0.9986,0.9374,16,365,417,463,504
429,20230609c_00657.jpg,2487,neutral,0.9383,0.9356,4,516,368,592,437
429,20230609c_00657.jpg,2666,fanning,0.6393,0.9318,11,1023,374,1081,426
429,20230609c_00657.jpg,2694,neutral,0.9994,0.9305,4,743,374,823,434
429,20230609c_00657.jpg,158,fanning,0.9789,0.9205,16,1442,373,1523,428
429,20230609c_00657.jpg,2576,buffering,0.0000,0.9201,3,642,999,750,1080
429,20230609c_00657.jpg,2171,fanning,0.9038,0.9095,16,1179,372,1245,406
429,20230609c_00657.jpg,1134,fanning,0.9996,0.8893,16,202,344,254,420
429,20230609c_00657.jpg,2501,neutral,0.9085,0.8729,16,696,373,747,407
429,20230609c_00657.jpg,2614,fanning,0.9210,0.6833,12,832,373,876,408
430,20230609c_00658.jpg,2712,buffering,0.0000,0.9434,1,1260,461,1330,551
430,20230609c_00658.jpg,842,fanning,0.9987,0.9313,16,366,419,455,505
430,20230609c_00658.jpg,158,fanning,0.9603,0.9308,16,1442,373,1526,435
430,20230609c_00658.jpg,2487,neutral,0.9009,0.9211,5,515,370,601,436
430,20230609c_00658.jpg,2666,fanning,0.7234,0.9207,12,1027,374,1084,414
430,20230609c_00658.jpg,2171,fanning,0.9626,0.9051,16,1180,372,1246,405
430,20230609c_00658.jpg,1134,fanning,0.9996,0.8838,16,201,344,253,420
430,20230609c_00658.jpg,2501,neutral,0.8142,0.8539,16,694,372,743,399
430,20230609c_00658.jpg,2614,trophallaxis,0.9856,0.8093,13,812,373,877,409
431,20230609c_00659.jpg,2712,buffering,0.0000,0.9501,2,1273,439,1340,528
431,20230609c_00659.jpg,2487,neutral,0.7355,0.9340,6,516,371,598,434
431,20230609c_00659.jpg,158,fanning,0.9402,0.9304,16,1442,374,1524,428
431,20230609c_00659.jpg,2718,buffering,0.0000,0.9242,1,56,1001,126,1075
431,20230609c_00659.jpg,842,fanning,0.9986,0.9117,16,372,425,439,502
431,20230609c_00659.jpg,2666,fanning,0.6124,0.9038,13,1040,374,1083,408
431,20230609c_00659.jpg,2171,fanning,0.9817,0.8990,16,1176,372,1250,409
431,20230609c_00659.jpg,1134,fanning,0.9996,0.8791,16,200,366,252,421
431,20230609c_00659.jpg,2614,trophallaxis,0.9924,0.8162,14,815,373,875,410
431,20230609c_00659.jpg,2501,neutral,0.9348,0.7231,16,701,373,742,391
432,20230609c_00660.jpg,2712,buffering,0.0000,0.9440,3,1295,419,1358,502
432,20230609c_00660.jpg,2722,buffering,0.0000,0.9416,1,367,419,489,513
432,20230609c_00660.jpg,2487,fanning,0.5869,0.9401,7,517,371,597,426
432,20230609c_00660.jpg,2718,buffering,0.0000,0.9269,2,52,1005,120,1075
432,20230609c_00660.jpg,158,fanning,0.9586,0.9191,16,1445,374,1525,432
432,20230609c_00660.jpg,842,fanning,0.9986,0.9110,16,372,425,444,506
432,20230609c_00660.jpg,2614,trophallaxis,0.9811,0.9084,15,821,370,869,417
432,20230609c_00660.jpg,2171,fanning,0.9881,0.9037,16,1173,370,1260,409
432,20230609c_00660.jpg,1134,fanning,0.9996,0.8900,16,201,356,251,421
433,20230609c_00661.jpg,2712,neutral,0.9995,0.9470,4,1319,373,1409,485
433,20230609c_00661.jpg,842,fanning,0.9985,0.9397,16,373,425,440,511
433,20230609c_00661.jpg,2487,fanning,0.7092,0.9366,8,519,372,594,430
433,20230609c_00661.jpg,2729,buffering,0.0000,0.9244,1,697,741,760,832
433,20230609c_00661.jpg,2718,buffering,0.0000,0.9236,3,60,995,137,1069
433,20230609c_00661.jpg,158,fanning,0.9059,0.9222,16,1445,374,1524,440
433,20230609c_00661.jpg,2171,fanning,0.9921,0.8970,16,1173,370,1264,409
433,20230609c_00661.jpg,1134,fanning,0.9996,0.8843,16,200,367,251,424
433,20230609c_00661.jpg,2614,fanning,0.6545,0.8469,16,831,373,871,436
433,20230609c_00661.jpg,2576,neutral,0.9953,0.8020,4,648,1044,715,1079
434,20230609c_00662.jpg,842,fanning,0.9983,0.9396,16,366,420,453,506
434,20230609c_00662.jpg,2712,neutral,0.9989,0.9349,5,1329,372,1412,472
434,20230609c_00662.jpg,2487,fanning,0.8422,0.9178,9,516,371,599,429
434,20230609c_00662.jpg,2729,buffering,0.0000,0.9154,2,716,732,776,806
434,20230609c_00662.jpg,158,fanning,0.8740,0.9056,16,1445,373,1525,440
434,20230609c_00662.jpg,2171,fanning,0.9915,0.8935,16,1175,370,1272,409
434,20230609c_00662.jpg,1134,fanning,0.9996,0.8686,16,204,350,256,425
434,20230609c_00662.jpg,2614,fanning,0.9854,0.8082,16,837,372,883,434
435,20230609c_00663.jpg,842,fanning,0.9982,0.9405,16,366,420,455,504
435,20230609c_00663.jpg,2712,neutral,0.9987,0.9331,6,1329,372,1412,470
435,20230609c_00663.jpg,158,fanning,0.9176,0.9254,16,1449,373,1525,434
435,20230609c_00663.jpg,2729,buffering,0.0000,0.8975,3,743,728,780,792
435,20230609c_00663.jpg,2171,fanning,0.9917,0.8941,16,1176,371,1275,408
435,20230609c_00663.jpg,1134,fanning,0.9996,0.8498,16,202,366,257,425
435,20230609c_00663.jpg,2487,fanning,0.9117,0.8348,10,521,372,587,406
436,20230609c_00664.jpg,158,fanning,0.8906,0.9410,16,1438,372,1527,427
436,20230609c_00664.jpg,842,fanning,0.9980,0.9393,16,367,420,455,505
436,20230609c_00664.jpg,2712,neutral,0.9985,0.9364,7,1314,372,1415,453
436,20230609c_00664.jpg,2487,fanning,0.9735,0.9208,11,528,370,597,454
436,20230609c_00664.jpg,2729,neutral,0.9997,0.9055,4,758,719,797,789
436,20230609c_00664.jpg,2171,fanning,0.9973,0.8953,16,1183,371,1270,404
436,20230609c_00664.jpg,1134,fanning,0.9995,0.8651,16,203,363,251,425
436,20230609c_00664.jpg,2614,fanning,0.9951,0.8484,16,834,372,884,424
436,20230609c_00664.jpg,2747,buffering,0.0000,0.6702,1,1283,780,1354,858
437,20230609c_00665.jpg,158,fanning,0.8472,0.9418,16,1438,372,1526,426
437,20230609c_00665.jpg,842,fanning,0.9975,0.9409,16,368,420,456,505
437,20230609c_00665.jpg,2759,buffering,0.0000,0.9282,1,1299,701,1378,790
437,20230609c_00665.jpg,2572,buffering,0.0000,0.9262,3,540,891,608,987
437,20230609c_00665.jpg,2729,neutral,0.9994,0.9212,5,764,712,807,784
437,20230609c_00665.jpg,2171,fanning,0.9975,0.9025,16,1181,371,1272,408
437,20230609c_00665.jpg,1134,fanning,0.9995,0.8858,16,206,367,247,423
437,20230609c_00665.jpg,2487,fanning,0.9818,0.8856,12,532,371,627,441
437,20230609c_00665.jpg,2614,fanning,0.9704,0.6603,16,841,373,887,419
438,20230609c_00666.jpg,158,fanning,0.8052,0.9411,16,1439,372,1528,428
438,20230609c_00666.jpg,842,fanning,0.9971,0.9374,16,370,420,463,504
438,20230609c_00666.jpg,2761,buffering,0.0000,0.9351,1,1077,641,1141,733
438,20230609c_00666.jpg,2759,buffering,0.0000,0.9174,2,1328,710,1413,787
438,20230609c_00666.jpg,2729,neutral,0.9989,0.9163,6,761,699,801,775
438,20230609c_00666.jpg,2171,fanning,0.9971,0.8931,16,1178,371,1262,405
438,20230609c_00666.jpg,1134,fanning,0.9995,0.8790,16,196,366,249,423
438,20230609c_00666.jpg,2487,fanning,0.9862,0.8751,13,529,371,622,430
438,20230609c_00666.jpg,2763,buffering,0.0000,0.8115,1,220,980,272,1020
439,20230609c_00667.jpg,842,fanning,0.9968,0.9403,16,368,420,457,506
439,20230609c_00667.jpg,158,fanning,0.8494,0.9386,16,1434,374,1528,440
439,20230609c_00667.jpg,2487,fanning,0.9912,0.9313,14,530,372,624,420
439,20230609c_00667.jpg,2759,buffering,0.0000,0.9270,3,1367,735,1464,802
439,20230609c_00667.jpg,1134,fanning,0.9994,0.9063,16,196,370,251,424
439,20230609c_00667.jpg,2171,fanning,0.9969,0.8886,16,1188,373,1267,402
439,20230609c_00667.jpg,2614,fanning,0.9594,0.6318,16,840,372,892,413
440,20230609c_00668.jpg,158,fanning,0.7501,0.9405,16,1445,373,1529,428
440,20230609c_00668.jpg,842,fanning,0.9965,0.9395,16,370,420,462,506
440,20230609c_00668.jpg,2759,neutral,0.9986,0.9330,4,1414,754,1513,833
440,20230609c_00668.jpg,2712,neutral,0.9949,0.9231,8,1315,371,1415,426
440,20230609c_00668.jpg,2487,fanning,0.9913,0.9048,15,545,372,607,409
440,20230609c_00668.jpg,1134,fanning,0.9994,0.9028,16,195,368,249,424
440,20230609c_00668.jpg,2171,fanning,0.9976,0.8897,16,1193,373,1272,403
440,20230609c_00668.jpg,2614,fanning,0.9710,0.8367,16,839,373,900,413
441,20230609c_00669.jpg,842,fanning,0.9977,0.9378,16,371,421,450,505
441,20230609c_00669.jpg,158,fanning,0.7992,0.9336,16,1450,373,1534,434
441,20230609c_00669.jpg,2759,neutral,0.9968,0.9240,5,1459,769,1538,851
441,20230609c_00669.jpg,2787,buffering,0.0000,0.9148,1,967,791,1008,862
441,20230609c_00669.jpg,2712,neutral,0.9883,0.9083,9,1324,370,1418,419
441,20230609c_00669.jpg,2171,fanning,0.9979,0.9013,16,1200,372,1272,400
441,20230609c_00669.jpg,1134,fanning,0.9993,0.8967,16,203,369,244,422
441,20230609c_00669.jpg,2487,fanning,0.9865,0.8826,16,550,372,607,399
441,20230609c_00669.jpg,2614,fanning,0.9691,0.5746,16,838,372,894,413
442,20230609c_00670.jpg,842,fanning,0.9984,0.9386,16,365,418,448,511
442,20230609c_00670.jpg,2793,buffering,0.0000,0.9350,1,435,462,491,541
442,20230609c_00670.jpg,158,fanning,0.7788,0.9348,16,1434,373,1520,429
442,20230609c_00670.jpg,2787,buffering,0.0000,0.9243,2,952,800,1010,862
442,20230609c_00670.jpg,2759,neutral,0.9954,0.9243,6,1498,766,1556,869
442,20230609c_00670.jpg,1134,fanning,0.9992,0.8992,16,203,371,246,422
442,20230609c_00670.jpg,2712,neutral,0.9769,0.8957,10,1333,372,1415,414
442,20230609c_00670.jpg,2171,fanning,0.9945,0.8872,16,1203,372,1273,399
442,20230609c_00670.jpg,2797,buffering,0.0000,0.8617,1,1463,1036,1511,1079
442,20230609c_00670.jpg,2614,fanning,0.9812,0.8096,16,837,372,919,410
442,20230609c_00670.jpg,2487,fanning,0.9796,0.8053,16,567,372,612,391
443,20230609c_00671.jpg,2793,buffering,0.0000,0.9435,2,445,457,502,541
443,20230609c_00671.jpg,158,fanning,0.7256,0.9405,16,1439,373,1528,431
443,20230609c_00671.jpg,842,fanning,0.9987,0.9389,16,363,418,444,512
443,20230609c_00671.jpg,2803,buffering,0.0000,0.9266,1,1363,984,1433,1079
443,20230609c_00671.jpg,2759,neutral,0.9875,0.9243,7,1523,760,1569,856
443,20230609c_00671.jpg,2800,buffering,0.0000,0.9141,1,618,723,666,792
443,20230609c_00671.jpg,1134,fanning,0.9990,0.9037,16,203,373,251,423
443,20230609c_00671.jpg,2171,fanning,0.9928,0.8901,16,1206,372,1276,400
443,20230609c_00671.jpg,2614,fanning,0.9621,0.8261,16,839,372,914,414
444,20230609c_00672.jpg,842,fanning,0.9988,0.9390,16,363,424,439,508
444,20230609c_00672.jpg,2793,buffering,0.0000,0.9343,3,405,451,516,554
444,20230609c_00672.jpg,158,fanning,0.7803,0.9343,16,1438,373,1528,435
444,20230609c_00672.jpg,2803,buffering,0.0000,0.9237,2,1329,953,1408,1051
444,20230609c_00672.jpg,2806,buffering,0.0000,0.9197,1,909,374,971,437
444,20230609c_00672.jpg,1134,fanning,0.9988,0.9102,16,204,374,253,425
444,20230609c_00672.jpg,2800,buffering,0.0000,0.9035,2,617,713,663,784
444,20230609c_00672.jpg,2722,buffering,0.0000,0.8942,2,408,474,462,567
444,20230609c_00672.jpg,2171,fanning,0.9922,0.8910,16,1209,372,1279,400
444,20230609c_00672.jpg,2614,fanning,0.9533,0.6167,16,840,373,903,407
445,20230609c_00673.jpg,2793,neutral,0.9975,0.9445,4,458,417,524,527
445,20230609c_00673.jpg,842,fanning,0.9989,0.9391,16,362,422,441,513
445,20230609c_00673.jpg,2806,buffering,0.0000,0.9342,2,905,375,967,443
445,20230609c_00673.jpg,158,fanning,0.7401,0.9337,16,1441,373,1525,434
445,20230609c_00673.jpg,2803,buffering,0.0000,0.9195,3,1301,935,1366,1024
445,20230609c_00673.jpg,2812,buffering,0.0000,0.9177,1,1510,696,1567,800
445,20230609c_00673.jpg,2800,buffering,0.0000,0.9149,3,599,699,651,764
445,20230609c_00673.jpg,1134,fanning,0.9984,0.9005,16,205,375,253,425
445,20230609c_00673.jpg,2171,fanning,0.9884,0.8965,16,1211,373,1277,401
445,20230609c_00673.jpg,2614,fanning,0.9230,0.8156,16,840,372,906,413
446,20230609c_00674.jpg,2793,neutral,0.9954,0.9406,5,465,411,529,508
446,20230609c_00674.jpg,842,fanning,0.9986,0.9400,16,366,423,433,511
446,20230609c_00674.jpg,2820,buffering,0.0000,0.9363,1,373,316,436,409
446,20230609c_00674.jpg,2822,buffering,0.0000,0.9313,1,1243,919,1303,1006
446,20230609c_00674.jpg,158,fanning,0.7598,0.9268,16,1440,373,1526,433
446,20230609c_00674.jpg,2806,buffering,0.0000,0.9201,3,905,375,963,435
446,20230609c_00674.jpg,2800,neutral,0.9997,0.9113,4,583,682,636,747
446,20230609c_00674.jpg,2171,fanning,0.9768,0.9002,16,1213,372,1274,401
446,20230609c_00674.jpg,1134,fanning,0.9985,0.8344,16,203,356,250,424
446,20230609c_00674.jpg,2614,fanning,0.7974,0.6725,16,840,372,898,411
447,20230609c_00675.jpg,842,fanning,0.9984,0.9416,16,363,418,433,511
447,20230609c_00675.jpg,2793,neutral,0.9914,0.9415,6,476,395,542,489
447,20230609c_00675.jpg,158,fanning,0.7793,0.9348,16,1446,373,1527,427
447,20230609c_00675.jpg,2820,buffering,0.0000,0.9335,2,379,311,441,408
447,20230609c_00675.jpg,2800,neutral,0.9997,0.9331,5,590,677,649,742
447,20230609c_00675.jpg,2806,neutral,0.9871,0.9261,4,906,374,969,435
447,20230609c_00675.jpg,2825,buffering,0.0000,0.9167,1,808,927,867,1001
447,20230609c_00675.jpg,2171,fanning,0.9200,0.8861,16,1214,373,1271,402
447,20230609c_00675.jpg,1134,fanning,0.9985,0.8763,16,197,371,267,424
447,20230609c_00675.jpg,2614,fanning,0.8901,0.7843,16,841,372,904,408
448,20230609c_00676.jpg,842,fanning,0.9983,0.9451,16,368,420,434,512
448,20230609c_00676.jpg,2820,buffering,0.0000,0.9418,3,375,298,443,391
448,20230609c_00676.jpg,2793,neutral,0.9866,0.9382,7,483,373,562,471
448,20230609c_00676.jpg,158,fanning,0.7858,0.9320,16,1443,373,1527,428
448,20230609c_00676.jpg,2806,neutral,0.9730,0.9317,5,906,375,970,428
448,20230609c_00676.jpg,1134,fanning,0.9986,0.9101,16,202,371,262,424
448,20230609c_00676.jpg,2171,fanning,0.8017,0.8870,16,1213,373,1266,401
448,20230609c_00676.jpg,2614,fanning,0.8455,0.8306,16,851,374,916,405
449,20230609c_00677.jpg,842,fanning,0.9984,0.9436,16,368,420,436,512
449,20230609c_00677.jpg,2793,neutral,0.9889,0.9404,8,493,376,566,464
449,20230609c_00677.jpg,2820,fanning,0.5577,0.9394,4,371,297,441,388
449,20230609c_00677.jpg,158,fanning,0.9289,0.9307,16,1442,373,1526,427
449,20230609c_00677.jpg,2806,neutral,0.9600,0.9216,6,923,374,971,416
449,20230609c_00677.jpg,1134,fanning,0.9986,0.9118,16,202,369,260,423
449,20230609c_00677.jpg,2171,fanning,0.6070,0.8630,16,1214,372,1263,412
449,20230609c_00677.jpg,2614,fanning,0.7161,0.5708,16,853,374,901,404
450,20230609c_00678.jpg,158,fanning,0.9297,0.9472,16,1441,373,1523,430
450,20230609c_00678.jpg,842,fanning,0.9986,0.9456,16,371,424,440,516
450,20230609c_00678.jpg,2820,fanning,0.6961,0.9455,5,364,297,447,378
450,20230609c_00678.jpg,2793,neutral,0.9851,0.9432,9,503,371,577,450
450,20230609c_00678.jpg,2842,buffering,0.0000,0.9311,1,24,383,93,451
450,20230609c_00678.jpg,1134,fanning,0.9986,0.9148,16,200,370,266,423
450,20230609c_00678.jpg,2171,neutral,0.6143,0.8586,16,1214,372,1263,402
450,20230609c_00678.jpg,2614,fanning,0.7161,0.6502,16,854,374,906,404
451,20230609c_00679.jpg,842,fanning,0.9985,0.9474,16,375,428,441,513
451,20230609c_00679.jpg,158,fanning,0.9460,0.9469,16,1442,373,1521,429
451,20230609c_00679.jpg,2793,neutral,0.9747,0.9442,10,512,370,583,440
451,20230609c_00679.jpg,2820,fanning,0.9412,0.9441,6,358,298,438,372
451,20230609c_00679.jpg,2842,buffering,0.0000,0.9363,2,28,396,91,470
451,20230609c_00679.jpg,2787,buffering,0.0000,0.9164,3,917,766,969,863
451,20230609c_00679.jpg,1134,fanning,0.9984,0.8926,16,202,372,264,423
451,20230609c_00679.jpg,2806,neutral,0.9668,0.8816,7,937,375,975,401
451,20230609c_00679.jpg,2171,neutral,0.8218,0.8579,16,1214,372,1260,393
451,20230609c_00679.jpg,2614,fanning,0.6842,0.7834,16,844,373,913,404
452,20230609c_00680.jpg,158,fanning,0.9509,0.9571,16,1438,373,1516,429
452,20230609c_00680.jpg,842,fanning,0.9985,0.9485,16,375,427,447,513
452,20230609c_00680.jpg,2820,fanning,0.9728,0.9459,7,353,298,441,371
452,20230609c_00680.jpg,2842,buffering,0.0000,0.9344,3,34,402,104,480
452,20230609c_00680.jpg,2793,neutral,0.9872,0.9237,11,519,372,592,420
452,20230609c_00680.jpg,2857,buffering,0.0000,0.9092,1,1285,714,1322,774
452,20230609c_00680.jpg,1134,fanning,0.9982,0.8931,16,204,371,264,423
452,20230609c_00680.jpg,2171,neutral,0.8691,0.8515,16,1216,373,1256,393
452,20230609c_00680.jpg,2614,uncertain,0.5072,0.7431,16,853,374,905,398
453,20230609c_00681.jpg,842,fanning,0.9990,0.9494,16,373,427,452,513
453,20230609c_00681.jpg,158,fanning,0.9322,0.9473,16,1436,373,1514,427
453,20230609c_00681.jpg,2820,fanning,0.9851,0.9444,8,349,297,436,374
453,20230609c_00681.jpg,2842,neutral,0.9996,0.9411,4,48,410,122,476
453,20230609c_00681.jpg,1134,fanning,0.9981,0.9352,16,209,372,270,424
453,20230609c_00681.jpg,2857,buffering,0.0000,0.8955,2,1300,715,1338,777
453,20230609c_00681.jpg,2171,neutral,0.8905,0.8642,16,1212,373,1254,395
453,20230609c_00681.jpg,2614,neutral,0.7827,0.5783,16,845,373,921,401
454,20230609c_00682.jpg,842,fanning,0.9990,0.9498,16,372,428,454,511
454,20230609c_00682.jpg,158,fanning,0.9426,0.9426,16,1437,373,1517,424
454,20230609c_00682.jpg,2820,fanning,0.9852,0.9420,9,346,297,434,377
454,20230609c_00682.jpg,2458,neutral,0.9996,0.9323,5,867,649,920,738
454,20230609c_00682.jpg,2842,neutral,0.9995,0.9253,5,77,431,141,484
454,20230609c_00682.jpg,1134,fanning,0.9979,0.9220,16,210,372,268,425
454,20230609c_00682.jpg,2857,buffering,0.0000,0.9090,3,1315,720,1357,789
454,20230609c_00682.jpg,2171,neutral,0.9467,0.8886,16,1208,373,1252,396
455,20230609c_00683.jpg,842,fanning,0.9992,0.9497,16,371,426,456,510
455,20230609c_00683.jpg,158,fanning,0.9519,0.9416,16,1437,373,1517,427
455,20230609c_00683.jpg,2820,fanning,0.9851,0.9338,10,347,297,436,384
455,20230609c_00683.jpg,1134,fanning,0.9982,0.9299,16,210,372,273,424
455,20230609c_00683.jpg,2857,neutral,0.9991,0.9208,4,1322,738,1364,808
455,20230609c_00683.jpg,2842,neutral,0.9992,0.8963,6,89,449,151,500
455,20230609c_00683.jpg,2171,neutral,0.9777,0.8456,16,1205,373,1259,396
456,20230609c_00684.jpg,842,fanning,0.9994,0.9498,16,373,426,455,510
456,20230609c_00684.jpg,158,fanning,0.9706,0.9441,16,1437,372,1516,424
456,20230609c_00684.jpg,2877,buffering,0.0000,0.9342,1,704,373,778,422
456,20230609c_00684.jpg,1134,fanning,0.9979,0.9316,16,212,374,274,422
456,20230609c_00684.jpg,2842,neutral,0.9962,0.9250,7,88,458,159,526
456,20230609c_00684.jpg,2820,fanning,0.9831,0.9157,11,361,298,428,397
456,20230609c_00684.jpg,2747,buffering,0.0000,0.9140,2,1321,763,1360,838
456,20230609c_00684.jpg,2171,neutral,0.9828,0.8390,16,1200,373,1258,398
457,20230609c_00685.jpg,842,fanning,0.9993,0.9510,16,372,425,452,511
457,20230609c_00685.jpg,2881,buffering,0.0000,0.9430,1,849,530,898,600
457,20230609c_00685.jpg,158,fanning,0.9544,0.9395,16,1437,373,1519,426
457,20230609c_00685.jpg,1134,fanning,0.9983,0.9338,16,214,374,274,422
457,20230609c_00685.jpg,2842,neutral,0.9953,0.9311,8,92,474,174,544
457,20230609c_00685.jpg,2747,buffering,0.0000,0.9268,3,1304,782,1355,861
457,20230609c_00685.jpg,2877,buffering,0.0000,0.9197,2,710,373,763,419
457,20230609c_00685.jpg,2820,fanning,0.9817,0.9010,12,370,307,431,393
457,20230609c_00685.jpg,2884,buffering,0.0000,0.8369,1,473,1044,529,1080
457,20230609c_00685.jpg,2171,neutral,0.9844,0.8180,16,1192,374,1252,397
457,20230609c_00685.jpg,2614,neutral,0.7110,0.5773,16,853,374,897,398
458,20230609c_00686.jpg,842,fanning,0.9994,0.9485,16,373,426,451,510
458,20230609c_00686.jpg,158,fanning,0.9576,0.9383,16,1437,373,1518,423
458,20230609c_00686.jpg,2881,buffering,0.0000,0.9382,2,852,513,906,588
458,20230609c_00686.jpg,1134,fanning,0.9989,0.9368,16,216,373,275,423
458,20230609c_00686.jpg,2842,neutral,0.9848,0.9338,9,136,476,204,558
458,20230609c_00686.jpg,2820,fanning,0.9836,0.9167,13,378,305,442,391
458,20230609c_00686.jpg,2877,buffering,0.0000,0.9102,3,711,373,772,430
458,20230609c_00686.jpg,2171,neutral,0.9583,0.8645,16,1188,373,1259,399
459,20230609c_00687.jpg,842,fanning,0.9993,0.9481,16,374,427,455,512
459,20230609c_00687.jpg,1134,fanning,0.9989,0.9399,16,217,373,277,423
459,20230609c_00687.jpg,158,fanning,0.9633,0.9393,16,1436,373,1513,422
459,20230609c_00687.jpg,2881,buffering,0.0000,0.9351,3,848,487,905,575
459,20230609c_00687.jpg,2842,neutral,0.9871,0.9322,10,169,475,237,555
459,20230609c_00687.jpg,2820,fanning,0.9865,0.9293,14,386,305,452,394
459,20230609c_00687.jpg,2877,neutral,0.9979,0.9099,4,721,373,780,437
459,20230609c_00687.jpg,2171,neutral,0.9516,0.8913,16,1184,373,1255,398
460,20230609c_00688.jpg,842,fanning,0.9991,0.9452,16,371,426,459,512
460,20230609c_00688.jpg,1134,fanning,0.9991,0.9441,16,219,374,278,423
460,20230609c_00688.jpg,2842,neutral,0.8775,0.9384,11,207,466,260,551
460,20230609c_00688.jpg,158,fanning,0.9502,0.9379,16,1436,373,1508,424
460,20230609c_00688.jpg,2881,neutral,0.9976,0.9326,4,853,446,914,541
460,20230609c_00688.jpg,2820,fanning,0.9904,0.9311,15,387,301,471,385
460,20230609c_00688.jpg,2877,neutral,0.9948,0.9208,5,744,374,806,438
460,20230609c_00688.jpg,2171,neutral,0.9590,0.9129,16,1177,372,1254,396
461,20230609c_00689.jpg,842,fanning,0.9967,0.9415,16,372,426,463,510
461,20230609c_00689.jpg,2881,neutral,0.9961,0.9367,5,863,412,910,498
461,20230609c_00689.jpg,2820,fanning,0.9929,0.9357,16,394,312,473,389
461,20230609c_00689.jpg,158,fanning,0.9486,0.9351,16,1434,373,1511,424
461,20230609c_00689.jpg,2842,neutral,0.7441,0.9351,12,210,459,265,544
461,20230609c_00689.jpg,1134,fanning,0.9994,0.9343,16,219,374,279,423
461,20230609c_00689.jpg,2171,neutral,0.9544,0.9099,16,1175,372,1251,397
461,20230609c_00689.jpg,2877,neutral,0.9914,0.9080,6,765,373,828,428
461,20230609c_00689.jpg,2614,neutral,0.7772,0.7116,16,849,373,899,400
462,20230609c_00690.jpg,2722,buffering,0.0000,0.9458,3,420,597,486,687
462,20230609c_00690.jpg,2820,fanning,0.9927,0.9412,16,403,311,476,387
462,20230609c_00690.jpg,1134,fanning,0.9996,0.9410,16,218,373,281,423
462,20230609c_00690.jpg,842,fanning,0.9826,0.9371,16,374,427,464,509
462,20230609c_00690.jpg,158,fanning,0.9308,0.9365,16,1434,372,1510,424
462,20230609c_00690.jpg,2842,neutral,0.6545,0.9332,13,198,457,252,549
462,20230609c_00690.jpg,2881,neutral,0.9868,0.9266,6,852,377,919,472
462,20230609c_00690.jpg,2877,neutral,0.9365,0.9181,7,780,372,843,437
462,20230609c_00690.jpg,2171,neutral,0.9602,0.8822,16,1172,371,1245,396
463,20230609c_00691.jpg,2820,fanning,0.9906,0.9443,16,408,313,483,384
463,20230609c_00691.jpg,842,fanning,0.9918,0.9395,16,373,425,466,506
463,20230609c_00691.jpg,158,fanning,0.8522,0.9359,16,1435,372,1512,427
463,20230609c_00691.jpg,1134,fanning,0.9996,0.9336,16,220,374,281,419
463,20230609c_00691.jpg,2877,neutral,0.5996,0.9228,8,781,372,834,432
463,20230609c_00691.jpg,2881,neutral,0.9642,0.8895,7,850,374,927,465
463,20230609c_00691.jpg,2171,neutral,0.9407,0.8707,16,1163,372,1242,398
463,20230609c_00691.jpg,2614,neutral,0.8927,0.6436,16,851,373,924,400
464,20230609c_00692.jpg,2820,fanning,0.9914,0.9488,16,410,302,497,384
464,20230609c_00692.jpg,2800,neutral,0.9997,0.9406,6,525,515,578,610
464,20230609c_00692.jpg,842,fanning,0.9934,0.9396,16,374,426,467,505
464,20230609c_00692.jpg,2910,buffering,0.0000,0.9339,1,140,454,199,540
464,20230609c_00692.jpg,158,fanning,0.8320,0.9327,16,1436,373,1513,431
464,20230609c_00692.jpg,1134,fanning,0.9996,0.9296,16,220,374,284,419
464,20230609c_00692.jpg,2877,fanning,0.6595,0.9232,9,778,373,839,411
464,20230609c_00692.jpg,2171,neutral,0.8729,0.9147,16,1161,371,1243,400
464,20230609c_00692.jpg,2911,buffering,0.0000,0.9036,1,1298,878,1350,952
464,20230609c_00692.jpg,2881,neutral,0.7718,0.8850,8,852,374,925,453
464,20230609c_00692.jpg,2913,buffering,0.0000,0.8017,1,456,1021,517,1056
465,20230609c_00693.jpg,2820,fanning,0.9908,0.9408,16,412,315,497,384
465,20230609c_00693.jpg,842,fanning,0.9938,0.9378,16,372,426,465,508
465,20230609c_00693.jpg,1134,fanning,0.9996,0.9303,16,220,374,287,419
465,20230609c_00693.jpg,158,fanning,0.8657,0.9289,16,1438,374,1512,435
465,20230609c_00693.jpg,2910,buffering,0.0000,0.9279,2,123,451,178,540
465,20230609c_00693.jpg,2171,neutral,0.7861,0.9231,16,1156,371,1240,402
465,20230609c_00693.jpg,2881,neutral,0.5662,0.8914,9,864,375,923,433
465,20230609c_00693.jpg,2913,buffering,0.0000,0.8543,2,471,1012,530,1049
465,20230609c_00693.jpg,2915,buffering,0.0000,0.6305,1,1352,374,1418,423
466,20230609c_00694.jpg,842,fanning,0.9942,0.9394,16,369,427,467,501
466,20230609c_00694.jpg,2910,buffering,0.0000,0.9266,3,111,444,175,545
466,20230609c_00694.jpg,1134,fanning,0.9996,0.9258,16,219,374,288,418
466,20230609c_00694.jpg,158,fanning,0.8657,0.9189,16,1439,373,1514,434
466,20230609c_00694.jpg,2820,fanning,0.9938,0.9186,16,418,316,514,385
466,20230609c_00694.jpg,2877,fanning,0.7501,0.9103,10,786,372,858,408
466,20230609c_00694.jpg,2171,neutral,0.6459,0.9007,16,1158,372,1229,398
466,20230609c_00694.jpg,2913,buffering,0.0000,0.8889,3,491,1004,555,1045
466,20230609c_00694.jpg,2881,fanning,0.7552,0.8186,10,868,374,921,413
466,20230609c_00694.jpg,2915,buffering,0.0000,0.6037,2,1351,374,1418,422
467,20230609c_00695.jpg,842,fanning,0.9942,0.9380,16,370,425,462,501
467,20230609c_00695.jpg,158,fanning,0.8466,0.9377,16,1434,373,1514,434
467,20230609c_00695.jpg,2910,uncertain,0.5090,0.9345,4,94,458,148,536
467,20230609c_00695.jpg,2857,neutral,0.9989,0.9320,5,1422,791,1489,863
467,20230609c_00695.jpg,1134,fanning,0.9996,0.9228,16,219,374,289,417
467,20230609c_00695.jpg,2820,fanning,0.9953,0.9201,16,426,318,514,388
467,20230609c_00695.jpg,2877,fanning,0.8184,0.9068,11,773,372,856,406
467,20230609c_00695.jpg,2171,fanning,0.6077,0.8993,16,1145,371,1228,401
467,20230609c_00695.jpg,2913,neutral,0.9970,0.8961,4,523,1001,582,1042
467,20230609c_00695.jpg,2915,buffering,0.0000,0.6235,3,1352,375,1417,422
468,20230609c_00696.jpg,158,fanning,0.8483,0.9431,16,1428,374,1515,432
468,20230609c_00696.jpg,2572,neutral,0.9996,0.9396,4,595,880,647,966
468,20230609c_00696.jpg,842,fanning,0.9937,0.9394,16,373,425,462,500
468,20230609c_00696.jpg,2820,fanning,0.9964,0.9361,16,434,321,510,394
468,20230609c_00696.jpg,2910,uncertain,0.5199,0.9311,5,86,487,174,553
468,20230609c_00696.jpg,2924,buffering,0.0000,0.9302,1,528,372,589,451
468,20230609c_00696.jpg,1134,fanning,0.9996,0.9254,16,218,373,293,416
468,20230609c_00696.jpg,2877,fanning,0.8950,0.9170,12,780,371,868,408
468,20230609c_00696.jpg,2171,fanning,0.7512,0.9081,16,1141,371,1229,403
468,20230609c_00696.jpg,2812,buffering,0.0000,0.9055,2,1491,760,1562,831
468,20230609c_00696.jpg,2915,neutral,0.9739,0.6028,4,1352,375,1418,422
469,20230609c_00697.jpg,158,fanning,0.8640,0.9429,16,1440,373,1519,434
469,20230609c_00697.jpg,842,fanning,0.9929,0.9386,16,372,425,458,501
469,20230609c_00697.jpg,2820,fanning,0.9957,0.9373,16,440,314,513,397
469,20230609c_00697.jpg,1134,fanning,0.9996,0.9268,16,218,374,296,415
469,20230609c_00697.jpg,2924,buffering,0.0000,0.9218,2,527,370,594,429
469,20230609c_00697.jpg,2171,fanning,0.7573,0.9125,16,1134,371,1223,403
469,20230609c_00697.jpg,2877,fanning,0.9319,0.9054,13,781,371,864,404
470,20230609c_00698.jpg,158,fanning,0.9133,0.9404,16,1427,373,1516,434
470,20230609c_00698.jpg,2820,fanning,0.9981,0.9386,16,439,309,509,389
470,20230609c_00698.jpg,842,fanning,0.9930,0.9366,16,370,425,456,502
470,20230609c_00698.jpg,2927,buffering,0.0000,0.9242,1,547,811,605,904
470,20230609c_00698.jpg,2572,neutral,0.9994,0.9135,5,584,863,670,969
470,20230609c_00698.jpg,2171,fanning,0.7949,0.9103,16,1136,372,1216,406
470,20230609c_00698.jpg,1134,fanning,0.9995,0.9051,16,218,374,302,414
470,20230609c_00698.jpg,2924,buffering,0.0000,0.9045,3,529,371,597,426
470,20230609c_00698.jpg,2915,neutral,0.9291,0.6029,5,1352,375,1418,423
471,20230609c_00699.jpg,158,fanning,0.8791,0.9484,16,1439,373,1518,428
471,20230609c_00699.jpg,842,fanning,0.9897,0.9365,16,368,426,454,504
471,20230609c_00699.jpg,2820,fanning,0.9988,0.9326,16,440,311,510,383
471,20230609c_00699.jpg,1134,fanning,0.9995,0.9228,16,218,373,308,414
471,20230609c_00699.jpg,2933,buffering,0.0000,0.9195,1,137,601,204,659
471,20230609c_00699.jpg,2171,fanning,0.8467,0.9044,16,1130,371,1217,405
471,20230609c_00699.jpg,2877,fanning,0.9700,0.8725,14,791,371,870,405
471,20230609c_00699.jpg,2915,neutral,0.7813,0.5782,6,1351,375,1418,422
472,20230609c_00700.jpg,158,fanning,0.8729,0.9433,16,1433,373,1514,428
472,20230609c_00700.jpg,842,fanning,0.9822,0.9403,16,369,422,459,502
472,20230609c_00700.jpg,2820,fanning,0.9992,0.9368,16,447,302,525,385
472,20230609c_00700.jpg,2933,buffering,0.0000,0.9228,2,124,623,202,677
472,20230609c_00700.jpg,1134,fanning,0.9995,0.9202,16,218,373,309,414
472,20230609c_00700.jpg,2171,fanning,0.8909,0.9138,16,1130,372,1216,406
472,20230609c_00700.jpg,2877,fanning,0.9415,0.8869,15,796,373,860,402
473,20230609c_00701.jpg,158,fanning,0.9150,0.9415,16,1433,373,1513,430
473,20230609c_00701.jpg,2820,fanning,0.9993,0.9335,16,449,310,520,384
473,20230609c_00701.jpg,842,fanning,0.9804,0.9312,16,369,422,467,500
473,20230609c_00701.jpg,1134,fanning,0.9996,0.9171,16,218,373,311,414
473,20230609c_00701.jpg,2171,fanning,0.9165,0.9153,16,1123,372,1215,405
473,20230609c_00701.jpg,2877,fanning,0.9684,0.8936,16,795,372,867,401
474,20230609c_00702.jpg,158,fanning,0.9163,0.9409,16,1434,373,1512,427
474,20230609c_00702.jpg,842,fanning,0.9843,0.9376,16,371,425,461,501
474,20230609c_00702.jpg,2787,neutral,0.9771,0.9355,4,791,727,853,803
474,20230609c_00702.jpg,2820,fanning,0.9993,0.9309,16,450,305,544,388
474,20230609c_00702.jpg,2943,buffering,0.0000,0.9306,1,728,758,786,824
474,20230609c_00702.jpg,2171,fanning,0.9189,0.9270,16,1126,372,1208,407
474,20230609c_00702.jpg,2944,buffering,0.0000,0.9225,1,1843,722,1887,811
474,20230609c_00702.jpg,1134,fanning,0.9995,0.9214,16,218,373,301,414
474,20230609c_00702.jpg,2877,fanning,0.9878,0.8034,16,798,372,907,403
474,20230609c_00702.jpg,2947,buffering,0.0000,0.7741,1,0,928,16,1017
474,20230609c_00702.jpg,2614,neutral,0.8287,0.6532,16,834,373,902,399
475,20230609c_00703.jpg,842,fanning,0.9881,0.9406,16,370,428,468,504
475,20230609c_00703.jpg,158,fanning,0.9318,0.9382,16,1435,372,1513,431
475,20230609c_00703.jpg,2820,fanning,0.9994,0.9252,16,455,311,543,391
475,20230609c_00703.jpg,2787,neutral,0.9723,0.9218,5,778,752,830,830
475,20230609c_00703.jpg,1134,fanning,0.9995,0.9204,16,217,374,296,415
475,20230609c_00703.jpg,2944,buffering,0.0000,0.9195,2,1837,705,1883,784
475,20230609c_00703.jpg,2171,fanning,0.9149,0.9091,16,1121,373,1201,406
475,20230609c_00703.jpg,2877,fanning,0.9938,0.8939,16,830,373,873,412
475,20230609c_00703.jpg,2947,buffering,0.0000,0.8858,2,0,904,34,999
476,20230609c_00704.jpg,2944,buffering,0.0000,0.9383,3,1836,699,1894,770
476,20230609c_00704.jpg,158,fanning,0.9291,0.9366,16,1437,373,1512,431
476,20230609c_00704.jpg,842,fanning,0.9858,0.9343,16,370,428,463,504
476,20230609c_00704.jpg,2458,neutral,0.9993,0.9292,6,921,700,987,774
476,20230609c_00704.jpg,1134,fanning,0.9995,0.9247,16,216,374,289,416
476,20230609c_00704.jpg,2820,fanning,0.9994,0.9240,16,458,312,552,394
476,20230609c_00704.jpg,2171,fanning,0.9253,0.9208,16,1117,373,1200,406
476,20230609c_00704.jpg,2877,fanning,0.9925,0.8655,16,815,373,868,401
477,20230609c_00705.jpg,842,fanning,0.9876,0.9406,16,372,429,466,502
477,20230609c_00705.jpg,158,fanning,0.9289,0.9362,16,1436,372,1511,431
477,20230609c_00705.jpg,2944,neutral,0.9983,0.9346,4,1849,700,1896,773
477,20230609c_00705.jpg,2820,fanning,0.9995,0.9319,16,458,317,546,391
477,20230609c_00705.jpg,2171,fanning,0.9626,0.9280,16,1116,372,1195,405
477,20230609c_00705.jpg,1134,fanning,0.9995,0.9241,16,217,374,289,417
477,20230609c_00705.jpg,2877,neutral,0.7998,0.8868,16,812,372,902,403
478,20230609c_00706.jpg,842,fanning,0.9969,0.9386,16,371,429,467,503
478,20230609c_00706.jpg,158,fanning,0.9569,0.9378,16,1436,373,1513,430
478,20230609c_00706.jpg,2820,fanning,0.9995,0.9343,16,460,317,549,391
478,20230609c_00706.jpg,1134,fanning,0.9995,0.9273,16,217,374,288,419
478,20230609c_00706.jpg,2884,buffering,0.0000,0.9219,2,489,1016,550,1079
478,20230609c_00706.jpg,2944,neutral,0.9988,0.9120,5,1844,705,1886,780
478,20230609c_00706.jpg,2171,fanning,0.9769,0.9029,16,1107,373,1184,409
478,20230609c_00706.jpg,2877,fanning,0.5559,0.8820,16,813,372,871,399
479,20230609c_00707.jpg,158,fanning,0.9789,0.9366,16,1435,373,1513,429
479,20230609c_00707.jpg,842,fanning,0.9975,0.9362,16,370,430,472,502
479,20230609c_00707.jpg,2820,fanning,0.9995,0.9340,16,464,310,544,396
479,20230609c_00707.jpg,2171,fanning,0.9804,0.9290,16,1103,373,1176,409
479,20230609c_00707.jpg,1134,fanning,0.9995,0.9288,16,217,374,289,420
479,20230609c_00707.jpg,2458,neutral,0.9978,0.9280,7,927,733,976,819
479,20230609c_00707.jpg,2884,buffering,0.0000,0.9180,3,506,998,575,1067
480,20230609c_00708.jpg,2820,fanning,0.9993,0.9422,16,468,302,550,395
480,20230609c_00708.jpg,158,fanning,0.9855,0.9393,16,1434,372,1511,427
480,20230609c_00708.jpg,842,fanning,0.9979,0.9329,16,371,425,473,502
480,20230609c_00708.jpg,1134,fanning,0.9993,0.9232,16,215,374,286,420
480,20230609c_00708.jpg,2171,fanning,0.9821,0.9229,16,1101,373,1177,408
480,20230609c_00708.jpg,2877,uncertain,0.5397,0.8717,16,815,372,961,406
481,20230609c_00709.jpg,2820,fanning,0.9993,0.9435,16,467,300,541,386
481,20230609c_00709.jpg,2969,buffering,0.0000,0.9408,1,954,552,1014,631
481,20230609c_00709.jpg,158,fanning,0.9768,0.9344,16,1434,373,1511,425
481,20230609c_00709.jpg,1134,fanning,0.9991,0.9265,16,214,375,284,419
481,20230609c_00709.jpg,842,fanning,0.9985,0.9228,16,372,430,472,503
481,20230609c_00709.jpg,2171,fanning,0.9833,0.9164,16,1098,373,1175,406
481,20230609c_00709.jpg,2877,fanning,0.7128,0.8838,16,844,371,960,418
481,20230609c_00709.jpg,2614,neutral,0.9336,0.8553,16,816,372,880,401
482,20230609c_00710.jpg,2820,fanning,0.9993,0.9415,16,468,300,544,382
482,20230609c_00710.jpg,2969,buffering,0.0000,0.9360,2,971,513,1036,604
482,20230609c_00710.jpg,842,fanning,0.9989,0.9329,16,372,428,472,502
482,20230609c_00710.jpg,158,fanning,0.9641,0.9312,16,1433,373,1514,426
482,20230609c_00710.jpg,1134,fanning,0.9984,0.9277,16,211,374,289,417
482,20230609c_00710.jpg,2171,fanning,0.9866,0.9147,16,1097,374,1174,408
482,20230609c_00710.jpg,2877,fanning,0.8597,0.8583,16,864,372,961,448
482,20230609c_00710.jpg,2614,neutral,0.9587,0.8225,16,817,372,877,404
483,20230609c_00711.jpg,2820,fanning,0.9992,0.9416,16,471,300,544,386
483,20230609c_00711.jpg,2983,buffering,0.0000,0.9378,1,813,590,874,677
483,20230609c_00711.jpg,158,fanning,0.9448,0.9350,16,1434,373,1511,425
483,20230609c_00711.jpg,842,fanning,0.9992,0.9326,16,373,430,472,503
483,20230609c_00711.jpg,1134,fanning,0.9941,0.9271,16,212,374,292,417
483,20230609c_00711.jpg,2171,fanning,0.9850,0.9181,16,1095,374,1172,407
483,20230609c_00711.jpg,2614,neutral,0.9656,0.8857,16,818,372,957,407
483,20230609c_00711.jpg,2857,neutral,0.9989,0.8545,6,1574,875,1626,926
484,20230609c_00712.jpg,2991,buffering,0.0000,0.9406,1,435,603,493,707
484,20230609c_00712.jpg,158,fanning,0.9229,0.9386,16,1433,372,1515,421
484,20230609c_00712.jpg,2820,fanning,0.9991,0.9372,16,472,300,548,384
484,20230609c_00712.jpg,842,fanning,0.9993,0.9331,16,374,428,471,501
484,20230609c_00712.jpg,1134,fanning,0.9958,0.9240,16,213,374,289,417
484,20230609c_00712.jpg,2171,fanning,0.9796,0.9197,16,1093,374,1171,408
484,20230609c_00712.jpg,2994,buffering,0.0000,0.8642,1,700,952,743,997
484,20230609c_00712.jpg,2614,neutral,0.9930,0.8493,16,817,372,874,398
484,20230609c_00712.jpg,2877,fanning,0.7486,0.6701,16,879,374,963,399
484,20230609c_00712.jpg,2915,neutral,0.6845,0.6364,7,1351,375,1417,420
485,20230609c_00713.jpg,2991,buffering,0.0000,0.9388,2,438,582,497,685
485,20230609c_00713.jpg,2996,buffering,0.0000,0.9377,1,1031,415,1086,499
485,20230609c_00713.jpg,842,fanning,0.9992,0.9363,16,375,430,471,503
485,20230609c_00713.jpg,2820,fanning,0.9990,0.9352,16,475,300,550,385
485,20230609c_00713.jpg,158,fanning,0.9297,0.9342,16,1433,372,1510,420
485,20230609c_00713.jpg,1134,fanning,0.9975,0.9213,16,213,374,291,417
485,20230609c_00713.jpg,2171,fanning,0.9844,0.9005,16,1090,373,1167,408
485,20230609c_00713.jpg,2614,neutral,0.9966,0.8868,16,816,372,865,396
485,20230609c_00713.jpg,2994,buffering,0.0000,0.8692,2,683,943,726,989
485,20230609c_00713.jpg,2877,fanning,0.6188,0.7430,16,882,375,964,396
486,20230609c_00714.jpg,2991,buffering,0.0000,0.9455,3,435,549,490,648
486,20230609c_00714.jpg,2820,fanning,0.9989,0.9398,16,479,302,557,394
486,20230609c_00714.jpg,842,fanning,0.9992,0.9366,16,376,429,469,503
486,20230609c_00714.jpg,158,fanning,0.9260,0.9339,16,1430,372,1506,420
486,20230609c_00714.jpg,1134,fanning,0.9977,0.9062,16,216,374,302,416
486,20230609c_00714.jpg,2994,buffering,0.0000,0.9061,3,654,929,705,979
486,20230609c_00714.jpg,2171,fanning,0.9917,0.9041,16,1083,373,1167,407
486,20230609c_00714.jpg,2614,neutral,0.9989,0.8808,16,817,372,875,398
486,20230609c_00714.jpg,2877,neutral,0.6659,0.7587,16,926,375,962,394
487,20230609c_00715.jpg,2991,neutral,0.9911,0.9440,4,433,515,492,609
487,20230609c_00715.jpg,2820,fanning,0.9987,0.9413,16,477,301,561,390
487,20230609c_00715.jpg,842,fanning,0.9992,0.9378,16,375,427,475,504
487,20230609c_00715.jpg,158,fanning,0.9288,0.9340,16,1429,372,1508,420
487,20230609c_00715.jpg,1134,fanning,0.9975,0.9134,16,219,374,291,417
487,20230609c_00715.jpg,3004,buffering,0.0000,0.8911,1,998,372,1050,442
487,20230609c_00715.jpg,2171,fanning,0.9923,0.8895,16,1085,374,1166,407
487,20230609c_00715.jpg,2994,neutral,0.9997,0.8833,4,639,923,683,967
487,20230609c_00715.jpg,2877,neutral,0.8285,0.7122,16,926,374,962,395
487,20230609c_00715.jpg,2915,uncertain,0.5199,0.6000,8,1352,374,1416,421
488,20230609c_00716.jpg,2991,neutral,0.9138,0.9516,5,450,488,514,576
488,20230609c_00716.jpg,3006,buffering,0.0000,0.9448,1,791,432,858,517
488,20230609c_00716.jpg,2820,fanning,0.9986,0.9417,16,482,303,569,389
488,20230609c_00716.jpg,842,fanning,0.9992,0.9399,16,376,425,474,501
488,20230609c_00716.jpg,158,fanning,0.9376,0.9326,16,1430,372,1508,427
488,20230609c_00716.jpg,3004,buffering,0.0000,0.9238,2,968,376,1029,452
488,20230609c_00716.jpg,1134,fanning,0.9963,0.9185,16,221,374,292,418
488,20230609c_00716.jpg,2994,neutral,0.9997,0.8893,5,621,922,668,961
488,20230609c_00716.jpg,2171,fanning,0.9912,0.8825,16,1086,374,1166,410
488,20230609c_00716.jpg,2614,neutral,0.9991,0.8242,16,816,372,868,395
488,20230609c_00716.jpg,2915,fanning,0.6918,0.5703,9,1352,374,1415,421
489,20230609c_00717.jpg,2991,neutral,0.9844,0.9453,6,477,477,535,557
489,20230609c_00717.jpg,3006,buffering,0.0000,0.9439,2,808,426,876,515
489,20230609c_00717.jpg,842,fanning,0.9993,0.9383,16,376,425,467,501
489,20230609c_00717.jpg,2820,fanning,0.9983,0.9382,16,491,308,577,393
489,20230609c_00717.jpg,3004,buffering,0.0000,0.9356,3,965,377,1024,462
489,20230609c_00717.jpg,158,fanning,0.9334,0.9324,16,1429,372,1507,429
489,20230609c_00717.jpg,1134,fanning,0.9821,0.9212,16,221,374,299,419
489,20230609c_00717.jpg,2171,fanning,0.9939,0.9038,16,1081,374,1163,407
489,20230609c_00717.jpg,2614,neutral,0.9991,0.8337,16,815,372,857,395
489,20230609c_00717.jpg,2994,neutral,0.9995,0.8305,6,604,929,660,968
489,20230609c_00717.jpg,2877,neutral,0.8816,0.7656,16,892,375,966,396
490,20230609c_00718.jpg,2991,neutral,0.9570,0.9433,7,502,466,561,550
490,20230609c_00718.jpg,3006,buffering,0.0000,0.9407,3,823,412,904,507
490,20230609c_00718.jpg,2820,fanning,0.9981,0.9396,16,487,303,572,389
490,20230609c_00718.jpg,842,fanning,0.9992,0.9340,16,375,423,467,502
490,20230609c_00718.jpg,158,fanning,0.9271,0.9333,16,1430,372,1508,427
490,20230609c_00718.jpg,3004,neutral,0.9961,0.9309,4,969,380,1028,461
490,20230609c_00718.jpg,2572,neutral,0.9994,0.9307,6,603,809,669,910
490,20230609c_00718.jpg,1134,trophallaxis,0.6324,0.9200,16,222,374,301,418
490,20230609c_00718.jpg,2171,fanning,0.9981,0.9188,16,1076,374,1158,405
490,20230609c_00718.jpg,2614,neutral,0.9992,0.8721,16,816,372,855,395
490,20230609c_00718.jpg,2877,neutral,0.8799,0.7043,16,895,375,968,396
491,20230609c_00719.jpg,2991,neutral,0.9131,0.9461,8,518,452,575,542
491,20230609c_00719.jpg,3004,neutral,0.9960,0.9404,5,980,375,1045,460
491,20230609c_00719.jpg,842,fanning,0.9994,0.9392,16,376,424,468,498
491,20230609c_00719.jpg,2820,fanning,0.9981,0.9391,16,490,304,573,391
491,20230609c_00719.jpg,3006,neutral,0.9813,0.9376,4,841,383,905,493
491,20230609c_00719.jpg,158,fanning,0.9205,0.9353,16,1429,372,1507,421
491,20230609c_00719.jpg,2842,neutral,0.5688,0.9308,14,589,707,657,814
491,20230609c_00719.jpg,2171,fanning,0.9986,0.9278,16,1071,374,1148,410
491,20230609c_00719.jpg,1134,trophallaxis,0.6957,0.9062,16,224,373,304,418
491,20230609c_00719.jpg,2614,neutral,0.9982,0.8495,16,822,372,852,398
491,20230609c_00719.jpg,2877,neutral,0.8258,0.6489,16,891,374,968,395
492,20230609c_00720.jpg,158,fanning,0.8960,0.9445,16,1424,372,1503,424
492,20230609c_00720.jpg,3004,neutral,0.9972,0.9439,6,980,374,1044,449
492,20230609c_00720.jpg,2991,neutral,0.7759,0.9423,9,527,431,586,523
492,20230609c_00720.jpg,842,fanning,0.9994,0.9396,16,380,424,469,501
492,20230609c_00720.jpg,2820,fanning,0.9978,0.9379,16,493,309,588,393
492,20230609c_00720.jpg,2171,fanning,0.9989,0.9379,16,1068,374,1143,413
492,20230609c_00720.jpg,3006,neutral,0.9914,0.9297,5,856,373,919,482
492,20230609c_00720.jpg,1134,trophallaxis,0.8984,0.9134,16,225,373,306,417
492,20230609c_00720.jpg,2614,neutral,0.9695,0.8827,16,823,372,857,398
493,20230609c_00721.jpg,3004,neutral,0.9907,0.9437,7,982,375,1040,442
493,20230609c_00721.jpg,158,fanning,0.8839,0.9428,16,1427,373,1501,423
493,20230609c_00721.jpg,842,fanning,0.9994,0.9422,16,382,425,465,503
493,20230609c_00721.jpg,2171,fanning,0.9987,0.9419,16,1065,374,1141,410
493,20230609c_00721.jpg,2991,uncertain,0.5311,0.9413,10,540,410,599,501
493,20230609c_00721.jpg,2820,fanning,0.9976,0.9310,16,495,317,586,398
493,20230609c_00721.jpg,3006,neutral,0.8744,0.9300,6,848,373,910,471
493,20230609c_00721.jpg,1134,trophallaxis,0.9263,0.9160,16,226,373,309,416
493,20230609c_00721.jpg,2614,trophallaxis,0.8424,0.8822,16,822,372,856,398
494,20230609c_00722.jpg,158,fanning,0.8119,0.9436,16,1419,373,1501,426
494,20230609c_00722.jpg,842,fanning,0.9995,0.9376,16,383,419,469,503
494,20230609c_00722.jpg,2991,fanning,0.5505,0.9370,11,559,389,630,476
494,20230609c_00722.jpg,3004,neutral,0.9810,0.9335,8,985,375,1037,440
494,20230609c_00722.jpg,2820,fanning,0.9977,0.9329,16,495,321,588,395
494,20230609c_00722.jpg,1134,trophallaxis,0.9800,0.9272,16,227,373,318,416
494,20230609c_00722.jpg,2171,fanning,0.9986,0.9252,16,1063,374,1140,409
494,20230609c_00722.jpg,3006,uncertain,0.5355,0.9016,7,828,371,902,448
494,20230609c_00722.jpg,2877,neutral,0.7836,0.7998,16,905,375,970,395
494,20230609c_00722.jpg,2614,trophallaxis,0.9817,0.7739,16,824,372,855,397
495,20230609c_00723.jpg,158,fanning,0.8495,0.9456,16,1422,373,1499,427
495,20230609c_00723.jpg,3025,buffering,0.0000,0.9425,1,715,555,775,647
495,20230609c_00723.jpg,2991,fanning,0.8608,0.9402,12,591,379,674,466
495,20230609c_00723.jpg,842,fanning,0.9995,0.9364,16,384,418,466,503
495,20230609c_00723.jpg,3004,neutral,0.9478,0.9274,9,973,375,1032,437
495,20230609c_00723.jpg,1134,trophallaxis,0.5614,0.9257,16,231,373,315,415
495,20230609c_00723.jpg,2171,fanning,0.9979,0.9223,16,1063,374,1142,409
495,20230609c_00723.jpg,2820,fanning,0.9984,0.9106,16,498,325,594,397
495,20230609c_00723.jpg,2877,neutral,0.8587,0.8272,16,905,374,972,395
496,20230609c_00724.jpg,3025,buffering,0.0000,0.9441,2,701,529,767,625
496,20230609c_00724.jpg,158,fanning,0.8455,0.9428,16,1427,372,1504,422
496,20230609c_00724.jpg,3027,buffering,0.0000,0.9412,1,962,444,1021,529
496,20230609c_00724.jpg,842,fanning,0.9995,0.9377,16,387,417,468,500
496,20230609c_00724.jpg,1134,fanning,0.9789,0.9237,16,235,373,318,413
496,20230609c_00724.jpg,2991,fanning,0.9046,0.9228,13,603,376,680,462
496,20230609c_00724.jpg,2820,fanning,0.9988,0.9221,16,502,333,589,401
496,20230609c_00724.jpg,2171,fanning,0.9971,0.9165,16,1062,374,1141,408
496,20230609c_00724.jpg,3006,fanning,0.9204,0.9062,8,829,372,901,431
496,20230609c_00724.jpg,3004,neutral,0.9133,0.8937,10,991,376,1030,419
496,20230609c_00724.jpg,2877,neutral,0.9368,0.7948,16,911,374,973,394
497,20230609c_00725.jpg,3027,buffering,0.0000,0.9482,2,965,431,1027,519
497,20230609c_00725.jpg,158,fanning,0.8542,0.9481,16,1427,373,1504,423
497,20230609c_00725.jpg,3025,buffering,0.0000,0.9445,3,681,498,748,588
497,20230609c_00725.jpg,842,fanning,0.9994,0.9369,16,387,417,467,501
497,20230609c_00725.jpg,2991,fanning,0.8969,0.9237,14,616,378,695,456
497,20230609c_00725.jpg,3006,fanning,0.9863,0.9213,9,835,371,896,430
497,20230609c_00725.jpg,2171,fanning,0.9964,0.9206,16,1061,374,1142,408
497,20230609c_00725.jpg,1134,fanning,0.9974,0.9198,16,236,373,319,414
497,20230609c_00725.jpg,2820,fanning,0.9988,0.9076,16,500,324,604,388
497,20230609c_00725.jpg,3004,neutral,0.9642,0.8440,11,990,376,1031,409
497,20230609c_00725.jpg,2877,neutral,0.9152,0.7033,16,914,375,977,395
498,20230609c_00726.jpg,3006,fanning,0.9928,0.9479,10,820,372,894,429
498,20230609c_00726.jpg,3025,neutral,0.9373,0.9429,4,671,472,728,560
498,20230609c_00726.jpg,158,fanning,0.8864,0.9402,16,1428,373,1504,420
498,20230609c_00726.jpg,842,fanning,0.9994,0.9378,16,388,417,465,500
498,20230609c_00726.jpg,3027,buffering,0.0000,0.9376,3,972,407,1031,504
498,20230609c_00726.jpg,2991,fanning,0.9600,0.9320,15,637,374,710,457
498,20230609c_00726.jpg,1134,fanning,0.9988,0.9220,16,237,373,321,414
498,20230609c_00726.jpg,2171,fanning,0.9957,0.9157,16,1060,374,1144,410
498,20230609c_00726.jpg,2820,fanning,0.9988,0.9110,16,505,330,590,398
498,20230609c_00726.jpg,3004,neutral,0.9634,0.8617,12,994,376,1030,405
498,20230609c_00726.jpg,2877,neutral,0.6834,0.6667,16,912,375,977,395
499,20230609c_00727.jpg,158,fanning,0.9178,0.9443,16,1428,372,1505,421
499,20230609c_00727.jpg,3006,fanning,0.9961,0.9431,11,820,372,894,429
499,20230609c_00727.jpg,3027,neutral,0.9993,0.9411,4,986,408,1043,494
499,20230609c_00727.jpg,2991,fanning,0.9772,0.9407,16,658,375,728,453
499,20230609c_00727.jpg,842,fanning,0.9994,0.9400,16,388,415,464,500
499,20230609c_00727.jpg,3025,neutral,0.5534,0.9330,5,664,441,720,539
499,20230609c_00727.jpg,2458,neutral,0.9945,0.9279,8,936,869,993,977
499,20230609c_00727.jpg,2820,fanning,0.9988,0.9257,16,508,337,591,407
499,20230609c_00727.jpg,1134,fanning,0.9990,0.9152,16,240,373,320,414
499,20230609c_00727.jpg,2171,fanning,0.9959,0.9102,16,1058,374,1144,408
499,20230609c_00727.jpg,3004,neutral,0.9248,0.8540,13,996,375,1028,398
499,20230609c_00727.jpg,2877,neutral,0.9312,0.7678,16,920,375,975,397
500,20230609c_00728.jpg,3027,neutral,0.9948,0.9432,5,988,404,1050,491
500,20230609c_00728.jpg,158,fanning,0.9237,0.9416,16,1427,373,1504,418
500,20230609c_00728.jpg,842,fanning,0.9994,0.9408,16,389,415,463,501
500,20230609c_00728.jpg,3006,fanning,0.9971,0.9307,12,840,373,909,436
500,20230609c_00728.jpg,3025,fanning,0.7401,0.9295,6,676,428,748,520
500,20230609c_00728.jpg,1134,fanning,0.9979,0.9190,16,243,373,319,414
500,20230609c_00728.jpg,2991,fanning,0.9718,0.9186,16,670,374,727,445
500,20230609c_00728.jpg,2820,fanning,0.9990,0.9154,16,514,331,590,406
500,20230609c_00728.jpg,2171,fanning,0.9954,0.9078,16,1054,374,1145,407
500,20230609c_00728.jpg,3004,neutral,0.8879,0.8548,14,996,375,1028,396
500,20230609c_00728.jpg,2877,neutral,0.9024,0.8429,16,915,375,975,399
501,20230609c_00729.jpg,842,fanning,0.9994,0.9449,16,388,415,463,500
501,20230609c_00729.jpg,3027,neutral,0.9778,0.9420,6,990,402,1053,483
501,20230609c_00729.jpg,3025,fanning,0.9444,0.9372,7,676,406,754,498
501,20230609c_00729.jpg,2820,fanning,0.9990,0.9357,16,516,324,596,405
501,20230609c_00729.jpg,3042,buffering,0.0000,0.9338,1,968,787,1028,874
501,20230609c_00729.jpg,158,fanning,0.9541,0.9334,16,1428,373,1506,418
501,20230609c_00729.jpg,3006,fanning,0.9976,0.9212,13,839,373,906,435
501,20230609c_00729.jpg,1134,fanning,0.9976,0.9156,16,245,373,320,415
501,20230609c_00729.jpg,2171,fanning,0.9949,0.9078,16,1049,374,1138,405
501,20230609c_00729.jpg,2991,fanning,0.8933,0.9018,16,673,374,727,432
501,20230609c_00729.jpg,3004,neutral,0.8879,0.8459,15,996,374,1028,393
501,20230609c_00729.jpg,2877,neutral,0.9583,0.8215,16,918,375,976,398
502,20230609c_00730.jpg,158,fanning,0.9486,0.9447,16,1424,372,1503,417
502,20230609c_00730.jpg,3027,neutral,0.9754,0.9439,7,997,391,1065,472
502,20230609c_00730.jpg,2820,fanning,0.9991,0.9408,16,520,309,595,401
502,20230609c_00730.jpg,842,fanning,0.9994,0.9400,16,390,415,466,499
502,20230609c_00730.jpg,3006,fanning,0.9986,0.9364,14,820,372,897,424
502,20230609c_00730.jpg,3025,fanning,0.9747,0.9352,8,696,395,758,488
502,20230609c_00730.jpg,2991,fanning,0.8717,0.9159,16,671,374,726,423
502,20230609c_00730.jpg,1134,fanning,0.9974,0.9078,16,252,373,321,417
502,20230609c_00730.jpg,2171,fanning,0.9927,0.9059,16,1052,373,1134,405
502,20230609c_00730.jpg,2877,neutral,0.9842,0.8239,16,912,375,976,397
503,20230609c_00731.jpg,158,fanning,0.9448,0.9419,16,1426,372,1500,420
503,20230609c_00731.jpg,3027,neutral,0.9672,0.9399,8,1010,375,1131,463
503,20230609c_00731.jpg,3025,fanning,0.9910,0.9395,9,697,380,769,474
503,20230609c_00731.jpg,2820,fanning,0.9991,0.9393,16,521,302,594,396
503,20230609c_00731.jpg,842,fanning,0.9994,0.9340,16,392,413,463,498
503,20230609c_00731.jpg,3006,fanning,0.9990,0.9311,15,811,372,899,415
503,20230609c_00731.jpg,1134,fanning,0.9979,0.9155,16,254,373,327,416
503,20230609c_00731.jpg,2991,neutral,0.6663,0.9017,16,685,373,726,410
503,20230609c_00731.jpg,2171,fanning,0.9899,0.8936,16,1057,374,1132,401
503,20230609c_00731.jpg,2877,neutral,0.9908,0.8464,16,916,375,976,398
504,20230609c_00732.jpg,2820,fanning,0.9992,0.9386,16,529,313,596,396
504,20230609c_00732.jpg,158,fanning,0.9447,0.9383,16,1426,373,1499,417
504,20230609c_00732.jpg,842,fanning,0.9994,0.9358,16,394,409,467,497
504,20230609c_00732.jpg,3025,fanning,0.9931,0.9348,10,703,376,777,467
504,20230609c_00732.jpg,3027,neutral,0.9578,0.9276,9,1019,374,1119,461
504,20230609c_00732.jpg,3006,fanning,0.9992,0.9259,16,816,372,905,415
504,20230609c_00732.jpg,1134,fanning,0.9969,0.9153,16,255,373,326,417
504,20230609c_00732.jpg,2171,fanning,0.9868,0.8820,16,1056,375,1124,406
504,20230609c_00732.jpg,2991,neutral,0.7882,0.8683,16,689,373,729,402
504,20230609c_00732.jpg,2877,neutral,0.9946,0.8595,16,919,375,976,399
505,20230609c_00733.jpg,158,fanning,0.9314,0.9397,16,1420,372,1490,424
505,20230609c_00733.jpg,842,fanning,0.9993,0.9384,16,389,410,468,496
505,20230609c_00733.jpg,3025,fanning,0.9948,0.9353,11,704,374,781,457
505,20230609c_00733.jpg,2820,fanning,0.9992,0.9191,16,534,309,607,381
505,20230609c_00733.jpg,3053,buffering,0.0000,0.9133,1,504,358,572,462
505,20230609c_00733.jpg,3027,neutral,0.9093,0.9088,10,1022,373,1121,445
505,20230609c_00733.jpg,1134,fanning,0.9890,0.9073,16,258,373,323,415
505,20230609c_00733.jpg,2171,fanning,0.9826,0.8700,16,1055,375,1122,405
505,20230609c_00733.jpg,2877,neutral,0.9956,0.8631,16,916,375,976,399
506,20230609c_00734.jpg,158,fanning,0.9483,0.9475,16,1422,372,1493,423
506,20230609c_00734.jpg,3025,fanning,0.9959,0.9420,12,718,374,787,444
506,20230609c_00734.jpg,3006,fanning,0.9993,0.9413,16,826,372,939,418
506,20230609c_00734.jpg,842,fanning,0.9993,0.9389,16,391,408,467,497
506,20230609c_00734.jpg,1134,fanning,0.9810,0.9196,16,257,371,331,415
506,20230609c_00734.jpg,3027,neutral,0.6452,0.8929,11,1026,373,1122,432
506,20230609c_00734.jpg,2820,fanning,0.9993,0.8911,16,508,305,613,410
506,20230609c_00734.jpg,2171,fanning,0.9818,0.8799,16,1055,375,1123,405
506,20230609c_00734.jpg,3053,buffering,0.0000,0.8797,2,500,355,560,431
506,20230609c_00734.jpg,2877,neutral,0.9961,0.8580,16,916,374,976,400
507,20230609c_00735.jpg,158,fanning,0.9443,0.9417,16,1422,372,1491,425
507,20230609c_00735.jpg,842,fanning,0.9993,0.9400,16,391,411,464,498
507,20230609c_00735.jpg,3025,fanning,0.9969,0.9331,13,726,374,799,430
507,20230609c_00735.jpg,3006,fanning,0.9992,0.9312,16,828,372,907,415
507,20230609c_00735.jpg,1134,fanning,0.9514,0.9229,16,258,373,325,415
507,20230609c_00735.jpg,2820,fanning,0.9993,0.9202,16,549,308,628,376
507,20230609c_00735.jpg,3063,buffering,0.0000,0.9145,1,792,707,829,794
507,20230609c_00735.jpg,3053,buffering,0.0000,0.8878,3,508,352,579,415
507,20230609c_00735.jpg,2877,neutral,0.9958,0.8826,16,917,375,976,400
507,20230609c_00735.jpg,3027,fanning,0.7248,0.8765,12,1031,374,1128,420
507,20230609c_00735.jpg,2171,fanning,0.9979,0.6889,16,1061,374,1126,403
508,20230609c_00736.jpg,158,fanning,0.9422,0.9443,16,1430,373,1498,424
508,20230609c_00736.jpg,842,fanning,0.9993,0.9387,16,391,406,464,499
508,20230609c_00736.jpg,1134,fanning,0.9533,0.9149,16,255,371,330,415
508,20230609c_00736.jpg,2820,fanning,0.9994,0.9102,16,546,307,639,372
508,20230609c_00736.jpg,3053,neutral,0.9988,0.9043,4,523,362,582,421
508,20230609c_00736.jpg,3006,fanning,0.9988,0.9001,16,831,372,902,407
508,20230609c_00736.jpg,2171,fanning,0.9980,0.8918,16,1030,373,1129,410
508,20230609c_00736.jpg,2877,neutral,0.9973,0.8679,16,916,374,976,400
509,20230609c_00737.jpg,158,fanning,0.9430,0.9440,16,1430,373,1497,427
509,20230609c_00737.jpg,3069,buffering,0.0000,0.9410,1,491,419,559,507
509,20230609c_00737.jpg,842,fanning,0.9992,0.9407,16,393,406,461,499
509,20230609c_00737.jpg,3006,fanning,0.9987,0.9217,16,846,372,919,415
509,20230609c_00737.jpg,1134,fanning,0.8480,0.9157,16,257,373,326,414
509,20230609c_00737.jpg,2820,fanning,0.9993,0.9150,16,555,308,648,368
509,20230609c_00737.jpg,3053,neutral,0.9975,0.9140,5,527,360,598,429
509,20230609c_00737.jpg,2171,fanning,0.9981,0.9039,16,1045,374,1131,404
509,20230609c_00737.jpg,2877,neutral,0.9981,0.8790,16,916,374,976,400
509,20230609c_00737.jpg,3072,buffering,0.0000,0.7831,1,791,627,855,732
510,20230609c_00738.jpg,158,fanning,0.9217,0.9440,16,1430,372,1497,429
510,20230609c_00738.jpg,842,fanning,0.9991,0.9406,16,391,406,458,497
510,20230609c_00738.jpg,2983,buffering,0.0000,0.9237,2,814,572,878,674
510,20230609c_00738.jpg,2820,fanning,0.9992,0.9169,16,567,309,659,371
510,20230609c_00738.jpg,1134,fanning,0.9054,0.9019,16,258,372,325,411
510,20230609c_00738.jpg,2171,fanning,0.9983,0.8951,16,1049,374,1129,404
510,20230609c_00738.jpg,2877,neutral,0.9987,0.8821,16,916,374,976,401
510,20230609c_00738.jpg,3053,neutral,0.9909,0.8529,6,534,362,585,413
511,20230609c_00739.jpg,158,fanning,0.8849,0.9448,16,1430,372,1498,429
511,20230609c_00739.jpg,842,fanning,0.9989,0.9400,16,393,404,456,502
511,20230609c_00739.jpg,2820,fanning,0.9994,0.9276,16,574,302,672,352
511,20230609c_00739.jpg,2983,buffering,0.0000,0.9197,3,841,522,896,645
511,20230609c_00739.jpg,3077,buffering,0.0000,0.9131,1,540,366,624,465
511,20230609c_00739.jpg,2171,fanning,0.9986,0.9120,16,1042,374,1129,405
511,20230609c_00739.jpg,1134,trophallaxis,0.5758,0.8744,16,256,370,328,418
511,20230609c_00739.jpg,2877,neutral,0.9988,0.8477,16,917,374,977,399
512,20230609c_00740.jpg,158,fanning,0.8623,0.9508,16,1431,373,1499,429
512,20230609c_00740.jpg,842,fanning,0.9988,0.9412,16,391,406,457,498
512,20230609c_00740.jpg,2171,fanning,0.9989,0.9290,16,1042,374,1127,403
512,20230609c_00740.jpg,2820,fanning,0.9994,0.9214,16,577,302,678,355
512,20230609c_00740.jpg,3077,buffering,0.0000,0.9075,2,572,360,634,443
512,20230609c_00740.jpg,1134,trophallaxis,0.6387,0.8992,16,260,372,334,413
512,20230609c_00740.jpg,2877,neutral,0.9988,0.8786,16,860,373,986,401
513,20230609c_00741.jpg,842,fanning,0.9989,0.9469,16,392,406,458,494
513,20230609c_00741.jpg,158,fanning,0.8681,0.9429,16,1431,373,1499,430
513,20230609c_00741.jpg,2996,buffering,0.0000,0.9297,2,1039,431,1096,523
513,20230609c_00741.jpg,2820,fanning,0.9996,0.9218,16,571,305,687,372
513,20230609c_00741.jpg,2171,fanning,0.9991,0.9106,16,1043,374,1125,404
513,20230609c_00741.jpg,1134,trophallaxis,0.9845,0.8734,16,263,372,342,414
513,20230609c_00741.jpg,2877,neutral,0.9990,0.8632,16,867,373,985,406
513,20230609c_00741.jpg,3091,buffering,0.0000,0.8083,1,867,373,898,399
513,20230609c_00741.jpg,3092,buffering,0.0000,0.8014,1,538,357,598,403
514,20230609c_00742.jpg,158,fanning,0.8742,0.9506,16,1430,373,1500,429
514,20230609c_00742.jpg,842,fanning,0.9990,0.9394,16,394,401,462,493
514,20230609c_00742.jpg,3094,buffering,0.0000,0.9379,1,877,415,934,512
514,20230609c_00742.jpg,2820,fanning,0.9996,0.9306,16,593,304,690,374
514,20230609c_00742.jpg,3091,buffering,0.0000,0.9214,2,855,376,922,436
514,20230609c_00742.jpg,1134,trophallaxis,0.9909,0.8913,16,263,370,337,417
514,20230609c_00742.jpg,3092,buffering,0.0000,0.8662,2,529,350,619,410
514,20230609c_00742.jpg,2877,neutral,0.9992,0.8602,16,919,374,982,398
514,20230609c_00742.jpg,2171,fanning,0.9990,0.8006,16,1039,373,1116,398
514,20230609c_00742.jpg,3077,buffering,0.0000,0.6203,3,587,344,620,411
515,20230609c_00743.jpg,158,fanning,0.9310,0.9534,16,1429,373,1501,426
515,20230609c_00743.jpg,842,fanning,0.9990,0.9425,16,397,396,471,483
515,20230609c_00743.jpg,3100,buffering,0.0000,0.9271,1,1045,377,1113,464
515,20230609c_00743.jpg,2820,fanning,0.9995,0.9243,16,608,303,705,361
515,20230609c_00743.jpg,3094,buffering,0.0000,0.9133,2,872,423,935,508
515,20230609c_00743.jpg,1134,trophallaxis,0.9842,0.8963,16,265,371,337,421
515,20230609c_00743.jpg,3092,buffering,0.0000,0.8643,3,527,341,616,409
515,20230609c_00743.jpg,2877,neutral,0.9992,0.8615,16,919,374,984,398
515,20230609c_00743.jpg,2572,neutral,0.9994,0.8599,7,648,790,686,838
515,20230609c_00743.jpg,2171,fanning,0.9987,0.8425,16,1040,373,1121,399
515,20230609c_00743.jpg,3077,neutral,0.9992,0.8069,4,586,368,618,402
516,20230609c_00744.jpg,158,fanning,0.9508,0.9473,16,1428,372,1501,425
516,20230609c_00744.jpg,842,fanning,0.9989,0.9433,16,397,398,470,478
516,20230609c_00744.jpg,3094,buffering,0.0000,0.9297,3,879,416,955,502
516,20230609c_00744.jpg,2820,fanning,0.9995,0.9255,16,611,303,713,361
516,20230609c_00744.jpg,3100,buffering,0.0000,0.9122,2,1045,375,1108,454
516,20230609c_00744.jpg,1134,trophallaxis,0.9384,0.9079,16,265,370,338,418
516,20230609c_00744.jpg,3092,neutral,0.9993,0.8728,4,537,330,599,416
516,20230609c_00744.jpg,2877,neutral,0.9993,0.8666,16,919,374,987,398
516,20230609c_00744.jpg,2171,fanning,0.9983,0.7947,16,1035,372,1120,394
517,20230609c_00745.jpg,158,fanning,0.9392,0.9441,16,1424,372,1496,427
517,20230609c_00745.jpg,842,fanning,0.9988,0.9439,16,402,397,473,484
517,20230609c_00745.jpg,3094,neutral,0.9828,0.9320,4,862,414,953,498
517,20230609c_00745.jpg,3092,neutral,0.9992,0.9276,5,537,319,607,412
517,20230609c_00745.jpg,3100,buffering,0.0000,0.9268,3,1038,376,1103,458
517,20230609c_00745.jpg,1134,trophallaxis,0.9533,0.9208,16,267,370,339,418
517,20230609c_00745.jpg,2820,fanning,0.9995,0.9156,16,613,306,714,373
517,20230609c_00745.jpg,2877,neutral,0.9993,0.8368,16,920,375,988,398
518,20230609c_00746.jpg,842,fanning,0.9987,0.9475,16,401,398,473,486
518,20230609c_00746.jpg,158,fanning,0.9425,0.9430,16,1427,372,1501,423
518,20230609c_00746.jpg,3094,trophallaxis,0.9962,0.9306,5,879,409,955,494
518,20230609c_00746.jpg,2820,fanning,0.9995,0.9279,16,616,311,716,375
518,20230609c_00746.jpg,3092,neutral,0.9990,0.9250,6,549,315,608,398
518,20230609c_00746.jpg,1134,trophallaxis,0.6015,0.9132,16,270,371,339,417
518,20230609c_00746.jpg,3100,neutral,0.9991,0.8596,4,1037,374,1119,442
518,20230609c_00746.jpg,2877,neutral,0.9993,0.8529,16,922,375,989,399
519,20230609c_00747.jpg,842,fanning,0.9984,0.9493,16,399,402,474,486
519,20230609c_00747.jpg,158,fanning,0.9448,0.9444,16,1426,372,1500,423
519,20230609c_00747.jpg,3092,neutral,0.9950,0.9385,7,549,311,613,392
519,20230609c_00747.jpg,2820,fanning,0.9996,0.9295,16,629,310,718,372
519,20230609c_00747.jpg,3094,trophallaxis,0.9991,0.9181,6,882,405,950,489
519,20230609c_00747.jpg,1134,trophallaxis,0.7495,0.9118,16,273,372,344,418
519,20230609c_00747.jpg,3100,neutral,0.9986,0.9045,5,1049,375,1121,430
519,20230609c_00747.jpg,2877,neutral,0.9991,0.8416,16,925,375,989,399
520,20230609c_00748.jpg,842,fanning,0.9982,0.9507,16,398,408,479,486
520,20230609c_00748.jpg,158,fanning,0.9414,0.9444,16,1426,372,1501,423
520,20230609c_00748.jpg,2820,fanning,0.9996,0.9405,16,629,314,711,390
520,20230609c_00748.jpg,3092,fanning,0.5750,0.9367,8,554,306,619,390
520,20230609c_00748.jpg,3091,buffering,0.0000,0.9362,3,850,373,913,426
520,20230609c_00748.jpg,3094,trophallaxis,0.9994,0.9236,7,887,404,952,489
520,20230609c_00748.jpg,3123,buffering,0.0000,0.9121,1,1277,1017,1351,1080
520,20230609c_00748.jpg,3100,neutral,0.9965,0.9091,6,1044,374,1124,431
520,20230609c_00748.jpg,1134,fanning,0.5584,0.9027,16,277,371,347,419
520,20230609c_00748.jpg,2877,neutral,0.9982,0.8578,16,929,375,992,398
521,20230609c_00749.jpg,842,fanning,0.9981,0.9492,16,400,411,487,486
521,20230609c_00749.jpg,2820,fanning,0.9996,0.9433,16,559,307,711,393
521,20230609c_00749.jpg,158,fanning,0.9537,0.9428,16,1423,372,1498,422
521,20230609c_00749.jpg,3092,fanning,0.9349,0.9362,9,562,302,629,381
521,20230609c_00749.jpg,1134,fanning,0.9419,0.9201,16,276,370,342,416
521,20230609c_00749.jpg,3094,trophallaxis,0.9995,0.9143,8,889,404,947,483
521,20230609c_00749.jpg,3091,neutral,0.9996,0.9117,4,859,374,916,420
521,20230609c_00749.jpg,3123,buffering,0.0000,0.9112,2,1321,1017,1396,1079
521,20230609c_00749.jpg,2877,neutral,0.9978,0.8881,16,930,375,992,399
522,20230609c_00750.jpg,842,fanning,0.9977,0.9483,16,405,408,496,483
522,20230609c_00750.jpg,158,fanning,0.9516,0.9407,16,1425,371,1501,420
522,20230609c_00750.jpg,3092,fanning,0.9599,0.9312,10,558,303,691,391
522,20230609c_00750.jpg,1134,fanning,0.9918,0.9255,16,278,370,350,418
522,20230609c_00750.jpg,2820,fanning,0.9995,0.9251,16,629,316,702,400
522,20230609c_00750.jpg,3100,neutral,0.9923,0.9250,7,1062,374,1140,420
522,20230609c_00750.jpg,3094,trophallaxis,0.9994,0.9213,9,887,399,946,480
522,20230609c_00750.jpg,3091,neutral,0.9994,0.9155,5,859,371,917,415
522,20230609c_00750.jpg,2877,neutral,0.9971,0.8228,16,933,375,996,397
522,20230609c_00750.jpg,2171,fanning,0.9978,0.6628,16,1041,375,1095,395
523,20230609c_00751.jpg,842,fanning,0.9981,0.9491,16,408,413,499,481
523,20230609c_00751.jpg,158,fanning,0.9484,0.9428,16,1424,372,1500,421
523,20230609c_00751.jpg,3092,fanning,0.9771,0.9390,11,566,302,644,383
523,20230609c_00751.jpg,3094,trophallaxis,0.9994,0.9326,10,886,396,942,477
523,20230609c_00751.jpg,3100,neutral,0.9831,0.9317,8,1073,373,1153,423
523,20230609c_00751.jpg,2820,fanning,0.9995,0.9161,16,619,318,699,406
523,20230609c_00751.jpg,1134,fanning,0.9938,0.9097,16,278,371,351,418
523,20230609c_00751.jpg,3091,neutral,0.9988,0.9094,6,867,373,911,410
523,20230609c_00751.jpg,2877,neutral,0.9937,0.8685,16,932,375,999,398
523,20230609c_00751.jpg,2171,fanning,0.9975,0.5547,16,1042,374,1112,396
524,20230609c_00752.jpg,842,fanning,0.9979,0.9466,16,411,411,503,479
524,20230609c_00752.jpg,158,fanning,0.9430,0.9447,16,1424,372,1499,422
524,20230609c_00752.jpg,3092,fanning,0.9818,0.9316,12,567,302,682,400
524,20230609c_00752.jpg,2820,fanning,0.9995,0.9233,16,622,316,690,406
524,20230609c_00752.jpg,1134,fanning,0.9962,0.9210,16,277,370,355,421
524,20230609c_00752.jpg,3094,trophallaxis,0.9995,0.9139,11,881,393,941,473
524,20230609c_00752.jpg,2877,neutral,0.9861,0.8835,16,934,374,999,399
524,20230609c_00752.jpg,3091,neutral,0.9989,0.8706,7,871,373,912,401
524,20230609c_00752.jpg,3100,neutral,0.9910,0.6888,9,1081,391,1128,425
525,20230609c_00753.jpg,3092,fanning,0.9892,0.9442,13,571,303,642,381
525,20230609c_00753.jpg,158,fanning,0.9449,0.9425,16,1425,372,1501,420
525,20230609c_00753.jpg,842,fanning,0.9950,0.9399,16,414,413,510,482
525,20230609c_00753.jpg,3146,buffering,0.0000,0.9294,1,519,764,595,838
525,20230609c_00753.jpg,1134,fanning,0.9941,0.9229,16,289,375,360,428
525,20230609c_00753.jpg,3094,trophallaxis,0.9994,0.9082,12,886,390,939,471
525,20230609c_00753.jpg,2820,fanning,0.9995,0.9055,16,633,308,696,404
525,20230609c_00753.jpg,3150,buffering,0.0000,0.8926,1,1100,375,1170,461
525,20230609c_00753.jpg,3100,neutral,0.9821,0.8896,10,1077,381,1155,434
525,20230609c_00753.jpg,2877,neutral,0.9782,0.8639,16,935,374,1000,398
525,20230609c_00753.jpg,3091,neutral,0.9992,0.8417,8,876,373,916,397
525,20230609c_00753.jpg,2171,fanning,0.9968,0.7829,16,1039,373,1124,397
526,20230609c_00754.jpg,842,fanning,0.9942,0.9519,16,415,409,514,480
526,20230609c_00754.jpg,158,fanning,0.9628,0.9428,16,1424,372,1500,419
526,20230609c_00754.jpg,3152,buffering,0.0000,0.9321,1,591,610,647,704
526,20230609c_00754.jpg,3092,fanning,0.9967,0.9304,14,578,304,648,380
526,20230609c_00754.jpg,2820,fanning,0.9995,0.9086,16,633,310,694,403
526,20230609c_00754.jpg,3094,trophallaxis,0.9992,0.9046,13,891,375,944,468
526,20230609c_00754.jpg,1134,fanning,0.9920,0.8986,16,294,375,370,434
526,20230609c_00754.jpg,3150,buffering,0.0000,0.8660,2,1103,378,1171,459
526,20230609c_00754.jpg,2877,neutral,0.9722,0.8543,16,939,374,1001,399
526,20230609c_00754.jpg,3100,neutral,0.9845,0.8251,11,1070,401,1129,437
526,20230609c_00754.jpg,2171,fanning,0.9960,0.8172,16,1031,373,1115,404
526,20230609c_00754.jpg,3091,neutral,0.9988,0.8013,9,878,373,920,394
527,20230609c_00755.jpg,842,fanning,0.9972,0.9483,16,416,410,515,480
527,20230609c_00755.jpg,158,fanning,0.9682,0.9413,16,1424,372,1499,418
527,20230609c_00755.jpg,3092,fanning,0.9981,0.9184,15,578,304,642,379
527,20230609c_00755.jpg,1134,fanning,0.9897,0.9156,16,297,380,372,431
527,20230609c_00755.jpg,2820,fanning,0.9993,0.9152,16,643,315,704,402
527,20230609c_00755.jpg,3094,trophallaxis,0.9989,0.8682,14,895,385,953,457
527,20230609c_00755.jpg,3150,buffering,0.0000,0.8627,3,1124,375,1171,443
527,20230609c_00755.jpg,2877,neutral,0.9337,0.8504,16,950,375,1004,398
527,20230609c_00755.jpg,3100,neutral,0.9897,0.8276,12,1065,400,1128,436
527,20230609c_00755.jpg,2171,fanning,0.9952,0.8245,16,1033,374,1113,400
528,20230609c_00756.jpg,158,fanning,0.9721,0.9424,16,1425,372,1500,419
528,20230609c_00756.jpg,842,fanning,0.9979,0.9358,16,419,407,519,479
528,20230609c_00756.jpg,1134,fanning,0.9969,0.9243,16,302,382,376,430
528,20230609c_00756.jpg,3094,trophallaxis,0.9993,0.9219,15,895,375,958,448
528,20230609c_00756.jpg,2820,fanning,0.9991,0.9207,16,573,307,711,400
528,20230609c_00756.jpg,3092,fanning,0.9989,0.9196,16,583,304,646,374
528,20230609c_00756.jpg,2572,neutral,0.9993,0.9012,8,666,757,712,818
528,20230609c_00756.jpg,2877,neutral,0.8697,0.8540,16,955,374,1005,398
528,20230609c_00756.jpg,2171,fanning,0.9929,0.8302,16,1028,373,1109,399
529,20230609c_00757.jpg,158,fanning,0.9682,0.9405,16,1423,372,1500,417
529,20230609c_00757.jpg,842,fanning,0.9983,0.9367,16,425,409,520,478
529,20230609c_00757.jpg,2820,fanning,0.9986,0.9346,16,587,307,725,397
529,20230609c_00757.jpg,3094,trophallaxis,0.9992,0.9182,16,896,374,963,442
529,20230609c_00757.jpg,1134,fanning,0.9976,0.9171,16,303,383,381,430
529,20230609c_00757.jpg,3092,fanning,0.9991,0.9075,16,588,304,671,368
529,20230609c_00757.jpg,2877,neutral,0.8049,0.8315,16,956,374,1006,399
529,20230609c_00757.jpg,2171,fanning,0.9478,0.7663,16,1026,374,1099,398
530,20230609c_00758.jpg,3175,buffering,0.0000,0.9421,1,442,509,514,603
530,20230609c_00758.jpg,158,fanning,0.9448,0.9401,16,1424,372,1500,417
530,20230609c_00758.jpg,842,fanning,0.9983,0.9380,16,428,409,528,473
530,20230609c_00758.jpg,2820,fanning,0.9981,0.9308,16,614,310,733,390
530,20230609c_00758.jpg,3042,buffering,0.0000,0.9303,2,974,736,1030,840
530,20230609c_00758.jpg,1134,fanning,0.9965,0.9145,16,303,381,375,427
530,20230609c_00758.jpg,3092,fanning,0.9994,0.9094,16,590,303,670,363
530,20230609c_00758.jpg,3094,trophallaxis,0.9992,0.8729,16,899,376,957,434
530,20230609c_00758.jpg,2877,neutral,0.7513,0.8425,16,953,374,1007,399
531,20230609c_00759.jpg,842,fanning,0.9985,0.9413,16,428,407,521,473
531,20230609c_00759.jpg,158,fanning,0.9434,0.9386,16,1424,372,1497,416
531,20230609c_00759.jpg,2820,fanning,0.9987,0.9338,16,611,308,744,385
531,20230609c_00759.jpg,3175,buffering,0.0000,0.9188,2,454,552,506,622
531,20230609c_00759.jpg,3092,fanning,0.9994,0.9142,16,595,302,677,360
531,20230609c_00759.jpg,1134,fanning,0.9925,0.9076,16,309,383,381,428
531,20230609c_00759.jpg,3094,trophallaxis,0.9985,0.8560,16,909,376,960,424
531,20230609c_00759.jpg,2877,neutral,0.7204,0.8373,16,951,374,1006,400
532,20230609c_00760.jpg,3069,buffering,0.0000,0.9372,2,488,453,540,529
532,20230609c_00760.jpg,158,fanning,0.9180,0.9362,16,1422,372,1497,416
532,20230609c_00760.jpg,842,fanning,0.9983,0.9343,16,432,404,531,469
532,20230609c_00760.jpg,2820,fanning,0.9986,0.9296,16,654,310,748,383
532,20230609c_00760.jpg,3092,fanning,0.9994,0.9127,16,605,303,687,351
532,20230609c_00760.jpg,1134,fanning,0.9930,0.9096,16,313,382,384,426
532,20230609c_00760.jpg,3150,neutral,0.9997,0.8807,4,1022,374,1118,428
532,20230609c_00760.jpg,2877,neutral,0.6620,0.8420,16,913,374,1006,410
532,20230609c_00760.jpg,2171,fanning,0.6431,0.7419,16,1022,374,1055,398
533,20230609c_00761.jpg,158,fanning,0.9036,0.9349,16,1420,372,1498,417
533,20230609c_00761.jpg,2820,fanning,0.9983,0.9296,16,668,309,761,379
533,20230609c_00761.jpg,3069,buffering,0.0000,0.9253,3,494,409,562,512
533,20230609c_00761.jpg,3195,buffering,0.0000,0.9248,1,626,908,684,970
533,20230609c_00761.jpg,1134,fanning,0.9928,0.9136,16,312,375,374,425
533,20230609c_00761.jpg,3092,fanning,0.9994,0.9120,16,613,304,694,349
533,20230609c_00761.jpg,3150,neutral,0.9991,0.8977,5,1020,374,1119,430
533,20230609c_00761.jpg,842,fanning,0.9986,0.8942,16,433,406,543,471
533,20230609c_00761.jpg,2877,neutral,0.6059,0.8423,16,911,373,1004,405
533,20230609c_00761.jpg,2171,neutral,0.6096,0.7555,16,1020,374,1055,399
534,20230609c_00762.jpg,158,fanning,0.8861,0.9360,16,1419,373,1497,418
534,20230609c_00762.jpg,3195,buffering,0.0000,0.9327,2,618,908,675,973
534,20230609c_00762.jpg,2820,fanning,0.9982,0.9299,16,669,306,766,382
534,20230609c_00762.jpg,3201,buffering,0.0000,0.9263,1,1084,680,1139,769
534,20230609c_00762.jpg,1134,fanning,0.9875,0.9153,16,314,376,376,426
534,20230609c_00762.jpg,3150,neutral,0.9907,0.9082,6,1019,374,1121,427
534,20230609c_00762.jpg,3092,fanning,0.9992,0.9066,16,618,303,703,347
534,20230609c_00762.jpg,2877,uncertain,0.5454,0.9005,16,912,373,1005,404
534,20230609c_00762.jpg,842,fanning,0.9990,0.8953,16,434,421,510,467
534,20230609c_00762.jpg,2171,neutral,0.8450,0.7238,16,1019,374,1055,400
535,20230609c_00763.jpg,158,fanning,0.8709,0.9356,16,1421,371,1494,421
535,20230609c_00763.jpg,3205,buffering,0.0000,0.9323,1,310,631,370,718
535,20230609c_00763.jpg,842,fanning,0.9993,0.9299,16,429,408,524,472
535,20230609c_00763.jpg,3195,buffering,0.0000,0.9270,3,609,897,658,969
535,20230609c_00763.jpg,2820,fanning,0.9982,0.9131,16,673,316,778,383
535,20230609c_00763.jpg,3092,fanning,0.9988,0.9097,16,629,304,712,348
535,20230609c_00763.jpg,1134,fanning,0.9781,0.9010,16,313,383,378,427
535,20230609c_00763.jpg,2877,neutral,0.7685,0.8879,16,914,374,1004,401
535,20230609c_00763.jpg,3150,neutral,0.9585,0.8697,7,1024,373,1122,425
535,20230609c_00763.jpg,2171,neutral,0.9215,0.7797,16,1018,373,1078,403
536,20230609c_00764.jpg,158,fanning,0.8612,0.9414,16,1421,372,1494,422
536,20230609c_00764.jpg,3210,buffering,0.0000,0.9381,1,1207,532,1262,623
536,20230609c_00764.jpg,842,fanning,0.9994,0.9370,16,430,410,521,472
536,20230609c_00764.jpg,3205,buffering,0.0000,0.9333,2,287,628,370,704
536,20230609c_00764.jpg,3212,buffering,0.0000,0.9200,1,518,370,588,447
536,20230609c_00764.jpg,1134,fanning,0.9881,0.9139,16,315,381,384,425
536,20230609c_00764.jpg,3092,fanning,0.9962,0.9104,16,635,303,716,349
536,20230609c_00764.jpg,3150,neutral,0.9453,0.9002,8,1025,373,1124,425
536,20230609c_00764.jpg,2820,fanning,0.9798,0.8833,16,682,315,787,382
536,20230609c_00764.jpg,2877,neutral,0.8878,0.8806,16,923,374,1005,401
536,20230609c_00764.jpg,2171,neutral,0.9528,0.7331,16,1016,374,1071,400
537,20230609c_00765.jpg,158,fanning,0.8303,0.9392,16,1422,372,1495,421
537,20230609c_00765.jpg,3210,buffering,0.0000,0.9369,2,1212,519,1273,617
537,20230609c_00765.jpg,3205,buffering,0.0000,0.9358,3,311,621,398,694
537,20230609c_00765.jpg,3212,buffering,0.0000,0.9320,2,520,368,581,437
537,20230609c_00765.jpg,842,fanning,0.9992,0.9277,16,430,411,523,474
537,20230609c_00765.jpg,3150,neutral,0.8602,0.9258,9,1032,373,1130,429
537,20230609c_00765.jpg,1134,fanning,0.9887,0.9157,16,315,380,385,425
537,20230609c_00765.jpg,2820,fanning,0.9980,0.9052,16,689,317,787,381
537,20230609c_00765.jpg,3092,fanning,0.9952,0.8822,16,643,304,720,349
537,20230609c_00765.jpg,2877,neutral,0.8886,0.8741,16,931,375,1003,401
537,20230609c_00765.jpg,3220,buffering,0.0000,0.8438,1,568,891,613,929
537,20230609c_00765.jpg,2171,neutral,0.9847,0.7757,16,1016,373,1084,402
538,20230609c_00766.jpg,158,fanning,0.8177,0.9417,16,1420,372,1495,423
538,20230609c_00766.jpg,842,fanning,0.9992,0.9370,16,430,407,526,474
538,20230609c_00766.jpg,3221,buffering,0.0000,0.9336,1,1139,507,1227,571
538,20230609c_00766.jpg,3210,buffering,0.0000,0.9332,3,1210,526,1285,616
538,20230609c_00766.jpg,3042,buffering,0.0000,0.9279,3,962,711,1028,817
538,20230609c_00766.jpg,2820,fanning,0.9989,0.9242,16,687,311,790,383
538,20230609c_00766.jpg,1134,fanning,0.9740,0.9198,16,316,380,390,425
538,20230609c_00766.jpg,3212,buffering,0.0000,0.9117,3,520,372,584,421
538,20230609c_00766.jpg,3150,uncertain,0.5089,0.9117,10,1023,373,1138,432
538,20230609c_00766.jpg,3092,fanning,0.9965,0.9086,16,650,305,732,345
538,20230609c_00766.jpg,2877,neutral,0.8415,0.8877,16,938,375,1002,401
538,20230609c_00766.jpg,2171,neutral,0.9710,0.8290,16,1017,374,1076,406
539,20230609c_00767.jpg,3175,buffering,0.0000,0.9416,3,429,596,500,664
539,20230609c_00767.jpg,3221,buffering,0.0000,0.9382,2,1154,478,1242,547
539,20230609c_00767.jpg,158,fanning,0.8607,0.9366,16,1423,374,1500,417
539,20230609c_00767.jpg,842,fanning,0.9992,0.9261,16,431,407,531,474
539,20230609c_00767.jpg,2820,fanning,0.9990,0.9258,16,711,314,801,389
539,20230609c_00767.jpg,3150,fanning,0.8548,0.9158,11,1029,373,1142,433
539,20230609c_00767.jpg,1134,fanning,0.9717,0.9130,16,318,379,391,425
539,20230609c_00767.jpg,3092,fanning,0.9963,0.9073,16,657,304,741,345
539,20230609c_00767.jpg,3210,neutral,0.9993,0.9063,4,1215,530,1278,612
539,20230609c_00767.jpg,2877,neutral,0.8083,0.8970,16,936,375,1001,402
539,20230609c_00767.jpg,3230,buffering,0.0000,0.8341,1,609,890,645,922
539,20230609c_00767.jpg,2171,neutral,0.9268,0.7822,16,1014,374,1084,408
540,20230609c_00768.jpg,3210,neutral,0.9978,0.9427,5,1218,526,1276,615
540,20230609c_00768.jpg,3221,buffering,0.0000,0.9425,3,1180,436,1251,509
540,20230609c_00768.jpg,158,fanning,0.8975,0.9348,16,1422,372,1496,418
540,20230609c_00768.jpg,2820,fanning,0.9992,0.9302,16,717,308,803,389
540,20230609c_00768.jpg,3201,buffering,0.0000,0.9300,2,1086,678,1145,760
540,20230609c_00768.jpg,842,fanning,0.9992,0.9289,16,431,411,529,474
540,20230609c_00768.jpg,3150,fanning,0.9412,0.9274,12,1053,374,1146,432
540,20230609c_00768.jpg,1134,fanning,0.9592,0.9161,16,320,373,388,424
540,20230609c_00768.jpg,2877,neutral,0.8025,0.9009,16,935,375,998,404
540,20230609c_00768.jpg,3092,fanning,0.9956,0.8965,16,669,305,759,347
540,20230609c_00768.jpg,2171,fanning,0.6880,0.8682,16,1014,374,1087,413
540,20230609c_00768.jpg,3230,buffering,0.0000,0.8335,2,611,896,656,929
541,20230609c_00769.jpg,3210,neutral,0.9885,0.9412,6,1223,509,1280,598
541,20230609c_00769.jpg,3221,neutral,0.9993,0.9398,4,1198,390,1261,479
541,20230609c_00769.jpg,158,fanning,0.9150,0.9395,16,1351,372,1493,423
541,20230609c_00769.jpg,842,fanning,0.9993,0.9301,16,430,409,532,474
541,20230609c_00769.jpg,2820,fanning,0.9992,0.9300,16,726,312,807,384
541,20230609c_00769.jpg,3150,fanning,0.9946,0.9299,13,1022,373,1152,426
541,20230609c_00769.jpg,1134,fanning,0.9685,0.9228,16,320,375,389,426
541,20230609c_00769.jpg,2877,neutral,0.7525,0.9123,16,934,375,996,403
541,20230609c_00769.jpg,3092,fanning,0.9947,0.8960,16,676,305,761,348
541,20230609c_00769.jpg,2171,fanning,0.9227,0.8677,16,1010,374,1088,410
541,20230609c_00769.jpg,3230,buffering,0.0000,0.8338,3,608,904,653,937
542,20230609c_00770.jpg,3244,buffering,0.0000,0.9428,1,528,562,578,660
542,20230609c_00770.jpg,3221,neutral,0.9989,0.9395,5,1210,373,1276,436
542,20230609c_00770.jpg,158,fanning,0.8926,0.9393,16,1421,371,1490,421
542,20230609c_00770.jpg,3210,neutral,0.9810,0.9343,7,1222,497,1278,587
542,20230609c_00770.jpg,842,fanning,0.9992,0.9295,16,433,410,533,476
542,20230609c_00770.jpg,3150,fanning,0.9981,0.9263,14,1021,373,1145,425
542,20230609c_00770.jpg,2820,fanning,0.9994,0.9165,16,720,315,825,385
542,20230609c_00770.jpg,1134,fanning,0.9702,0.9122,16,325,379,390,428
542,20230609c_00770.jpg,2877,neutral,0.6839,0.9076,16,934,375,994,404
542,20230609c_00770.jpg,3092,fanning,0.9968,0.8930,16,683,304,769,348
542,20230609c_00770.jpg,2171,fanning,0.9912,0.8750,16,1017,374,1089,408
542,20230609c_00770.jpg,3230,neutral,0.9998,0.8334,4,604,906,646,948
543,20230609c_00771.jpg,3244,buffering,0.0000,0.9398,2,505,552,559,648
543,20230609c_00771.jpg,158,fanning,0.8846,0.9371,16,1353,371,1492,422
543,20230609c_00771.jpg,3210,neutral,0.9887,0.9363,8,1221,477,1281,569
543,20230609c_00771.jpg,3221,neutral,0.9974,0.9337,6,1215,373,1268,438
543,20230609c_00771.jpg,3150,fanning,0.9985,0.9298,15,1011,373,1143,417
543,20230609c_00771.jpg,2877,neutral,0.7289,0.9262,16,934,375,995,405
543,20230609c_00771.jpg,1134,fanning,0.9785,0.9200,16,326,377,403,428
543,20230609c_00771.jpg,842,fanning,0.9991,0.9180,16,430,412,535,477
543,20230609c_00771.jpg,3152,buffering,0.0000,0.9055,2,591,627,653,699
543,20230609c_00771.jpg,3092,fanning,0.9975,0.8971,16,687,305,774,344
543,20230609c_00771.jpg,2820,fanning,0.9994,0.8938,16,727,316,831,384
543,20230609c_00771.jpg,2171,fanning,0.9956,0.8863,16,1015,374,1087,408
543,20230609c_00771.jpg,3230,neutral,0.9997,0.8395,5,605,916,656,952
544,20230609c_00772.jpg,3210,neutral,0.9813,0.9364,9,1218,460,1277,551
544,20230609c_00772.jpg,158,fanning,0.9099,0.9353,16,1421,373,1493,418
544,20230609c_00772.jpg,3221,neutral,0.9980,0.9339,7,1217,373,1272,440
544,20230609c_00772.jpg,2877,neutral,0.7611,0.9174,16,933,375,994,406
544,20230609c_00772.jpg,2820,fanning,0.9994,0.9166,16,740,319,837,383
544,20230609c_00772.jpg,1134,fanning,0.9663,0.9153,16,326,376,389,427
544,20230609c_00772.jpg,842,fanning,0.9989,0.9114,16,433,411,533,476
544,20230609c_00772.jpg,2171,fanning,0.9962,0.9048,16,1014,374,1078,411
544,20230609c_00772.jpg,3092,fanning,0.9984,0.8834,16,693,305,778,343
544,20230609c_00772.jpg,3230,neutral,0.9997,0.8044,6,615,911,656,958
545,20230609c_00773.jpg,158,fanning,0.9190,0.9415,16,1352,372,1490,424
545,20230609c_00773.jpg,3210,neutral,0.9858,0.9376,10,1214,449,1275,536
545,20230609c_00773.jpg,3261,buffering,0.0000,0.9313,1,635,611,691,700
545,20230609c_00773.jpg,3263,buffering,0.0000,0.9312,1,34,703,93,803
545,20230609c_00773.jpg,3221,neutral,0.9959,0.9240,8,1212,373,1272,427
545,20230609c_00773.jpg,2820,fanning,0.9993,0.9240,16,755,315,853,387
545,20230609c_00773.jpg,842,fanning,0.9985,0.9197,16,430,412,534,477
545,20230609c_00773.jpg,1134,fanning,0.8392,0.9188,16,327,376,408,428
545,20230609c_00773.jpg,2877,neutral,0.8640,0.8855,16,933,375,994,408
545,20230609c_00773.jpg,3264,buffering,0.0000,0.8818,1,1105,374,1145,396
545,20230609c_00773.jpg,3092,fanning,0.9985,0.8813,16,703,306,773,343
545,20230609c_00773.jpg,2171,fanning,0.9951,0.8455,16,1022,373,1077,407
546,20230609c_00774.jpg,158,fanning,0.9084,0.9509,16,1411,373,1486,429
546,20230609c_00774.jpg,3210,neutral,0.9531,0.9433,11,1210,425,1271,515
546,20230609c_00774.jpg,3261,buffering,0.0000,0.9355,2,641,603,693,693
546,20230609c_00774.jpg,3221,neutral,0.9934,0.9331,9,1221,374,1273,420
546,20230609c_00774.jpg,2820,fanning,0.9993,0.9330,16,764,311,854,390
546,20230609c_00774.jpg,3263,buffering,0.0000,0.9305,2,33,706,96,807
546,20230609c_00774.jpg,1134,fanning,0.7903,0.9292,16,327,376,405,435
546,20230609c_00774.jpg,842,fanning,0.9986,0.9229,16,428,413,538,479
546,20230609c_00774.jpg,2877,neutral,0.9201,0.9145,16,933,375,994,411
546,20230609c_00774.jpg,2171,fanning,0.9959,0.8934,16,1021,371,1076,405
546,20230609c_00774.jpg,3092,fanning,0.9986,0.8876,16,712,306,780,344
546,20230609c_00774.jpg,3271,buffering,0.0000,0.8806,1,217,732,257,779
547,20230609c_00775.jpg,3205,neutral,0.9978,0.9430,4,368,558,427,634
547,20230609c_00775.jpg,3210,neutral,0.9739,0.9382,12,1203,412,1261,503
547,20230609c_00775.jpg,3261,buffering,0.0000,0.9370,3,632,580,688,678
547,20230609c_00775.jpg,158,fanning,0.9360,0.9364,16,1418,372,1491,429
547,20230609c_00775.jpg,3263,buffering,0.0000,0.9337,3,51,731,115,824
547,20230609c_00775.jpg,2820,fanning,0.9991,0.9302,16,771,315,850,394
547,20230609c_00775.jpg,1134,fanning,0.9243,0.9236,16,328,375,399,429
547,20230609c_00775.jpg,842,fanning,0.9987,0.9162,16,428,411,537,478
547,20230609c_00775.jpg,3221,neutral,0.9939,0.9055,10,1224,373,1280,411
547,20230609c_00775.jpg,2877,neutral,0.9235,0.8975,16,932,375,995,408
547,20230609c_00775.jpg,2171,fanning,0.9966,0.8923,16,1018,373,1070,407
547,20230609c_00775.jpg,3092,fanning,0.9979,0.8795,16,711,306,797,347
547,20230609c_00775.jpg,3271,buffering,0.0000,0.8707,2,196,729,241,788
548,20230609c_00776.jpg,158,fanning,0.9594,0.9486,16,1384,371,1489,426
548,20230609c_00776.jpg,3210,neutral,0.9678,0.9374,13,1194,405,1254,493
548,20230609c_00776.jpg,2820,fanning,0.9992,0.9349,16,774,311,852,393
548,20230609c_00776.jpg,3261,neutral,0.9526,0.9316,4,628,558,688,652
548,20230609c_00776.jpg,3271,buffering,0.0000,0.9118,3,166,719,222,784
548,20230609c_00776.jpg,2877,neutral,0.8802,0.9115,16,923,375,994,407
548,20230609c_00776.jpg,842,fanning,0.9989,0.9090,16,431,413,538,477
548,20230609c_00776.jpg,2171,fanning,0.9971,0.9080,16,1021,373,1066,407
548,20230609c_00776.jpg,1134,fanning,0.7846,0.8992,16,328,379,392,428
548,20230609c_00776.jpg,3092,fanning,0.9983,0.8623,16,714,305,794,348
549,20230609c_00777.jpg,2820,fanning,0.9993,0.9393,16,777,309,855,393
549,20230609c_00777.jpg,158,fanning,0.9656,0.9379,16,1418,371,1492,427
549,20230609c_00777.jpg,3210,neutral,0.9706,0.9354,14,1187,392,1253,480
549,20230609c_00777.jpg,3261,fanning,0.6901,0.9346,5,629,583,689,678
549,20230609c_00777.jpg,2877,neutral,0.8153,0.9140,16,932,375,994,404
549,20230609c_00777.jpg,2171,fanning,0.9975,0.9070,16,1022,373,1065,406
549,20230609c_00777.jpg,1134,fanning,0.7438,0.9026,16,328,377,398,429
549,20230609c_00777.jpg,3271,neutral,0.9997,0.8957,4,154,698,212,759
549,20230609c_00777.jpg,842,fanning,0.9990,0.8935,16,435,413,539,476
549,20230609c_00777.jpg,3092,fanning,0.9985,0.8935,16,714,306,811,348
550,20230609c_00778.jpg,158,fanning,0.9703,0.9403,16,1357,371,1495,426
550,20230609c_00778.jpg,3152,buffering,0.0000,0.9337,3,567,605,631,699
550,20230609c_00778.jpg,2820,fanning,0.9993,0.9322,16,786,318,871,391
550,20230609c_00778.jpg,3210,neutral,0.9928,0.9191,15,1179,376,1238,465
550,20230609c_00778.jpg,842,fanning,0.9991,0.8940,16,432,413,534,477
550,20230609c_00778.jpg,2877,neutral,0.6935,0.8913,16,926,375,996,408
550,20230609c_00778.jpg,1134,fanning,0.8063,0.8838,16,327,379,394,428
550,20230609c_00778.jpg,2171,fanning,0.9978,0.8797,16,1024,373,1060,405
550,20230609c_00778.jpg,3092,fanning,0.9980,0.8773,16,717,306,812,349
550,20230609c_00778.jpg,3271,neutral,0.9996,0.8763,5,148,661,193,729
551,20230609c_00779.jpg,158,fanning,0.9729,0.9406,16,1387,371,1495,427
551,20230609c_00779.jpg,3287,buffering,0.0000,0.9393,1,672,453,734,537
551,20230609c_00779.jpg,3210,neutral,0.9858,0.9376,16,1163,374,1222,456
551,20230609c_00779.jpg,2820,fanning,0.9992,0.9257,16,792,313,887,394
551,20230609c_00779.jpg,3092,fanning,0.9979,0.9120,16,723,306,822,350
551,20230609c_00779.jpg,1134,fanning,0.9029,0.9024,16,329,380,397,438
551,20230609c_00779.jpg,842,fanning,0.9991,0.8958,16,433,416,535,478
551,20230609c_00779.jpg,2171,fanning,0.9983,0.8920,16,1028,373,1065,400
551,20230609c_00779.jpg,2877,fanning,0.6040,0.8829,16,926,374,998,408
552,20230609c_00780.jpg,158,fanning,0.9699,0.9423,16,1418,372,1496,425
552,20230609c_00780.jpg,2820,fanning,0.9988,0.9383,16,793,312,878,389
552,20230609c_00780.jpg,3210,neutral,0.9901,0.9340,16,1145,373,1216,441
552,20230609c_00780.jpg,3287,buffering,0.0000,0.9290,2,651,438,722,525
552,20230609c_00780.jpg,3221,neutral,0.9891,0.9132,11,1238,373,1302,405
552,20230609c_00780.jpg,1134,fanning,0.8965,0.9130,16,328,380,399,429
552,20230609c_00780.jpg,2877,fanning,0.9230,0.9084,16,915,374,997,406
552,20230609c_00780.jpg,842,fanning,0.9992,0.9053,16,433,418,538,478
552,20230609c_00780.jpg,3092,fanning,0.9980,0.8914,16,730,307,849,354
552,20230609c_00780.jpg,2171,fanning,0.9986,0.8664,16,1031,372,1068,402
553,20230609c_00781.jpg,158,fanning,0.9703,0.9432,16,1417,372,1494,426
553,20230609c_00781.jpg,3296,buffering,0.0000,0.9343,1,480,647,539,745
553,20230609c_00781.jpg,3287,buffering,0.0000,0.9331,3,620,427,682,515
553,20230609c_00781.jpg,3210,neutral,0.9903,0.9323,16,1149,374,1203,426
553,20230609c_00781.jpg,2820,fanning,0.9966,0.9238,16,795,310,873,384
553,20230609c_00781.jpg,1134,fanning,0.7706,0.9169,16,328,381,397,429
553,20230609c_00781.jpg,3221,neutral,0.9896,0.9107,12,1247,374,1299,401
553,20230609c_00781.jpg,842,fanning,0.9993,0.9037,16,437,422,539,478
553,20230609c_00781.jpg,2877,fanning,0.9143,0.9035,16,923,374,998,407
553,20230609c_00781.jpg,3092,fanning,0.9976,0.8897,16,733,307,824,351
553,20230609c_00781.jpg,2171,fanning,0.9983,0.8896,16,1030,372,1066,403
554,20230609c_00782.jpg,158,fanning,0.9708,0.9401,16,1421,373,1500,417
554,20230609c_00782.jpg,3296,buffering,0.0000,0.9335,2,473,636,533,737
554,20230609c_00782.jpg,3287,neutral,0.9997,0.9319,4,604,415,663,504
554,20230609c_00782.jpg,3302,buffering,0.0000,0.9312,1,411,817,468,901
554,20230609c_00782.jpg,2820,fanning,0.9959,0.9302,16,805,309,878,395
554,20230609c_00782.jpg,3210,neutral,0.9886,0.9216,16,1144,375,1193,421
554,20230609c_00782.jpg,842,fanning,0.9993,0.9108,16,437,421,540,479
554,20230609c_00782.jpg,2877,fanning,0.8169,0.9014,16,933,375,998,405
554,20230609c_00782.jpg,3221,neutral,0.9910,0.8924,13,1249,373,1300,401
554,20230609c_00782.jpg,1134,fanning,0.7515,0.8818,16,328,386,400,429
554,20230609c_00782.jpg,3092,fanning,0.9980,0.8813,16,741,307,828,349
554,20230609c_00782.jpg,2171,fanning,0.9960,0.8735,16,1027,373,1061,404
555,20230609c_00783.jpg,158,fanning,0.9626,0.9418,16,1423,372,1498,417
555,20230609c_00783.jpg,3287,neutral,0.9994,0.9388,5,603,410,667,497
555,20230609c_00783.jpg,3296,buffering,0.0000,0.9309,3,434,611,498,720
555,20230609c_00783.jpg,3302,buffering,0.0000,0.9271,2,428,781,484,872
555,20230609c_00783.jpg,2820,fanning,0.9880,0.9226,16,801,308,873,389
555,20230609c_00783.jpg,842,fanning,0.9993,0.9111,16,436,423,541,480
555,20230609c_00783.jpg,3221,neutral,0.9870,0.8989,14,1259,374,1301,399
555,20230609c_00783.jpg,2171,fanning,0.9946,0.8941,16,1022,373,1056,415
555,20230609c_00783.jpg,3210,neutral,0.9917,0.8894,16,1146,374,1182,404
555,20230609c_00783.jpg,3092,fanning,0.9985,0.8872,16,747,307,829,349
555,20230609c_00783.jpg,2877,fanning,0.7798,0.8785,16,934,375,998,404
555,20230609c_00783.jpg,1134,fanning,0.6557,0.8487,16,332,387,404,431
555,20230609c_00783.jpg,3305,buffering,0.0000,0.8071,1,472,1046,524,1080
556,20230609c_00784.jpg,158,fanning,0.9636,0.9424,16,1423,372,1498,419
556,20230609c_00784.jpg,3287,neutral,0.9962,0.9382,6,601,397,671,488
556,20230609c_00784.jpg,2820,fanning,0.9940,0.9359,16,815,310,874,391
556,20230609c_00784.jpg,3175,neutral,0.9990,0.9222,4,427,727,476,813
556,20230609c_00784.jpg,842,fanning,0.9993,0.9134,16,435,422,539,480
556,20230609c_00784.jpg,3092,fanning,0.9989,0.9091,16,747,306,866,358
556,20230609c_00784.jpg,2171,fanning,0.9840,0.8934,16,1019,373,1051,411
556,20230609c_00784.jpg,2877,fanning,0.5944,0.8799,16,933,375,998,405
556,20230609c_00784.jpg,3221,neutral,0.9860,0.8680,15,1262,374,1306,396
556,20230609c_00784.jpg,1134,fanning,0.5511,0.8655,16,329,387,432,431
557,20230609c_00785.jpg,158,fanning,0.9647,0.9417,16,1423,372,1498,418
557,20230609c_00785.jpg,3287,neutral,0.9828,0.9401,7,582,379,652,478
557,20230609c_00785.jpg,2820,fanning,0.9932,0.9295,16,819,310,881,390
557,20230609c_00785.jpg,842,fanning,0.9994,0.9184,16,436,421,541,479
557,20230609c_00785.jpg,2171,fanning,0.9665,0.9091,16,1025,373,1061,410
557,20230609c_00785.jpg,2877,uncertain,0.5121,0.9041,16,934,375,997,405
557,20230609c_00785.jpg,3092,fanning,0.9991,0.8921,16,754,307,851,357
557,20230609c_00785.jpg,1134,fanning,0.6897,0.8918,16,337,385,425,437
557,20230609c_00785.jpg,3221,neutral,0.9814,0.8844,16,1259,374,1303,395
558,20230609c_00786.jpg,158,fanning,0.9718,0.9407,16,1356,372,1498,420
558,20230609c_00786.jpg,2820,fanning,0.9869,0.9336,16,821,312,876,391
558,20230609c_00786.jpg,3296,neutral,0.9969,0.9326,4,427,645,493,713
558,20230609c_00786.jpg,3287,neutral,0.9729,0.9261,8,556,379,624,466
558,20230609c_00786.jpg,842,fanning,0.9994,0.9121,16,436,423,539,480
558,20230609c_00786.jpg,3092,fanning,0.9991,0.8977,16,763,307,855,357
558,20230609c_00786.jpg,1134,fanning,0.8088,0.8941,16,342,389,426,439
558,20230609c_00786.jpg,2171,fanning,0.8702,0.8872,16,1027,373,1061,413
558,20230609c_00786.jpg,3221,neutral,0.9787,0.8850,16,1261,373,1306,393
558,20230609c_00786.jpg,2877,neutral,0.5764,0.8816,16,934,375,998,404
559,20230609c_00787.jpg,158,fanning,0.9683,0.9399,16,1423,372,1495,420
559,20230609c_00787.jpg,3296,neutral,0.9873,0.9383,5,444,624,498,693
559,20230609c_00787.jpg,2820,fanning,0.9736,0.9305,16,821,312,874,392
559,20230609c_00787.jpg,3287,neutral,0.9011,0.9261,9,556,373,623,459
559,20230609c_00787.jpg,1134,fanning,0.9682,0.9193,16,341,384,433,440
559,20230609c_00787.jpg,842,fanning,0.9994,0.9021,16,433,427,535,480
559,20230609c_00787.jpg,2171,fanning,0.7503,0.8989,16,1023,373,1068,411
559,20230609c_00787.jpg,2877,neutral,0.6064,0.8983,16,934,375,998,404
559,20230609c_00787.jpg,3221,neutral,0.9613,0.8656,16,1264,373,1310,393
559,20230609c_00787.jpg,3092,fanning,0.9993,0.8495,16,769,307,843,354
560,20230609c_00788.jpg,158,fanning,0.9725,0.9398,16,1386,372,1495,421
560,20230609c_00788.jpg,3296,neutral,0.9360,0.9384,6,448,596,506,681
560,20230609c_00788.jpg,3316,buffering,0.0000,0.9349,1,7,449,64,521
560,20230609c_00788.jpg,3287,neutral,0.7337,0.9276,10,545,371,623,450
560,20230609c_00788.jpg,3263,neutral,0.9655,0.9222,4,100,783,164,877
560,20230609c_00788.jpg,2820,fanning,0.8993,0.9135,16,817,327,870,400
560,20230609c_00788.jpg,842,fanning,0.9994,0.9127,16,431,423,533,480
560,20230609c_00788.jpg,1134,fanning,0.9912,0.9058,16,349,388,432,435
560,20230609c_00788.jpg,2877,neutral,0.6389,0.8831,16,933,375,997,405
560,20230609c_00788.jpg,2171,uncertain,0.5060,0.8337,16,1012,375,1068,412
560,20230609c_00788.jpg,3221,neutral,0.9609,0.8170,16,1265,373,1309,392
560,20230609c_00788.jpg,3092,fanning,0.9990,0.7136,16,772,306,869,350
561,20230609c_00789.jpg,3296,neutral,0.8938,0.9471,7,462,565,523,650
561,20230609c_00789.jpg,158,fanning,0.9750,0.9393,16,1421,372,1494,421
561,20230609c_00789.jpg,3316,buffering,0.0000,0.9353,2,24,437,87,516
561,20230609c_00789.jpg,3287,fanning,0.5828,0.9286,11,543,372,630,438
561,20230609c_00789.jpg,1134,fanning,0.9977,0.9123,16,348,388,439,438
561,20230609c_00789.jpg,842,fanning,0.9995,0.9092,16,431,428,534,482
561,20230609c_00789.jpg,2877,neutral,0.7158,0.8941,16,934,375,996,404
561,20230609c_00789.jpg,2820,fanning,0.8334,0.8865,16,793,309,877,404
561,20230609c_00789.jpg,3092,fanning,0.9986,0.8449,16,779,307,877,352
561,20230609c_00789.jpg,2171,neutral,0.5859,0.7997,16,1003,373,1049,395
561,20230609c_00789.jpg,3221,neutral,0.9686,0.7634,16,1280,374,1312,390
562,20230609c_00790.jpg,3316,buffering,0.0000,0.9443,3,42,418,123,507
562,20230609c_00790.jpg,3296,neutral,0.7996,0.9435,8,485,534,543,622
562,20230609c_00790.jpg,158,fanning,0.9784,0.9385,16,1420,372,1494,420
562,20230609c_00790.jpg,3319,buffering,0.0000,0.9256,1,65,767,138,848
562,20230609c_00790.jpg,3320,buffering,0.0000,0.9153,1,8,665,67,749
562,20230609c_00790.jpg,3287,neutral,0.7208,0.9111,12,541,373,620,421
562,20230609c_00790.jpg,1134,fanning,0.9983,0.9065,16,351,388,437,459
562,20230609c_00790.jpg,2877,neutral,0.7023,0.9047,16,934,375,997,405
562,20230609c_00790.jpg,842,fanning,0.9995,0.8960,16,431,429,534,487
562,20230609c_00790.jpg,2820,fanning,0.6595,0.8588,16,780,308,875,400
562,20230609c_00790.jpg,2171,neutral,0.6221,0.8446,16,1004,373,1051,406
562,20230609c_00790.jpg,3221,neutral,0.9705,0.7757,16,1280,374,1316,391
563,20230609c_00791.jpg,3316,neutral,0.9997,0.9431,4,92,413,168,498
563,20230609c_00791.jpg,158,fanning,0.9791,0.9380,16,1421,372,1494,419
563,20230609c_00791.jpg,3320,buffering,0.0000,0.9262,2,20,692,91,773
563,20230609c_00791.jpg,1134,fanning,0.9986,0.9138,16,354,388,439,447
563,20230609c_00791.jpg,842,fanning,0.9996,0.9015,16,433,429,542,486
563,20230609c_00791.jpg,3263,neutral,0.9322,0.9014,5,137,795,206,864
563,20230609c_00791.jpg,2820,uncertain,0.5184,0.8984,16,776,308,852,399
563,20230609c_00791.jpg,2877,neutral,0.7198,0.8947,16,933,375,994,404
563,20230609c_00791.jpg,3092,fanning,0.9969,0.8421,16,821,308,877,349
563,20230609c_00791.jpg,3221,neutral,0.9682,0.7614,16,1280,374,1315,391
563,20230609c_00791.jpg,2171,neutral,0.7682,0.7164,16,1017,375,1047,407
563,20230609c_00791.jpg,3321,buffering,0.0000,0.6299,1,416,416,438,462
564,20230609c_00792.jpg,158,fanning,0.9748,0.9364,16,1422,372,1496,417
564,20230609c_00792.jpg,3320,buffering,0.0000,0.9109,3,43,695,113,777
564,20230609c_00792.jpg,1134,fanning,0.9987,0.9029,16,358,386,446,436
564,20230609c_00792.jpg,3287,neutral,0.6919,0.8981,13,531,371,602,408
564,20230609c_00792.jpg,2820,neutral,0.5503,0.8955,16,781,309,851,401
564,20230609c_00792.jpg,842,fanning,0.9995,0.8907,16,433,430,527,483
564,20230609c_00792.jpg,2877,neutral,0.7144,0.8881,16,933,375,994,404
564,20230609c_00792.jpg,3092,fanning,0.9991,0.8652,16,818,307,878,357
564,20230609c_00792.jpg,2171,neutral,0.8244,0.7685,16,1017,374,1047,402
564,20230609c_00792.jpg,3221,neutral,0.8786,0.7567,16,1280,374,1315,390
565,20230609c_00793.jpg,158,fanning,0.9824,0.9343,16,1422,373,1499,415
565,20230609c_00793.jpg,3320,neutral,0.9997,0.9274,4,58,662,135,751
565,20230609c_00793.jpg,2877,neutral,0.7291,0.9089,16,932,375,992,405
565,20230609c_00793.jpg,1134,fanning,0.9989,0.9058,16,363,385,448,434
565,20230609c_00793.jpg,842,fanning,0.9996,0.8981,16,433,425,535,483
565,20230609c_00793.jpg,2820,neutral,0.6525,0.8835,16,763,329,836,404
565,20230609c_00793.jpg,2171,neutral,0.8972,0.8808,16,1012,373,1048,398
565,20230609c_00793.jpg,3092,fanning,0.9992,0.8784,16,792,308,881,350
565,20230609c_00793.jpg,3287,neutral,0.8359,0.8650,14,538,373,586,393
565,20230609c_00793.jpg,3221,neutral,0.9022,0.7345,16,1280,374,1315,388
566,20230609c_00794.jpg,3329,buffering,0.0000,0.9431,1,562,398,648,487
566,20230609c_00794.jpg,158,fanning,0.9800,0.9342,16,1422,374,1494,416
566,20230609c_00794.jpg,3175,neutral,0.9980,0.9220,5,396,811,481,900
566,20230609c_00794.jpg,3092,fanning,0.9987,0.9152,16,805,308,884,362
566,20230609c_00794.jpg,2877,neutral,0.6629,0.9123,16,932,375,991,406
566,20230609c_00794.jpg,1134,fanning,0.9990,0.9056,16,379,385,454,432
566,20230609c_00794.jpg,842,fanning,0.9996,0.9034,16,432,428,528,484
566,20230609c_00794.jpg,2820,neutral,0.7862,0.8831,16,765,334,836,404
566,20230609c_00794.jpg,2171,neutral,0.9037,0.8717,16,1013,373,1050,397
566,20230609c_00794.jpg,3221,neutral,0.9063,0.7424,16,1280,374,1316,391
567,20230609c_00795.jpg,3329,buffering,0.0000,0.9457,2,579,378,659,464
567,20230609c_00795.jpg,158,fanning,0.9766,0.9363,16,1421,372,1495,417
567,20230609c_00795.jpg,3092,fanning,0.9991,0.9195,16,812,308,886,362
567,20230609c_00795.jpg,842,fanning,0.9996,0.9178,16,365,381,532,485
567,20230609c_00795.jpg,2877,neutral,0.6771,0.9120,16,931,375,990,406
567,20230609c_00795.jpg,3333,buffering,0.0000,0.8978,1,363,385,417,472
567,20230609c_00795.jpg,2820,neutral,0.6416,0.8845,16,769,327,825,402
567,20230609c_00795.jpg,3221,neutral,0.8610,0.8741,16,1264,374,1315,400
567,20230609c_00795.jpg,1134,fanning,0.9989,0.8542,16,402,386,458,431
567,20230609c_00795.jpg,2171,neutral,0.9233,0.8485,16,1021,374,1053,396
568,20230609c_00796.jpg,3329,buffering,0.0000,0.9417,3,588,375,663,461
568,20230609c_00796.jpg,3092,fanning,0.9992,0.9392,16,821,308,891,360
568,20230609c_00796.jpg,158,fanning,0.9802,0.9363,16,1422,373,1496,417
568,20230609c_00796.jpg,3333,buffering,0.0000,0.9167,2,367,358,426,450
568,20230609c_00796.jpg,2877,neutral,0.6276,0.9128,16,930,375,987,406
568,20230609c_00796.jpg,3205,neutral,0.9558,0.9111,5,437,432,527,486
568,20230609c_00796.jpg,2820,trophallaxis,0.9661,0.8727,16,754,317,835,413
568,20230609c_00796.jpg,1134,fanning,0.9989,0.8226,16,411,386,461,430
568,20230609c_00796.jpg,3221,neutral,0.8955,0.6346,16,1248,373,1307,403
569,20230609c_00797.jpg,3092,fanning,0.9990,0.9358,16,823,308,900,359
569,20230609c_00797.jpg,158,fanning,0.9922,0.9353,16,1422,373,1500,415
569,20230609c_00797.jpg,3329,neutral,0.9954,0.9257,4,598,373,671,449
569,20230609c_00797.jpg,3333,buffering,0.0000,0.9248,3,358,345,441,435
569,20230609c_00797.jpg,842,fanning,0.9996,0.9195,16,432,422,534,486
569,20230609c_00797.jpg,3221,neutral,0.8211,0.9062,16,1251,374,1308,403
569,20230609c_00797.jpg,2877,neutral,0.6674,0.8979,16,930,375,986,404
569,20230609c_00797.jpg,2820,trophallaxis,0.9975,0.8797,16,757,316,827,415
569,20230609c_00797.jpg,1134,fanning,0.9991,0.8015,16,399,385,462,429
569,20230609c_00797.jpg,2171,neutral,0.9357,0.6144,16,1025,375,1055,409
570,20230609c_00798.jpg,158,fanning,0.9952,0.9369,16,1422,373,1498,416
570,20230609c_00798.jpg,3092,fanning,0.9991,0.9338,16,818,308,911,359
570,20230609c_00798.jpg,3329,neutral,0.9834,0.9321,5,601,374,676,430
570,20230609c_00798.jpg,842,fanning,0.9995,0.9166,16,432,422,536,487
570,20230609c_00798.jpg,3221,neutral,0.7257,0.9146,16,1258,374,1310,405
570,20230609c_00798.jpg,1134,fanning,0.9992,0.9115,16,383,378,466,428
570,20230609c_00798.jpg,2820,trophallaxis,0.9984,0.9093,16,750,313,826,414
570,20230609c_00798.jpg,2877,neutral,0.5786,0.8868,16,930,375,986,405
570,20230609c_00798.jpg,2171,neutral,0.9408,0.8116,16,1036,374,1065,399
571,20230609c_00799.jpg,158,fanning,0.9947,0.9344,16,1419,373,1494,417
571,20230609c_00799.jpg,3092,fanning,0.9989,0.9335,16,826,308,925,358
571,20230609c_00799.jpg,1134,fanning,0.9992,0.9262,16,385,378,466,428
571,20230609c_00799.jpg,842,fanning,0.9995,0.9137,16,434,430,539,488
571,20230609c_00799.jpg,3347,buffering,0.0000,0.9121,1,287,322,353,408
571,20230609c_00799.jpg,2877,neutral,0.6387,0.9113,16,931,375,985,408
571,20230609c_00799.jpg,3329,fanning,0.6924,0.9107,6,616,372,677,414
571,20230609c_00799.jpg,2820,trophallaxis,0.9990,0.9043,16,753,312,819,409
571,20230609c_00799.jpg,3221,neutral,0.7066,0.8296,16,1264,374,1311,404
571,20230609c_00799.jpg,2171,neutral,0.9381,0.6720,16,1042,374,1071,401
572,20230609c_00800.jpg,3349,buffering,0.0000,0.9437,1,1233,477,1293,569
572,20230609c_00800.jpg,158,fanning,0.9933,0.9377,16,1353,373,1492,423
572,20230609c_00800.jpg,3347,buffering,0.0000,0.9317,2,294,323,351,409
572,20230609c_00800.jpg,1134,fanning,0.9994,0.9310,16,389,376,467,428
572,20230609c_00800.jpg,3092,fanning,0.9982,0.9268,16,834,308,940,354
572,20230609c_00800.jpg,2820,trophallaxis,0.9992,0.9183,16,755,312,819,411
572,20230609c_00800.jpg,2877,uncertain,0.5323,0.9057,16,930,375,985,408
572,20230609c_00800.jpg,842,fanning,0.9995,0.8950,16,430,428,539,489
572,20230609c_00800.jpg,3329,neutral,0.8788,0.8752,7,633,373,676,399
572,20230609c_00800.jpg,3221,neutral,0.6499,0.8319,16,1265,374,1310,405
572,20230609c_00800.jpg,2171,neutral,0.9319,0.7863,16,1043,374,1071,402
573,20230609c_00801.jpg,158,fanning,0.9923,0.9366,16,1422,373,1485,423
573,20230609c_00801.jpg,3349,buffering,0.0000,0.9365,2,1227,461,1289,550
573,20230609c_00801.jpg,3347,buffering,0.0000,0.9313,3,293,306,351,406
573,20230609c_00801.jpg,3092,fanning,0.9989,0.9253,16,845,308,944,351
573,20230609c_00801.jpg,2820,trophallaxis,0.9994,0.9228,16,745,310,821,410
573,20230609c_00801.jpg,3354,buffering,0.0000,0.9216,1,463,741,507,820
573,20230609c_00801.jpg,1134,fanning,0.9994,0.9199,16,392,376,468,426
573,20230609c_00801.jpg,2877,neutral,0.6698,0.9095,16,930,375,985,408
573,20230609c_00801.jpg,842,fanning,0.9995,0.8914,16,433,430,539,490
573,20230609c_00801.jpg,3221,neutral,0.6196,0.8544,16,1270,374,1311,403
573,20230609c_00801.jpg,2171,neutral,0.9524,0.6658,16,1045,374,1071,404
574,20230609c_00802.jpg,3355,buffering,0.0000,0.9433,1,347,590,408,675
574,20230609c_00802.jpg,3349,buffering,0.0000,0.9409,3,1223,437,1279,523
574,20230609c_00802.jpg,158,fanning,0.9909,0.9398,16,1352,373,1489,425
574,20230609c_00802.jpg,3354,buffering,0.0000,0.9372,2,443,730,502,812
574,20230609c_00802.jpg,2820,trophallaxis,0.9995,0.9332,16,739,310,817,397
574,20230609c_00802.jpg,3347,neutral,0.9979,0.9316,4,290,323,352,402
574,20230609c_00802.jpg,1134,fanning,0.9994,0.9295,16,390,375,464,423
574,20230609c_00802.jpg,3092,fanning,0.9993,0.9240,16,853,310,952,352
574,20230609c_00802.jpg,842,fanning,0.9995,0.9084,16,436,433,545,488
574,20230609c_00802.jpg,2877,neutral,0.6355,0.8987,16,931,375,985,409
574,20230609c_00802.jpg,3221,neutral,0.6010,0.8375,16,1271,374,1310,402
574,20230609c_00802.jpg,2171,neutral,0.9858,0.7181,16,1048,375,1074,398
575,20230609c_00803.jpg,3349,neutral,0.9990,0.9425,4,1227,427,1280,511
575,20230609c_00803.jpg,3355,buffering,0.0000,0.9423,2,352,570,413,656
575,20230609c_00803.jpg,2820,trophallaxis,0.9995,0.9378,16,729,308,819,394
575,20230609c_00803.jpg,158,fanning,0.9912,0.9371,16,1354,373,1491,422
575,20230609c_00803.jpg,3347,neutral,0.9986,0.9369,5,295,318,360,392
575,20230609c_00803.jpg,3354,buffering,0.0000,0.9293,3,431,730,487,796
575,20230609c_00803.jpg,3092,fanning,0.9994,0.9279,16,856,309,961,352
575,20230609c_00803.jpg,1134,fanning,0.9994,0.9236,16,392,373,467,424
575,20230609c_00803.jpg,842,fanning,0.9995,0.9136,16,438,433,543,495
575,20230609c_00803.jpg,2877,neutral,0.6321,0.9005,16,931,375,986,407
575,20230609c_00803.jpg,2171,neutral,0.9941,0.7461,16,1047,375,1074,398
575,20230609c_00803.jpg,3221,neutral,0.7330,0.7067,16,1271,374,1311,401
576,20230609c_00804.jpg,3355,buffering,0.0000,0.9444,3,361,549,418,637
576,20230609c_00804.jpg,158,fanning,0.9896,0.9434,16,1365,373,1490,422
576,20230609c_00804.jpg,3347,neutral,0.9967,0.9376,6,289,302,374,386
576,20230609c_00804.jpg,2820,trophallaxis,0.9995,0.9350,16,725,308,813,391
576,20230609c_00804.jpg,3349,neutral,0.9991,0.9307,5,1229,409,1279,496
576,20230609c_00804.jpg,3092,fanning,0.9994,0.9261,16,863,309,961,349
576,20230609c_00804.jpg,1134,fanning,0.9994,0.9199,16,389,373,469,423
576,20230609c_00804.jpg,3354,neutral,0.9997,0.9179,4,446,729,509,800
576,20230609c_00804.jpg,2877,neutral,0.5852,0.9004,16,931,375,987,409
576,20230609c_00804.jpg,842,fanning,0.9995,0.8959,16,441,430,542,488
576,20230609c_00804.jpg,3221,neutral,0.7830,0.7254,16,1267,374,1307,400
577,20230609c_00805.jpg,3355,neutral,0.9968,0.9436,4,356,514,407,605
577,20230609c_00805.jpg,158,fanning,0.9903,0.9423,16,1394,373,1488,424
577,20230609c_00805.jpg,3347,neutral,0.9916,0.9355,7,291,300,373,383
577,20230609c_00805.jpg,3349,neutral,0.9992,0.9308,6,1233,385,1283,478
577,20230609c_00805.jpg,1134,fanning,0.9993,0.9257,16,393,374,477,424
577,20230609c_00805.jpg,2820,trophallaxis,0.9994,0.9254,16,716,309,808,391
577,20230609c_00805.jpg,3092,fanning,0.9995,0.9247,16,864,308,961,347
577,20230609c_00805.jpg,842,fanning,0.9995,0.9050,16,441,430,542,487
577,20230609c_00805.jpg,2877,uncertain,0.5004,0.8941,16,932,375,990,411
578,20230609c_00806.jpg,158,fanning,0.9886,0.9382,16,1390,373,1488,422
578,20230609c_00806.jpg,3349,neutral,0.9994,0.9325,7,1232,377,1283,456
578,20230609c_00806.jpg,3347,neutral,0.9398,0.9312,8,298,302,385,382
578,20230609c_00806.jpg,3092,fanning,0.9994,0.9247,16,866,309,963,348
578,20230609c_00806.jpg,2820,trophallaxis,0.9993,0.9229,16,702,310,800,388
578,20230609c_00806.jpg,1134,fanning,0.9993,0.9227,16,392,374,476,422
578,20230609c_00806.jpg,842,fanning,0.9995,0.9174,16,440,429,544,488
578,20230609c_00806.jpg,2877,neutral,0.5573,0.8923,16,932,375,993,405
579,20230609c_00807.jpg,158,fanning,0.9856,0.9353,16,1417,373,1489,419
579,20230609c_00807.jpg,2820,trophallaxis,0.9991,0.9342,16,692,309,792,381
579,20230609c_00807.jpg,1134,fanning,0.9993,0.9334,16,394,374,476,423
579,20230609c_00807.jpg,3347,neutral,0.9090,0.9284,9,305,303,396,379
579,20230609c_00807.jpg,3092,fanning,0.9994,0.9229,16,869,308,977,347
579,20230609c_00807.jpg,842,fanning,0.9995,0.9182,16,437,429,543,487
579,20230609c_00807.jpg,3349,neutral,0.9993,0.9108,8,1225,374,1283,444
579,20230609c_00807.jpg,2877,neutral,0.5947,0.8612,16,933,375,995,405
579,20230609c_00807.jpg,3221,neutral,0.7439,0.7473,16,1270,374,1328,391
580,20230609c_00808.jpg,1134,fanning,0.9994,0.9367,16,393,373,477,425
580,20230609c_00808.jpg,158,fanning,0.9842,0.9341,16,1416,373,1490,419
580,20230609c_00808.jpg,2820,fanning,0.6684,0.9335,16,690,307,787,377
580,20230609c_00808.jpg,3347,neutral,0.8924,0.9304,10,309,301,400,374
580,20230609c_00808.jpg,842,fanning,0.9995,0.9168,16,442,429,543,485
580,20230609c_00808.jpg,3092,fanning,0.9992,0.9164,16,884,309,984,347
580,20230609c_00808.jpg,3349,neutral,0.9995,0.9057,9,1233,374,1281,430
580,20230609c_00808.jpg,2877,neutral,0.6801,0.8994,16,934,375,996,406
580,20230609c_00808.jpg,3221,neutral,0.7204,0.8406,16,1278,374,1333,391
581,20230609c_00809.jpg,158,fanning,0.9839,0.9361,16,1379,372,1489,422
581,20230609c_00809.jpg,2820,fanning,0.9930,0.9326,16,679,306,781,374
581,20230609c_00809.jpg,3347,neutral,0.8001,0.9308,11,315,300,405,377
581,20230609c_00809.jpg,1134,fanning,0.9994,0.9263,16,395,374,477,424
581,20230609c_00809.jpg,842,fanning,0.9995,0.9208,16,444,430,547,485
581,20230609c_00809.jpg,3092,fanning,0.9988,0.9124,16,883,309,984,351
581,20230609c_00809.jpg,2877,neutral,0.7608,0.8915,16,934,375,997,405
581,20230609c_00809.jpg,3349,neutral,0.9995,0.8235,10,1241,374,1283,407
581,20230609c_00809.jpg,3221,neutral,0.7749,0.7516,16,1275,373,1333,395
582,20230609c_00810.jpg,158,fanning,0.9842,0.9354,16,1363,372,1493,421
582,20230609c_00810.jpg,2820,fanning,0.9688,0.9340,16,668,307,774,374
582,20230609c_00810.jpg,3347,uncertain,0.5213,0.9298,12,327,300,423,378
582,20230609c_00810.jpg,842,fanning,0.9995,0.9276,16,445,429,546,487
582,20230609c_00810.jpg,3092,fanning,0.9984,0.9256,16,884,309,984,347
582,20230609c_00810.jpg,1134,fanning,0.9994,0.9113,16,397,374,473,424
582,20230609c_00810.jpg,2877,neutral,0.7605,0.8936,16,934,375,998,407
582,20230609c_00810.jpg,3221,neutral,0.8040,0.7031,16,1296,374,1333,395
583,20230609c_00811.jpg,158,fanning,0.9830,0.9331,16,1367,373,1492,419
583,20230609c_00811.jpg,842,fanning,0.9994,0.9309,16,447,426,546,484
583,20230609c_00811.jpg,3347,fanning,0.8204,0.9260,13,328,302,424,369
583,20230609c_00811.jpg,2820,fanning,0.9244,0.9218,16,657,307,763,368
583,20230609c_00811.jpg,3092,fanning,0.9981,0.9180,16,884,308,988,346
583,20230609c_00811.jpg,1134,fanning,0.9995,0.9158,16,401,374,478,423
583,20230609c_00811.jpg,2877,neutral,0.7007,0.8897,16,934,375,999,407
584,20230609c_00812.jpg,158,fanning,0.9822,0.9345,16,1406,372,1492,418
584,20230609c_00812.jpg,842,fanning,0.9994,0.9308,16,445,429,547,484
584,20230609c_00812.jpg,3347,fanning,0.9454,0.9293,14,336,299,428,370
584,20230609c_00812.jpg,2820,fanning,0.9578,0.9269,16,646,310,744,369
584,20230609c_00812.jpg,1134,fanning,0.9996,0.9256,16,401,372,472,420
584,20230609c_00812.jpg,3092,fanning,0.9980,0.9167,16,893,309,994,347
584,20230609c_00812.jpg,2877,uncertain,0.5309,0.8847,16,936,375,1000,408
584,20230609c_00812.jpg,3221,neutral,0.6822,0.8414,16,1291,374,1336,402
585,20230609c_00813.jpg,158,fanning,0.9846,0.9360,16,1416,374,1495,417
585,20230609c_00813.jpg,1134,fanning,0.9996,0.9314,16,399,372,474,421
585,20230609c_00813.jpg,842,fanning,0.9994,0.9303,16,444,429,547,484
585,20230609c_00813.jpg,2820,fanning,0.9649,0.9272,16,633,309,742,369
585,20230609c_00813.jpg,3347,fanning,0.9872,0.9178,15,339,301,434,366
585,20230609c_00813.jpg,3092,fanning,0.9980,0.9138,16,896,309,1003,347
585,20230609c_00813.jpg,2877,fanning,0.5845,0.9039,16,934,375,1001,407
586,20230609c_00814.jpg,3347,fanning,0.9925,0.9377,16,349,297,444,353
586,20230609c_00814.jpg,158,fanning,0.9842,0.9340,16,1419,373,1494,415
586,20230609c_00814.jpg,842,fanning,0.9994,0.9338,16,448,425,543,484
586,20230609c_00814.jpg,1134,fanning,0.9995,0.9289,16,403,373,469,421
586,20230609c_00814.jpg,2820,fanning,0.9709,0.9258,16,625,306,737,369
586,20230609c_00814.jpg,3092,fanning,0.9973,0.9226,16,901,309,1002,350
586,20230609c_00814.jpg,3221,neutral,0.6517,0.9196,16,1273,372,1412,417
586,20230609c_00814.jpg,2877,fanning,0.6241,0.9001,16,929,374,1002,411
587,20230609c_00815.jpg,3221,neutral,0.5541,0.9369,16,1281,373,1412,419
587,20230609c_00815.jpg,2820,fanning,0.9738,0.9341,16,620,303,725,366
587,20230609c_00815.jpg,3347,fanning,0.9954,0.9338,16,354,298,447,351
587,20230609c_00815.jpg,842,fanning,0.9994,0.9328,16,451,425,547,484
587,20230609c_00815.jpg,3377,buffering,0.0000,0.9323,1,950,911,999,980
587,20230609c_00815.jpg,1134,fanning,0.9996,0.9315,16,402,372,470,422
587,20230609c_00815.jpg,158,fanning,0.9865,0.9306,16,1418,373,1494,414
587,20230609c_00815.jpg,3092,fanning,0.9964,0.9253,16,902,309,1003,352
587,20230609c_00815.jpg,2877,fanning,0.7271,0.8870,16,932,374,1002,410
587,20230609c_00815.jpg,3376,buffering,0.0000,0.6680,1,0,1051,57,1080
588,20230609c_00816.jpg,3221,uncertain,0.5192,0.9431,16,1277,373,1412,423
588,20230609c_00816.jpg,3377,buffering,0.0000,0.9418,2,957,904,1005,976
588,20230609c_00816.jpg,158,fanning,0.9907,0.9309,16,1418,373,1492,416
588,20230609c_00816.jpg,3347,fanning,0.9962,0.9302,16,358,299,453,348
588,20230609c_00816.jpg,842,fanning,0.9994,0.9295,16,449,424,546,484
588,20230609c_00816.jpg,2820,fanning,0.9661,0.9263,16,611,307,717,366
588,20230609c_00816.jpg,2877,fanning,0.7279,0.9193,16,935,375,1003,412
588,20230609c_00816.jpg,3092,fanning,0.9944,0.9171,16,886,309,989,347
588,20230609c_00816.jpg,1134,fanning,0.9996,0.9158,16,405,373,468,421
588,20230609c_00816.jpg,3376,buffering,0.0000,0.7921,2,0,1049,65,1079
589,20230609c_00817.jpg,3092,fanning,0.9952,0.9360,16,888,309,982,347
589,20230609c_00817.jpg,2820,fanning,0.9779,0.9355,16,598,305,705,368
589,20230609c_00817.jpg,158,fanning,0.9939,0.9338,16,1416,372,1490,417
589,20230609c_00817.jpg,842,fanning,0.9994,0.9302,16,452,422,544,485
589,20230609c_00817.jpg,2877,fanning,0.8145,0.9251,16,935,375,1003,411
589,20230609c_00817.jpg,1134,fanning,0.9995,0.9227,16,407,372,476,421
589,20230609c_00817.jpg,3221,uncertain,0.5299,0.9215,16,1280,374,1410,422
589,20230609c_00817.jpg,3347,fanning,0.9968,0.9205,16,358,297,457,350
589,20230609c_00817.jpg,3377,buffering,0.0000,0.9152,3,960,885,1002,958
589,20230609c_00817.jpg,3376,buffering,0.0000,0.8851,3,0,1040,83,1079
590,20230609c_00818.jpg,158,fanning,0.9946,0.9374,16,1417,372,1486,419
590,20230609c_00818.jpg,3092,fanning,0.9938,0.9343,16,885,309,974,351
590,20230609c_00818.jpg,3377,neutral,0.9997,0.9338,4,957,861,1000,940
590,20230609c_00818.jpg,1134,fanning,0.9996,0.9322,16,405,374,478,421
590,20230609c_00818.jpg,3221,uncertain,0.5238,0.9297,16,1287,374,1413,422
590,20230609c_00818.jpg,2820,fanning,0.9798,0.9286,16,582,305,688,371
590,20230609c_00818.jpg,842,fanning,0.9996,0.9270,16,450,419,544,485
590,20230609c_00818.jpg,2877,fanning,0.8135,0.9111,16,934,374,1003,411
590,20230609c_00818.jpg,3376,neutral,0.9991,0.8966,4,26,1029,116,1079
590,20230609c_00818.jpg,3347,fanning,0.9986,0.8956,16,364,297,462,353
591,20230609c_00819.jpg,1134,fanning,0.9996,0.9346,16,407,377,483,421
591,20230609c_00819.jpg,158,fanning,0.9943,0.9344,16,1416,372,1490,418
591,20230609c_00819.jpg,2820,fanning,0.9858,0.9290,16,571,306,677,368
591,20230609c_00819.jpg,3221,uncertain,0.5224,0.9283,16,1292,374,1416,419
591,20230609c_00819.jpg,842,fanning,0.9996,0.9276,16,453,423,545,484
591,20230609c_00819.jpg,3092,fanning,0.9943,0.9268,16,885,309,965,352
591,20230609c_00819.jpg,3347,fanning,0.9993,0.9167,16,371,298,466,358
591,20230609c_00819.jpg,3377,neutral,0.9995,0.9158,5,941,830,990,913
591,20230609c_00819.jpg,2877,fanning,0.8469,0.9137,16,935,375,1003,408
591,20230609c_00819.jpg,3376,neutral,0.9981,0.8973,5,53,1030,152,1079
592,20230609c_00820.jpg,158,fanning,0.9935,0.9343,16,1416,372,1487,419
592,20230609c_00820.jpg,3092,fanning,0.9938,0.9290,16,885,309,964,356
592,20230609c_00820.jpg,842,fanning,0.9996,0.9244,16,452,421,548,485
592,20230609c_00820.jpg,3221,uncertain,0.5009,0.9234,16,1300,373,1411,416
592,20230609c_00820.jpg,3347,fanning,0.9993,0.9229,16,377,299,475,361
592,20230609c_00820.jpg,2820,fanning,0.9886,0.9192,16,561,305,672,368
592,20230609c_00820.jpg,2877,fanning,0.8786,0.8923,16,938,375,1003,405
592,20230609c_00820.jpg,1134,fanning,0.9996,0.8913,16,408,379,496,425
593,20230609c_00821.jpg,158,fanning,0.9960,0.9329,16,1416,373,1491,418
593,20230609c_00821.jpg,3092,fanning,0.9930,0.9315,16,880,309,961,356
593,20230609c_00821.jpg,842,fanning,0.9995,0.9312,16,453,419,551,486
593,20230609c_00821.jpg,3347,fanning,0.9993,0.9290,16,381,299,480,361
593,20230609c_00821.jpg,2820,fanning,0.9905,0.9241,16,548,306,660,370
593,20230609c_00821.jpg,2877,fanning,0.8866,0.9087,16,921,373,1005,408
593,20230609c_00821.jpg,1134,fanning,0.9995,0.8838,16,403,376,503,425
594,20230609c_00822.jpg,3347,fanning,0.9992,0.9397,16,391,302,493,363
594,20230609c_00822.jpg,3092,fanning,0.9920,0.9332,16,851,309,960,352
594,20230609c_00822.jpg,158,fanning,0.9970,0.9325,16,1417,373,1492,417
594,20230609c_00822.jpg,842,fanning,0.9996,0.9268,16,451,419,546,487
594,20230609c_00822.jpg,2820,fanning,0.9911,0.9213,16,539,306,651,368
594,20230609c_00822.jpg,3221,neutral,0.6741,0.8984,16,1311,373,1356,398
594,20230609c_00822.jpg,2877,fanning,0.9211,0.8948,16,929,373,1004,411
594,20230609c_00822.jpg,1134,fanning,0.9995,0.8901,16,416,385,503,427
595,20230609c_00823.jpg,3347,fanning,0.9992,0.9454,16,406,300,504,358
595,20230609c_00823.jpg,158,fanning,0.9973,0.9335,16,1417,373,1492,417
595,20230609c_00823.jpg,842,fanning,0.9996,0.9290,16,453,420,549,485
595,20230609c_00823.jpg,2820,fanning,0.9971,0.9267,16,534,307,642,362
595,20230609c_00823.jpg,2877,fanning,0.9491,0.9074,16,939,375,1004,406
595,20230609c_00823.jpg,3092,fanning,0.9894,0.9033,16,863,309,963,349
595,20230609c_00823.jpg,3221,neutral,0.7339,0.8880,16,1313,374,1350,397
595,20230609c_00823.jpg,1134,fanning,0.9995,0.8709,16,415,381,503,427
596,20230609c_00824.jpg,3347,fanning,0.9995,0.9384,16,413,299,530,357
596,20230609c_00824.jpg,158,fanning,0.9972,0.9362,16,1418,373,1493,418
596,20230609c_00824.jpg,842,fanning,0.9996,0.9299,16,451,418,555,485
596,20230609c_00824.jpg,3092,fanning,0.9955,0.9239,16,870,309,973,349
596,20230609c_00824.jpg,2820,fanning,0.9981,0.9160,16,524,309,632,362
596,20230609c_00824.jpg,2877,fanning,0.9749,0.8940,16,938,375,1001,404
596,20230609c_00824.jpg,1134,fanning,0.9995,0.8848,16,432,382,506,434
596,20230609c_00824.jpg,3221,neutral,0.8391,0.8491,16,1318,374,1350,398
597,20230609c_00825.jpg,3347,fanning,0.9996,0.9448,16,411,302,524,360
597,20230609c_00825.jpg,3394,buffering,0.0000,0.9406,1,1269,700,1334,793
597,20230609c_00825.jpg,158,fanning,0.9974,0.9348,16,1417,373,1493,417
597,20230609c_00825.jpg,842,fanning,0.9996,0.9295,16,454,416,555,486
597,20230609c_00825.jpg,3092,fanning,0.9974,0.9201,16,878,309,988,354
597,20230609c_00825.jpg,2820,fanning,0.9992,0.9113,16,514,312,623,364
597,20230609c_00825.jpg,2877,fanning,0.9888,0.8964,16,939,375,1002,404
597,20230609c_00825.jpg,3221,neutral,0.9250,0.8628,16,1319,373,1353,398
597,20230609c_00825.jpg,1134,fanning,0.9994,0.8464,16,431,383,509,434
598,20230609c_00826.jpg,158,fanning,0.9973,0.9352,16,1417,373,1495,415
598,20230609c_00826.jpg,3347,fanning,0.9996,0.9330,16,419,303,512,365
598,20230609c_00826.jpg,842,fanning,0.9996,0.9315,16,457,420,555,485
598,20230609c_00826.jpg,3394,buffering,0.0000,0.9285,2,1285,658,1348,753
598,20230609c_00826.jpg,3092,fanning,0.9962,0.9169,16,879,309,998,353
598,20230609c_00826.jpg,2877,fanning,0.9929,0.9115,16,939,375,1000,408
598,20230609c_00826.jpg,2820,fanning,0.9992,0.9076,16,512,320,620,369
598,20230609c_00826.jpg,3221,neutral,0.9670,0.8968,16,1318,373,1354,399
598,20230609c_00826.jpg,1134,fanning,0.9994,0.8768,16,436,388,514,433
599,20230609c_00827.jpg,3347,fanning,0.9996,0.9369,16,428,303,517,365
599,20230609c_00827.jpg,158,fanning,0.9972,0.9330,16,1416,373,1492,415
599,20230609c_00827.jpg,3394,buffering,0.0000,0.9313,3,1278,619,1341,712
599,20230609c_00827.jpg,3398,buffering,0.0000,0.9294,1,994,601,1057,690
599,20230609c_00827.jpg,842,fanning,0.9996,0.9291,16,454,424,550,486
599,20230609c_00827.jpg,3092,fanning,0.9982,0.9195,16,882,309,989,355
599,20230609c_00827.jpg,2877,fanning,0.9930,0.9123,16,937,375,1000,408
599,20230609c_00827.jpg,2820,fanning,0.9995,0.9011,16,511,328,617,375
599,20230609c_00827.jpg,3221,neutral,0.9724,0.8955,16,1318,373,1353,399
599,20230609c_00827.jpg,1134,fanning,0.9993,0.8333,16,435,386,518,432
600,20230609c_00828.jpg,3394,neutral,0.9808,0.9462,4,1260,583,1329,667
600,20230609c_00828.jpg,3347,fanning,0.9996,0.9438,16,428,301,520,361
600,20230609c_00828.jpg,842,fanning,0.9996,0.9353,16,459,421,548,487
600,20230609c_00828.jpg,3398,buffering,0.0000,0.9353,2,960,612,1019,699
600,20230609c_00828.jpg,158,fanning,0.9974,0.9337,16,1416,373,1492,415
600,20230609c_00828.jpg,3092,fanning,0.9981,0.9123,16,887,310,1001,353
600,20230609c_00828.jpg,2877,fanning,0.9906,0.9113,16,929,374,998,411
600,20230609c_00828.jpg,2820,fanning,0.9995,0.9011,16,517,333,621,386
600,20230609c_00828.jpg,3221,neutral,0.9079,0.8864,16,1316,373,1352,397
600,20230609c_00828.jpg,1134,fanning,0.9994,0.8251,16,434,386,523,434
601,20230609c_00829.jpg,3394,neutral,0.9593,0.9467,5,1262,552,1337,632
601,20230609c_00829.jpg,3347,fanning,0.9996,0.9398,16,433,301,543,364
601,20230609c_00829.jpg,158,fanning,0.9963,0.9332,16,1373,373,1489,420
601,20230609c_00829.jpg,842,fanning,0.9996,0.9329,16,463,415,554,490
601,20230609c_00829.jpg,3092,fanning,0.9976,0.9261,16,889,310,1009,357
601,20230609c_00829.jpg,2877,fanning,0.9920,0.9066,16,928,374,1000,410
601,20230609c_00829.jpg,2820,fanning,0.9995,0.8951,16,518,335,620,385
601,20230609c_00829.jpg,1134,fanning,0.9993,0.8416,16,443,383,528,429
601,20230609c_00829.jpg,3221,neutral,0.9272,0.7458,16,1311,373,1351,391
602,20230609c_00830.jpg,3394,neutral,0.9213,0.9466,6,1287,520,1361,601
602,20230609c_00830.jpg,3347,fanning,0.9996,0.9390,16,439,300,533,361
602,20230609c_00830.jpg,842,fanning,0.9996,0.9356,16,467,416,559,491
602,20230609c_00830.jpg,158,fanning,0.9968,0.9312,16,1357,372,1493,419
602,20230609c_00830.jpg,3092,fanning,0.9976,0.9252,16,893,310,1000,355
602,20230609c_00830.jpg,2820,fanning,0.9995,0.8930,16,515,332,628,393
602,20230609c_00830.jpg,2877,fanning,0.9688,0.8898,16,938,375,997,405
602,20230609c_00830.jpg,1134,fanning,0.9993,0.8831,16,451,381,532,430
602,20230609c_00830.jpg,3221,neutral,0.9227,0.8089,16,1307,373,1348,391
603,20230609c_00831.jpg,3394,neutral,0.9188,0.9437,7,1327,488,1398,572
603,20230609c_00831.jpg,842,fanning,0.9996,0.9373,16,468,419,560,491
603,20230609c_00831.jpg,3347,fanning,0.9996,0.9356,16,442,301,537,357
603,20230609c_00831.jpg,158,fanning,0.9969,0.9317,16,1354,372,1493,418
603,20230609c_00831.jpg,3092,fanning,0.9973,0.9277,16,893,310,975,355
603,20230609c_00831.jpg,2877,fanning,0.9633,0.8994,16,936,375,997,406
603,20230609c_00831.jpg,2820,fanning,0.9995,0.8945,16,513,331,624,387
603,20230609c_00831.jpg,1134,fanning,0.9992,0.8859,16,454,380,536,428
604,20230609c_00832.jpg,842,fanning,0.9997,0.9379,16,468,411,561,492
604,20230609c_00832.jpg,158,fanning,0.9969,0.9304,16,1383,373,1492,418
604,20230609c_00832.jpg,3092,fanning,0.9977,0.9295,16,889,310,975,354
604,20230609c_00832.jpg,3347,fanning,0.9996,0.9230,16,452,303,544,363
604,20230609c_00832.jpg,2877,fanning,0.9629,0.9012,16,937,375,997,405
604,20230609c_00832.jpg,1134,fanning,0.9966,0.8868,16,455,380,539,428
604,20230609c_00832.jpg,2820,fanning,0.9996,0.8859,16,517,332,626,389
605,20230609c_00833.jpg,3408,buffering,0.0000,0.9450,1,1403,458,1469,547
605,20230609c_00833.jpg,3092,fanning,0.9955,0.9405,16,889,310,971,355
605,20230609c_00833.jpg,842,fanning,0.9996,0.9358,16,470,413,559,490
605,20230609c_00833.jpg,158,fanning,0.9964,0.9297,16,1388,373,1490,418
605,20230609c_00833.jpg,3347,fanning,0.9995,0.9257,16,459,303,549,365
605,20230609c_00833.jpg,2877,fanning,0.9639,0.8976,16,937,375,997,404
605,20230609c_00833.jpg,1134,fanning,0.9841,0.8923,16,460,378,541,427
605,20230609c_00833.jpg,2820,fanning,0.9995,0.8757,16,526,334,628,386
606,20230609c_00834.jpg,3408,buffering,0.0000,0.9435,2,1422,445,1492,535
606,20230609c_00834.jpg,158,fanning,0.9962,0.9317,16,1416,373,1492,416
606,20230609c_00834.jpg,3092,fanning,0.9911,0.9314,16,887,309,961,355
606,20230609c_00834.jpg,842,fanning,0.9996,0.9309,16,469,416,557,490
606,20230609c_00834.jpg,3347,fanning,0.9995,0.9195,16,466,302,555,366
606,20230609c_00834.jpg,2877,fanning,0.9622,0.8932,16,938,375,997,404
606,20230609c_00834.jpg,1134,fanning,0.8611,0.8872,16,461,377,543,426
606,20230609c_00834.jpg,2820,fanning,0.9995,0.8804,16,528,333,628,384
607,20230609c_00835.jpg,3408,buffering,0.0000,0.9468,3,1445,441,1521,529
607,20230609c_00835.jpg,158,fanning,0.9960,0.9408,16,1360,372,1484,422
607,20230609c_00835.jpg,842,fanning,0.9996,0.9340,16,473,411,556,489
607,20230609c_00835.jpg,3092,fanning,0.9808,0.9314,16,884,310,953,356
607,20230609c_00835.jpg,3347,fanning,0.9995,0.9195,16,467,302,557,365
607,20230609c_00835.jpg,2877,fanning,0.9583,0.8884,16,938,375,998,403
607,20230609c_00835.jpg,1134,trophallaxis,0.5524,0.8810,16,465,376,543,429
607,20230609c_00835.jpg,2820,fanning,0.9994,0.8708,16,531,334,630,384
608,20230609c_00836.jpg,3408,neutral,0.9853,0.9460,4,1475,441,1554,520
608,20230609c_00836.jpg,158,fanning,0.9957,0.9414,16,1356,373,1484,424
608,20230609c_00836.jpg,3092,fanning,0.9544,0.9357,16,882,310,952,356
608,20230609c_00836.jpg,842,fanning,0.9996,0.9348,16,475,413,560,491
608,20230609c_00836.jpg,3347,fanning,0.9995,0.9074,16,471,303,560,362
608,20230609c_00836.jpg,1134,trophallaxis,0.7747,0.9033,16,471,373,546,430
608,20230609c_00836.jpg,2877,fanning,0.9477,0.8910,16,937,375,999,403
608,20230609c_00836.jpg,2820,fanning,0.9994,0.8839,16,533,334,630,383
609,20230609c_00837.jpg,3408,neutral,0.9189,0.9454,5,1525,440,1608,520
609,20230609c_00837.jpg,158,fanning,0.9944,0.9445,16,1388,372,1486,422
609,20230609c_00837.jpg,842,fanning,0.9995,0.9337,16,477,410,565,491
609,20230609c_00837.jpg,3092,fanning,0.9064,0.9285,16,878,309,948,357
609,20230609c_00837.jpg,3347,fanning,0.9995,0.9034,16,476,303,566,358
609,20230609c_00837.jpg,1134,trophallaxis,0.6397,0.8943,16,471,374,546,431
609,20230609c_00837.jpg,2820,fanning,0.9993,0.8889,16,532,337,630,385
609,20230609c_00837.jpg,2877,fanning,0.9260,0.8820,16,938,375,1000,402
609,20230609c_00837.jpg,3376,neutral,0.9872,0.8411,6,291,1007,340,1045
610,20230609c_00838.jpg,3408,neutral,0.9564,0.9441,6,1584,436,1649,525
610,20230609c_00838.jpg,3092,fanning,0.8740,0.9359,16,877,309,944,360
610,20230609c_00838.jpg,842,fanning,0.9995,0.9357,16,476,414,563,491
610,20230609c_00838.jpg,158,fanning,0.9921,0.9346,16,1358,372,1489,421
610,20230609c_00838.jpg,3347,fanning,0.9995,0.9218,16,482,302,569,355
610,20230609c_00838.jpg,2877,fanning,0.7688,0.9013,16,939,375,1001,403
610,20230609c_00838.jpg,1134,trophallaxis,0.7661,0.8833,16,470,374,545,429
610,20230609c_00838.jpg,2820,fanning,0.9991,0.8818,16,505,336,629,391
611,20230609c_00839.jpg,3408,neutral,0.9388,0.9416,7,1588,434,1665,523
611,20230609c_00839.jpg,842,fanning,0.9995,0.9339,16,477,413,559,492
611,20230609c_00839.jpg,158,fanning,0.9904,0.9330,16,1358,373,1491,421
611,20230609c_00839.jpg,3092,fanning,0.7626,0.9326,16,873,309,944,361
611,20230609c_00839.jpg,3347,fanning,0.9994,0.9160,16,493,302,576,358
611,20230609c_00839.jpg,2877,fanning,0.7314,0.9099,16,939,375,1001,405
611,20230609c_00839.jpg,1134,trophallaxis,0.8342,0.8960,16,468,375,545,430
611,20230609c_00839.jpg,2820,fanning,0.9991,0.8712,16,534,344,621,396
612,20230609c_00840.jpg,3092,fanning,0.7397,0.9442,16,873,309,940,363
612,20230609c_00840.jpg,158,fanning,0.9888,0.9362,16,1367,373,1486,420
612,20230609c_00840.jpg,842,fanning,0.9995,0.9338,16,477,410,557,495
612,20230609c_00840.jpg,3347,fanning,0.9995,0.9315,16,498,301,582,359
612,20230609c_00840.jpg,2877,fanning,0.6745,0.9109,16,937,375,1002,408
612,20230609c_00840.jpg,1134,trophallaxis,0.7327,0.8985,16,475,373,540,420
612,20230609c_00840.jpg,2820,fanning,0.9990,0.8756,16,534,345,619,403
613,20230609c_00841.jpg,842,fanning,0.9995,0.9383,16,477,409,559,492
613,20230609c_00841.jpg,158,fanning,0.9869,0.9347,16,1355,372,1489,421
613,20230609c_00841.jpg,3092,fanning,0.7035,0.9331,16,871,309,938,363
613,20230609c_00841.jpg,3435,buffering,0.0000,0.9296,1,96,582,161,665
613,20230609c_00841.jpg,3347,fanning,0.9995,0.9141,16,502,299,592,359
613,20230609c_00841.jpg,1134,fanning,0.7527,0.9110,16,477,373,545,421
613,20230609c_00841.jpg,2820,fanning,0.9988,0.8978,16,540,345,622,409
613,20230609c_00841.jpg,2877,fanning,0.7746,0.8965,16,938,375,1003,405
614,20230609c_00842.jpg,3439,buffering,0.0000,0.9422,1,1471,421,1524,505
614,20230609c_00842.jpg,842,fanning,0.9996,0.9387,16,476,415,561,492
614,20230609c_00842.jpg,3092,fanning,0.8149,0.9353,16,871,309,933,363
614,20230609c_00842.jpg,158,fanning,0.9841,0.9291,16,1353,373,1490,421
614,20230609c_00842.jpg,3347,fanning,0.9995,0.9233,16,506,302,597,357
614,20230609c_00842.jpg,1134,fanning,0.8140,0.9212,16,478,373,545,422
614,20230609c_00842.jpg,3440,buffering,0.0000,0.9170,1,79,925,147,986
614,20230609c_00842.jpg,2877,fanning,0.7605,0.9159,16,927,374,1006,408
614,20230609c_00842.jpg,2820,fanning,0.9983,0.8881,16,544,345,625,410
615,20230609c_00843.jpg,3439,buffering,0.0000,0.9465,2,1477,425,1538,506
615,20230609c_00843.jpg,842,fanning,0.9996,0.9379,16,480,412,566,491
615,20230609c_00843.jpg,158,fanning,0.9861,0.9301,16,1354,371,1490,423
615,20230609c_00843.jpg,3092,fanning,0.7294,0.9291,16,870,309,934,365
615,20230609c_00843.jpg,3347,fanning,0.9995,0.9227,16,509,301,601,364
615,20230609c_00843.jpg,1134,fanning,0.9940,0.9216,16,481,373,545,420
615,20230609c_00843.jpg,3440,buffering,0.0000,0.9191,2,112,931,185,989
615,20230609c_00843.jpg,2820,fanning,0.9970,0.9128,16,550,345,626,411
615,20230609c_00843.jpg,2877,fanning,0.7564,0.9013,16,933,375,1006,411
616,20230609c_00844.jpg,842,fanning,0.9996,0.9370,16,479,414,561,494
616,20230609c_00844.jpg,3439,buffering,0.0000,0.9370,3,1476,444,1537,527
616,20230609c_00844.jpg,158,fanning,0.9814,0.9317,16,1354,373,1490,421
616,20230609c_00844.jpg,3347,fanning,0.9991,0.9209,16,510,302,604,364
616,20230609c_00844.jpg,1134,fanning,0.7904,0.9208,16,485,373,548,419
616,20230609c_00844.jpg,3092,fanning,0.6123,0.9171,16,870,310,930,367
616,20230609c_00844.jpg,3447,buffering,0.0000,0.9138,1,24,754,79,824
616,20230609c_00844.jpg,2877,fanning,0.7352,0.9116,16,939,375,1006,405
616,20230609c_00844.jpg,2820,fanning,0.9987,0.9074,16,545,348,627,413
617,20230609c_00845.jpg,3439,neutral,0.9927,0.9522,4,1433,467,1512,558
617,20230609c_00845.jpg,842,fanning,0.9996,0.9355,16,478,378,561,493
617,20230609c_00845.jpg,158,fanning,0.9928,0.9337,16,1372,373,1488,421
617,20230609c_00845.jpg,3347,fanning,0.9988,0.9194,16,508,302,607,359
617,20230609c_00845.jpg,2877,fanning,0.6781,0.9163,16,940,375,1006,404
617,20230609c_00845.jpg,3092,uncertain,0.5228,0.9137,16,871,310,931,364
617,20230609c_00845.jpg,1134,fanning,0.9492,0.9003,16,487,374,549,420
617,20230609c_00845.jpg,2820,fanning,0.9983,0.8970,16,548,349,631,411
618,20230609c_00846.jpg,842,fanning,0.9996,0.9318,16,477,413,568,493
618,20230609c_00846.jpg,3347,fanning,0.9986,0.9305,16,516,303,610,361
618,20230609c_00846.jpg,158,fanning,0.9928,0.9290,16,1353,373,1494,419
618,20230609c_00846.jpg,3092,neutral,0.6287,0.9163,16,872,310,931,365
618,20230609c_00846.jpg,1134,fanning,0.9468,0.8981,16,487,374,554,417
618,20230609c_00846.jpg,2877,fanning,0.7584,0.8960,16,941,375,1006,404
618,20230609c_00846.jpg,2820,fanning,0.9984,0.8954,16,550,348,631,412
619,20230609c_00847.jpg,842,fanning,0.9996,0.9369,16,476,412,562,495
619,20230609c_00847.jpg,158,fanning,0.9944,0.9319,16,1368,373,1494,419
619,20230609c_00847.jpg,3347,fanning,0.9994,0.9260,16,517,302,614,356
619,20230609c_00847.jpg,3092,neutral,0.9666,0.9255,16,870,309,929,365
619,20230609c_00847.jpg,2877,fanning,0.7495,0.8957,16,940,375,1006,404
619,20230609c_00847.jpg,2820,fanning,0.9979,0.8946,16,553,348,632,412
619,20230609c_00847.jpg,1134,fanning,0.9500,0.8255,16,490,374,555,416
620,20230609c_00848.jpg,3461,buffering,0.0000,0.9464,1,395,476,454,565
620,20230609c_00848.jpg,842,fanning,0.9996,0.9362,16,478,414,566,492
620,20230609c_00848.jpg,158,fanning,0.9949,0.9299,16,1381,374,1493,420
620,20230609c_00848.jpg,3347,fanning,0.9995,0.9230,16,518,302,618,351
620,20230609c_00848.jpg,3092,neutral,0.9795,0.9203,16,864,309,925,366
620,20230609c_00848.jpg,2877,fanning,0.6509,0.9064,16,940,375,1006,404
620,20230609c_00848.jpg,1134,fanning,0.9955,0.8913,16,494,374,553,415
620,20230609c_00848.jpg,2820,fanning,0.9990,0.8903,16,554,348,632,412
621,20230609c_00849.jpg,3461,buffering,0.0000,0.9378,2,398,476,479,606
621,20230609c_00849.jpg,842,fanning,0.9997,0.9360,16,476,417,558,489
621,20230609c_00849.jpg,158,fanning,0.9960,0.9322,16,1380,372,1495,418
621,20230609c_00849.jpg,3092,neutral,0.9734,0.9310,16,860,309,925,367
621,20230609c_00849.jpg,3347,fanning,0.9995,0.9103,16,524,302,626,351
621,20230609c_00849.jpg,2877,fanning,0.6326,0.9086,16,939,375,1006,404
621,20230609c_00849.jpg,2820,fanning,0.9996,0.8834,16,559,337,640,410
621,20230609c_00849.jpg,1134,fanning,0.9989,0.8725,16,485,374,557,422
622,20230609c_00850.jpg,3469,buffering,0.0000,0.9472,1,1174,520,1246,608
622,20230609c_00850.jpg,3092,neutral,0.9570,0.9343,16,852,309,925,368
622,20230609c_00850.jpg,3471,buffering,0.0000,0.9327,1,214,536,275,609
622,20230609c_00850.jpg,158,fanning,0.9956,0.9302,16,1356,372,1493,419
622,20230609c_00850.jpg,842,fanning,0.9997,0.9294,16,477,417,555,486
622,20230609c_00850.jpg,2877,fanning,0.5892,0.9165,16,939,375,1006,405
622,20230609c_00850.jpg,3347,fanning,0.9995,0.9082,16,540,303,639,355
622,20230609c_00850.jpg,2820,fanning,0.9996,0.9058,16,556,350,641,409
622,20230609c_00850.jpg,1134,fanning,0.9995,0.8945,16,500,373,553,417
623,20230609c_00851.jpg,3469,buffering,0.0000,0.9460,2,1189,505,1258,592
623,20230609c_00851.jpg,3092,neutral,0.8856,0.9363,16,841,308,927,360
623,20230609c_00851.jpg,3471,buffering,0.0000,0.9342,2,233,517,290,593
623,20230609c_00851.jpg,158,fanning,0.9958,0.9329,16,1353,373,1490,420
623,20230609c_00851.jpg,842,fanning,0.9997,0.9222,16,483,416,562,548
623,20230609c_00851.jpg,3347,fanning,0.9995,0.9131,16,548,304,646,355
623,20230609c_00851.jpg,2877,neutral,0.5883,0.9058,16,939,375,1005,405
623,20230609c_00851.jpg,1134,fanning,0.9995,0.8981,16,506,373,556,420
623,20230609c_00851.jpg,2820,fanning,0.9996,0.8954,16,556,356,644,408
623,20230609c_00851.jpg,3473,buffering,0.0000,0.8792,1,492,463,563,551
624,20230609c_00852.jpg,3092,neutral,0.8767,0.9460,16,817,308,920,361
624,20230609c_00852.jpg,3469,buffering,0.0000,0.9426,3,1204,472,1267,566
624,20230609c_00852.jpg,158,fanning,0.9959,0.9341,16,1354,372,1488,422
624,20230609c_00852.jpg,3347,fanning,0.9996,0.9164,16,556,304,657,351
624,20230609c_00852.jpg,2877,neutral,0.6644,0.9108,16,922,374,1004,409
624,20230609c_00852.jpg,842,fanning,0.9996,0.9091,16,484,412,553,530
624,20230609c_00852.jpg,1134,fanning,0.9996,0.9075,16,509,373,560,421
624,20230609c_00852.jpg,2820,fanning,0.9996,0.8977,16,553,337,643,408
624,20230609c_00852.jpg,3473,buffering,0.0000,0.8882,2,486,455,542,525
625,20230609c_00853.jpg,3092,neutral,0.7342,0.9405,16,826,308,920,358
625,20230609c_00853.jpg,158,fanning,0.9961,0.9378,16,1354,372,1482,424
625,20230609c_00853.jpg,3469,neutral,0.9992,0.9364,4,1191,440,1253,531
625,20230609c_00853.jpg,3347,fanning,0.9996,0.9265,16,561,303,661,409
625,20230609c_00853.jpg,2877,neutral,0.6933,0.9110,16,939,375,1004,405
625,20230609c_00853.jpg,1134,fanning,0.9995,0.9036,16,508,374,557,423
625,20230609c_00853.jpg,842,fanning,0.9996,0.8952,16,487,407,553,518
625,20230609c_00853.jpg,2820,fanning,0.9997,0.8934,16,558,335,651,409
625,20230609c_00853.jpg,3473,buffering,0.0000,0.8583,3,485,451,539,522
626,20230609c_00854.jpg,3483,buffering,0.0000,0.9503,1,587,430,642,517
626,20230609c_00854.jpg,3092,neutral,0.7137,0.9403,16,814,308,914,353
626,20230609c_00854.jpg,158,fanning,0.9966,0.9377,16,1356,373,1486,423
626,20230609c_00854.jpg,3347,fanning,0.9996,0.9249,16,566,304,664,408
626,20230609c_00854.jpg,2877,fanning,0.5972,0.9095,16,939,375,1004,405
626,20230609c_00854.jpg,1134,fanning,0.9995,0.9088,16,510,373,553,421
626,20230609c_00854.jpg,3473,neutral,0.9996,0.8935,4,487,446,536,519
626,20230609c_00854.jpg,2820,fanning,0.9997,0.8872,16,556,363,639,409
626,20230609c_00854.jpg,842,fanning,0.9996,0.8614,16,489,416,552,471
627,20230609c_00855.jpg,3483,buffering,0.0000,0.9470,2,605,424,658,505
627,20230609c_00855.jpg,158,fanning,0.9963,0.9327,16,1357,373,1487,422
627,20230609c_00855.jpg,3092,uncertain,0.5499,0.9293,16,799,308,898,353
627,20230609c_00855.jpg,3347,fanning,0.9996,0.9247,16,573,303,666,353
627,20230609c_00855.jpg,2877,neutral,0.7278,0.9194,16,939,375,1002,406
627,20230609c_00855.jpg,2820,fanning,0.9997,0.8997,16,558,359,652,411
627,20230609c_00855.jpg,3473,neutral,0.9985,0.8857,5,487,440,549,515
627,20230609c_00855.jpg,842,fanning,0.9996,0.8144,16,487,415,553,474
628,20230609c_00856.jpg,3483,buffering,0.0000,0.9433,3,630,409,717,494
628,20230609c_00856.jpg,3092,fanning,0.5882,0.9334,16,788,308,886,356
628,20230609c_00856.jpg,158,fanning,0.9965,0.9323,16,1355,373,1487,423
628,20230609c_00856.jpg,3347,fanning,0.9996,0.9240,16,567,302,668,412
628,20230609c_00856.jpg,2877,neutral,0.8515,0.9065,16,939,375,1002,405
628,20230609c_00856.jpg,3473,neutral,0.9431,0.8995,6,489,440,550,515
628,20230609c_00856.jpg,2820,fanning,0.9997,0.8983,16,566,362,637,407
628,20230609c_00856.jpg,842,fanning,0.9996,0.8864,16,466,415,555,475
628,20230609c_00856.jpg,3493,buffering,0.0000,0.8792,1,466,378,516,438
628,20230609c_00856.jpg,1134,fanning,0.9995,0.8596,16,516,373,553,405
629,20230609c_00857.jpg,3483,neutral,0.7513,0.9436,4,664,416,724,490
629,20230609c_00857.jpg,3494,buffering,0.0000,0.9371,1,1061,383,1124,473
629,20230609c_00857.jpg,158,fanning,0.9968,0.9331,16,1355,372,1489,421
629,20230609c_00857.jpg,3092,fanning,0.6403,0.9304,16,775,308,877,355
629,20230609c_00857.jpg,3347,fanning,0.9996,0.9274,16,571,302,674,408
629,20230609c_00857.jpg,2877,neutral,0.9431,0.9036,16,938,375,1001,406
629,20230609c_00857.jpg,3473,uncertain,0.5222,0.8923,7,478,401,548,511
629,20230609c_00857.jpg,3493,buffering,0.0000,0.8886,2,464,375,521,445
629,20230609c_00857.jpg,2820,fanning,0.9997,0.8611,16,572,366,636,407
629,20230609c_00857.jpg,3495,buffering,0.0000,0.8406,1,634,824,673,864
629,20230609c_00857.jpg,1134,fanning,0.9992,0.8273,16,519,373,553,404
629,20230609c_00857.jpg,842,fanning,0.9995,0.8169,16,488,415,554,469
630,20230609c_00858.jpg,3483,neutral,0.7658,0.9391,5,691,414,759,494
630,20230609c_00858.jpg,158,fanning,0.9972,0.9326,16,1354,373,1488,423
630,20230609c_00858.jpg,3092,fanning,0.6164,0.9304,16,771,308,872,354
630,20230609c_00858.jpg,3494,buffering,0.0000,0.9296,2,1068,390,1133,480
630,20230609c_00858.jpg,3347,fanning,0.9996,0.9231,16,585,303,683,353
630,20230609c_00858.jpg,2877,neutral,0.9321,0.9055,16,924,374,1001,413
630,20230609c_00858.jpg,3493,buffering,0.0000,0.8969,3,443,375,528,443
630,20230609c_00858.jpg,2820,fanning,0.9997,0.8884,16,578,372,649,410
630,20230609c_00858.jpg,3473,trophallaxis,0.9323,0.8514,8,486,440,545,508
630,20230609c_00858.jpg,842,fanning,0.9994,0.8450,16,488,414,553,462
631,20230609c_00859.jpg,3483,neutral,0.8223,0.9422,6,714,421,780,497
631,20230609c_00859.jpg,3494,buffering,0.0000,0.9374,3,1067,397,1140,489
631,20230609c_00859.jpg,158,fanning,0.9969,0.9347,16,1353,373,1487,423
631,20230609c_00859.jpg,3092,fanning,0.9681,0.9315,16,758,307,869,357
631,20230609c_00859.jpg,3493,trophallaxis,0.9986,0.9110,4,462,374,545,422
631,20230609c_00859.jpg,3347,fanning,0.9996,0.9104,16,589,302,691,354
631,20230609c_00859.jpg,2877,neutral,0.9530,0.8981,16,938,375,1000,404
631,20230609c_00859.jpg,3473,trophallaxis,0.9915,0.8905,9,485,440,531,507
631,20230609c_00859.jpg,3499,buffering,0.0000,0.8895,1,613,777,660,824
631,20230609c_00859.jpg,2820,fanning,0.9997,0.8892,16,577,371,648,410
631,20230609c_00859.jpg,842,fanning,0.9992,0.8174,16,487,414,554,461
632,20230609c_00860.jpg,3483,neutral,0.7318,0.9393,7,735,424,805,499
632,20230609c_00860.jpg,3494,neutral,0.9843,0.9367,4,1042,421,1113,508
632,20230609c_00860.jpg,158,fanning,0.9966,0.9324,16,1353,373,1490,421
632,20230609c_00860.jpg,3092,fanning,0.9693,0.9304,16,763,307,868,364
632,20230609c_00860.jpg,3493,trophallaxis,0.9992,0.9240,5,489,374,560,423
632,20230609c_00860.jpg,3347,fanning,0.9996,0.9182,16,605,304,702,353
632,20230609c_00860.jpg,2820,fanning,0.9996,0.9028,16,582,372,641,407
632,20230609c_00860.jpg,2877,neutral,0.9584,0.9022,16,920,374,1000,408
632,20230609c_00860.jpg,3473,trophallaxis,0.9957,0.8706,10,480,441,527,504
632,20230609c_00860.jpg,3499,buffering,0.0000,0.8417,2,620,754,657,811
632,20230609c_00860.jpg,842,fanning,0.9991,0.7634,16,483,416,554,462
633,20230609c_00861.jpg,3483,neutral,0.8143,0.9397,8,760,423,839,489
633,20230609c_00861.jpg,3494,neutral,0.9441,0.9364,5,1039,436,1105,522
633,20230609c_00861.jpg,158,fanning,0.9965,0.9346,16,1353,373,1487,422
633,20230609c_00861.jpg,3092,fanning,0.9915,0.9287,16,755,307,861,356
633,20230609c_00861.jpg,3493,trophallaxis,0.9989,0.9222,6,491,373,566,422
633,20230609c_00861.jpg,3347,fanning,0.9996,0.9129,16,610,304,705,352
633,20230609c_00861.jpg,2820,fanning,0.9996,0.9053,16,581,373,659,409
633,20230609c_00861.jpg,2877,neutral,0.9600,0.9043,16,938,375,999,405
633,20230609c_00861.jpg,3473,trophallaxis,0.9986,0.8459,11,479,440,527,499
633,20230609c_00861.jpg,842,fanning,0.9989,0.7667,16,480,416,554,461
634,20230609c_00862.jpg,3494,neutral,0.9145,0.9427,6,1038,439,1105,527
634,20230609c_00862.jpg,3483,neutral,0.7164,0.9402,9,799,405,872,480
634,20230609c_00862.jpg,158,fanning,0.9968,0.9309,16,1352,372,1490,419
634,20230609c_00862.jpg,2820,fanning,0.9996,0.9289,16,581,374,642,421
634,20230609c_00862.jpg,3092,fanning,0.9976,0.9288,16,753,307,858,358
634,20230609c_00862.jpg,3347,fanning,0.9996,0.9215,16,613,304,710,351
634,20230609c_00862.jpg,3493,trophallaxis,0.9981,0.9188,7,495,374,572,420
634,20230609c_00862.jpg,2877,neutral,0.9632,0.9082,16,938,375,999,406
634,20230609c_00862.jpg,842,fanning,0.9982,0.8989,16,485,414,554,472
634,20230609c_00862.jpg,3473,trophallaxis,0.9990,0.8580,12,488,449,539,506
635,20230609c_00863.jpg,158,fanning,0.9960,0.9474,16,1353,372,1485,421
635,20230609c_00863.jpg,3494,neutral,0.7058,0.9430,7,1032,435,1113,519
635,20230609c_00863.jpg,3483,neutral,0.7135,0.9364,10,838,405,897,477
635,20230609c_00863.jpg,3092,fanning,0.9986,0.9309,16,755,308,856,357
635,20230609c_00863.jpg,3347,fanning,0.9996,0.9251,16,623,303,720,354
635,20230609c_00863.jpg,2877,neutral,0.9671,0.9118,16,927,375,999,412
635,20230609c_00863.jpg,2820,fanning,0.9996,0.9099,16,580,372,643,415
635,20230609c_00863.jpg,3493,trophallaxis,0.5991,0.9082,8,502,373,577,418
635,20230609c_00863.jpg,3473,trophallaxis,0.9993,0.8900,13,490,444,536,505
635,20230609c_00863.jpg,842,fanning,0.9885,0.8514,16,488,416,553,468
636,20230609c_00864.jpg,158,fanning,0.9951,0.9517,16,1353,372,1488,421
636,20230609c_00864.jpg,3494,fanning,0.7555,0.9449,8,1013,419,1094,508
636,20230609c_00864.jpg,3483,neutral,0.6561,0.9397,11,852,427,911,499
636,20230609c_00864.jpg,3092,fanning,0.9987,0.9303,16,757,307,850,364
636,20230609c_00864.jpg,3473,trophallaxis,0.9994,0.9250,14,484,435,535,513
636,20230609c_00864.jpg,3347,fanning,0.9996,0.9133,16,623,304,722,355
636,20230609c_00864.jpg,3493,fanning,0.9938,0.9088,9,509,374,582,420
636,20230609c_00864.jpg,2877,neutral,0.9662,0.9065,16,939,375,999,406
636,20230609c_00864.jpg,2820,fanning,0.9996,0.8864,16,582,373,634,405
636,20230609c_00864.jpg,842,fanning,0.6237,0.7435,16,486,416,551,462
637,20230609c_00865.jpg,3494,fanning,0.7857,0.9484,9,1000,424,1073,504
637,20230609c_00865.jpg,158,fanning,0.9948,0.9395,16,1353,373,1488,421
637,20230609c_00865.jpg,3092,fanning,0.9982,0.9326,16,764,308,851,363
637,20230609c_00865.jpg,3473,trophallaxis,0.9994,0.9217,15,479,425,536,517
637,20230609c_00865.jpg,3347,fanning,0.9996,0.9137,16,622,304,725,356
637,20230609c_00865.jpg,2877,neutral,0.9761,0.9017,16,938,375,999,405
637,20230609c_00865.jpg,2820,fanning,0.9995,0.8656,16,522,371,644,420
637,20230609c_00865.jpg,3493,fanning,0.9911,0.8614,10,521,373,582,411
638,20230609c_00866.jpg,158,fanning,0.9950,0.9360,16,1354,372,1481,423
638,20230609c_00866.jpg,3092,fanning,0.9977,0.9328,16,767,308,851,370
638,20230609c_00866.jpg,3494,fanning,0.6914,0.9296,10,989,458,1055,525
638,20230609c_00866.jpg,3473,trophallaxis,0.9994,0.9260,16,474,430,535,513
638,20230609c_00866.jpg,3347,fanning,0.9993,0.9258,16,634,304,733,352
638,20230609c_00866.jpg,2877,neutral,0.9699,0.9017,16,938,375,998,404
638,20230609c_00866.jpg,2820,fanning,0.9994,0.8611,16,583,374,636,400
638,20230609c_00866.jpg,3493,fanning,0.9520,0.7437,11,524,374,587,404
638,20230609c_00866.jpg,842,trophallaxis,0.9977,0.6305,16,505,414,552,451
639,20230609c_00867.jpg,158,fanning,0.9958,0.9352,16,1354,373,1486,423
639,20230609c_00867.jpg,3092,fanning,0.9967,0.9326,16,766,308,852,381
639,20230609c_00867.jpg,3473,trophallaxis,0.9994,0.9289,16,478,432,538,515
639,20230609c_00867.jpg,3347,fanning,0.9992,0.9164,16,636,304,738,350
639,20230609c_00867.jpg,2877,neutral,0.9478,0.9052,16,939,375,998,404
639,20230609c_00867.jpg,2820,fanning,0.9992,0.8913,16,530,372,650,411
639,20230609c_00867.jpg,3493,fanning,0.9935,0.8362,12,530,374,583,404
639,20230609c_00867.jpg,842,trophallaxis,0.9981,0.5732,16,506,411,552,455
640,20230609c_00868.jpg,3092,fanning,0.9939,0.9360,16,781,309,853,379
640,20230609c_00868.jpg,158,fanning,0.9963,0.9334,16,1354,372,1487,422
640,20230609c_00868.jpg,3347,fanning,0.9990,0.9158,16,648,305,751,352
640,20230609c_00868.jpg,842,trophallaxis,0.9990,0.9059,16,475,410,555,528
640,20230609c_00868.jpg,2877,neutral,0.9259,0.9049,16,939,375,1000,403
640,20230609c_00868.jpg,2820,fanning,0.9990,0.8724,16,524,373,644,407
640,20230609c_00868.jpg,3473,trophallaxis,0.9995,0.8678,16,477,444,540,527
640,20230609c_00868.jpg,3493,fanning,0.9976,0.8482,13,538,374,589,405
641,20230609c_00869.jpg,158,fanning,0.9986,0.9316,16,1355,373,1489,420
641,20230609c_00869.jpg,3347,fanning,0.9991,0.9267,16,660,305,762,346
641,20230609c_00869.jpg,3092,fanning,0.9869,0.9156,16,788,308,853,380
641,20230609c_00869.jpg,842,trophallaxis,0.9993,0.9038,16,473,409,552,516
641,20230609c_00869.jpg,2877,neutral,0.8790,0.9014,16,939,375,1001,403
641,20230609c_00869.jpg,2820,fanning,0.9988,0.8758,16,527,372,647,408
641,20230609c_00869.jpg,3493,fanning,0.9981,0.8717,14,528,373,589,402
641,20230609c_00869.jpg,3473,trophallaxis,0.9995,0.8699,16,464,443,536,526
642,20230609c_00870.jpg,158,fanning,0.9986,0.9336,16,1354,373,1487,420
642,20230609c_00870.jpg,3347,fanning,0.9990,0.9263,16,668,305,768,348
642,20230609c_00870.jpg,3092,fanning,0.9790,0.9169,16,789,308,853,376
642,20230609c_00870.jpg,2877,neutral,0.8422,0.9071,16,940,375,1000,404
642,20230609c_00870.jpg,842,trophallaxis,0.9992,0.9027,16,472,409,551,526
642,20230609c_00870.jpg,2820,fanning,0.9944,0.8783,16,531,371,644,404
642,20230609c_00870.jpg,3473,trophallaxis,0.9995,0.8738,16,472,440,538,524
642,20230609c_00870.jpg,3439,neutral,0.9994,0.8637,5,1291,785,1330,828
642,20230609c_00870.jpg,3493,fanning,0.9328,0.8464,15,528,373,584,394
643,20230609c_00871.jpg,158,fanning,0.9988,0.9355,16,1355,373,1487,421
643,20230609c_00871.jpg,3347,fanning,0.9989,0.9252,16,670,305,767,350
643,20230609c_00871.jpg,842,trophallaxis,0.9994,0.9180,16,480,405,555,507
643,20230609c_00871.jpg,2877,neutral,0.8022,0.9072,16,940,375,1001,404
643,20230609c_00871.jpg,3092,fanning,0.9714,0.9059,16,789,308,853,372
643,20230609c_00871.jpg,3473,trophallaxis,0.9995,0.8813,16,480,443,535,518
643,20230609c_00871.jpg,2820,fanning,0.9916,0.8081,16,587,374,638,396
644,20230609c_00872.jpg,158,fanning,0.9989,0.9322,16,1355,373,1487,420
644,20230609c_00872.jpg,3525,buffering,0.0000,0.9280,1,910,738,966,832
644,20230609c_00872.jpg,3092,fanning,0.9553,0.9265,16,793,307,851,372
644,20230609c_00872.jpg,3347,fanning,0.9992,0.9221,16,672,305,772,347
644,20230609c_00872.jpg,842,trophallaxis,0.9994,0.9062,16,472,407,552,511
644,20230609c_00872.jpg,2877,neutral,0.8761,0.8951,16,940,375,1001,405
644,20230609c_00872.jpg,3473,trophallaxis,0.9995,0.8678,16,472,441,536,526
644,20230609c_00872.jpg,2820,fanning,0.9830,0.7713,16,591,374,663,396
645,20230609c_00873.jpg,158,fanning,0.9990,0.9336,16,1354,373,1488,421
645,20230609c_00873.jpg,3092,fanning,0.9336,0.9299,16,796,308,849,376
645,20230609c_00873.jpg,3525,buffering,0.0000,0.9295,2,907,750,961,846
645,20230609c_00873.jpg,3347,fanning,0.9992,0.9192,16,685,306,782,351
645,20230609c_00873.jpg,2877,neutral,0.8332,0.8969,16,940,375,1003,403
645,20230609c_00873.jpg,842,trophallaxis,0.9992,0.8807,16,483,408,552,468
645,20230609c_00873.jpg,3473,trophallaxis,0.9996,0.8592,16,469,441,534,522
645,20230609c_00873.jpg,2820,fanning,0.9688,0.8412,16,597,374,673,399
646,20230609c_00874.jpg,158,fanning,0.9990,0.9337,16,1356,373,1489,420
646,20230609c_00874.jpg,3092,fanning,0.9681,0.9320,16,799,308,855,383
646,20230609c_00874.jpg,3525,buffering,0.0000,0.9273,3,897,737,952,840
646,20230609c_00874.jpg,3440,buffering,0.0000,0.9228,3,475,962,519,1043
646,20230609c_00874.jpg,3347,fanning,0.9993,0.9216,16,686,306,785,355
646,20230609c_00874.jpg,3473,trophallaxis,0.9996,0.9197,16,464,431,534,516
646,20230609c_00874.jpg,2877,neutral,0.8669,0.9014,16,940,375,1005,403
646,20230609c_00874.jpg,2820,fanning,0.7676,0.8443,16,601,374,680,396
646,20230609c_00874.jpg,842,trophallaxis,0.9990,0.8041,16,504,406,550,449
647,20230609c_00875.jpg,158,fanning,0.9990,0.9349,16,1357,373,1491,418
647,20230609c_00875.jpg,3092,fanning,0.9584,0.9284,16,792,308,858,384
647,20230609c_00875.jpg,3473,trophallaxis,0.9996,0.9136,16,466,425,526,509
647,20230609c_00875.jpg,3347,fanning,0.9993,0.9119,16,690,306,803,354
647,20230609c_00875.jpg,2877,neutral,0.8378,0.8894,16,940,375,1004,405
647,20230609c_00875.jpg,2820,neutral,0.5779,0.8575,16,611,373,688,399
647,20230609c_00875.jpg,842,trophallaxis,0.9983,0.7096,16,505,408,554,448
648,20230609c_00876.jpg,158,fanning,0.9989,0.9378,16,1355,373,1492,418
648,20230609c_00876.jpg,3536,buffering,0.0000,0.9351,1,418,927,476,1018
648,20230609c_00876.jpg,3092,fanning,0.9628,0.9322,16,793,309,859,376
648,20230609c_00876.jpg,3347,fanning,0.9992,0.9269,16,697,306,793,352
648,20230609c_00876.jpg,3473,trophallaxis,0.9996,0.9225,16,469,425,539,509
648,20230609c_00876.jpg,2877,neutral,0.8436,0.9198,16,940,375,1006,405
648,20230609c_00876.jpg,2820,neutral,0.7650,0.8060,16,623,374,698,397
648,20230609c_00876.jpg,842,trophallaxis,0.9986,0.7983,16,509,408,556,471
649,20230609c_00877.jpg,3092,fanning,0.9325,0.9403,16,794,308,867,378
649,20230609c_00877.jpg,3536,buffering,0.0000,0.9399,2,411,903,470,1005
649,20230609c_00877.jpg,3473,trophallaxis,0.9996,0.9368,16,478,424,543,511
649,20230609c_00877.jpg,158,fanning,0.9988,0.9340,16,1354,373,1493,417
649,20230609c_00877.jpg,3347,fanning,0.9992,0.9209,16,705,307,791,350
649,20230609c_00877.jpg,2877,neutral,0.8450,0.9083,16,940,375,1006,405
649,20230609c_00877.jpg,2820,neutral,0.8299,0.8335,16,630,374,701,397
649,20230609c_00877.jpg,842,trophallaxis,0.9990,0.6726,16,506,408,555,453
650,20230609c_00878.jpg,3536,buffering,0.0000,0.9391,3,411,870,471,974
650,20230609c_00878.jpg,158,fanning,0.9987,0.9355,16,1352,372,1493,418
650,20230609c_00878.jpg,3499,buffering,0.0000,0.9297,3,643,594,694,671
650,20230609c_00878.jpg,3092,fanning,0.8896,0.9222,16,804,309,874,373
650,20230609c_00878.jpg,3347,fanning,0.9991,0.9198,16,706,307,858,351
650,20230609c_00878.jpg,3473,trophallaxis,0.9996,0.9119,16,473,410,557,502
650,20230609c_00878.jpg,2877,neutral,0.8568,0.8860,16,940,375,1008,404
650,20230609c_00878.jpg,2820,neutral,0.9666,0.8258,16,633,374,704,395
651,20230609c_00879.jpg,158,fanning,0.9986,0.9437,16,1352,372,1490,417
651,20230609c_00879.jpg,3536,neutral,0.9881,0.9292,4,411,816,468,921
651,20230609c_00879.jpg,3092,fanning,0.8511,0.9288,16,808,308,884,368
651,20230609c_00879.jpg,3347,fanning,0.9992,0.9221,16,707,307,794,348
651,20230609c_00879.jpg,3473,trophallaxis,0.9995,0.9118,16,462,411,556,490
651,20230609c_00879.jpg,2877,neutral,0.8198,0.8805,16,940,375,1007,402
651,20230609c_00879.jpg,2820,neutral,0.9978,0.8545,16,631,374,702,396
651,20230609c_00879.jpg,842,trophallaxis,0.9990,0.6478,16,503,409,558,477
652,20230609c_00880.jpg,3092,fanning,0.8012,0.9408,16,814,308,899,369
652,20230609c_00880.jpg,158,fanning,0.9985,0.9394,16,1353,372,1490,416
652,20230609c_00880.jpg,3347,fanning,0.9991,0.9242,16,705,306,800,347
652,20230609c_00880.jpg,3473,trophallaxis,0.9996,0.9035,16,459,409,553,481
652,20230609c_00880.jpg,2877,neutral,0.8171,0.8955,16,941,375,1008,403
652,20230609c_00880.jpg,2820,neutral,0.9977,0.8422,16,639,373,709,396
653,20230609c_00881.jpg,158,fanning,0.9984,0.9438,16,1353,372,1491,416
653,20230609c_00881.jpg,3092,fanning,0.8062,0.9418,16,817,309,903,358
653,20230609c_00881.jpg,3549,buffering,0.0000,0.9416,1,517,500,572,592
653,20230609c_00881.jpg,3347,fanning,0.9991,0.9279,16,704,306,800,347
653,20230609c_00881.jpg,2877,neutral,0.7127,0.9037,16,940,375,1010,405
653,20230609c_00881.jpg,3473,trophallaxis,0.9995,0.8853,16,470,396,558,475
653,20230609c_00881.jpg,2820,neutral,0.9992,0.8484,16,647,374,723,395
654,20230609c_00882.jpg,158,fanning,0.9983,0.9445,16,1352,373,1490,418
654,20230609c_00882.jpg,3549,buffering,0.0000,0.9441,2,487,493,549,583
654,20230609c_00882.jpg,3092,fanning,0.8096,0.9418,16,824,309,918,352
654,20230609c_00882.jpg,3347,fanning,0.9986,0.9246,16,708,306,800,343
654,20230609c_00882.jpg,2877,neutral,0.7601,0.9061,16,941,375,1010,405
654,20230609c_00882.jpg,3473,trophallaxis,0.9995,0.8996,16,476,390,560,474
654,20230609c_00882.jpg,2820,neutral,0.9992,0.8609,16,652,373,726,395
654,20230609c_00882.jpg,842,trophallaxis,0.9993,0.8464,16,499,440,560,475
655,20230609c_00883.jpg,158,fanning,0.9980,0.9393,16,1352,372,1490,416
655,20230609c_00883.jpg,3092,fanning,0.7783,0.9315,16,832,309,928,348
655,20230609c_00883.jpg,3347,fanning,0.9987,0.9189,16,718,306,810,340
655,20230609c_00883.jpg,3473,trophallaxis,0.9995,0.9105,16,480,378,562,476
655,20230609c_00883.jpg,2877,neutral,0.7955,0.9081,16,941,375,1009,406
655,20230609c_00883.jpg,2820,neutral,0.9991,0.8186,16,658,373,730,395
656,20230609c_00884.jpg,158,fanning,0.9978,0.9402,16,1352,372,1488,416
656,20230609c_00884.jpg,3559,buffering,0.0000,0.9384,1,299,539,356,626
656,20230609c_00884.jpg,3092,fanning,0.9199,0.9310,16,829,308,940,346
656,20230609c_00884.jpg,3473,trophallaxis,0.9993,0.9187,16,482,386,569,477
656,20230609c_00884.jpg,3347,fanning,0.9991,0.9181,16,721,306,845,340
656,20230609c_00884.jpg,3560,buffering,0.0000,0.9136,1,487,380,566,447
656,20230609c_00884.jpg,2877,neutral,0.8294,0.8908,16,942,375,1010,404
656,20230609c_00884.jpg,2820,neutral,0.9991,0.8492,16,660,374,719,393
657,20230609c_00885.jpg,158,fanning,0.9954,0.9375,16,1354,373,1492,418
657,20230609c_00885.jpg,3092,fanning,0.9607,0.9290,16,842,309,944,350
657,20230609c_00885.jpg,3473,trophallaxis,0.9990,0.9262,16,489,375,570,476
657,20230609c_00885.jpg,3559,buffering,0.0000,0.9237,2,277,544,328,633
657,20230609c_00885.jpg,3347,fanning,0.9991,0.9153,16,728,306,863,343
657,20230609c_00885.jpg,842,trophallaxis,0.9993,0.9126,16,491,419,561,478
657,20230609c_00885.jpg,2877,neutral,0.8646,0.8951,16,941,375,1010,404
657,20230609c_00885.jpg,2820,neutral,0.9994,0.8363,16,662,374,726,394
658,20230609c_00886.jpg,158,fanning,0.9959,0.9377,16,1352,373,1491,417
658,20230609c_00886.jpg,3092,fanning,0.9791,0.9310,16,842,309,945,355
658,20230609c_00886.jpg,842,trophallaxis,0.9991,0.9305,16,490,396,560,479
658,20230609c_00886.jpg,3560,buffering,0.0000,0.9249,2,501,374,567,436
658,20230609c_00886.jpg,3347,fanning,0.9992,0.9149,16,735,306,837,341
658,20230609c_00886.jpg,2877,neutral,0.8959,0.8944,16,941,375,1010,404
658,20230609c_00886.jpg,2820,neutral,0.9993,0.8532,16,667,374,724,395
659,20230609c_00887.jpg,158,fanning,0.9961,0.9410,16,1353,373,1490,416
659,20230609c_00887.jpg,3569,buffering,0.0000,0.9321,1,242,439,302,534
659,20230609c_00887.jpg,3560,buffering,0.0000,0.9300,3,507,374,574,433
659,20230609c_00887.jpg,842,trophallaxis,0.9991,0.9297,16,490,418,561,479
659,20230609c_00887.jpg,3347,fanning,0.9992,0.9200,16,746,307,842,342
659,20230609c_00887.jpg,2877,neutral,0.8646,0.8911,16,941,375,1010,403
659,20230609c_00887.jpg,2820,neutral,0.9994,0.8490,16,672,374,721,396
660,20230609c_00888.jpg,158,fanning,0.9961,0.9470,16,1351,373,1489,417
660,20230609c_00888.jpg,842,trophallaxis,0.9987,0.9310,16,489,416,562,480
660,20230609c_00888.jpg,3569,buffering,0.0000,0.9290,2,226,417,283,503
660,20230609c_00888.jpg,3092,fanning,0.9927,0.9196,16,849,308,946,352
660,20230609c_00888.jpg,3347,fanning,0.9994,0.9101,16,750,307,848,343
660,20230609c_00888.jpg,2877,uncertain,0.5420,0.8981,16,941,375,1010,403
660,20230609c_00888.jpg,3560,neutral,0.9987,0.8954,4,514,374,571,428
660,20230609c_00888.jpg,2820,neutral,0.9995,0.8340,16,669,374,719,393
661,20230609c_00889.jpg,158,fanning,0.9959,0.9397,16,1352,373,1489,418
661,20230609c_00889.jpg,3569,buffering,0.0000,0.9387,3,217,409,274,492
661,20230609c_00889.jpg,842,trophallaxis,0.9946,0.9319,16,488,416,576,482
661,20230609c_00889.jpg,3092,fanning,0.9948,0.9283,16,860,309,955,353
661,20230609c_00889.jpg,3347,fanning,0.9994,0.9252,16,746,307,853,350
661,20230609c_00889.jpg,3573,buffering,0.0000,0.9219,1,604,1000,653,1066
661,20230609c_00889.jpg,2877,fanning,0.7934,0.8917,16,941,375,1010,402
661,20230609c_00889.jpg,3560,neutral,0.9955,0.8860,5,516,373,577,419
661,20230609c_00889.jpg,2820,neutral,0.9995,0.8703,16,674,374,721,397
662,20230609c_00890.jpg,158,fanning,0.9956,0.9398,16,1354,373,1488,419
662,20230609c_00890.jpg,842,trophallaxis,0.9649,0.9348,16,485,416,569,482
662,20230609c_00890.jpg,3569,neutral,0.9984,0.9318,4,208,412,265,492
662,20230609c_00890.jpg,3573,buffering,0.0000,0.9199,2,600,972,651,1038
662,20230609c_00890.jpg,3092,fanning,0.9954,0.9185,16,817,308,952,354
662,20230609c_00890.jpg,3347,fanning,0.9993,0.9176,16,756,307,868,349
662,20230609c_00890.jpg,2877,fanning,0.8271,0.9092,16,941,375,1010,403
662,20230609c_00890.jpg,3560,neutral,0.9961,0.8843,6,532,373,571,399
662,20230609c_00890.jpg,2820,neutral,0.9995,0.8663,16,674,374,720,395
663,20230609c_00891.jpg,158,fanning,0.9959,0.9379,16,1353,373,1488,420
663,20230609c_00891.jpg,3569,neutral,0.9966,0.9365,5,216,429,273,509
663,20230609c_00891.jpg,842,trophallaxis,0.9069,0.9324,16,484,415,578,482
663,20230609c_00891.jpg,3582,buffering,0.0000,0.9299,1,111,507,174,602
663,20230609c_00891.jpg,3347,fanning,0.9990,0.9219,16,765,307,874,349
663,20230609c_00891.jpg,3573,buffering,0.0000,0.9213,3,600,944,647,1009
663,20230609c_00891.jpg,3092,fanning,0.9917,0.9094,16,864,311,956,360
663,20230609c_00891.jpg,2877,fanning,0.8408,0.8760,16,942,375,1009,401
663,20230609c_00891.jpg,2820,neutral,0.9996,0.8546,16,676,374,720,395
663,20230609c_00891.jpg,3439,neutral,0.9994,0.8035,6,1134,1052,1188,1080
663,20230609c_00891.jpg,3560,neutral,0.9993,0.7847,7,535,374,582,392
664,20230609c_00892.jpg,3582,buffering,0.0000,0.9371,2,141,518,200,611
664,20230609c_00892.jpg,158,fanning,0.9962,0.9367,16,1354,374,1485,422
664,20230609c_00892.jpg,842,trophallaxis,0.8373,0.9338,16,489,416,587,481
664,20230609c_00892.jpg,3347,fanning,0.9983,0.9224,16,774,308,872,348
664,20230609c_00892.jpg,3092,fanning,0.9915,0.9069,16,866,311,963,359
664,20230609c_00892.jpg,3573,neutral,0.9967,0.9017,4,605,939,662,993
664,20230609c_00892.jpg,2877,fanning,0.8306,0.8863,16,941,375,1009,402
664,20230609c_00892.jpg,2820,neutral,0.9996,0.8077,16,676,374,723,394
665,20230609c_00893.jpg,842,fanning,0.5949,0.9517,16,492,416,592,476
665,20230609c_00893.jpg,158,fanning,0.9962,0.9448,16,1355,374,1485,422
665,20230609c_00893.jpg,3582,buffering,0.0000,0.9347,3,168,548,228,625
665,20230609c_00893.jpg,3092,fanning,0.9965,0.9207,16,786,308,974,354
665,20230609c_00893.jpg,3347,fanning,0.9967,0.9110,16,788,307,883,348
665,20230609c_00893.jpg,2877,fanning,0.8484,0.8794,16,942,375,1009,401
665,20230609c_00893.jpg,2820,neutral,0.9996,0.7055,16,676,374,732,394
666,20230609c_00894.jpg,158,fanning,0.9960,0.9434,16,1354,373,1486,423
666,20230609c_00894.jpg,3549,buffering,0.0000,0.9430,3,339,451,394,533
666,20230609c_00894.jpg,3559,buffering,0.0000,0.9393,3,190,566,267,650
666,20230609c_00894.jpg,842,fanning,0.8901,0.9304,16,501,414,595,475
666,20230609c_00894.jpg,3092,fanning,0.9979,0.9285,16,793,308,984,353
666,20230609c_00894.jpg,3347,fanning,0.9940,0.9258,16,792,307,886,348
666,20230609c_00894.jpg,2877,fanning,0.8199,0.8793,16,941,375,1008,402
666,20230609c_00894.jpg,2820,neutral,0.9996,0.7314,16,678,374,731,394
667,20230609c_00895.jpg,3536,neutral,0.9597,0.9389,5,364,444,413,518
667,20230609c_00895.jpg,158,fanning,0.9960,0.9383,16,1354,373,1486,422
667,20230609c_00895.jpg,842,fanning,0.9969,0.9309,16,507,406,609,471
667,20230609c_00895.jpg,3347,fanning,0.9926,0.9282,16,792,307,886,348
667,20230609c_00895.jpg,3092,fanning,0.9980,0.9271,16,901,310,995,354
667,20230609c_00895.jpg,3573,neutral,0.9862,0.8995,5,601,879,641,931
667,20230609c_00895.jpg,2877,fanning,0.7499,0.8683,16,943,375,1009,401
667,20230609c_00895.jpg,2820,neutral,0.9996,0.8414,16,680,374,722,394
668,20230609c_00896.jpg,3536,neutral,0.9770,0.9450,6,372,437,443,507
668,20230609c_00896.jpg,842,fanning,0.9988,0.9376,16,514,399,615,465
668,20230609c_00896.jpg,158,fanning,0.9962,0.9360,16,1355,373,1487,421
668,20230609c_00896.jpg,3347,fanning,0.9861,0.9301,16,796,307,889,347
668,20230609c_00896.jpg,3092,fanning,0.9984,0.9255,16,912,310,1009,356
668,20230609c_00896.jpg,3573,neutral,0.9989,0.8969,6,585,881,625,940
668,20230609c_00896.jpg,2877,fanning,0.7871,0.8658,16,942,375,1007,401
668,20230609c_00896.jpg,2820,neutral,0.9997,0.8557,16,681,374,721,395
669,20230609c_00897.jpg,842,fanning,0.9990,0.9358,16,514,393,617,464
669,20230609c_00897.jpg,158,fanning,0.9960,0.9344,16,1354,373,1489,421
669,20230609c_00897.jpg,3347,fanning,0.9574,0.9318,16,796,307,893,347
669,20230609c_00897.jpg,3092,fanning,0.9985,0.9191,16,915,310,1012,355
669,20230609c_00897.jpg,2877,fanning,0.8410,0.8788,16,943,375,1007,401
669,20230609c_00897.jpg,2820,neutral,0.9995,0.8727,16,682,374,722,397
670,20230609c_00898.jpg,842,fanning,0.9993,0.9401,16,521,384,618,458
670,20230609c_00898.jpg,158,fanning,0.9960,0.9359,16,1354,373,1492,420
670,20230609c_00898.jpg,3347,fanning,0.9634,0.9275,16,797,308,895,348
670,20230609c_00898.jpg,3092,fanning,0.9983,0.9054,16,920,308,1019,353
670,20230609c_00898.jpg,2877,fanning,0.8821,0.8900,16,940,375,1006,403
670,20230609c_00898.jpg,2820,neutral,0.9995,0.8395,16,675,374,716,392
671,20230609c_00899.jpg,3617,buffering,0.0000,0.9412,1,468,461,525,541
671,20230609c_00899.jpg,842,fanning,0.9993,0.9378,16,531,388,632,458
671,20230609c_00899.jpg,158,fanning,0.9953,0.9346,16,1353,373,1490,419
671,20230609c_00899.jpg,3347,fanning,0.9206,0.9251,16,799,308,899,348
671,20230609c_00899.jpg,3619,buffering,0.0000,0.9204,1,183,856,242,932
671,20230609c_00899.jpg,3620,buffering,0.0000,0.9169,1,1094,904,1146,980
671,20230609c_00899.jpg,3092,fanning,0.9986,0.9148,16,932,311,1028,350
671,20230609c_00899.jpg,2877,fanning,0.8867,0.8810,16,940,375,1005,402
671,20230609c_00899.jpg,2820,neutral,0.9996,0.8388,16,679,374,717,394
672,20230609c_00900.jpg,3617,buffering,0.0000,0.9437,2,459,435,524,507
672,20230609c_00900.jpg,158,fanning,0.9940,0.9373,16,1351,373,1488,420
672,20230609c_00900.jpg,842,fanning,0.9987,0.9371,16,539,378,632,453
672,20230609c_00900.jpg,3347,fanning,0.9187,0.9335,16,801,308,905,349
672,20230609c_00900.jpg,3092,fanning,0.9986,0.9229,16,939,311,1038,352
672,20230609c_00900.jpg,2877,fanning,0.8510,0.8762,16,940,375,1004,402
672,20230609c_00900.jpg,2820,neutral,0.9996,0.8563,16,681,374,720,396
673,20230609c_00901.jpg,3617,buffering,0.0000,0.9458,3,455,411,518,485
673,20230609c_00901.jpg,158,fanning,0.9951,0.9354,16,1352,373,1489,418
673,20230609c_00901.jpg,842,fanning,0.9986,0.9294,16,541,372,633,445
673,20230609c_00901.jpg,3347,fanning,0.8860,0.9265,16,800,308,904,350
673,20230609c_00901.jpg,3092,fanning,0.9987,0.9105,16,947,311,1043,350
673,20230609c_00901.jpg,3630,buffering,0.0000,0.8991,1,986,918,1028,987
673,20230609c_00901.jpg,2877,fanning,0.8388,0.8759,16,940,375,1004,404
673,20230609c_00901.jpg,2820,neutral,0.9996,0.8207,16,679,374,711,393
674,20230609c_00902.jpg,3617,neutral,0.9993,0.9462,4,462,380,536,467
674,20230609c_00902.jpg,842,fanning,0.9981,0.9388,16,545,373,631,440
674,20230609c_00902.jpg,158,fanning,0.9936,0.9345,16,1352,373,1491,416
674,20230609c_00902.jpg,3092,fanning,0.9985,0.9251,16,959,312,1046,352
674,20230609c_00902.jpg,3347,fanning,0.8313,0.9172,16,804,308,900,348
674,20230609c_00902.jpg,2877,fanning,0.8547,0.8883,16,941,375,1004,403
674,20230609c_00902.jpg,2820,neutral,0.9996,0.8576,16,682,374,718,396
675,20230609c_00903.jpg,158,fanning,0.9881,0.9405,16,1353,373,1491,418
675,20230609c_00903.jpg,3640,buffering,0.0000,0.9307,1,1025,1008,1072,1079
675,20230609c_00903.jpg,3617,neutral,0.9921,0.9303,5,481,375,553,456
675,20230609c_00903.jpg,842,fanning,0.9985,0.9280,16,558,374,637,437
675,20230609c_00903.jpg,3347,fanning,0.8299,0.9277,16,806,308,905,349
675,20230609c_00903.jpg,3092,fanning,0.9985,0.9171,16,963,312,1055,353
675,20230609c_00903.jpg,2877,fanning,0.8681,0.8805,16,936,375,1005,411
675,20230609c_00903.jpg,2820,neutral,0.9996,0.8389,16,684,374,716,395
676,20230609c_00904.jpg,3347,fanning,0.7429,0.9392,16,813,309,910,349
676,20230609c_00904.jpg,158,fanning,0.9856,0.9347,16,1354,373,1490,418
676,20230609c_00904.jpg,3092,fanning,0.9980,0.9314,16,972,311,1061,349
676,20230609c_00904.jpg,842,fanning,0.9994,0.9304,16,562,374,639,443
676,20230609c_00904.jpg,3617,neutral,0.8507,0.9251,6,501,373,573,513
676,20230609c_00904.jpg,3644,buffering,0.0000,0.9202,1,506,431,575,514
676,20230609c_00904.jpg,2877,fanning,0.9093,0.8808,16,936,374,1005,408
676,20230609c_00904.jpg,2820,neutral,0.9995,0.7574,16,698,374,724,393
677,20230609c_00905.jpg,158,fanning,0.9903,0.9459,16,1356,373,1488,419
677,20230609c_00905.jpg,3347,fanning,0.8791,0.9421,16,816,309,916,353
677,20230609c_00905.jpg,3644,buffering,0.0000,0.9405,2,508,428,576,513
677,20230609c_00905.jpg,842,fanning,0.9996,0.9215,16,565,375,641,442
677,20230609c_00905.jpg,3092,fanning,0.9978,0.9183,16,979,311,1071,349
677,20230609c_00905.jpg,3617,fanning,0.6689,0.9143,7,505,373,565,445
677,20230609c_00905.jpg,2877,fanning,0.9143,0.8892,16,934,375,1005,411
677,20230609c_00905.jpg,2820,neutral,0.9996,0.7338,16,694,374,722,392
678,20230609c_00906.jpg,158,fanning,0.9898,0.9501,16,1354,373,1490,418
678,20230609c_00906.jpg,3347,fanning,0.9415,0.9398,16,820,309,921,355
678,20230609c_00906.jpg,842,fanning,0.9996,0.9381,16,571,373,643,441
678,20230609c_00906.jpg,3644,buffering,0.0000,0.9373,3,505,419,574,508
678,20230609c_00906.jpg,3617,fanning,0.9570,0.9307,8,496,375,560,435
678,20230609c_00906.jpg,3092,fanning,0.9958,0.9262,16,986,312,1083,349
678,20230609c_00906.jpg,2877,fanning,0.8949,0.8877,16,940,375,1005,403
678,20230609c_00906.jpg,2820,neutral,0.9996,0.7932,16,694,374,723,393
679,20230609c_00907.jpg,158,fanning,0.9866,0.9416,16,1353,373,1491,418
679,20230609c_00907.jpg,3347,fanning,0.9515,0.9392,16,816,309,918,354
679,20230609c_00907.jpg,842,fanning,0.9996,0.9357,16,570,373,647,439
679,20230609c_00907.jpg,3644,fanning,0.9859,0.9332,4,506,416,572,501
679,20230609c_00907.jpg,3092,fanning,0.9955,0.9242,16,998,311,1094,351
679,20230609c_00907.jpg,3617,fanning,0.9840,0.9212,9,505,374,564,431
679,20230609c_00907.jpg,2877,fanning,0.8785,0.8912,16,940,375,1006,403
679,20230609c_00907.jpg,2820,neutral,0.9996,0.8035,16,692,374,723,393
680,20230609c_00908.jpg,158,fanning,0.9844,0.9510,16,1356,373,1490,418
680,20230609c_00908.jpg,3644,fanning,0.9964,0.9387,5,514,411,571,496
680,20230609c_00908.jpg,3347,fanning,0.9661,0.9345,16,824,308,926,353
680,20230609c_00908.jpg,842,fanning,0.9996,0.9232,16,572,374,650,437
680,20230609c_00908.jpg,3092,fanning,0.9961,0.9097,16,1011,313,1110,356
680,20230609c_00908.jpg,3617,fanning,0.9971,0.9004,10,508,374,566,422
680,20230609c_00908.jpg,2877,fanning,0.8934,0.8933,16,940,375,1007,402
680,20230609c_00908.jpg,2820,neutral,0.9996,0.7958,16,690,374,720,392
681,20230609c_00909.jpg,158,fanning,0.9859,0.9525,16,1352,373,1492,417
681,20230609c_00909.jpg,3644,fanning,0.9975,0.9469,6,515,376,576,490
681,20230609c_00909.jpg,3347,fanning,0.9685,0.9386,16,826,308,930,353
681,20230609c_00909.jpg,842,fanning,0.9996,0.9290,16,572,373,655,427
681,20230609c_00909.jpg,3092,fanning,0.9941,0.9219,16,1018,312,1116,358
681,20230609c_00909.jpg,3617,fanning,0.9973,0.8923,11,513,373,562,410
681,20230609c_00909.jpg,2877,fanning,0.9123,0.8882,16,941,375,1008,403
682,20230609c_00910.jpg,3644,fanning,0.9987,0.9411,7,522,378,584,484
682,20230609c_00910.jpg,3347,fanning,0.9696,0.9395,16,828,308,933,354
682,20230609c_00910.jpg,842,fanning,0.9996,0.9356,16,581,372,659,428
682,20230609c_00910.jpg,158,fanning,0.9892,0.9278,16,1353,373,1490,417
682,20230609c_00910.jpg,3092,fanning,0.9893,0.9260,16,1021,312,1121,355
682,20230609c_00910.jpg,2877,fanning,0.9072,0.8903,16,940,375,1008,404
682,20230609c_00910.jpg,3617,fanning,0.9953,0.8786,12,523,373,568,398
683,20230609c_00911.jpg,3644,fanning,0.9990,0.9461,8,525,377,591,477
683,20230609c_00911.jpg,158,fanning,0.9920,0.9426,16,1355,373,1486,419
683,20230609c_00911.jpg,3347,fanning,0.9672,0.9369,16,832,309,935,356
683,20230609c_00911.jpg,842,fanning,0.9996,0.9365,16,589,374,663,429
683,20230609c_00911.jpg,3092,fanning,0.9918,0.9136,16,1025,311,1122,355
683,20230609c_00911.jpg,2877,fanning,0.9228,0.8900,16,936,375,1010,410
684,20230609c_00912.jpg,158,fanning,0.9923,0.9515,16,1361,373,1487,419
684,20230609c_00912.jpg,3644,fanning,0.9992,0.9387,9,524,377,590,469
684,20230609c_00912.jpg,3347,fanning,0.9661,0.9295,16,835,309,951,356
684,20230609c_00912.jpg,842,fanning,0.9996,0.9220,16,589,374,657,427
684,20230609c_00912.jpg,3092,fanning,0.9921,0.9113,16,1034,312,1124,351
684,20230609c_00912.jpg,2877,fanning,0.9267,0.8985,16,941,375,1010,403
685,20230609c_00913.jpg,158,fanning,0.9936,0.9463,16,1354,373,1489,418
685,20230609c_00913.jpg,3644,fanning,0.9994,0.9367,10,522,372,588,461
685,20230609c_00913.jpg,3347,fanning,0.9826,0.9327,16,839,309,943,353
685,20230609c_00913.jpg,842,fanning,0.9996,0.9123,16,590,373,664,427
685,20230609c_00913.jpg,2877,fanning,0.8958,0.9031,16,943,375,1011,404
685,20230609c_00913.jpg,3092,fanning,0.9903,0.8904,16,1037,311,1134,354
686,20230609c_00914.jpg,158,fanning,0.9940,0.9421,16,1357,374,1490,418
686,20230609c_00914.jpg,3644,fanning,0.9993,0.9340,11,523,374,584,461
686,20230609c_00914.jpg,3347,fanning,0.9824,0.9280,16,844,310,943,352
686,20230609c_00914.jpg,3092,fanning,0.9932,0.9105,16,1036,312,1140,359
686,20230609c_00914.jpg,842,fanning,0.9997,0.8992,16,590,373,661,427
686,20230609c_00914.jpg,2877,fanning,0.8848,0.8980,16,942,375,1011,403
687,20230609c_00915.jpg,158,fanning,0.9945,0.9423,16,1353,373,1489,417
687,20230609c_00915.jpg,3692,buffering,0.0000,0.9398,1,1078,376,1146,447
687,20230609c_00915.jpg,3644,fanning,0.9992,0.9374,12,527,374,585,458
687,20230609c_00915.jpg,3694,buffering,0.0000,0.9302,1,834,372,894,442
687,20230609c_00915.jpg,3347,fanning,0.9947,0.9265,16,849,309,954,350
687,20230609c_00915.jpg,842,fanning,0.9997,0.9180,16,588,373,655,426
687,20230609c_00915.jpg,3092,fanning,0.9939,0.9162,16,1039,312,1141,362
687,20230609c_00915.jpg,2877,fanning,0.8465,0.9004,16,943,375,1011,402
688,20230609c_00916.jpg,3694,buffering,0.0000,0.9400,2,814,371,882,439
688,20230609c_00916.jpg,3644,fanning,0.9991,0.9382,13,526,374,587,455
688,20230609c_00916.jpg,3692,buffering,0.0000,0.9368,2,1086,375,1150,445
688,20230609c_00916.jpg,158,fanning,0.9945,0.9333,16,1369,374,1490,417
688,20230609c_00916.jpg,3347,fanning,0.9961,0.9235,16,860,309,958,350
688,20230609c_00916.jpg,3092,fanning,0.9945,0.9175,16,1041,314,1152,359
688,20230609c_00916.jpg,842,fanning,0.9997,0.9082,16,589,373,656,431
688,20230609c_00916.jpg,2877,fanning,0.9464,0.9029,16,943,375,1012,402
689,20230609c_00917.jpg,158,fanning,0.9943,0.9461,16,1353,374,1489,419
689,20230609c_00917.jpg,3692,buffering,0.0000,0.9399,3,1090,374,1158,439
689,20230609c_00917.jpg,3644,fanning,0.9991,0.9384,14,523,374,586,447
689,20230609c_00917.jpg,3694,buffering,0.0000,0.9317,3,799,373,875,430
689,20230609c_00917.jpg,3092,fanning,0.9953,0.9195,16,1047,314,1159,358
689,20230609c_00917.jpg,3347,fanning,0.9958,0.9191,16,867,310,966,349
689,20230609c_00917.jpg,2877,fanning,0.9584,0.9000,16,943,375,1012,403
689,20230609c_00917.jpg,842,fanning,0.9997,0.8861,16,586,373,660,427
690,20230609c_00918.jpg,158,fanning,0.9948,0.9445,16,1352,373,1491,417
690,20230609c_00918.jpg,3702,buffering,0.0000,0.9424,1,460,521,517,615
690,20230609c_00918.jpg,3644,fanning,0.9992,0.9331,15,521,374,582,437
690,20230609c_00918.jpg,3692,neutral,0.9987,0.9302,4,1092,375,1156,431
690,20230609c_00918.jpg,3347,fanning,0.9958,0.9247,16,876,310,990,350
690,20230609c_00918.jpg,3694,neutral,0.9605,0.9195,4,805,372,867,417
690,20230609c_00918.jpg,3092,fanning,0.9936,0.9179,16,1062,313,1166,354
690,20230609c_00918.jpg,2877,fanning,0.9641,0.9016,16,943,375,1013,403
690,20230609c_00918.jpg,842,fanning,0.9997,0.8887,16,581,374,657,431
690,20230609c_00918.jpg,3703,buffering,0.0000,0.6977,1,578,416,652,435
691,20230609c_00919.jpg,158,fanning,0.9957,0.9453,16,1354,373,1489,416
691,20230609c_00919.jpg,3702,buffering,0.0000,0.9396,2,456,508,513,599
691,20230609c_00919.jpg,3347,fanning,0.9940,0.9261,16,877,310,991,348
691,20230609c_00919.jpg,3644,fanning,0.9992,0.9234,16,523,374,583,433
691,20230609c_00919.jpg,3692,neutral,0.9967,0.9231,5,1097,375,1152,419
691,20230609c_00919.jpg,3092,fanning,0.9927,0.9113,16,1063,313,1168,357
691,20230609c_00919.jpg,2877,fanning,0.9517,0.9043,16,943,375,1015,404
691,20230609c_00919.jpg,842,fanning,0.9997,0.8998,16,585,374,665,431
691,20230609c_00919.jpg,3694,neutral,0.9645,0.8930,5,801,373,850,401
691,20230609c_00919.jpg,3705,buffering,0.0000,0.8898,1,6,659,49,725
691,20230609c_00919.jpg,3703,buffering,0.0000,0.7021,2,575,416,651,432
692,20230609c_00920.jpg,3702,buffering,0.0000,0.9421,3,450,496,504,583
692,20230609c_00920.jpg,158,fanning,0.9959,0.9400,16,1353,374,1489,418
692,20230609c_00920.jpg,3644,fanning,0.9974,0.9304,16,522,374,587,426
692,20230609c_00920.jpg,842,fanning,0.9997,0.9231,16,589,374,672,428
692,20230609c_00920.jpg,3347,fanning,0.9952,0.9192,16,883,310,987,349
692,20230609c_00920.jpg,2877,fanning,0.9482,0.9178,16,939,374,1014,407
692,20230609c_00920.jpg,3692,neutral,0.9986,0.9122,6,1113,375,1154,408
692,20230609c_00920.jpg,3092,fanning,0.9906,0.9059,16,1076,315,1182,360
692,20230609c_00920.jpg,3559,neutral,0.9997,0.8809,4,0,629,28,695
693,20230609c_00921.jpg,3702,neutral,0.9944,0.9401,4,444,474,497,559
693,20230609c_00921.jpg,842,fanning,0.9996,0.9320,16,593,374,680,428
693,20230609c_00921.jpg,158,fanning,0.9954,0.9268,16,1370,373,1489,416
693,20230609c_00921.jpg,3644,fanning,0.9897,0.9239,16,518,373,587,421
693,20230609c_00921.jpg,3347,fanning,0.9906,0.9191,16,893,310,992,347
693,20230609c_00921.jpg,2877,fanning,0.9430,0.8913,16,938,373,1016,410
693,20230609c_00921.jpg,3092,fanning,0.9894,0.8889,16,1087,314,1192,359
693,20230609c_00921.jpg,3692,neutral,0.9983,0.8665,7,1120,374,1152,397
694,20230609c_00922.jpg,3702,neutral,0.9843,0.9480,5,454,454,508,542
694,20230609c_00922.jpg,842,fanning,0.9997,0.9312,16,591,374,678,427
694,20230609c_00922.jpg,158,fanning,0.9956,0.9285,16,1359,373,1490,417
694,20230609c_00922.jpg,3709,buffering,0.0000,0.9201,1,449,703,497,779
694,20230609c_00922.jpg,3347,fanning,0.9861,0.9119,16,897,309,1002,347
694,20230609c_00922.jpg,2877,fanning,0.9538,0.9053,16,940,373,1015,409
694,20230609c_00922.jpg,3644,fanning,0.9866,0.9030,16,518,374,583,413
694,20230609c_00922.jpg,3092,fanning,0.9915,0.8957,16,1098,314,1200,353
695,20230609c_00923.jpg,3573,neutral,0.9950,0.9428,7,477,423,531,510
695,20230609c_00923.jpg,3709,buffering,0.0000,0.9291,2,434,679,484,764
695,20230609c_00923.jpg,158,fanning,0.9964,0.9289,16,1352,373,1488,418
695,20230609c_00923.jpg,842,fanning,0.9996,0.9252,16,592,374,670,430
695,20230609c_00923.jpg,3347,fanning,0.9877,0.9241,16,900,310,997,348
695,20230609c_00923.jpg,3092,fanning,0.9913,0.9101,16,1101,314,1203,353
695,20230609c_00923.jpg,2877,fanning,0.9523,0.9093,16,944,375,1014,405
695,20230609c_00923.jpg,3644,fanning,0.9754,0.8913,16,525,373,584,408
696,20230609c_00924.jpg,3573,neutral,0.9982,0.9484,8,502,401,563,487
696,20230609c_00924.jpg,3709,buffering,0.0000,0.9444,3,407,648,467,734
696,20230609c_00924.jpg,158,fanning,0.9966,0.9331,16,1352,373,1486,418
696,20230609c_00924.jpg,3347,fanning,0.9791,0.9253,16,895,310,993,355
696,20230609c_00924.jpg,842,fanning,0.9996,0.9248,16,590,372,663,428
696,20230609c_00924.jpg,3092,fanning,0.9912,0.9161,16,1118,315,1220,355
696,20230609c_00924.jpg,2877,fanning,0.9610,0.9039,16,943,375,1014,405
696,20230609c_00924.jpg,3644,fanning,0.8118,0.8657,16,531,373,577,397
697,20230609c_00925.jpg,3709,neutral,0.9979,0.9444,4,405,613,463,696
697,20230609c_00925.jpg,3347,fanning,0.9708,0.9312,16,894,310,989,356
697,20230609c_00925.jpg,158,fanning,0.9974,0.9304,16,1413,374,1486,410
697,20230609c_00925.jpg,3573,neutral,0.9052,0.9281,9,511,375,582,472
697,20230609c_00925.jpg,842,fanning,0.9996,0.9248,16,592,373,666,428
697,20230609c_00925.jpg,3092,fanning,0.9926,0.9087,16,1119,314,1234,361
697,20230609c_00925.jpg,2877,fanning,0.9528,0.8901,16,944,375,1014,404
697,20230609c_00925.jpg,3644,fanning,0.8291,0.8077,16,530,374,579,398
698,20230609c_00926.jpg,158,fanning,0.9972,0.9444,16,1413,374,1488,410
698,20230609c_00926.jpg,3347,fanning,0.9665,0.9304,16,886,310,983,358
698,20230609c_00926.jpg,3573,neutral,0.8225,0.9258,10,505,373,577,464
698,20230609c_00926.jpg,842,fanning,0.9996,0.9194,16,598,374,670,426
698,20230609c_00926.jpg,3092,fanning,0.9937,0.9121,16,1133,315,1235,358
698,20230609c_00926.jpg,2877,fanning,0.9642,0.8857,16,945,375,1013,403
699,20230609c_00927.jpg,158,fanning,0.9969,0.9464,16,1351,373,1487,418
699,20230609c_00927.jpg,3573,uncertain,0.5359,0.9403,11,509,372,572,458
699,20230609c_00927.jpg,3347,fanning,0.9472,0.9340,16,894,310,975,359
699,20230609c_00927.jpg,3092,fanning,0.9935,0.9251,16,1130,315,1230,355
699,20230609c_00927.jpg,842,fanning,0.9996,0.9176,16,596,373,669,427
699,20230609c_00927.jpg,2877,fanning,0.9665,0.8944,16,945,375,1013,403
700,20230609c_00928.jpg,158,fanning,0.9971,0.9411,16,1352,373,1486,419
700,20230609c_00928.jpg,3347,fanning,0.9374,0.9352,16,882,309,972,360
700,20230609c_00928.jpg,3573,neutral,0.6387,0.9306,12,512,374,572,444
700,20230609c_00928.jpg,3092,fanning,0.9948,0.9190,16,1128,315,1221,349
700,20230609c_00928.jpg,842,fanning,0.9996,0.9088,16,596,373,667,428
700,20230609c_00928.jpg,2877,fanning,0.9733,0.8964,16,946,375,1013,403
701,20230609c_00929.jpg,3347,fanning,0.9517,0.9333,16,885,309,969,363
701,20230609c_00929.jpg,158,fanning,0.9971,0.9325,16,1353,374,1488,421
701,20230609c_00929.jpg,842,fanning,0.9996,0.9297,16,596,374,669,429
701,20230609c_00929.jpg,3092,fanning,0.9958,0.9233,16,1124,315,1212,347
701,20230609c_00929.jpg,3573,fanning,0.6901,0.9158,13,515,373,574,438
701,20230609c_00929.jpg,2877,fanning,0.9759,0.8930,16,946,375,1013,402
702,20230609c_00930.jpg,158,fanning,0.9968,0.9369,16,1355,373,1481,424
702,20230609c_00930.jpg,3092,fanning,0.9959,0.9262,16,1126,315,1207,347
702,20230609c_00930.jpg,3347,fanning,0.9686,0.9209,16,889,309,966,369
702,20230609c_00930.jpg,842,fanning,0.9996,0.9161,16,592,373,672,428
702,20230609c_00930.jpg,3573,fanning,0.8818,0.9133,14,515,373,573,436
702,20230609c_00930.jpg,2877,fanning,0.9763,0.8456,16,947,375,1014,402
703,20230609c_00931.jpg,158,fanning,0.9966,0.9404,16,1355,373,1486,422
703,20230609c_00931.jpg,3092,fanning,0.9957,0.9215,16,1124,315,1203,347
703,20230609c_00931.jpg,842,fanning,0.9996,0.9185,16,594,373,668,428
703,20230609c_00931.jpg,3573,fanning,0.9544,0.9142,15,516,374,578,429
703,20230609c_00931.jpg,3347,fanning,0.9587,0.9138,16,883,309,959,371
703,20230609c_00931.jpg,2877,fanning,0.9798,0.8990,16,944,375,1011,405
704,20230609c_00932.jpg,158,fanning,0.9967,0.9344,16,1356,373,1487,423
704,20230609c_00932.jpg,3727,buffering,0.0000,0.9225,1,196,986,267,1075
704,20230609c_00932.jpg,842,fanning,0.9995,0.9216,16,592,374,670,427
704,20230609c_00932.jpg,3573,fanning,0.7279,0.9062,16,526,374,578,426
704,20230609c_00932.jpg,3092,fanning,0.9964,0.9032,16,1121,314,1196,349
704,20230609c_00932.jpg,2877,fanning,0.9756,0.8818,16,947,375,1012,403
705,20230609c_00933.jpg,3730,buffering,0.0000,0.9444,1,784,576,835,662
705,20230609c_00933.jpg,158,fanning,0.9967,0.9320,16,1354,373,1488,421
705,20230609c_00933.jpg,3573,neutral,0.7508,0.9177,16,529,375,575,421
705,20230609c_00933.jpg,3092,fanning,0.9968,0.9148,16,1119,314,1188,351
705,20230609c_00933.jpg,842,fanning,0.9995,0.9113,16,592,373,671,427
705,20230609c_00933.jpg,2877,fanning,0.9103,0.8894,16,946,375,1012,402
706,20230609c_00934.jpg,3730,buffering,0.0000,0.9366,2,793,545,847,626
706,20230609c_00934.jpg,158,fanning,0.9971,0.9330,16,1356,373,1491,420
706,20230609c_00934.jpg,3573,neutral,0.7860,0.9258,16,529,374,577,422
706,20230609c_00934.jpg,3092,fanning,0.9978,0.9165,16,1118,314,1185,354
706,20230609c_00934.jpg,842,fanning,0.9995,0.9161,16,593,374,669,427
706,20230609c_00934.jpg,2877,fanning,0.9146,0.8936,16,948,375,1012,404
707,20230609c_00935.jpg,3730,buffering,0.0000,0.9434,3,812,519,881,600
707,20230609c_00935.jpg,3733,buffering,0.0000,0.9370,1,810,433,871,520
707,20230609c_00935.jpg,158,fanning,0.9971,0.9335,16,1356,373,1492,420
707,20230609c_00935.jpg,3573,fanning,0.8583,0.9288,16,523,374,586,413
707,20230609c_00935.jpg,3092,fanning,0.9980,0.9270,16,1118,315,1183,357
707,20230609c_00935.jpg,842,fanning,0.9994,0.9106,16,594,373,670,428
707,20230609c_00935.jpg,2877,fanning,0.9189,0.8921,16,948,375,1011,403
708,20230609c_00936.jpg,3733,buffering,0.0000,0.9458,2,828,417,889,502
708,20230609c_00936.jpg,158,fanning,0.9967,0.9360,16,1355,373,1486,423
708,20230609c_00936.jpg,842,fanning,0.9994,0.9301,16,595,373,673,428
708,20230609c_00936.jpg,3347,fanning,0.9358,0.9287,16,887,309,946,377
708,20230609c_00936.jpg,2877,fanning,0.8876,0.9001,16,948,375,1009,403
708,20230609c_00936.jpg,3573,fanning,0.9578,0.9000,16,528,372,596,409
708,20230609c_00936.jpg,3092,fanning,0.9986,0.8940,16,1115,315,1182,361
709,20230609c_00937.jpg,3733,buffering,0.0000,0.9446,3,841,404,899,487
709,20230609c_00937.jpg,158,fanning,0.9965,0.9335,16,1356,373,1484,421
709,20230609c_00937.jpg,3347,fanning,0.9132,0.9252,16,883,309,945,377
709,20230609c_00937.jpg,842,fanning,0.9994,0.9195,16,594,374,670,429
709,20230609c_00937.jpg,3092,fanning,0.9985,0.9094,16,1116,315,1177,367
709,20230609c_00937.jpg,2877,fanning,0.8812,0.8928,16,948,375,1009,402
709,20230609c_00937.jpg,3573,fanning,0.8945,0.8463,16,540,374,590,398
710,20230609c_00938.jpg,158,fanning,0.9963,0.9405,16,1356,372,1483,420
710,20230609c_00938.jpg,3733,neutral,0.9917,0.9405,4,843,391,897,483
710,20230609c_00938.jpg,842,fanning,0.9992,0.9322,16,595,374,669,429
710,20230609c_00938.jpg,3347,fanning,0.9120,0.9256,16,884,309,940,379
710,20230609c_00938.jpg,2877,fanning,0.8931,0.8999,16,948,375,1009,402
710,20230609c_00938.jpg,3573,fanning,0.7400,0.7860,16,539,374,583,393
711,20230609c_00939.jpg,3740,buffering,0.0000,0.9452,1,930,428,1002,503
711,20230609c_00939.jpg,3733,neutral,0.9723,0.9384,5,841,386,896,480
711,20230609c_00939.jpg,158,fanning,0.9961,0.9371,16,1358,373,1485,419
711,20230609c_00939.jpg,3347,fanning,0.9637,0.9289,16,879,309,938,384
711,20230609c_00939.jpg,842,fanning,0.9991,0.9238,16,598,373,669,430
711,20230609c_00939.jpg,3092,fanning,0.9985,0.9129,16,1109,314,1182,376
711,20230609c_00939.jpg,2877,fanning,0.8852,0.8858,16,947,375,1008,402
712,20230609c_00940.jpg,3740,buffering,0.0000,0.9410,2,913,424,994,505
712,20230609c_00940.jpg,3733,neutral,0.8967,0.9351,6,837,378,894,473
712,20230609c_00940.jpg,842,fanning,0.9989,0.9320,16,598,373,670,429
712,20230609c_00940.jpg,158,fanning,0.9960,0.9319,16,1353,373,1487,419
712,20230609c_00940.jpg,3347,fanning,0.9387,0.9239,16,876,309,935,387
712,20230609c_00940.jpg,3092,fanning,0.9985,0.9145,16,1107,314,1179,379
712,20230609c_00940.jpg,2877,fanning,0.8870,0.9020,16,947,375,1007,403
713,20230609c_00941.jpg,158,fanning,0.9956,0.9375,16,1353,373,1486,420
713,20230609c_00941.jpg,3733,neutral,0.9183,0.9361,7,835,371,893,464
713,20230609c_00941.jpg,3740,buffering,0.0000,0.9351,3,909,408,978,495
713,20230609c_00941.jpg,842,fanning,0.9988,0.9210,16,598,374,668,429
713,20230609c_00941.jpg,3347,fanning,0.9858,0.9208,16,869,310,937,371
713,20230609c_00941.jpg,3092,fanning,0.9980,0.9184,16,1106,314,1173,384
713,20230609c_00941.jpg,2877,fanning,0.8917,0.9045,16,949,375,1009,402
714,20230609c_00942.jpg,158,fanning,0.9961,0.9470,16,1354,373,1485,420
714,20230609c_00942.jpg,3733,neutral,0.8178,0.9422,8,830,371,894,451
714,20230609c_00942.jpg,3740,neutral,0.9997,0.9419,4,907,391,974,484
714,20230609c_00942.jpg,842,fanning,0.9993,0.9275,16,599,374,669,430
714,20230609c_00942.jpg,3092,fanning,0.9969,0.9241,16,1099,314,1168,386
714,20230609c_00942.jpg,3347,fanning,0.9944,0.9009,16,869,310,940,361
714,20230609c_00942.jpg,2877,fanning,0.8877,0.8954,16,950,375,1011,402
715,20230609c_00943.jpg,3733,neutral,0.6527,0.9430,9,823,370,887,442
715,20230609c_00943.jpg,158,fanning,0.9959,0.9395,16,1354,373,1481,423
715,20230609c_00943.jpg,3092,fanning,0.9961,0.9329,16,1096,314,1170,392
715,20230609c_00943.jpg,842,fanning,0.9992,0.9253,16,599,374,669,430
715,20230609c_00943.jpg,3740,neutral,0.9997,0.9230,5,909,376,964,466
715,20230609c_00943.jpg,3347,fanning,0.9986,0.9120,16,868,310,940,372
715,20230609c_00943.jpg,2877,fanning,0.8666,0.8817,16,954,375,1012,402
716,20230609c_00944.jpg,158,fanning,0.9946,0.9375,16,1356,373,1483,421
716,20230609c_00944.jpg,3733,fanning,0.5635,0.9359,10,823,372,882,432
716,20230609c_00944.jpg,3092,fanning,0.9937,0.9178,16,1085,313,1171,393
716,20230609c_00944.jpg,842,fanning,0.9991,0.9127,16,597,373,670,430
716,20230609c_00944.jpg,3740,neutral,0.9996,0.9074,6,885,376,960,451
716,20230609c_00944.jpg,2877,fanning,0.8519,0.9049,16,957,375,1013,402
716,20230609c_00944.jpg,3347,fanning,0.9986,0.9010,16,868,310,932,370
717,20230609c_00945.jpg,158,fanning,0.9950,0.9361,16,1357,374,1485,421
717,20230609c_00945.jpg,842,fanning,0.9990,0.9205,16,598,374,670,430
717,20230609c_00945.jpg,3740,neutral,0.9993,0.9073,7,901,374,950,434
717,20230609c_00945.jpg,3347,fanning,0.9987,0.9018,16,855,310,934,377
717,20230609c_00945.jpg,3092,fanning,0.9882,0.8992,16,1070,325,1168,395
717,20230609c_00945.jpg,3733,fanning,0.8308,0.8938,11,818,370,878,420
717,20230609c_00945.jpg,2877,fanning,0.8393,0.8914,16,958,375,1015,401
718,20230609c_00946.jpg,158,fanning,0.9960,0.9370,16,1356,373,1486,418
718,20230609c_00946.jpg,842,fanning,0.9991,0.9232,16,599,374,670,431
718,20230609c_00946.jpg,3092,fanning,0.9838,0.9011,16,1060,328,1159,398
718,20230609c_00946.jpg,2877,fanning,0.8067,0.8961,16,958,375,1016,401
718,20230609c_00946.jpg,3347,fanning,0.9983,0.8929,16,822,311,927,401
718,20230609c_00946.jpg,3733,fanning,0.9276,0.8650,12,818,370,872,409
719,20230609c_00947.jpg,158,fanning,0.9965,0.9346,16,1354,373,1488,421
719,20230609c_00947.jpg,3347,fanning,0.9979,0.9172,16,818,311,926,398
719,20230609c_00947.jpg,842,fanning,0.9990,0.9097,16,598,374,671,431
719,20230609c_00947.jpg,2877,fanning,0.8175,0.8879,16,958,375,1019,401
719,20230609c_00947.jpg,3092,fanning,0.9721,0.8855,16,1060,329,1149,388
719,20230609c_00947.jpg,3733,fanning,0.8924,0.8778,13,815,372,856,402
720,20230609c_00948.jpg,158,fanning,0.9968,0.9410,16,1354,374,1491,419
720,20230609c_00948.jpg,3347,fanning,0.9979,0.9245,16,842,318,917,409
720,20230609c_00948.jpg,842,fanning,0.9988,0.9038,16,597,374,669,429
720,20230609c_00948.jpg,3092,fanning,0.9675,0.8990,16,1056,331,1143,385
720,20230609c_00948.jpg,2877,fanning,0.8606,0.8897,16,961,375,1021,402
720,20230609c_00948.jpg,3758,buffering,0.0000,0.8662,1,906,375,940,410
720,20230609c_00948.jpg,3733,uncertain,0.5432,0.8291,14,810,373,854,396
721,20230609c_00949.jpg,158,fanning,0.9971,0.9338,16,1355,373,1488,420
721,20230609c_00949.jpg,842,fanning,0.9988,0.9050,16,598,373,665,432
721,20230609c_00949.jpg,2877,fanning,0.9734,0.8924,16,962,375,1019,402
721,20230609c_00949.jpg,3092,fanning,0.9570,0.8864,16,1048,331,1139,382
721,20230609c_00949.jpg,3758,buffering,0.0000,0.8542,2,905,375,938,404
721,20230609c_00949.jpg,3347,fanning,0.9984,0.8531,16,843,329,915,399
722,20230609c_00950.jpg,158,fanning,0.9964,0.9333,16,1355,374,1489,419
722,20230609c_00950.jpg,842,fanning,0.9991,0.9167,16,597,374,667,433
722,20230609c_00950.jpg,3092,fanning,0.9589,0.9107,16,1034,323,1132,381
722,20230609c_00950.jpg,3727,buffering,0.0000,0.9070,2,166,984,251,1075
722,20230609c_00950.jpg,2877,fanning,0.9777,0.8989,16,963,375,1024,401
722,20230609c_00950.jpg,3347,fanning,0.9993,0.8712,16,842,337,916,400
722,20230609c_00950.jpg,3758,buffering,0.0000,0.7852,3,908,377,941,403
723,20230609c_00951.jpg,158,fanning,0.9959,0.9329,16,1358,374,1491,419
723,20230609c_00951.jpg,3092,fanning,0.9246,0.9261,16,1026,321,1120,391
723,20230609c_00951.jpg,842,fanning,0.9989,0.9203,16,598,373,669,433
723,20230609c_00951.jpg,2877,fanning,0.9820,0.8872,16,961,375,1027,402
723,20230609c_00951.jpg,3347,fanning,0.9991,0.8734,16,847,344,928,399
724,20230609c_00952.jpg,158,fanning,0.9969,0.9329,16,1355,373,1493,419
724,20230609c_00952.jpg,3092,fanning,0.8692,0.9314,16,1016,315,1109,378
724,20230609c_00952.jpg,842,fanning,0.9990,0.9088,16,596,373,667,432
724,20230609c_00952.jpg,2877,fanning,0.9885,0.8634,16,966,375,1027,401
724,20230609c_00952.jpg,3347,fanning,0.9992,0.8517,16,843,339,925,401
725,20230609c_00953.jpg,158,fanning,0.9962,0.9341,16,1355,374,1490,419
725,20230609c_00953.jpg,3092,fanning,0.5988,0.9318,16,1017,314,1109,384
725,20230609c_00953.jpg,842,fanning,0.9990,0.9213,16,596,374,664,432
725,20230609c_00953.jpg,2877,fanning,0.9936,0.9008,16,964,375,1026,403
725,20230609c_00953.jpg,3347,fanning,0.9992,0.8831,16,845,336,929,402
726,20230609c_00954.jpg,158,fanning,0.9964,0.9474,16,1354,374,1489,420
726,20230609c_00954.jpg,3092,neutral,0.6154,0.9315,16,1020,313,1105,387
726,20230609c_00954.jpg,842,fanning,0.9990,0.9248,16,595,374,661,432
726,20230609c_00954.jpg,2877,fanning,0.9943,0.8961,16,964,375,1027,402
726,20230609c_00954.jpg,3347,fanning,0.9993,0.8928,16,842,347,913,402
727,20230609c_00955.jpg,3776,buffering,0.0000,0.9406,1,835,407,912,494
727,20230609c_00955.jpg,158,fanning,0.9966,0.9333,16,1356,374,1488,421
727,20230609c_00955.jpg,3092,fanning,0.9093,0.9218,16,1019,312,1103,394
727,20230609c_00955.jpg,842,fanning,0.9990,0.9132,16,596,374,666,432
727,20230609c_00955.jpg,2877,fanning,0.9947,0.8902,16,965,375,1029,402
727,20230609c_00955.jpg,3347,fanning,0.9993,0.8791,16,843,344,914,402
728,20230609c_00956.jpg,3092,fanning,0.8998,0.9359,16,1022,312,1101,398
728,20230609c_00956.jpg,3776,buffering,0.0000,0.9359,2,831,401,908,492
728,20230609c_00956.jpg,158,fanning,0.9968,0.9303,16,1356,374,1492,418
728,20230609c_00956.jpg,842,fanning,0.9989,0.9178,16,596,374,668,431
728,20230609c_00956.jpg,2877,fanning,0.9934,0.8803,16,967,375,1030,403
728,20230609c_00956.jpg,3347,fanning,0.9993,0.8528,16,852,354,906,402
729,20230609c_00957.jpg,158,fanning,0.9968,0.9379,16,1354,374,1495,417
729,20230609c_00957.jpg,3776,buffering,0.0000,0.9356,3,822,388,897,483
729,20230609c_00957.jpg,3092,fanning,0.9979,0.9354,16,1030,312,1102,385
729,20230609c_00957.jpg,842,fanning,0.9991,0.9156,16,595,374,661,431
729,20230609c_00957.jpg,2877,fanning,0.8847,0.8861,16,967,375,1032,403
729,20230609c_00957.jpg,3347,fanning,0.9993,0.8475,16,858,356,907,401
730,20230609c_00958.jpg,3092,fanning,0.9984,0.9359,16,1030,311,1100,385
730,20230609c_00958.jpg,3776,neutral,0.9914,0.9357,4,816,381,891,473
730,20230609c_00958.jpg,158,fanning,0.9972,0.9328,16,1354,374,1488,420
730,20230609c_00958.jpg,842,fanning,0.9991,0.9160,16,596,374,657,430
730,20230609c_00958.jpg,2877,fanning,0.8161,0.8809,16,968,375,1033,404
730,20230609c_00958.jpg,3347,fanning,0.9994,0.8727,16,866,357,908,401
731,20230609c_00959.jpg,3092,fanning,0.9984,0.9388,16,1028,311,1101,390
731,20230609c_00959.jpg,158,fanning,0.9974,0.9361,16,1352,373,1486,419
731,20230609c_00959.jpg,3776,neutral,0.9667,0.9216,5,811,375,886,464
731,20230609c_00959.jpg,842,fanning,0.9985,0.9156,16,596,374,664,430
731,20230609c_00959.jpg,2877,fanning,0.6126,0.8996,16,970,375,1034,403
731,20230609c_00959.jpg,3347,fanning,0.9994,0.8654,16,864,360,905,404
732,20230609c_00960.jpg,158,fanning,0.9975,0.9417,16,1355,374,1485,421
732,20230609c_00960.jpg,3776,neutral,0.8563,0.9366,6,805,374,878,461
732,20230609c_00960.jpg,3092,fanning,0.9982,0.9305,16,1022,312,1101,387
732,20230609c_00960.jpg,842,fanning,0.9986,0.9067,16,595,375,666,429
732,20230609c_00960.jpg,2877,fanning,0.6056,0.8875,16,970,375,1033,403
732,20230609c_00960.jpg,3347,fanning,0.9995,0.8524,16,862,369,904,406
733,20230609c_00961.jpg,3776,fanning,0.9670,0.9371,7,801,374,877,456
733,20230609c_00961.jpg,3092,fanning,0.9982,0.9359,16,1016,312,1099,377
733,20230609c_00961.jpg,158,fanning,0.9979,0.9351,16,1358,374,1489,419
733,20230609c_00961.jpg,842,fanning,0.9987,0.9067,16,596,375,666,429
733,20230609c_00961.jpg,3790,buffering,0.0000,0.9064,1,757,683,796,755
733,20230609c_00961.jpg,2877,uncertain,0.5381,0.8691,16,972,375,1034,402
733,20230609c_00961.jpg,3347,fanning,0.9994,0.8687,16,859,375,906,413
734,20230609c_00962.jpg,3092,fanning,0.9974,0.9376,16,1006,312,1097,377
734,20230609c_00962.jpg,158,fanning,0.9978,0.9348,16,1356,374,1491,419
734,20230609c_00962.jpg,3776,fanning,0.9913,0.9325,8,793,373,864,449
734,20230609c_00962.jpg,842,fanning,0.9988,0.9076,16,595,375,664,430
734,20230609c_00962.jpg,3790,buffering,0.0000,0.9038,2,762,684,800,749
734,20230609c_00962.jpg,2877,neutral,0.5695,0.8924,16,972,375,1032,403
734,20230609c_00962.jpg,3347,fanning,0.9994,0.8477,16,861,374,910,416
735,20230609c_00963.jpg,158,fanning,0.9978,0.9346,16,1355,374,1490,420
735,20230609c_00963.jpg,3092,fanning,0.9970,0.9305,16,1006,312,1090,370
735,20230609c_00963.jpg,3776,fanning,0.9978,0.9271,9,792,372,863,438
735,20230609c_00963.jpg,842,fanning,0.9988,0.9142,16,596,375,662,429
735,20230609c_00963.jpg,3790,buffering,0.0000,0.9088,3,773,700,811,767
735,20230609c_00963.jpg,2877,neutral,0.6593,0.8645,16,973,375,1032,402
735,20230609c_00963.jpg,3347,fanning,0.9994,0.6863,16,853,371,923,431
736,20230609c_00964.jpg,3776,fanning,0.9987,0.9374,10,790,373,864,435
736,20230609c_00964.jpg,3092,fanning,0.9982,0.9359,16,1001,312,1083,360
736,20230609c_00964.jpg,158,fanning,0.9978,0.9352,16,1353,374,1488,422
736,20230609c_00964.jpg,842,fanning,0.9989,0.9134,16,596,375,658,428
736,20230609c_00964.jpg,3790,neutral,0.9834,0.9037,4,786,701,822,779
736,20230609c_00964.jpg,2877,neutral,0.6976,0.8784,16,972,375,1031,402
736,20230609c_00964.jpg,3347,fanning,0.9994,0.7342,16,857,374,926,432
737,20230609c_00965.jpg,158,fanning,0.9977,0.9347,16,1360,374,1490,420
737,20230609c_00965.jpg,3776,fanning,0.9987,0.9319,11,787,374,847,430
737,20230609c_00965.jpg,3092,fanning,0.9989,0.9306,16,996,312,1083,357
737,20230609c_00965.jpg,842,fanning,0.9990,0.9175,16,595,375,659,429
737,20230609c_00965.jpg,3790,neutral,0.9909,0.9154,5,792,684,832,764
737,20230609c_00965.jpg,2877,neutral,0.7505,0.8730,16,969,375,1032,403
737,20230609c_00965.jpg,3347,fanning,0.9993,0.6001,16,856,374,926,430
738,20230609c_00966.jpg,158,fanning,0.9980,0.9344,16,1354,374,1490,420
738,20230609c_00966.jpg,3092,fanning,0.9988,0.9319,16,996,312,1081,359
738,20230609c_00966.jpg,3776,fanning,0.9992,0.9190,12,786,373,846,420
738,20230609c_00966.jpg,842,fanning,0.9990,0.9105,16,597,375,669,429
738,20230609c_00966.jpg,3790,neutral,0.9916,0.9029,6,795,679,833,749
738,20230609c_00966.jpg,2877,neutral,0.7910,0.8619,16,976,375,1029,404
738,20230609c_00966.jpg,3347,fanning,0.9992,0.8050,16,858,374,921,419
739,20230609c_00967.jpg,158,fanning,0.9981,0.9337,16,1359,374,1494,417
739,20230609c_00967.jpg,3092,fanning,0.9987,0.9273,16,990,312,1081,361
739,20230609c_00967.jpg,3776,fanning,0.9993,0.9139,13,786,373,847,415
739,20230609c_00967.jpg,842,fanning,0.9991,0.9068,16,596,375,668,429
739,20230609c_00967.jpg,2877,neutral,0.8042,0.8989,16,974,375,1030,406
739,20230609c_00967.jpg,3790,neutral,0.9926,0.8922,7,804,692,841,758
740,20230609c_00968.jpg,158,fanning,0.9977,0.9328,16,1356,374,1494,418
740,20230609c_00968.jpg,3092,fanning,0.9988,0.9236,16,978,312,1074,362
740,20230609c_00968.jpg,842,fanning,0.9991,0.9193,16,596,374,669,429
740,20230609c_00968.jpg,3790,neutral,0.9924,0.8938,8,817,707,854,776
740,20230609c_00968.jpg,2877,neutral,0.8036,0.8855,16,973,375,1030,405
740,20230609c_00968.jpg,3776,fanning,0.9648,0.8842,14,789,374,834,405
741,20230609c_00969.jpg,3805,buffering,0.0000,0.9376,1,1413,625,1478,722
741,20230609c_00969.jpg,158,fanning,0.9981,0.9337,16,1357,373,1492,419
741,20230609c_00969.jpg,3790,neutral,0.9801,0.9296,9,830,728,869,797
741,20230609c_00969.jpg,3092,fanning,0.9990,0.9262,16,967,312,1065,356
741,20230609c_00969.jpg,842,fanning,0.9991,0.9096,16,596,375,663,429
741,20230609c_00969.jpg,2877,neutral,0.8373,0.8952,16,974,375,1029,406
741,20230609c_00969.jpg,3776,fanning,0.9294,0.8664,15,785,373,827,399
742,20230609c_00970.jpg,158,fanning,0.9983,0.9345,16,1353,373,1489,419
742,20230609c_00970.jpg,3790,neutral,0.9623,0.9257,10,841,735,885,808
742,20230609c_00970.jpg,3092,fanning,0.9988,0.9228,16,956,312,1057,357
742,20230609c_00970.jpg,842,fanning,0.9991,0.9120,16,597,375,664,429
742,20230609c_00970.jpg,2877,neutral,0.8445,0.9040,16,973,375,1028,406
743,20230609c_00971.jpg,158,fanning,0.9981,0.9351,16,1353,374,1487,423
743,20230609c_00971.jpg,3790,neutral,0.9278,0.9187,11,864,744,907,814
743,20230609c_00971.jpg,3092,fanning,0.9989,0.9167,16,948,312,1053,362
743,20230609c_00971.jpg,842,fanning,0.9991,0.9138,16,597,375,662,429
743,20230609c_00971.jpg,2877,neutral,0.8443,0.8862,16,972,375,1027,404
744,20230609c_00972.jpg,158,fanning,0.9976,0.9348,16,1353,374,1489,421
744,20230609c_00972.jpg,3092,fanning,0.9979,0.9187,16,938,310,1041,355
744,20230609c_00972.jpg,3790,neutral,0.8137,0.9140,12,887,755,932,821
744,20230609c_00972.jpg,842,fanning,0.9991,0.9108,16,597,375,657,429
744,20230609c_00972.jpg,2877,neutral,0.8467,0.8937,16,972,375,1026,405
744,20230609c_00972.jpg,3347,fanning,0.9991,0.8239,16,873,375,932,409
745,20230609c_00973.jpg,158,fanning,0.9977,0.9357,16,1355,374,1491,421
745,20230609c_00973.jpg,3092,fanning,0.9980,0.9227,16,928,312,1028,356
745,20230609c_00973.jpg,842,fanning,0.9991,0.9055,16,596,375,663,429
745,20230609c_00973.jpg,2877,neutral,0.5862,0.8985,16,972,375,1025,405
745,20230609c_00973.jpg,3347,fanning,0.9990,0.8306,16,876,375,936,406
746,20230609c_00974.jpg,158,fanning,0.9974,0.9329,16,1354,374,1496,419
746,20230609c_00974.jpg,3092,fanning,0.9973,0.9309,16,914,311,1023,359
746,20230609c_00974.jpg,842,fanning,0.9991,0.9113,16,596,375,661,428
746,20230609c_00974.jpg,2877,fanning,0.6427,0.9013,16,972,375,1024,406
746,20230609c_00974.jpg,3347,fanning,0.9988,0.8692,16,872,375,939,401
747,20230609c_00975.jpg,3824,buffering,0.0000,0.9349,1,1174,434,1236,536
747,20230609c_00975.jpg,158,fanning,0.9971,0.9338,16,1354,374,1494,418
747,20230609c_00975.jpg,3092,fanning,0.9958,0.9205,16,910,311,1009,355
747,20230609c_00975.jpg,2877,fanning,0.9499,0.9168,16,972,375,1022,406
747,20230609c_00975.jpg,842,fanning,0.9992,0.9052,16,596,375,662,429
747,20230609c_00975.jpg,3347,fanning,0.9980,0.8747,16,870,374,942,400
748,20230609c_00976.jpg,3824,buffering,0.0000,0.9421,2,1165,426,1236,520
748,20230609c_00976.jpg,158,fanning,0.9964,0.9417,16,1354,374,1494,419
748,20230609c_00976.jpg,3830,buffering,0.0000,0.9336,1,1079,380,1136,465
748,20230609c_00976.jpg,3092,fanning,0.9963,0.9225,16,908,311,1008,356
748,20230609c_00976.jpg,2877,fanning,0.9467,0.9157,16,972,375,1022,406
748,20230609c_00976.jpg,842,fanning,0.9992,0.9120,16,596,374,660,429
748,20230609c_00976.jpg,3347,fanning,0.9971,0.8734,16,872,375,946,400
749,20230609c_00977.jpg,3824,buffering,0.0000,0.9451,3,1177,403,1258,488
749,20230609c_00977.jpg,158,fanning,0.9964,0.9353,16,1354,374,1490,420
749,20230609c_00977.jpg,3830,buffering,0.0000,0.9302,2,1076,375,1138,458
749,20230609c_00977.jpg,3092,fanning,0.9970,0.9258,16,908,310,1007,358
749,20230609c_00977.jpg,842,fanning,0.9992,0.9152,16,596,375,659,429
749,20230609c_00977.jpg,2877,fanning,0.9580,0.9112,16,972,375,1022,405
749,20230609c_00977.jpg,3347,fanning,0.9948,0.8422,16,878,374,950,397
750,20230609c_00978.jpg,3824,neutral,0.9990,0.9477,4,1202,375,1288,466
750,20230609c_00978.jpg,158,fanning,0.9968,0.9459,16,1353,373,1490,420
750,20230609c_00978.jpg,3830,buffering,0.0000,0.9404,3,1076,376,1134,452
750,20230609c_00978.jpg,3092,fanning,0.9980,0.9279,16,906,310,1011,371
750,20230609c_00978.jpg,842,fanning,0.9992,0.9156,16,596,375,659,428
750,20230609c_00978.jpg,2877,fanning,0.9654,0.9007,16,971,375,1019,406
750,20230609c_00978.jpg,3347,fanning,0.9891,0.8426,16,887,375,950,396
751,20230609c_00979.jpg,3824,neutral,0.9992,0.9450,5,1244,374,1321,441
751,20230609c_00979.jpg,158,fanning,0.9973,0.9397,16,1354,373,1490,418
751,20230609c_00979.jpg,3830,neutral,0.9956,0.9354,4,1069,376,1134,456
751,20230609c_00979.jpg,3092,fanning,0.9989,0.9235,16,911,311,1017,372
751,20230609c_00979.jpg,842,fanning,0.9992,0.9148,16,597,374,660,429
751,20230609c_00979.jpg,2877,fanning,0.9859,0.8774,16,971,375,1019,405
751,20230609c_00979.jpg,3347,fanning,0.9531,0.8443,16,890,375,954,397
752,20230609c_00980.jpg,3824,neutral,0.9982,0.9394,6,1263,375,1330,446
752,20230609c_00980.jpg,3830,neutral,0.9811,0.9345,5,1077,381,1139,465
752,20230609c_00980.jpg,158,fanning,0.9974,0.9321,16,1354,373,1489,419
752,20230609c_00980.jpg,842,fanning,0.9992,0.9186,16,596,374,658,429
752,20230609c_00980.jpg,3092,fanning,0.9990,0.9143,16,898,310,1009,373
752,20230609c_00980.jpg,2877,fanning,0.9849,0.8643,16,970,375,1019,405
752,20230609c_00980.jpg,3347,neutral,0.5816,0.8349,16,895,375,954,397
753,20230609c_00981.jpg,3830,neutral,0.9547,0.9398,6,1085,375,1143,458
753,20230609c_00981.jpg,3824,neutral,0.9950,0.9327,7,1260,375,1327,443
753,20230609c_00981.jpg,158,fanning,0.9972,0.9324,16,1350,373,1489,419
753,20230609c_00981.jpg,3092,fanning,0.9990,0.9294,16,892,310,998,359
753,20230609c_00981.jpg,842,fanning,0.9992,0.9184,16,595,374,656,428
753,20230609c_00981.jpg,3856,buffering,0.0000,0.9164,1,717,685,760,774
753,20230609c_00981.jpg,2877,fanning,0.9888,0.8615,16,972,375,1019,405
753,20230609c_00981.jpg,3347,neutral,0.8420,0.8394,16,896,375,953,397
754,20230609c_00982.jpg,3824,neutral,0.9852,0.9468,8,1259,374,1328,422
754,20230609c_00982.jpg,158,fanning,0.9967,0.9369,16,1351,373,1481,419
754,20230609c_00982.jpg,3830,neutral,0.9178,0.9320,7,1082,376,1142,435
754,20230609c_00982.jpg,3092,fanning,0.9990,0.9281,16,878,309,988,355
754,20230609c_00982.jpg,842,fanning,0.9992,0.9170,16,596,375,659,429
754,20230609c_00982.jpg,2877,fanning,0.9797,0.8839,16,973,375,1019,405
754,20230609c_00982.jpg,3347,neutral,0.9093,0.8640,16,897,375,956,399
755,20230609c_00983.jpg,158,fanning,0.9966,0.9396,16,1355,374,1486,419
755,20230609c_00983.jpg,3861,buffering,0.0000,0.9378,1,636,510,688,600
755,20230609c_00983.jpg,3824,neutral,0.9770,0.9317,9,1270,374,1333,419
755,20230609c_00983.jpg,3830,neutral,0.9331,0.9246,8,1087,374,1145,414
755,20230609c_00983.jpg,3092,fanning,0.9990,0.9211,16,871,309,982,352
755,20230609c_00983.jpg,842,fanning,0.9992,0.9122,16,596,374,659,428
755,20230609c_00983.jpg,3347,neutral,0.9456,0.8871,16,899,375,958,400
755,20230609c_00983.jpg,2877,fanning,0.9811,0.8806,16,972,375,1021,405
756,20230609c_00984.jpg,3861,buffering,0.0000,0.9362,2,623,476,679,571
756,20230609c_00984.jpg,158,fanning,0.9973,0.9362,16,1369,374,1487,417
756,20230609c_00984.jpg,3824,neutral,0.9595,0.9238,10,1284,374,1335,413
756,20230609c_00984.jpg,842,fanning,0.9992,0.9135,16,596,374,656,428
756,20230609c_00984.jpg,3092,fanning,0.9991,0.9126,16,863,309,964,349
756,20230609c_00984.jpg,3347,neutral,0.9701,0.8930,16,897,373,1025,406
756,20230609c_00984.jpg,2877,fanning,0.9806,0.8914,16,971,375,1024,405
756,20230609c_00984.jpg,3830,neutral,0.9565,0.8006,9,1106,375,1137,393
757,20230609c_00985.jpg,158,fanning,0.9961,0.9385,16,1354,374,1486,418
757,20230609c_00985.jpg,3092,fanning,0.9990,0.9143,16,852,309,954,348
757,20230609c_00985.jpg,842,fanning,0.9991,0.8919,16,604,374,647,423
757,20230609c_00985.jpg,3347,neutral,0.9710,0.8919,16,904,375,958,400
758,20230609c_00986.jpg,3869,buffering,0.0000,0.9437,1,672,506,729,588
758,20230609c_00986.jpg,158,fanning,0.9943,0.9361,16,1362,374,1484,417
758,20230609c_00986.jpg,842,fanning,0.9990,0.9253,16,580,375,644,455
758,20230609c_00986.jpg,3092,fanning,0.9989,0.9210,16,843,308,945,347
758,20230609c_00986.jpg,3347,neutral,0.9393,0.8886,16,903,373,1028,408
758,20230609c_00986.jpg,2877,fanning,0.9540,0.8852,16,969,375,1026,406
759,20230609c_00987.jpg,3869,buffering,0.0000,0.9411,2,695,475,746,565
759,20230609c_00987.jpg,158,fanning,0.9951,0.9408,16,1356,374,1486,417
759,20230609c_00987.jpg,842,fanning,0.9988,0.9240,16,574,375,638,454
759,20230609c_00987.jpg,3092,fanning,0.9988,0.9186,16,834,308,937,348
759,20230609c_00987.jpg,2877,fanning,0.9340,0.8966,16,968,375,1027,406
759,20230609c_00987.jpg,3347,neutral,0.9616,0.8910,16,906,375,953,407
759,20230609c_00987.jpg,3875,buffering,0.0000,0.8722,1,1294,374,1344,393
760,20230609c_00988.jpg,158,fanning,0.9949,0.9381,16,1357,374,1487,420
760,20230609c_00988.jpg,3869,buffering,0.0000,0.9352,3,705,438,764,529
760,20230609c_00988.jpg,842,fanning,0.9986,0.9331,16,583,376,658,454
760,20230609c_00988.jpg,3092,fanning,0.9987,0.9229,16,830,308,930,347
760,20230609c_00988.jpg,3790,neutral,0.7923,0.9192,13,1071,870,1115,938
760,20230609c_00988.jpg,2877,fanning,0.9333,0.9030,16,967,375,1028,408
760,20230609c_00988.jpg,3347,neutral,0.5730,0.8901,16,905,375,951,407
760,20230609c_00988.jpg,3875,buffering,0.0000,0.7262,2,1311,373,1346,390
761,20230609c_00989.jpg,158,fanning,0.9948,0.9378,16,1357,373,1488,421
761,20230609c_00989.jpg,3869,neutral,0.9993,0.9318,4,716,413,782,500
761,20230609c_00989.jpg,3092,fanning,0.9982,0.9268,16,818,308,921,349
761,20230609c_00989.jpg,2877,fanning,0.9225,0.8996,16,967,375,1028,408
761,20230609c_00989.jpg,842,fanning,0.9984,0.8963,16,583,374,662,459
761,20230609c_00989.jpg,3347,uncertain,0.5262,0.8946,16,909,375,957,407
762,20230609c_00990.jpg,3092,fanning,0.9983,0.9366,16,800,308,904,350
762,20230609c_00990.jpg,158,fanning,0.9955,0.9365,16,1355,374,1488,421
762,20230609c_00990.jpg,3869,neutral,0.9982,0.9245,5,730,388,789,482
762,20230609c_00990.jpg,3889,buffering,0.0000,0.9198,1,1021,823,1062,897
762,20230609c_00990.jpg,842,fanning,0.9980,0.9175,16,585,375,660,455
762,20230609c_00990.jpg,2877,fanning,0.9906,0.8762,16,911,373,1029,408
762,20230609c_00990.jpg,3347,fanning,0.6153,0.8761,16,908,375,962,404
763,20230609c_00991.jpg,158,fanning,0.9969,0.9346,16,1355,374,1489,421
763,20230609c_00991.jpg,3092,fanning,0.9984,0.9306,16,788,308,890,349
763,20230609c_00991.jpg,3889,buffering,0.0000,0.9303,2,1030,806,1073,889
763,20230609c_00991.jpg,3869,neutral,0.9969,0.9204,6,718,378,797,463
763,20230609c_00991.jpg,842,fanning,0.9974,0.9106,16,586,375,659,454
763,20230609c_00991.jpg,2877,fanning,0.9852,0.8129,16,910,373,1027,407
763,20230609c_00991.jpg,3347,fanning,0.6858,0.8076,16,910,375,978,404
763,20230609c_00991.jpg,3893,buffering,0.0000,0.7855,1,619,375,670,413
764,20230609c_00992.jpg,158,fanning,0.9978,0.9345,16,1355,374,1493,419
764,20230609c_00992.jpg,842,fanning,0.9964,0.9226,16,581,375,651,460
764,20230609c_00992.jpg,3092,fanning,0.9984,0.9207,16,763,308,887,350
764,20230609c_00992.jpg,3889,buffering,0.0000,0.9178,3,1031,776,1071,864
764,20230609c_00992.jpg,3347,fanning,0.7422,0.8895,16,908,374,981,403
764,20230609c_00992.jpg,3893,buffering,0.0000,0.8121,2,621,374,665,410
764,20230609c_00992.jpg,2877,fanning,0.9853,0.7342,16,973,375,1029,408
765,20230609c_00993.jpg,158,fanning,0.9977,0.9360,16,1354,374,1491,419
765,20230609c_00993.jpg,842,fanning,0.9938,0.9341,16,579,376,644,454
765,20230609c_00993.jpg,3092,fanning,0.9983,0.9224,16,750,307,877,350
765,20230609c_00993.jpg,3902,buffering,0.0000,0.9122,1,661,374,743,449
765,20230609c_00993.jpg,3347,fanning,0.9046,0.8810,16,911,374,1032,409
765,20230609c_00993.jpg,3893,buffering,0.0000,0.7566,3,618,375,660,408
765,20230609c_00993.jpg,2877,fanning,0.9857,0.7290,16,977,375,1028,408
766,20230609c_00994.jpg,158,fanning,0.9977,0.9362,16,1354,374,1490,418
766,20230609c_00994.jpg,3861,buffering,0.0000,0.9324,3,583,376,647,448
766,20230609c_00994.jpg,3092,fanning,0.9978,0.9275,16,758,307,869,353
766,20230609c_00994.jpg,3902,buffering,0.0000,0.9220,2,660,375,730,447
766,20230609c_00994.jpg,3347,fanning,0.9767,0.8870,16,908,374,1030,407
766,20230609c_00994.jpg,2877,fanning,0.9865,0.8434,16,972,375,1029,408
767,20230609c_00995.jpg,158,fanning,0.9979,0.9437,16,1355,373,1488,418
767,20230609c_00995.jpg,3909,buffering,0.0000,0.9387,1,981,493,1040,582
767,20230609c_00995.jpg,3092,fanning,0.9937,0.9265,16,760,308,869,353
767,20230609c_00995.jpg,842,fanning,0.9962,0.9144,16,578,372,644,445
767,20230609c_00995.jpg,3902,buffering,0.0000,0.8983,3,665,373,734,447
767,20230609c_00995.jpg,3347,fanning,0.9770,0.8623,16,915,374,1030,406
767,20230609c_00995.jpg,2877,fanning,0.9876,0.8097,16,973,375,1029,408
768,20230609c_00996.jpg,3909,buffering,0.0000,0.9445,2,965,475,1031,562
768,20230609c_00996.jpg,158,fanning,0.9977,0.9391,16,1355,373,1487,419
768,20230609c_00996.jpg,3915,buffering,0.0000,0.9371,1,277,790,339,873
768,20230609c_00996.jpg,3902,neutral,0.9971,0.9249,4,663,373,733,437
768,20230609c_00996.jpg,3092,fanning,0.9763,0.9160,16,759,308,868,353
768,20230609c_00996.jpg,3917,buffering,0.0000,0.9035,1,524,374,597,431
768,20230609c_00996.jpg,842,fanning,0.9890,0.8757,16,577,374,639,444
768,20230609c_00996.jpg,2877,fanning,0.9891,0.8342,16,966,375,1031,407
768,20230609c_00996.jpg,3893,neutral,0.9995,0.8259,4,613,375,653,417
768,20230609c_00996.jpg,3347,fanning,0.9906,0.7923,16,923,375,979,398
769,20230609c_00997.jpg,158,fanning,0.9978,0.9542,16,1354,373,1487,420
769,20230609c_00997.jpg,3909,buffering,0.0000,0.9471,3,940,449,1001,537
769,20230609c_00997.jpg,3915,buffering,0.0000,0.9282,2,305,781,372,863
769,20230609c_00997.jpg,3092,fanning,0.9793,0.9228,16,749,308,860,355
769,20230609c_00997.jpg,3917,buffering,0.0000,0.9202,2,526,372,638,436
769,20230609c_00997.jpg,842,fanning,0.9850,0.9024,16,587,374,637,441
769,20230609c_00997.jpg,3902,neutral,0.9971,0.9007,5,673,375,736,430
769,20230609c_00997.jpg,2877,fanning,0.9892,0.8773,16,970,375,1031,408
769,20230609c_00997.jpg,3347,fanning,0.9698,0.8763,16,912,375,982,400
769,20230609c_00997.jpg,3893,neutral,0.9988,0.8202,5,620,375,655,417
770,20230609c_00998.jpg,158,fanning,0.9980,0.9505,16,1354,374,1487,420
770,20230609c_00998.jpg,3920,buffering,0.0000,0.9327,1,797,522,854,616
770,20230609c_00998.jpg,3092,fanning,0.9877,0.9204,16,727,306,832,352
770,20230609c_00998.jpg,842,fanning,0.9765,0.9196,16,588,374,649,439
770,20230609c_00998.jpg,3917,buffering,0.0000,0.9092,3,531,374,596,428
770,20230609c_00998.jpg,2877,fanning,0.9915,0.8885,16,971,375,1033,407
770,20230609c_00998.jpg,3902,neutral,0.9963,0.8759,6,674,374,740,419
770,20230609c_00998.jpg,3347,fanning,0.9702,0.8517,16,917,375,980,399
770,20230609c_00998.jpg,3893,neutral,0.9993,0.6689,6,623,376,655,418
771,20230609c_00999.jpg,158,fanning,0.9978,0.9454,16,1353,374,1487,418
771,20230609c_00999.jpg,3092,fanning,0.9900,0.9240,16,725,307,825,352
771,20230609c_00999.jpg,3920,buffering,0.0000,0.9207,2,799,491,875,587
771,20230609c_00999.jpg,842,fanning,0.9652,0.9049,16,586,374,647,438
771,20230609c_00999.jpg,3917,neutral,0.9997,0.8862,4,529,373,597,425
771,20230609c_00999.jpg,3902,neutral,0.9970,0.8636,7,666,374,727,421
771,20230609c_00999.jpg,2877,fanning,0.9918,0.8478,16,975,375,1034,406
771,20230609c_00999.jpg,3347,fanning,0.9760,0.8345,16,925,375,982,401
771,20230609c_00999.jpg,3893,neutral,0.9993,0.7967,7,629,375,656,418
772,20230609c_01000.jpg,158,fanning,0.9975,0.9393,16,1354,373,1486,418
772,20230609c_01000.jpg,3092,fanning,0.9833,0.9184,16,716,307,827,352
772,20230609c_01000.jpg,3917,neutral,0.9996,0.8645,5,533,373,600,420
772,20230609c_01000.jpg,842,fanning,0.9375,0.8620,16,578,374,652,432
772,20230609c_01000.jpg,2877,fanning,0.9902,0.8544,16,973,374,1033,408
772,20230609c_01000.jpg,3902,neutral,0.9983,0.8495,8,673,374,718,400
772,20230609c_01000.jpg,3920,buffering,0.0000,0.8434,3,811,494,855,568
772,20230609c_01000.jpg,3893,neutral,0.9993,0.7730,8,619,375,655,415
772,20230609c_01000.jpg,3347,fanning,0.9849,0.7648,16,927,375,987,403
773,20230609c_01001.jpg,158,fanning,0.9976,0.9461,16,1354,373,1486,418
773,20230609c_01001.jpg,3920,neutral,0.9996,0.9313,4,811,470,865,556
773,20230609c_01001.jpg,3092,fanning,0.9800,0.9179,16,707,305,817,352
773,20230609c_01001.jpg,3917,neutral,0.9995,0.8784,6,552,373,595,410
773,20230609c_01001.jpg,842,fanning,0.8848,0.8613,16,574,374,665,427
773,20230609c_01001.jpg,2877,fanning,0.9917,0.8509,16,976,374,1034,407
773,20230609c_01001.jpg,3893,neutral,0.9988,0.8401,9,619,374,658,415
773,20230609c_01001.jpg,3902,neutral,0.9989,0.8279,9,676,374,717,395
773,20230609c_01001.jpg,3347,fanning,0.9847,0.8135,16,931,375,986,401
774,20230609c_01002.jpg,158,fanning,0.9978,0.9467,16,1354,373,1487,418
774,20230609c_01002.jpg,3931,buffering,0.0000,0.9436,1,713,407,795,488
774,20230609c_01002.jpg,3920,neutral,0.9993,0.9308,5,805,449,870,545
774,20230609c_01002.jpg,3092,fanning,0.9906,0.9248,16,689,305,796,351
774,20230609c_01002.jpg,842,neutral,0.7825,0.8628,16,591,374,628,421
774,20230609c_01002.jpg,3347,fanning,0.9819,0.8463,16,931,375,991,403
774,20230609c_01002.jpg,3893,neutral,0.9981,0.8353,10,620,374,659,412
774,20230609c_01002.jpg,2877,fanning,0.9940,0.7748,16,968,374,1037,406
775,20230609c_01003.jpg,158,fanning,0.9975,0.9479,16,1354,373,1486,417
775,20230609c_01003.jpg,3934,buffering,0.0000,0.9444,1,429,567,488,651
775,20230609c_01003.jpg,3920,neutral,0.9991,0.9326,6,802,436,866,534
775,20230609c_01003.jpg,3092,fanning,0.9912,0.9227,16,678,305,783,351
775,20230609c_01003.jpg,2877,fanning,0.9955,0.8619,16,967,375,1038,406
775,20230609c_01003.jpg,842,neutral,0.9745,0.8559,16,592,373,662,422
775,20230609c_01003.jpg,3893,neutral,0.9988,0.8006,11,619,374,659,416
776,20230609c_01004.jpg,158,fanning,0.9982,0.9470,16,1413,373,1485,413
776,20230609c_01004.jpg,3934,buffering,0.0000,0.9453,2,432,538,492,622
776,20230609c_01004.jpg,3920,neutral,0.9984,0.9388,7,805,424,862,521
776,20230609c_01004.jpg,3092,fanning,0.9938,0.9294,16,672,304,785,351
776,20230609c_01004.jpg,2877,fanning,0.9959,0.8761,16,967,374,1040,405
776,20230609c_01004.jpg,3917,neutral,0.9997,0.8569,7,590,374,632,418
776,20230609c_01004.jpg,3893,neutral,0.9988,0.6836,12,621,374,661,409
777,20230609c_01005.jpg,158,fanning,0.9986,0.9490,16,1354,373,1485,418
777,20230609c_01005.jpg,3934,buffering,0.0000,0.9446,3,443,511,498,598
777,20230609c_01005.jpg,3920,neutral,0.9956,0.9325,8,808,411,866,504
777,20230609c_01005.jpg,3092,fanning,0.9962,0.9161,16,668,304,777,348
777,20230609c_01005.jpg,842,neutral,0.9586,0.9152,16,599,374,677,461
777,20230609c_01005.jpg,2877,fanning,0.9967,0.8908,16,971,374,1040,406
777,20230609c_01005.jpg,3917,neutral,0.9996,0.8024,8,591,374,647,412
778,20230609c_01006.jpg,158,fanning,0.9984,0.9484,16,1379,373,1484,415
778,20230609c_01006.jpg,3934,neutral,0.9995,0.9462,4,457,484,509,570
778,20230609c_01006.jpg,3920,neutral,0.9908,0.9416,9,804,398,868,492
778,20230609c_01006.jpg,3092,fanning,0.9962,0.9190,16,658,303,773,347
778,20230609c_01006.jpg,842,neutral,0.9285,0.9116,16,599,373,678,454
778,20230609c_01006.jpg,2877,fanning,0.9864,0.8076,16,927,373,1041,417
778,20230609c_01006.jpg,3917,neutral,0.9997,0.7174,9,591,374,632,400
779,20230609c_01007.jpg,158,fanning,0.9984,0.9463,16,1354,373,1487,417
779,20230609c_01007.jpg,3934,neutral,0.9993,0.9455,5,472,454,521,542
779,20230609c_01007.jpg,3920,neutral,0.9864,0.9367,10,810,388,867,477
779,20230609c_01007.jpg,3092,fanning,0.9971,0.9247,16,650,300,759,349
779,20230609c_01007.jpg,842,neutral,0.9260,0.8969,16,607,374,677,447
779,20230609c_01007.jpg,2877,fanning,0.9865,0.8808,16,924,373,1041,410
779,20230609c_01007.jpg,3917,neutral,0.9996,0.8248,10,593,373,627,396
779,20230609c_01007.jpg,3347,fanning,0.9792,0.6588,16,918,376,972,406
780,20230609c_01008.jpg,3934,neutral,0.9989,0.9476,6,486,438,541,521
780,20230609c_01008.jpg,158,fanning,0.9985,0.9382,16,1354,373,1486,417
780,20230609c_01008.jpg,3920,neutral,0.9779,0.9308,11,800,372,858,458
780,20230609c_01008.jpg,3092,fanning,0.9979,0.9015,16,637,296,744,349
780,20230609c_01008.jpg,2877,fanning,0.9870,0.8705,16,925,373,1043,415
780,20230609c_01008.jpg,842,neutral,0.7998,0.8192,16,606,373,687,442
780,20230609c_01008.jpg,3893,neutral,0.9988,0.7607,13,607,374,640,428
780,20230609c_01008.jpg,3347,fanning,0.8136,0.7537,16,918,376,972,405
781,20230609c_01009.jpg,3934,neutral,0.9980,0.9486,7,491,423,540,508
781,20230609c_01009.jpg,158,fanning,0.9986,0.9477,16,1354,373,1486,417
781,20230609c_01009.jpg,3920,neutral,0.9654,0.9319,12,793,375,858,455
781,20230609c_01009.jpg,2877,fanning,0.9793,0.9158,16,923,373,1040,410
781,20230609c_01009.jpg,3092,fanning,0.9982,0.9059,16,626,298,739,348
781,20230609c_01009.jpg,842,neutral,0.5927,0.8777,16,609,373,690,441
782,20230609c_01010.jpg,158,fanning,0.9986,0.9461,16,1355,373,1486,417
782,20230609c_01010.jpg,3934,neutral,0.9908,0.9442,8,485,393,541,492
782,20230609c_01010.jpg,3920,neutral,0.9124,0.9306,13,797,373,851,452
782,20230609c_01010.jpg,842,neutral,0.6723,0.9014,16,613,374,681,434
782,20230609c_01010.jpg,3092,fanning,0.9979,0.8962,16,632,295,736,350
782,20230609c_01010.jpg,2877,fanning,0.9725,0.8879,16,924,373,1039,413
783,20230609c_01011.jpg,158,fanning,0.9985,0.9361,16,1354,373,1486,416
783,20230609c_01011.jpg,3920,neutral,0.7305,0.9342,14,796,373,849,447
783,20230609c_01011.jpg,3934,neutral,0.9856,0.9327,9,488,373,571,467
783,20230609c_01011.jpg,2877,fanning,0.9710,0.9131,16,927,373,1038,416
783,20230609c_01011.jpg,3092,fanning,0.9976,0.9029,16,634,292,733,349
783,20230609c_01011.jpg,842,neutral,0.7370,0.8230,16,619,374,693,433
783,20230609c_01011.jpg,3347,uncertain,0.4998,0.8027,16,924,375,960,401
784,20230609c_01012.jpg,158,fanning,0.9984,0.9405,16,1359,373,1486,418
784,20230609c_01012.jpg,3920,neutral,0.6514,0.9275,15,792,373,845,443
784,20230609c_01012.jpg,3092,fanning,0.9980,0.9191,16,633,282,721,345
784,20230609c_01012.jpg,3934,neutral,0.9796,0.9188,10,504,373,574,444
784,20230609c_01012.jpg,2877,fanning,0.9684,0.9026,16,926,373,1040,413
784,20230609c_01012.jpg,842,neutral,0.8525,0.8968,16,590,372,685,432
784,20230609c_01012.jpg,3347,neutral,0.7477,0.8148,16,924,376,960,398
785,20230609c_01013.jpg,3920,uncertain,0.5029,0.9363,16,790,373,848,443
785,20230609c_01013.jpg,158,fanning,0.9983,0.9336,16,1355,373,1486,416
785,20230609c_01013.jpg,3934,neutral,0.8784,0.9256,11,521,373,571,432
785,20230609c_01013.jpg,3092,fanning,0.6386,0.9253,16,644,281,720,349
785,20230609c_01013.jpg,842,neutral,0.9514,0.9236,16,597,373,689,427
785,20230609c_01013.jpg,2877,fanning,0.9502,0.8953,16,924,373,1040,411
785,20230609c_01013.jpg,3347,neutral,0.8109,0.8274,16,927,375,960,398
786,20230609c_01014.jpg,158,fanning,0.9982,0.9514,16,1356,373,1486,418
786,20230609c_01014.jpg,842,neutral,0.9487,0.9328,16,586,373,680,431
786,20230609c_01014.jpg,3092,trophallaxis,0.5703,0.9244,16,651,282,724,346
786,20230609c_01014.jpg,3920,fanning,0.7858,0.9219,16,786,373,847,442
786,20230609c_01014.jpg,3934,uncertain,0.5065,0.9182,12,521,374,586,436
786,20230609c_01014.jpg,2877,fanning,0.9277,0.8488,16,932,374,1038,408
786,20230609c_01014.jpg,3347,neutral,0.7369,0.8201,16,934,376,963,400
787,20230609c_01015.jpg,3934,fanning,0.7263,0.9318,13,525,373,594,442
787,20230609c_01015.jpg,158,fanning,0.9981,0.9308,16,1354,373,1485,417
787,20230609c_01015.jpg,3920,fanning,0.9167,0.9235,16,785,373,839,440
787,20230609c_01015.jpg,842,neutral,0.9834,0.9233,16,609,374,676,427
787,20230609c_01015.jpg,3092,trophallaxis,0.7234,0.9057,16,662,286,728,347
787,20230609c_01015.jpg,2877,fanning,0.9682,0.8531,16,935,374,1041,411
787,20230609c_01015.jpg,3347,neutral,0.7747,0.6775,16,935,376,963,399
788,20230609c_01016.jpg,158,fanning,0.9980,0.9346,16,1354,373,1485,417
788,20230609c_01016.jpg,3934,fanning,0.8776,0.9315,14,524,374,589,438
788,20230609c_01016.jpg,842,neutral,0.9909,0.9200,16,607,373,674,432
788,20230609c_01016.jpg,3920,fanning,0.9864,0.9151,16,786,373,839,440
788,20230609c_01016.jpg,3092,trophallaxis,0.9385,0.9094,16,669,289,738,344
788,20230609c_01016.jpg,2877,fanning,0.9899,0.8682,16,938,373,1037,413
789,20230609c_01017.jpg,158,fanning,0.9977,0.9343,16,1353,373,1486,417
789,20230609c_01017.jpg,3934,fanning,0.9457,0.9291,15,521,374,590,429
789,20230609c_01017.jpg,3920,fanning,0.9868,0.9144,16,786,373,834,439
789,20230609c_01017.jpg,842,neutral,0.9947,0.9129,16,603,374,672,431
789,20230609c_01017.jpg,3092,trophallaxis,0.9917,0.9090,16,667,287,747,344
789,20230609c_01017.jpg,2877,fanning,0.9913,0.9024,16,935,373,1040,414
790,20230609c_01018.jpg,158,fanning,0.9975,0.9461,16,1354,373,1485,418
790,20230609c_01018.jpg,3976,buffering,0.0000,0.9341,1,1047,457,1110,548
790,20230609c_01018.jpg,3920,fanning,0.9922,0.9225,16,781,374,835,438
790,20230609c_01018.jpg,842,neutral,0.9977,0.9215,16,596,374,664,428
790,20230609c_01018.jpg,2877,fanning,0.9968,0.9172,16,940,373,1038,421
790,20230609c_01018.jpg,3934,neutral,0.5812,0.9105,16,527,373,592,416
790,20230609c_01018.jpg,3092,trophallaxis,0.9970,0.9002,16,673,289,753,347
791,20230609c_01019.jpg,158,fanning,0.9974,0.9438,16,1354,373,1485,417
791,20230609c_01019.jpg,3976,buffering,0.0000,0.9387,2,1039,441,1104,521
791,20230609c_01019.jpg,842,neutral,0.9866,0.9245,16,526,373,657,420
791,20230609c_01019.jpg,2877,fanning,0.9972,0.9230,16,947,374,1040,432
791,20230609c_01019.jpg,3092,trophallaxis,0.9994,0.9222,16,671,294,764,347
791,20230609c_01019.jpg,3920,fanning,0.9939,0.9181,16,780,374,837,440
791,20230609c_01019.jpg,3934,neutral,0.7078,0.8893,16,534,373,581,400
792,20230609c_01020.jpg,3976,buffering,0.0000,0.9423,3,1030,425,1092,517
792,20230609c_01020.jpg,158,fanning,0.9981,0.9347,16,1354,373,1484,420
792,20230609c_01020.jpg,2877,fanning,0.9976,0.9342,16,957,374,1047,426
792,20230609c_01020.jpg,842,neutral,0.9687,0.9303,16,581,374,650,418
792,20230609c_01020.jpg,3092,trophallaxis,0.9994,0.9145,16,678,295,773,346
792,20230609c_01020.jpg,3920,fanning,0.9939,0.9132,16,782,374,836,437
793,20230609c_01021.jpg,3976,fanning,0.5752,0.9422,4,1013,422,1079,516
793,20230609c_01021.jpg,158,fanning,0.9980,0.9373,16,1353,373,1486,417
793,20230609c_01021.jpg,842,neutral,0.9899,0.9250,16,591,375,648,418
793,20230609c_01021.jpg,3920,fanning,0.9957,0.9150,16,780,374,834,434
793,20230609c_01021.jpg,3092,trophallaxis,0.9995,0.9065,16,685,298,783,348
793,20230609c_01021.jpg,2877,fanning,0.9973,0.9047,16,961,373,1050,424
794,20230609c_01022.jpg,158,fanning,0.9984,0.9448,16,1358,373,1485,418
794,20230609c_01022.jpg,3976,fanning,0.7352,0.9434,5,1006,431,1085,523
794,20230609c_01022.jpg,2877,fanning,0.9970,0.9224,16,962,374,1054,425
794,20230609c_01022.jpg,3092,trophallaxis,0.9994,0.9113,16,686,300,787,349
794,20230609c_01022.jpg,3920,fanning,0.9959,0.9107,16,782,374,832,435
794,20230609c_01022.jpg,842,neutral,0.9955,0.9077,16,590,374,656,418
795,20230609c_01023.jpg,3976,fanning,0.8945,0.9507,6,987,423,1069,516
795,20230609c_01023.jpg,158,fanning,0.9985,0.9342,16,1353,373,1486,417
795,20230609c_01023.jpg,842,neutral,0.9936,0.9196,16,591,374,659,422
795,20230609c_01023.jpg,3990,buffering,0.0000,0.9145,1,641,375,711,434
795,20230609c_01023.jpg,3092,trophallaxis,0.9993,0.9104,16,693,302,798,350
795,20230609c_01023.jpg,3920,fanning,0.9965,0.9029,16,785,374,832,435
795,20230609c_01023.jpg,2877,fanning,0.9945,0.8166,16,972,374,1034,405
796,20230609c_01024.jpg,158,fanning,0.9983,0.9479,16,1354,373,1487,418
796,20230609c_01024.jpg,3976,fanning,0.8979,0.9436,7,970,380,1053,491
796,20230609c_01024.jpg,3092,trophallaxis,0.9991,0.9158,16,708,306,824,352
796,20230609c_01024.jpg,3893,neutral,0.9984,0.9125,14,564,373,637,468
796,20230609c_01024.jpg,3920,fanning,0.9970,0.9013,16,784,373,832,436
796,20230609c_01024.jpg,842,neutral,0.9954,0.8450,16,593,374,648,416
796,20230609c_01024.jpg,2877,fanning,0.9724,0.7286,16,971,374,1069,421
797,20230609c_01025.jpg,3976,fanning,0.9332,0.9359,8,957,386,1034,469
797,20230609c_01025.jpg,158,fanning,0.9979,0.9323,16,1354,373,1486,416
797,20230609c_01025.jpg,3893,neutral,0.9971,0.9128,15,541,374,625,454
797,20230609c_01025.jpg,3092,trophallaxis,0.9978,0.9088,16,715,305,822,354
797,20230609c_01025.jpg,2877,fanning,0.9849,0.8950,16,960,373,1078,423
797,20230609c_01025.jpg,3920,fanning,0.9976,0.8910,16,780,376,834,435
797,20230609c_01025.jpg,842,neutral,0.9968,0.8641,16,602,375,650,421
798,20230609c_01026.jpg,3976,fanning,0.9443,0.9410,9,937,377,1005,470
798,20230609c_01026.jpg,158,fanning,0.9973,0.9306,16,1352,373,1486,417
798,20230609c_01026.jpg,3893,neutral,0.9958,0.9270,16,531,376,607,457
798,20230609c_01026.jpg,3990,buffering,0.0000,0.9252,2,652,374,721,429
798,20230609c_01026.jpg,3092,trophallaxis,0.8984,0.9224,16,717,305,828,356
798,20230609c_01026.jpg,842,neutral,0.9940,0.9036,16,592,374,659,420
798,20230609c_01026.jpg,2877,fanning,0.9933,0.9033,16,992,375,1086,425
798,20230609c_01026.jpg,3920,fanning,0.9979,0.8948,16,784,377,824,426
799,20230609c_01027.jpg,3976,fanning,0.9535,0.9313,10,923,376,976,464
799,20230609c_01027.jpg,158,fanning,0.9970,0.9282,16,1353,374,1486,415
799,20230609c_01027.jpg,3990,buffering,0.0000,0.9272,3,651,374,723,427
799,20230609c_01027.jpg,3893,neutral,0.9920,0.9168,16,514,374,591,460
799,20230609c_01027.jpg,3092,fanning,0.9978,0.9112,16,721,306,830,351
799,20230609c_01027.jpg,2877,fanning,0.9933,0.9006,16,1003,373,1093,424
799,20230609c_01027.jpg,3920,fanning,0.9977,0.8984,16,778,377,823,424
799,20230609c_01027.jpg,842,neutral,0.9913,0.8823,16,590,374,656,419
800,20230609c_01028.jpg,158,fanning,0.9978,0.9348,16,1355,374,1487,417
800,20230609c_01028.jpg,3092,fanning,0.9987,0.9197,16,725,305,835,348
800,20230609c_01028.jpg,2877,fanning,0.9920,0.9184,16,1010,374,1097,423
800,20230609c_01028.jpg,3976,fanning,0.9656,0.9160,11,927,378,975,449
800,20230609c_01028.jpg,3990,neutral,0.9986,0.9138,4,653,374,721,423
800,20230609c_01028.jpg,842,neutral,0.9869,0.9123,16,600,374,657,420
800,20230609c_01028.jpg,3920,fanning,0.9980,0.8983,16,773,375,829,424
800,20230609c_01028.jpg,3997,buffering,0.0000,0.5579,1,813,416,855,425
801,20230609c_01029.jpg,3976,fanning,0.9686,0.9358,12,921,376,984,455
801,20230609c_01029.jpg,158,fanning,0.9978,0.9322,16,1356,373,1486,416
801,20230609c_01029.jpg,2877,fanning,0.9952,0.9203,16,1021,373,1100,422
801,20230609c_01029.jpg,842,neutral,0.9813,0.9200,16,600,374,660,421
801,20230609c_01029.jpg,3990,neutral,0.9968,0.9149,5,661,374,723,422
801,20230609c_01029.jpg,3092,fanning,0.9976,0.9096,16,738,304,846,347
801,20230609c_01029.jpg,3920,fanning,0.9981,0.8964,16,775,375,829,425
802,20230609c_01030.jpg,158,fanning,0.9972,0.9446,16,1355,373,1484,419
802,20230609c_01030.jpg,2877,fanning,0.9965,0.9378,16,1026,374,1100,421
802,20230609c_01030.jpg,3976,fanning,0.9732,0.9251,13,919,380,993,455
802,20230609c_01030.jpg,842,neutral,0.9775,0.9130,16,599,374,667,422
802,20230609c_01030.jpg,3092,fanning,0.9979,0.9123,16,748,305,858,348
802,20230609c_01030.jpg,3990,neutral,0.9888,0.9086,6,663,374,716,419
802,20230609c_01030.jpg,3920,fanning,0.9982,0.8938,16,780,375,820,424
802,20230609c_01030.jpg,4004,buffering,0.0000,0.7421,1,970,375,1030,405
803,20230609c_01031.jpg,158,fanning,0.9975,0.9473,16,1357,374,1485,417
803,20230609c_01031.jpg,3976,fanning,0.9772,0.9351,14,914,379,980,453
803,20230609c_01031.jpg,3092,fanning,0.9985,0.9232,16,756,307,861,349
803,20230609c_01031.jpg,842,neutral,0.8029,0.9190,16,599,374,666,424
803,20230609c_01031.jpg,3990,neutral,0.8543,0.9179,7,663,375,713,415
803,20230609c_01031.jpg,3920,fanning,0.9985,0.9015,16,778,376,819,426
803,20230609c_01031.jpg,4004,buffering,0.0000,0.8709,2,965,375,1029,406
803,20230609c_01031.jpg,3997,buffering,0.0000,0.6570,2,810,416,853,426
804,20230609c_01032.jpg,158,fanning,0.9969,0.9480,16,1354,374,1486,419
804,20230609c_01032.jpg,3976,fanning,0.9815,0.9380,15,904,380,968,453
804,20230609c_01032.jpg,3990,fanning,0.6729,0.9205,8,666,375,730,415
804,20230609c_01032.jpg,3092,fanning,0.9988,0.9205,16,765,307,868,350
804,20230609c_01032.jpg,842,neutral,0.7644,0.9204,16,598,374,665,424
804,20230609c_01032.jpg,4004,buffering,0.0000,0.8814,3,959,375,1022,405
804,20230609c_01032.jpg,3920,fanning,0.9985,0.8671,16,766,375,821,426
804,20230609c_01032.jpg,3997,buffering,0.0000,0.6697,3,809,416,853,427
805,20230609c_01033.jpg,158,fanning,0.9972,0.9543,16,1354,373,1489,417
805,20230609c_01033.jpg,4007,buffering,0.0000,0.9453,1,244,429,301,524
805,20230609c_01033.jpg,3092,fanning,0.9992,0.9259,16,776,308,879,354
805,20230609c_01033.jpg,842,neutral,0.7636,0.9221,16,598,374,661,427
805,20230609c_01033.jpg,3990,fanning,0.8966,0.9149,9,663,374,724,419
805,20230609c_01033.jpg,2877,fanning,0.9820,0.9073,16,1059,375,1102,405
805,20230609c_01033.jpg,3920,fanning,0.9985,0.8995,16,765,375,817,425
805,20230609c_01033.jpg,3976,fanning,0.9869,0.8993,16,896,376,968,451
805,20230609c_01033.jpg,4004,neutral,0.9989,0.8811,4,961,375,1024,404
805,20230609c_01033.jpg,3997,neutral,0.9998,0.5512,4,807,416,845,426
806,20230609c_01034.jpg,158,fanning,0.9975,0.9451,16,1354,373,1488,418
806,20230609c_01034.jpg,4007,buffering,0.0000,0.9417,2,247,411,302,507
806,20230609c_01034.jpg,3092,fanning,0.9993,0.9261,16,785,307,888,351
806,20230609c_01034.jpg,842,neutral,0.7190,0.9252,16,598,373,656,428
806,20230609c_01034.jpg,3976,fanning,0.9838,0.9205,16,898,375,961,446
806,20230609c_01034.jpg,3990,fanning,0.8045,0.9050,10,660,373,720,416
806,20230609c_01034.jpg,3920,fanning,0.9985,0.9025,16,764,375,820,426
806,20230609c_01034.jpg,2877,fanning,0.9718,0.9001,16,1065,375,1109,400
806,20230609c_01034.jpg,4004,neutral,0.9983,0.7563,5,969,375,1026,404
806,20230609c_01034.jpg,3997,neutral,0.9998,0.5685,5,804,416,845,426
807,20230609c_01035.jpg,158,fanning,0.9978,0.9436,16,1357,374,1487,417
807,20230609c_01035.jpg,4007,buffering,0.0000,0.9384,3,242,380,299,484
807,20230609c_01035.jpg,3092,fanning,0.9994,0.9366,16,802,308,902,351
807,20230609c_01035.jpg,3976,fanning,0.9899,0.9326,16,897,375,957,442
807,20230609c_01035.jpg,842,neutral,0.7124,0.9245,16,598,374,654,428
807,20230609c_01035.jpg,3990,fanning,0.8900,0.9015,11,656,374,717,410
807,20230609c_01035.jpg,3920,fanning,0.9985,0.8813,16,754,374,821,429
807,20230609c_01035.jpg,4004,neutral,0.9969,0.8508,6,972,375,1026,402
807,20230609c_01035.jpg,2877,fanning,0.9195,0.8415,16,1077,374,1114,396
807,20230609c_01035.jpg,3997,neutral,0.9998,0.6096,6,808,416,852,427
808,20230609c_01036.jpg,3092,fanning,0.9995,0.9350,16,810,308,914,353
808,20230609c_01036.jpg,158,fanning,0.9979,0.9350,16,1368,374,1488,417
808,20230609c_01036.jpg,4007,neutral,0.9986,0.9334,4,235,369,296,469
808,20230609c_01036.jpg,3976,fanning,0.9724,0.9288,16,893,375,948,431
808,20230609c_01036.jpg,842,fanning,0.6165,0.9283,16,592,374,659,425
808,20230609c_01036.jpg,3920,fanning,0.9986,0.8994,16,758,375,817,428
808,20230609c_01036.jpg,4004,neutral,0.9980,0.8859,7,972,375,1027,403
808,20230609c_01036.jpg,3990,fanning,0.5941,0.8492,12,662,374,704,394
808,20230609c_01036.jpg,3997,neutral,0.9998,0.5559,7,805,416,852,427
809,20230609c_01037.jpg,3092,fanning,0.9995,0.9397,16,814,309,922,355
809,20230609c_01037.jpg,842,fanning,0.8357,0.9397,16,584,374,658,424
809,20230609c_01037.jpg,158,fanning,0.9978,0.9358,16,1354,373,1489,417
809,20230609c_01037.jpg,3976,fanning,0.9775,0.9290,16,888,374,941,432
809,20230609c_01037.jpg,4007,neutral,0.9976,0.9269,5,241,372,301,471
809,20230609c_01037.jpg,3920,fanning,0.9986,0.8907,16,758,375,819,430
809,20230609c_01037.jpg,4004,neutral,0.9980,0.8798,8,974,375,1028,401
809,20230609c_01037.jpg,3990,neutral,0.7027,0.6507,13,664,374,697,390
809,20230609c_01037.jpg,3997,neutral,0.9998,0.6091,8,804,416,851,428
810,20230609c_01038.jpg,158,fanning,0.9979,0.9413,16,1355,374,1489,415
810,20230609c_01038.jpg,3092,fanning,0.9995,0.9360,16,818,309,925,359
810,20230609c_01038.jpg,4007,neutral,0.9854,0.9313,6,246,375,304,474
810,20230609c_01038.jpg,3976,fanning,0.9789,0.9247,16,886,375,937,424
810,20230609c_01038.jpg,842,fanning,0.9145,0.9131,16,589,374,653,418
810,20230609c_01038.jpg,3920,fanning,0.9986,0.8852,16,757,376,819,430
810,20230609c_01038.jpg,4004,neutral,0.9973,0.8790,9,976,375,1027,401
811,20230609c_01039.jpg,4007,neutral,0.9674,0.9407,7,248,386,319,471
811,20230609c_01039.jpg,158,fanning,0.9972,0.9326,16,1354,374,1489,417
811,20230609c_01039.jpg,3092,fanning,0.9995,0.9240,16,829,309,937,354
811,20230609c_01039.jpg,3976,fanning,0.8960,0.9177,16,890,375,936,420
811,20230609c_01039.jpg,3920,fanning,0.9985,0.9050,16,760,375,810,428
811,20230609c_01039.jpg,842,fanning,0.9499,0.9042,16,594,373,659,405
811,20230609c_01039.jpg,4004,neutral,0.9947,0.8596,10,975,375,1028,400
812,20230609c_01040.jpg,158,fanning,0.9964,0.9455,16,1354,374,1492,416
812,20230609c_01040.jpg,4007,neutral,0.8829,0.9424,8,269,394,350,477
812,20230609c_01040.jpg,3092,fanning,0.9994,0.9246,16,839,309,941,349
812,20230609c_01040.jpg,3976,fanning,0.8664,0.9198,16,890,374,936,416
812,20230609c_01040.jpg,842,fanning,0.9511,0.9182,16,588,373,649,406
812,20230609c_01040.jpg,3920,fanning,0.9984,0.9006,16,761,376,822,430
812,20230609c_01040.jpg,4004,neutral,0.9879,0.8820,11,975,375,1028,401
813,20230609c_01041.jpg,158,fanning,0.9967,0.9456,16,1355,374,1491,416
813,20230609c_01041.jpg,3092,fanning,0.9991,0.9214,16,843,309,947,347
813,20230609c_01041.jpg,3976,fanning,0.7986,0.9157,16,892,374,936,413
813,20230609c_01041.jpg,842,fanning,0.9594,0.8947,16,589,373,631,399
813,20230609c_01041.jpg,4004,neutral,0.9810,0.8757,12,975,375,1028,401
813,20230609c_01041.jpg,3920,fanning,0.9982,0.8680,16,759,375,825,427
814,20230609c_01042.jpg,158,fanning,0.9961,0.9492,16,1353,374,1493,416
814,20230609c_01042.jpg,3092,fanning,0.9989,0.9221,16,857,310,957,348
814,20230609c_01042.jpg,3976,fanning,0.8354,0.9119,16,892,374,937,412
814,20230609c_01042.jpg,842,fanning,0.8988,0.8873,16,582,373,623,395
814,20230609c_01042.jpg,3920,fanning,0.9982,0.8674,16,762,376,809,428
814,20230609c_01042.jpg,4004,neutral,0.9813,0.8544,13,975,375,1028,400
815,20230609c_01043.jpg,3893,neutral,0.9939,0.9466,16,478,422,556,508
815,20230609c_01043.jpg,158,fanning,0.9956,0.9340,16,1353,374,1492,415
815,20230609c_01043.jpg,3092,fanning,0.9990,0.9257,16,858,310,959,351
815,20230609c_01043.jpg,3976,fanning,0.8379,0.9135,16,892,374,939,412
815,20230609c_01043.jpg,3920,fanning,0.9984,0.8800,16,761,376,819,428
815,20230609c_01043.jpg,842,fanning,0.8712,0.8504,16,584,373,618,392
815,20230609c_01043.jpg,4004,neutral,0.9261,0.8374,14,975,375,1028,399
816,20230609c_01044.jpg,158,fanning,0.9939,0.9368,16,1352,374,1490,416
816,20230609c_01044.jpg,3976,fanning,0.7575,0.9354,16,893,374,939,411
816,20230609c_01044.jpg,3092,fanning,0.9990,0.9258,16,857,310,958,351
816,20230609c_01044.jpg,4004,neutral,0.9037,0.8851,15,977,375,1028,400
816,20230609c_01044.jpg,3920,fanning,0.9983,0.8561,16,767,376,823,432
816,20230609c_01044.jpg,842,fanning,0.8336,0.5878,16,580,374,610,390
817,20230609c_01045.jpg,158,fanning,0.9932,0.9383,16,1353,374,1488,416
817,20230609c_01045.jpg,3092,fanning,0.9985,0.9243,16,855,309,948,352
817,20230609c_01045.jpg,3976,fanning,0.7814,0.9141,16,894,374,940,412
817,20230609c_01045.jpg,3920,fanning,0.9982,0.8638,16,766,375,821,427
817,20230609c_01045.jpg,4004,neutral,0.8409,0.8454,16,977,375,1029,399
818,20230609c_01046.jpg,158,fanning,0.9938,0.9350,16,1353,374,1489,415
818,20230609c_01046.jpg,3092,fanning,0.9985,0.9270,16,853,310,940,351
818,20230609c_01046.jpg,3976,fanning,0.7712,0.9104,16,895,374,941,412
818,20230609c_01046.jpg,3920,fanning,0.9985,0.8914,16,764,376,817,428
818,20230609c_01046.jpg,4004,neutral,0.9106,0.8830,16,978,375,1031,401
819,20230609c_01047.jpg,158,fanning,0.9934,0.9397,16,1356,374,1489,415
819,20230609c_01047.jpg,3092,fanning,0.9986,0.9222,16,849,310,938,350
819,20230609c_01047.jpg,3976,fanning,0.7949,0.9019,16,895,374,942,410
819,20230609c_01047.jpg,3920,fanning,0.9982,0.8944,16,767,375,829,423
819,20230609c_01047.jpg,4004,neutral,0.9115,0.8752,16,976,375,1032,401
820,20230609c_01048.jpg,158,fanning,0.9950,0.9331,16,1357,374,1488,415
820,20230609c_01048.jpg,3092,fanning,0.9982,0.9250,16,852,309,935,351
820,20230609c_01048.jpg,3976,fanning,0.7795,0.9075,16,895,374,943,410
820,20230609c_01048.jpg,4004,neutral,0.9352,0.8941,16,978,375,1033,401
820,20230609c_01048.jpg,3920,fanning,0.9984,0.8893,16,762,374,826,421
821,20230609c_01049.jpg,4014,buffering,0.0000,0.9382,1,895,433,949,538
821,20230609c_01049.jpg,3092,fanning,0.9980,0.9335,16,858,309,923,353
821,20230609c_01049.jpg,158,fanning,0.9942,0.9251,16,1354,374,1493,415
821,20230609c_01049.jpg,3976,fanning,0.7388,0.9144,16,895,374,942,411
821,20230609c_01049.jpg,4004,neutral,0.8746,0.8956,16,978,375,1034,402
821,20230609c_01049.jpg,3920,fanning,0.9983,0.8759,16,763,374,826,419
822,20230609c_01050.jpg,4014,buffering,0.0000,0.9382,2,876,445,932,545
822,20230609c_01050.jpg,158,fanning,0.9934,0.9332,16,1353,374,1490,415
822,20230609c_01050.jpg,3092,fanning,0.9958,0.9169,16,863,309,922,352
822,20230609c_01050.jpg,3976,fanning,0.7033,0.8927,16,897,374,942,409
822,20230609c_01050.jpg,3920,fanning,0.9983,0.8863,16,763,374,818,418
822,20230609c_01050.jpg,4004,neutral,0.9519,0.8648,16,979,375,1034,401
823,20230609c_01051.jpg,4014,buffering,0.0000,0.9400,3,842,453,901,549
823,20230609c_01051.jpg,158,fanning,0.9923,0.9279,16,1352,374,1488,415
823,20230609c_01051.jpg,3092,fanning,0.9931,0.9241,16,858,309,916,353
823,20230609c_01051.jpg,3920,fanning,0.9981,0.8888,16,765,374,819,419
823,20230609c_01051.jpg,3976,fanning,0.7217,0.8857,16,905,376,943,415
823,20230609c_01051.jpg,4004,neutral,0.9788,0.8823,16,978,375,1033,401
824,20230609c_01052.jpg,4014,neutral,0.9986,0.9437,4,822,453,875,550
824,20230609c_01052.jpg,158,fanning,0.9890,0.9413,16,1353,374,1490,415
824,20230609c_01052.jpg,3092,fanning,0.9906,0.9331,16,852,309,916,352
824,20230609c_01052.jpg,3976,fanning,0.6289,0.9086,16,893,375,945,420
824,20230609c_01052.jpg,3920,fanning,0.9982,0.8856,16,765,374,824,418
824,20230609c_01052.jpg,4004,neutral,0.9852,0.8846,16,979,375,1033,401
825,20230609c_01053.jpg,4014,neutral,0.9965,0.9400,5,806,444,870,540
825,20230609c_01053.jpg,3092,fanning,0.9835,0.9335,16,849,310,924,355
825,20230609c_01053.jpg,158,fanning,0.9876,0.9297,16,1353,374,1491,415
825,20230609c_01053.jpg,3976,fanning,0.6080,0.8962,16,878,375,935,422
825,20230609c_01053.jpg,3920,fanning,0.9981,0.8866,16,765,373,824,418
825,20230609c_01053.jpg,4004,neutral,0.9798,0.8848,16,976,375,1032,402
826,20230609c_01054.jpg,4014,neutral,0.9902,0.9426,6,810,432,873,529
826,20230609c_01054.jpg,3092,fanning,0.9846,0.9265,16,854,310,931,359
826,20230609c_01054.jpg,158,fanning,0.9835,0.9255,16,1351,373,1491,415
826,20230609c_01054.jpg,3976,neutral,0.6173,0.9255,16,870,374,931,420
826,20230609c_01054.jpg,4004,neutral,0.9830,0.8902,16,976,375,1032,402
826,20230609c_01054.jpg,3920,fanning,0.9981,0.8819,16,762,373,822,417
827,20230609c_01055.jpg,4014,neutral,0.9783,0.9478,7,819,414,888,510
827,20230609c_01055.jpg,158,fanning,0.9867,0.9377,16,1355,374,1496,414
827,20230609c_01055.jpg,3092,fanning,0.9884,0.9305,16,853,310,931,354
827,20230609c_01055.jpg,3976,fanning,0.5676,0.9077,16,870,374,927,415
827,20230609c_01055.jpg,4004,neutral,0.9817,0.8934,16,975,375,1031,403
827,20230609c_01055.jpg,3920,fanning,0.9981,0.8918,16,767,374,820,414
828,20230609c_01056.jpg,3092,fanning,0.9868,0.9366,16,840,309,923,354
828,20230609c_01056.jpg,158,fanning,0.9893,0.9295,16,1353,374,1494,414
828,20230609c_01056.jpg,3920,fanning,0.9979,0.8971,16,769,375,819,413
828,20230609c_01056.jpg,4004,neutral,0.9839,0.8810,16,975,375,1031,403
828,20230609c_01056.jpg,3976,uncertain,0.5072,0.8739,16,869,374,919,403
829,20230609c_01057.jpg,4015,buffering,0.0000,0.9422,1,877,375,938,493
829,20230609c_01057.jpg,158,fanning,0.9910,0.9347,16,1356,374,1491,418
829,20230609c_01057.jpg,3092,fanning,0.9871,0.9277,16,837,308,930,352
829,20230609c_01057.jpg,3920,fanning,0.9970,0.8971,16,778,375,817,414
829,20230609c_01057.jpg,4004,neutral,0.9795,0.8885,16,975,375,1030,404
829,20230609c_01057.jpg,3976,fanning,0.5745,0.8715,16,861,374,918,402
830,20230609c_01058.jpg,158,fanning,0.9929,0.9473,16,1355,374,1492,418
830,20230609c_01058.jpg,4015,buffering,0.0000,0.9352,2,895,379,955,478
830,20230609c_01058.jpg,3092,fanning,0.9861,0.9244,16,824,308,917,348
830,20230609c_01058.jpg,4004,neutral,0.9635,0.8949,16,974,375,1030,403
830,20230609c_01058.jpg,3976,neutral,0.7597,0.8849,16,847,372,913,409
830,20230609c_01058.jpg,3920,fanning,0.9962,0.8784,16,780,375,817,414
831,20230609c_01059.jpg,158,fanning,0.9942,0.9346,16,1356,374,1491,419
831,20230609c_01059.jpg,4015,buffering,0.0000,0.9310,3,909,380,984,457
831,20230609c_01059.jpg,3092,fanning,0.9894,0.9251,16,813,308,905,346
831,20230609c_01059.jpg,3976,neutral,0.6498,0.9050,16,844,371,915,409
831,20230609c_01059.jpg,3920,fanning,0.9961,0.8819,16,767,375,820,416
831,20230609c_01059.jpg,4004,neutral,0.9754,0.8578,16,978,375,1029,405
832,20230609c_01060.jpg,158,fanning,0.9954,0.9328,16,1355,374,1495,417
832,20230609c_01060.jpg,3092,fanning,0.9819,0.9315,16,806,308,900,353
832,20230609c_01060.jpg,4015,neutral,0.9803,0.9222,4,923,378,995,456
832,20230609c_01060.jpg,3920,fanning,0.9955,0.8907,16,778,375,816,415
832,20230609c_01060.jpg,3976,neutral,0.5873,0.8904,16,854,373,897,402
832,20230609c_01060.jpg,4004,neutral,0.9744,0.8121,16,978,375,1031,404
833,20230609c_01061.jpg,4015,neutral,0.9794,0.9380,5,920,376,991,451
833,20230609c_01061.jpg,158,fanning,0.9959,0.9313,16,1357,374,1495,417
833,20230609c_01061.jpg,3092,fanning,0.9849,0.9272,16,803,308,894,351
833,20230609c_01061.jpg,3920,fanning,0.9957,0.8971,16,779,375,819,415
833,20230609c_01061.jpg,4004,neutral,0.9765,0.8598,16,982,375,1031,404
833,20230609c_01061.jpg,3976,neutral,0.6307,0.8213,16,849,374,895,401
834,20230609c_01062.jpg,158,fanning,0.9962,0.9416,16,1355,374,1491,419
834,20230609c_01062.jpg,4015,neutral,0.9834,0.9402,6,918,375,989,441
834,20230609c_01062.jpg,3092,fanning,0.9849,0.9299,16,793,308,888,350
834,20230609c_01062.jpg,3920,fanning,0.9940,0.8933,16,780,374,821,413
834,20230609c_01062.jpg,4004,neutral,0.9680,0.8819,16,981,375,1031,403
834,20230609c_01062.jpg,3976,neutral,0.7806,0.8227,16,837,373,892,400
835,20230609c_01063.jpg,158,fanning,0.9961,0.9351,16,1355,374,1488,419
835,20230609c_01063.jpg,4015,neutral,0.9953,0.9277,7,923,375,993,434
835,20230609c_01063.jpg,3092,fanning,0.9849,0.9236,16,788,308,875,352
835,20230609c_01063.jpg,4004,neutral,0.9669,0.8914,16,981,375,1032,403
835,20230609c_01063.jpg,3920,fanning,0.9933,0.8834,16,782,374,824,409
835,20230609c_01063.jpg,3976,neutral,0.9754,0.8305,16,854,374,894,396
836,20230609c_01064.jpg,158,fanning,0.9964,0.9339,16,1355,374,1491,418
836,20230609c_01064.jpg,3092,fanning,0.9807,0.9222,16,780,308,868,351
836,20230609c_01064.jpg,3920,fanning,0.9925,0.8933,16,781,373,831,411
836,20230609c_01064.jpg,4004,neutral,0.9757,0.8922,16,981,375,1033,404
836,20230609c_01064.jpg,3976,neutral,0.9914,0.7025,16,857,374,894,391
837,20230609c_01065.jpg,158,fanning,0.9972,0.9457,16,1354,374,1490,418
837,20230609c_01065.jpg,4015,neutral,0.9886,0.9367,8,923,373,992,421
837,20230609c_01065.jpg,3092,fanning,0.9819,0.9179,16,766,307,858,352
837,20230609c_01065.jpg,3920,fanning,0.9911,0.8839,16,788,374,825,411
837,20230609c_01065.jpg,4004,neutral,0.9876,0.8363,16,981,375,1033,402
838,20230609c_01066.jpg,158,fanning,0.9975,0.9354,16,1354,374,1487,418
838,20230609c_01066.jpg,4015,neutral,0.9852,0.9334,9,925,374,990,420
838,20230609c_01066.jpg,3092,fanning,0.9923,0.9307,16,763,307,852,358
838,20230609c_01066.jpg,3920,fanning,0.9902,0.8897,16,788,374,826,411
838,20230609c_01066.jpg,4004,neutral,0.9848,0.8749,16,980,375,1033,401
839,20230609c_01067.jpg,158,fanning,0.9975,0.9341,16,1354,374,1490,418
839,20230609c_01067.jpg,4015,neutral,0.9803,0.9318,10,923,374,992,415
839,20230609c_01067.jpg,3092,fanning,0.9944,0.9292,16,763,308,839,350
839,20230609c_01067.jpg,3920,fanning,0.9904,0.8895,16,790,374,827,409
839,20230609c_01067.jpg,4004,neutral,0.9788,0.8500,16,982,375,1033,403
840,20230609c_01068.jpg,158,fanning,0.9975,0.9317,16,1359,374,1491,416
840,20230609c_01068.jpg,3092,fanning,0.9957,0.9300,16,762,308,836,350
840,20230609c_01068.jpg,4015,neutral,0.9681,0.9249,11,923,373,999,414
840,20230609c_01068.jpg,3920,fanning,0.9890,0.8937,16,790,374,827,408
840,20230609c_01068.jpg,4004,neutral,0.9335,0.8482,16,982,375,1035,403
841,20230609c_01069.jpg,158,fanning,0.9976,0.9325,16,1358,374,1493,416
841,20230609c_01069.jpg,3092,fanning,0.9989,0.9318,16,764,308,836,350
841,20230609c_01069.jpg,4015,neutral,0.9709,0.9160,12,934,375,987,408
841,20230609c_01069.jpg,3920,fanning,0.9868,0.8895,16,791,374,828,408
841,20230609c_01069.jpg,4004,neutral,0.9386,0.8419,16,981,374,1036,403
842,20230609c_01070.jpg,158,fanning,0.9975,0.9335,16,1359,374,1490,416
842,20230609c_01070.jpg,3092,fanning,0.9986,0.9172,16,766,308,832,350
842,20230609c_01070.jpg,4015,neutral,0.9793,0.9121,13,933,375,986,407
842,20230609c_01070.jpg,3920,fanning,0.9844,0.8946,16,790,374,828,409
842,20230609c_01070.jpg,4004,neutral,0.9261,0.8389,16,982,375,1037,403
843,20230609c_01071.jpg,158,fanning,0.9979,0.9369,16,1356,374,1490,416
843,20230609c_01071.jpg,3092,fanning,0.9988,0.9327,16,762,308,833,351
843,20230609c_01071.jpg,3920,fanning,0.9861,0.8948,16,785,374,836,413
843,20230609c_01071.jpg,4015,neutral,0.9960,0.8765,14,933,375,981,402
843,20230609c_01071.jpg,4004,neutral,0.9744,0.8370,16,984,375,1037,403
844,20230609c_01072.jpg,158,fanning,0.9979,0.9440,16,1355,374,1485,421
844,20230609c_01072.jpg,3092,fanning,0.9989,0.9312,16,756,307,833,348
844,20230609c_01072.jpg,3920,fanning,0.9876,0.8875,16,785,373,845,414
844,20230609c_01072.jpg,4004,neutral,0.9683,0.8598,16,979,375,1038,403
844,20230609c_01072.jpg,4015,neutral,0.9946,0.8394,15,934,375,972,397
845,20230609c_01073.jpg,158,fanning,0.9977,0.9471,16,1354,374,1486,420
845,20230609c_01073.jpg,3092,fanning,0.9989,0.9326,16,749,307,827,347
845,20230609c_01073.jpg,3920,fanning,0.9914,0.8967,16,783,374,837,415
845,20230609c_01073.jpg,4004,neutral,0.9842,0.8699,16,980,375,1037,403
845,20230609c_01073.jpg,4015,neutral,0.9899,0.7766,16,942,375,974,392
846,20230609c_01074.jpg,158,fanning,0.9974,0.9347,16,1356,374,1490,419
846,20230609c_01074.jpg,3092,fanning,0.9990,0.9329,16,743,308,830,350
846,20230609c_01074.jpg,3920,fanning,0.9945,0.8893,16,781,374,837,413
846,20230609c_01074.jpg,4004,neutral,0.9899,0.8847,16,981,375,1037,404
847,20230609c_01075.jpg,158,fanning,0.9967,0.9356,16,1354,374,1491,417
847,20230609c_01075.jpg,3092,fanning,0.9988,0.9258,16,727,307,819,347
847,20230609c_01075.jpg,4004,neutral,0.9894,0.9151,16,979,375,1034,404
847,20230609c_01075.jpg,3920,fanning,0.9940,0.8963,16,786,373,836,412
848,20230609c_01076.jpg,158,fanning,0.9967,0.9456,16,1354,374,1489,417
848,20230609c_01076.jpg,3092,fanning,0.9992,0.9336,16,731,307,811,349
848,20230609c_01076.jpg,3920,fanning,0.9945,0.8966,16,783,373,839,410
848,20230609c_01076.jpg,4004,neutral,0.9920,0.8857,16,979,375,1032,404
849,20230609c_01077.jpg,158,fanning,0.9970,0.9366,16,1357,374,1491,420
849,20230609c_01077.jpg,3092,fanning,0.9991,0.9309,16,729,306,805,349
849,20230609c_01077.jpg,4004,neutral,0.9941,0.8995,16,979,374,1032,405
849,20230609c_01077.jpg,3920,fanning,0.9940,0.8867,16,784,373,841,412
849,20230609c_01077.jpg,4035,buffering,0.0000,0.6201,1,832,373,848,410
850,20230609c_01078.jpg,158,fanning,0.9967,0.9403,16,1357,374,1485,421
850,20230609c_01078.jpg,3092,fanning,0.9992,0.9360,16,720,307,803,348
850,20230609c_01078.jpg,3920,fanning,0.9933,0.9094,16,785,372,840,411
850,20230609c_01078.jpg,4004,neutral,0.9958,0.8965,16,979,375,1032,405
851,20230609c_01079.jpg,158,fanning,0.9959,0.9369,16,1357,374,1484,422
851,20230609c_01079.jpg,3092,fanning,0.9993,0.9309,16,723,307,801,350
851,20230609c_01079.jpg,3920,fanning,0.9934,0.9092,16,788,373,841,411
851,20230609c_01079.jpg,4004,neutral,0.9962,0.8938,16,979,375,1032,405
852,20230609c_01080.jpg,158,fanning,0.9939,0.9424,16,1356,374,1485,423
852,20230609c_01080.jpg,3092,fanning,0.9993,0.9413,16,726,307,797,349
852,20230609c_01080.jpg,3920,fanning,0.9933,0.8945,16,793,372,853,410
852,20230609c_01080.jpg,4004,neutral,0.9972,0.8709,16,978,375,1033,405
853,20230609c_01081.jpg,158,fanning,0.9914,0.9369,16,1355,374,1482,423
853,20230609c_01081.jpg,3092,fanning,0.9994,0.9217,16,723,307,799,348
853,20230609c_01081.jpg,3920,fanning,0.9954,0.8974,16,793,373,847,411
853,20230609c_01081.jpg,4004,neutral,0.9971,0.8758,16,978,375,1033,406
854,20230609c_01082.jpg,158,fanning,0.9894,0.9344,16,1356,374,1481,422
854,20230609c_01082.jpg,3092,fanning,0.9994,0.9316,16,719,307,813,348
854,20230609c_01082.jpg,3920,fanning,0.9961,0.8875,16,801,371,856,411
854,20230609c_01082.jpg,4004,neutral,0.9968,0.8806,16,976,375,1033,406
855,20230609c_01083.jpg,158,fanning,0.9812,0.9323,16,1355,374,1479,424
855,20230609c_01083.jpg,3092,fanning,0.9995,0.9272,16,719,307,817,351
855,20230609c_01083.jpg,3920,fanning,0.9966,0.8842,16,804,372,856,412
855,20230609c_01083.jpg,4004,neutral,0.9926,0.8722,16,975,375,1032,407
856,20230609c_01084.jpg,158,fanning,0.9716,0.9346,16,1355,374,1482,422
856,20230609c_01084.jpg,3092,fanning,0.9995,0.9238,16,710,305,813,349
856,20230609c_01084.jpg,3920,fanning,0.9973,0.9051,16,800,372,850,411
856,20230609c_01084.jpg,4004,neutral,0.9905,0.8908,16,974,375,1032,407
857,20230609c_01085.jpg,158,fanning,0.9248,0.9340,16,1354,374,1483,420
857,20230609c_01085.jpg,4055,buffering,0.0000,0.9307,1,1083,376,1143,458
857,20230609c_01085.jpg,4004,neutral,0.9878,0.9107,16,972,375,1030,407
857,20230609c_01085.jpg,3092,fanning,0.9995,0.9083,16,695,305,799,343
857,20230609c_01085.jpg,3920,fanning,0.9974,0.8978,16,788,373,846,410
858,20230609c_01086.jpg,158,fanning,0.8442,0.9375,16,1355,374,1483,420
858,20230609c_01086.jpg,4055,buffering,0.0000,0.9297,2,1085,375,1142,450
858,20230609c_01086.jpg,3092,fanning,0.9996,0.9255,16,683,305,784,347
858,20230609c_01086.jpg,4004,neutral,0.9814,0.9151,16,971,375,1029,408
858,20230609c_01086.jpg,3920,fanning,0.9975,0.8950,16,800,373,839,411
858,20230609c_01086.jpg,4060,buffering,0.0000,0.8795,1,610,1033,694,1079
859,20230609c_01087.jpg,158,fanning,0.7219,0.9376,16,1355,374,1484,421
859,20230609c_01087.jpg,4055,buffering,0.0000,0.9290,3,1082,375,1158,439
859,20230609c_01087.jpg,3092,fanning,0.9995,0.9278,16,674,305,778,347
859,20230609c_01087.jpg,4004,neutral,0.9200,0.9158,16,971,375,1029,408
859,20230609c_01087.jpg,3920,fanning,0.9971,0.8953,16,800,373,838,411
860,20230609c_01088.jpg,158,fanning,0.7637,0.9357,16,1354,374,1485,422
860,20230609c_01088.jpg,3092,fanning,0.9995,0.9196,16,667,305,772,343
860,20230609c_01088.jpg,4004,neutral,0.9087,0.9192,16,970,375,1029,409
860,20230609c_01088.jpg,4055,neutral,0.9971,0.9167,4,1080,376,1135,430
860,20230609c_01088.jpg,3920,fanning,0.9969,0.8984,16,795,374,843,411
861,20230609c_01089.jpg,158,fanning,0.7314,0.9356,16,1355,374,1488,418
861,20230609c_01089.jpg,3092,fanning,0.9995,0.9292,16,663,305,766,341
861,20230609c_01089.jpg,4055,neutral,0.9947,0.9284,5,1082,375,1133,420
861,20230609c_01089.jpg,4004,neutral,0.8668,0.9164,16,970,375,1026,410
861,20230609c_01089.jpg,3920,fanning,0.9967,0.9023,16,798,373,837,411
862,20230609c_01090.jpg,4064,buffering,0.0000,0.9355,1,941,439,993,525
862,20230609c_01090.jpg,158,fanning,0.7865,0.9348,16,1355,374,1489,420
862,20230609c_01090.jpg,4004,neutral,0.8606,0.9204,16,970,375,1026,410
862,20230609c_01090.jpg,3092,fanning,0.9994,0.9164,16,650,305,752,342
862,20230609c_01090.jpg,3920,fanning,0.9971,0.9048,16,797,373,837,411
863,20230609c_01091.jpg,158,fanning,0.8156,0.9354,16,1354,374,1489,418
863,20230609c_01091.jpg,4064,buffering,0.0000,0.9347,2,952,418,1014,499
863,20230609c_01091.jpg,3092,fanning,0.9995,0.9293,16,644,304,739,342
863,20230609c_01091.jpg,4004,neutral,0.8367,0.9041,16,970,375,1026,409
863,20230609c_01091.jpg,3920,fanning,0.9970,0.9036,16,797,373,836,411
864,20230609c_01092.jpg,4064,buffering,0.0000,0.9462,3,988,401,1045,492
864,20230609c_01092.jpg,158,fanning,0.8128,0.9350,16,1354,374,1489,421
864,20230609c_01092.jpg,3092,fanning,0.9994,0.9272,16,628,304,721,341
864,20230609c_01092.jpg,3920,fanning,0.9969,0.9035,16,797,373,836,411
864,20230609c_01092.jpg,4004,neutral,0.7962,0.8808,16,969,375,1026,408
865,20230609c_01093.jpg,4064,neutral,0.9814,0.9439,4,1021,398,1082,490
865,20230609c_01093.jpg,158,fanning,0.8862,0.9351,16,1357,374,1489,421
865,20230609c_01093.jpg,3092,fanning,0.9995,0.9320,16,623,303,715,344
865,20230609c_01093.jpg,3920,fanning,0.9970,0.9050,16,797,373,836,411
865,20230609c_01093.jpg,4004,neutral,0.6854,0.8874,16,970,376,1025,408
866,20230609c_01094.jpg,158,fanning,0.9232,0.9439,16,1354,374,1485,421
866,20230609c_01094.jpg,4064,neutral,0.9728,0.9417,5,1048,402,1130,487
866,20230609c_01094.jpg,4075,buffering,0.0000,0.9188,1,1076,883,1138,950
866,20230609c_01094.jpg,4004,neutral,0.5984,0.9167,16,970,375,1025,410
866,20230609c_01094.jpg,3092,fanning,0.9995,0.9142,16,620,302,707,344
866,20230609c_01094.jpg,3920,fanning,0.9974,0.9055,16,796,373,836,411
867,20230609c_01095.jpg,158,fanning,0.9258,0.9509,16,1357,374,1489,420
867,20230609c_01095.jpg,4064,neutral,0.9516,0.9412,6,1093,408,1171,495
867,20230609c_01095.jpg,3092,fanning,0.9995,0.9215,16,614,302,705,342
867,20230609c_01095.jpg,4075,buffering,0.0000,0.9159,2,1049,877,1108,945
867,20230609c_01095.jpg,4004,uncertain,0.5491,0.9129,16,970,375,1025,409
867,20230609c_01095.jpg,3920,fanning,0.9976,0.9033,16,796,374,835,411
868,20230609c_01096.jpg,4064,neutral,0.9088,0.9406,7,1136,422,1219,501
868,20230609c_01096.jpg,158,fanning,0.9453,0.9362,16,1356,374,1488,420
868,20230609c_01096.jpg,4004,fanning,0.6460,0.9124,16,970,375,1026,409
868,20230609c_01096.jpg,3092,fanning,0.9994,0.9066,16,610,302,693,338
868,20230609c_01096.jpg,3920,fanning,0.9974,0.9036,16,796,373,835,411
869,20230609c_01097.jpg,4064,neutral,0.7732,0.9469,8,1183,429,1257,520
869,20230609c_01097.jpg,158,fanning,0.9577,0.9338,16,1356,374,1490,420
869,20230609c_01097.jpg,3092,fanning,0.9993,0.9158,16,584,302,680,342
869,20230609c_01097.jpg,4004,fanning,0.7493,0.9082,16,971,375,1027,408
869,20230609c_01097.jpg,3920,fanning,0.9969,0.9059,16,796,374,835,411
870,20230609c_01098.jpg,158,fanning,0.9628,0.9504,16,1357,374,1488,420
870,20230609c_01098.jpg,4064,neutral,0.8034,0.9494,9,1240,435,1313,520
870,20230609c_01098.jpg,3092,fanning,0.9993,0.9171,16,576,302,674,341
870,20230609c_01098.jpg,4004,fanning,0.9394,0.9130,16,971,375,1027,408
870,20230609c_01098.jpg,3920,fanning,0.9966,0.9064,16,797,374,836,411
871,20230609c_01099.jpg,4064,neutral,0.7396,0.9449,10,1304,445,1367,525
871,20230609c_01099.jpg,158,fanning,0.9638,0.9423,16,1360,374,1489,419
871,20230609c_01099.jpg,4004,fanning,0.9599,0.9110,16,971,375,1028,409
871,20230609c_01099.jpg,3092,fanning,0.9990,0.9082,16,572,303,665,338
871,20230609c_01099.jpg,3920,fanning,0.9966,0.8970,16,800,373,839,411
872,20230609c_01100.jpg,158,fanning,0.9690,0.9473,16,1359,374,1490,420
872,20230609c_01100.jpg,4064,neutral,0.7264,0.9424,11,1352,459,1406,547
872,20230609c_01100.jpg,4004,fanning,0.9827,0.9165,16,971,375,1028,409
872,20230609c_01100.jpg,3920,fanning,0.9969,0.8995,16,793,373,852,410
872,20230609c_01100.jpg,3092,fanning,0.9985,0.8985,16,574,302,649,337
873,20230609c_01101.jpg,158,fanning,0.9789,0.9507,16,1383,374,1491,419
873,20230609c_01101.jpg,4064,neutral,0.6124,0.9371,12,1379,469,1433,575
873,20230609c_01101.jpg,4004,fanning,0.9814,0.9148,16,971,375,1030,409
873,20230609c_01101.jpg,3092,fanning,0.9965,0.8934,16,566,302,636,333
873,20230609c_01101.jpg,4060,buffering,0.0000,0.8832,2,591,1015,661,1065
873,20230609c_01101.jpg,3920,fanning,0.9970,0.8818,16,799,373,857,413
874,20230609c_01102.jpg,4064,uncertain,0.5016,0.9460,13,1416,485,1471,580
874,20230609c_01102.jpg,158,fanning,0.9882,0.9428,16,1360,374,1490,420
874,20230609c_01102.jpg,4004,fanning,0.9829,0.9179,16,970,375,1030,410
874,20230609c_01102.jpg,3092,fanning,0.9895,0.9005,16,563,302,628,332
874,20230609c_01102.jpg,3920,fanning,0.9973,0.8904,16,798,373,854,413
875,20230609c_01103.jpg,4064,fanning,0.5814,0.9394,14,1454,483,1504,575
875,20230609c_01103.jpg,158,fanning,0.9905,0.9333,16,1358,373,1489,421
875,20230609c_01103.jpg,4004,fanning,0.9865,0.9208,16,972,375,1030,409
875,20230609c_01103.jpg,3920,fanning,0.9977,0.8933,16,803,373,859,413
875,20230609c_01103.jpg,3092,fanning,0.9818,0.8668,16,559,302,617,331
876,20230609c_01104.jpg,4064,fanning,0.6562,0.9418,15,1493,468,1582,565
876,20230609c_01104.jpg,4110,buffering,0.0000,0.9405,1,536,441,593,522
876,20230609c_01104.jpg,158,fanning,0.9939,0.9354,16,1371,373,1490,421
876,20230609c_01104.jpg,4004,fanning,0.9853,0.9127,16,972,375,1031,408
876,20230609c_01104.jpg,3920,fanning,0.9977,0.8768,16,803,373,860,413
876,20230609c_01104.jpg,3092,fanning,0.9842,0.8762,16,557,302,611,330
877,20230609c_01105.jpg,4064,fanning,0.7162,0.9427,16,1559,471,1644,566
877,20230609c_01105.jpg,4110,buffering,0.0000,0.9385,2,547,430,597,515
877,20230609c_01105.jpg,158,fanning,0.9957,0.9352,16,1356,373,1490,421
877,20230609c_01105.jpg,4119,buffering,0.0000,0.9232,1,128,863,188,935
877,20230609c_01105.jpg,4004,fanning,0.9874,0.9105,16,972,375,1033,408
877,20230609c_01105.jpg,3920,fanning,0.9976,0.8844,16,803,372,857,411
877,20230609c_01105.jpg,3092,fanning,0.9859,0.8707,16,555,302,607,329
878,20230609c_01106.jpg,4064,fanning,0.7248,0.9367,16,1623,463,1711,558
878,20230609c_01106.jpg,4110,buffering,0.0000,0.9356,3,540,420,595,507
878,20230609c_01106.jpg,158,fanning,0.9967,0.9348,16,1356,373,1491,421
878,20230609c_01106.jpg,4075,buffering,0.0000,0.9217,3,957,886,1005,958
878,20230609c_01106.jpg,4004,fanning,0.9887,0.9113,16,973,375,1034,409
878,20230609c_01106.jpg,3920,fanning,0.9976,0.8955,16,804,373,862,412
878,20230609c_01106.jpg,3092,fanning,0.9887,0.8939,16,552,302,604,329
878,20230609c_01106.jpg,4119,buffering,0.0000,0.8838,2,155,861,203,922
879,20230609c_01107.jpg,4125,buffering,0.0000,0.9420,1,1263,375,1326,430
879,20230609c_01107.jpg,4110,neutral,0.9958,0.9386,4,518,392,582,498
879,20230609c_01107.jpg,158,fanning,0.9984,0.9331,16,1416,374,1490,418
879,20230609c_01107.jpg,4004,fanning,0.9877,0.9126,16,973,375,1034,408
879,20230609c_01107.jpg,3092,fanning,0.9894,0.8683,16,548,302,602,328
879,20230609c_01107.jpg,3920,fanning,0.9979,0.8197,16,803,373,859,413
879,20230609c_01107.jpg,4035,buffering,0.0000,0.7437,2,832,373,873,412
880,20230609c_01108.jpg,4110,neutral,0.9949,0.9345,5,494,388,554,491
880,20230609c_01108.jpg,158,fanning,0.9986,0.9320,16,1415,374,1492,418
880,20230609c_01108.jpg,4004,fanning,0.9859,0.9135,16,973,375,1035,408
880,20230609c_01108.jpg,3092,fanning,0.9894,0.9056,16,548,302,605,331
880,20230609c_01108.jpg,3920,fanning,0.9982,0.8876,16,803,373,860,414
881,20230609c_01109.jpg,158,fanning,0.9986,0.9334,16,1415,374,1492,418
881,20230609c_01109.jpg,4110,neutral,0.9814,0.9318,6,482,383,542,483
881,20230609c_01109.jpg,4004,fanning,0.9821,0.9174,16,973,375,1035,407
881,20230609c_01109.jpg,3092,fanning,0.9863,0.8952,16,545,302,598,331
881,20230609c_01109.jpg,3920,fanning,0.9983,0.8655,16,805,373,861,414
882,20230609c_01110.jpg,4142,buffering,0.0000,0.9360,1,1356,375,1432,482
882,20230609c_01110.jpg,158,fanning,0.9982,0.9332,16,1415,374,1493,416
882,20230609c_01110.jpg,4110,neutral,0.9799,0.9314,7,475,379,538,479
882,20230609c_01110.jpg,4004,fanning,0.9765,0.9138,16,974,374,1036,408
882,20230609c_01110.jpg,3920,fanning,0.9986,0.9081,16,805,373,868,415
882,20230609c_01110.jpg,3092,fanning,0.9827,0.8892,16,547,302,594,330
883,20230609c_01111.jpg,4110,neutral,0.9432,0.9386,8,482,382,553,474
883,20230609c_01111.jpg,158,fanning,0.9987,0.9323,16,1355,373,1492,474
883,20230609c_01111.jpg,4142,buffering,0.0000,0.9152,2,1354,373,1427,476
883,20230609c_01111.jpg,4004,fanning,0.9781,0.9141,16,973,374,1036,408
883,20230609c_01111.jpg,3920,fanning,0.9987,0.9057,16,803,372,861,416
883,20230609c_01111.jpg,3092,fanning,0.9767,0.8859,16,544,302,591,329
884,20230609c_01112.jpg,158,fanning,0.9990,0.9324,16,1355,373,1490,469
884,20230609c_01112.jpg,4004,fanning,0.9770,0.9238,16,974,374,1036,408
884,20230609c_01112.jpg,4142,buffering,0.0000,0.9144,3,1355,373,1418,469
884,20230609c_01112.jpg,3920,fanning,0.9988,0.9114,16,804,372,862,416
884,20230609c_01112.jpg,3092,fanning,0.9757,0.8561,16,542,302,588,328
885,20230609c_01113.jpg,4004,fanning,0.9774,0.9265,16,973,374,1036,408
885,20230609c_01113.jpg,3920,fanning,0.9989,0.9005,16,804,373,863,417
885,20230609c_01113.jpg,4159,buffering,0.0000,0.8950,1,745,664,781,726
885,20230609c_01113.jpg,4142,neutral,0.9990,0.8583,4,1355,375,1420,448
885,20230609c_01113.jpg,3092,fanning,0.9647,0.8070,16,541,302,582,329
886,20230609c_01114.jpg,4162,buffering,0.0000,0.9337,1,1421,374,1506,424
886,20230609c_01114.jpg,4004,fanning,0.9679,0.9197,16,973,374,1037,408
886,20230609c_01114.jpg,3920,fanning,0.9990,0.8802,16,803,373,861,417
886,20230609c_01114.jpg,4142,neutral,0.9987,0.8667,5,1365,375,1428,435
886,20230609c_01114.jpg,4060,buffering,0.0000,0.8539,3,567,1021,633,1065
887,20230609c_01115.jpg,4162,buffering,0.0000,0.9357,2,1424,373,1507,423
887,20230609c_01115.jpg,4169,buffering,0.0000,0.9304,1,751,608,808,682
887,20230609c_01115.jpg,4004,fanning,0.9632,0.9062,16,972,375,1038,409
887,20230609c_01115.jpg,3920,fanning,0.9990,0.8907,16,801,373,861,418
888,20230609c_01116.jpg,4162,buffering,0.0000,0.9363,3,1421,374,1507,423
888,20230609c_01116.jpg,4169,buffering,0.0000,0.9315,2,742,571,800,666
888,20230609c_01116.jpg,4174,buffering,0.0000,0.9286,1,757,471,812,539
888,20230609c_01116.jpg,4173,buffering,0.0000,0.9162,1,645,375,701,454
888,20230609c_01116.jpg,4004,fanning,0.9244,0.8977,16,973,375,1037,409
888,20230609c_01116.jpg,3920,fanning,0.9989,0.8740,16,803,373,860,419
889,20230609c_01117.jpg,4162,neutral,0.9989,0.9385,4,1424,374,1510,424
889,20230609c_01117.jpg,4169,buffering,0.0000,0.9377,3,737,556,795,642
889,20230609c_01117.jpg,4173,buffering,0.0000,0.9180,2,647,377,694,453
889,20230609c_01117.jpg,4174,buffering,0.0000,0.8997,2,744,457,802,529
889,20230609c_01117.jpg,4004,fanning,0.8484,0.8934,16,971,375,1037,411
889,20230609c_01117.jpg,3920,fanning,0.9991,0.8869,16,796,373,859,419
890,20230609c_01118.jpg,4169,neutral,0.9926,0.9417,4,746,517,801,610
890,20230609c_01118.jpg,4162,neutral,0.9979,0.9345,5,1423,374,1514,424
890,20230609c_01118.jpg,4174,buffering,0.0000,0.9293,3,736,444,784,523
890,20230609c_01118.jpg,4173,buffering,0.0000,0.9200,3,646,375,740,445
890,20230609c_01118.jpg,4004,fanning,0.8430,0.9139,16,971,374,1037,408
890,20230609c_01118.jpg,3920,fanning,0.9992,0.9098,16,801,373,859,422
891,20230609c_01119.jpg,4169,neutral,0.9281,0.9358,5,747,506,804,594
891,20230609c_01119.jpg,4162,neutral,0.9975,0.9354,6,1425,374,1516,424
891,20230609c_01119.jpg,4174,neutral,0.9997,0.9120,4,751,428,803,506
891,20230609c_01119.jpg,4004,fanning,0.7997,0.9057,16,972,374,1036,409
891,20230609c_01119.jpg,3920,fanning,0.9992,0.8977,16,800,373,860,424
891,20230609c_01119.jpg,4173,neutral,0.9989,0.8936,4,648,373,713,410
892,20230609c_01120.jpg,4169,neutral,0.8627,0.9452,6,755,496,813,584
892,20230609c_01120.jpg,4162,neutral,0.9975,0.9344,7,1425,374,1516,423
892,20230609c_01120.jpg,3920,fanning,0.9992,0.9272,16,770,375,843,441
892,20230609c_01120.jpg,4004,fanning,0.8011,0.9101,16,972,374,1036,410
892,20230609c_01120.jpg,4173,neutral,0.9994,0.8468,5,656,373,693,398
893,20230609c_01121.jpg,4169,neutral,0.8500,0.9368,7,757,496,836,580
893,20230609c_01121.jpg,4162,neutral,0.9979,0.9343,8,1425,374,1517,424
893,20230609c_01121.jpg,4004,fanning,0.8223,0.9215,16,972,374,1036,410
893,20230609c_01121.jpg,3920,fanning,0.9993,0.9126,16,807,374,873,429
893,20230609c_01121.jpg,4182,buffering,0.0000,0.9103,1,796,413,844,491
894,20230609c_01122.jpg,4169,neutral,0.7253,0.9374,8,770,482,845,562
894,20230609c_01122.jpg,4162,neutral,0.9977,0.9346,9,1425,374,1518,423
894,20230609c_01122.jpg,3920,fanning,0.9994,0.9292,16,810,372,882,434
894,20230609c_01122.jpg,4182,buffering,0.0000,0.9216,2,792,408,839,492
894,20230609c_01122.jpg,4004,fanning,0.7391,0.9150,16,972,374,1037,408
895,20230609c_01123.jpg,4169,neutral,0.7005,0.9373,9,786,475,863,557
895,20230609c_01123.jpg,4162,neutral,0.9958,0.9314,10,1425,374,1517,425
895,20230609c_01123.jpg,3920,fanning,0.9994,0.9286,16,803,373,879,423
895,20230609c_01123.jpg,4182,buffering,0.0000,0.9221,3,788,406,842,487
895,20230609c_01123.jpg,4004,fanning,0.6732,0.9193,16,973,374,1036,409
896,20230609c_01124.jpg,4169,neutral,0.5539,0.9367,10,793,465,875,551
896,20230609c_01124.jpg,3920,fanning,0.9995,0.9314,16,799,373,877,420
896,20230609c_01124.jpg,4182,fanning,0.9447,0.9278,4,781,404,837,488
896,20230609c_01124.jpg,4162,neutral,0.9911,0.9262,11,1426,374,1519,423
896,20230609c_01124.jpg,4004,fanning,0.5563,0.9100,16,972,375,1036,408
897,20230609c_01125.jpg,4169,fanning,0.5852,0.9372,11,801,459,876,539
897,20230609c_01125.jpg,4162,neutral,0.9319,0.9323,12,1426,373,1518,418
897,20230609c_01125.jpg,4182,fanning,0.9850,0.9319,5,777,396,836,480
897,20230609c_01125.jpg,4004,uncertain,0.5425,0.9249,16,972,374,1038,408
897,20230609c_01125.jpg,3920,fanning,0.9995,0.9158,16,795,373,879,414
898,20230609c_01126.jpg,4169,fanning,0.7098,0.9364,12,814,435,891,528
898,20230609c_01126.jpg,4162,neutral,0.8523,0.9339,13,1425,373,1517,417
898,20230609c_01126.jpg,4182,fanning,0.9898,0.9302,6,778,390,831,471
898,20230609c_01126.jpg,3920,fanning,0.9995,0.9164,16,805,373,876,416
898,20230609c_01126.jpg,4004,uncertain,0.5177,0.9093,16,972,374,1036,408
899,20230609c_01127.jpg,4169,fanning,0.7974,0.9514,13,824,426,902,510
899,20230609c_01127.jpg,4162,neutral,0.5963,0.9371,14,1424,373,1512,419
899,20230609c_01127.jpg,4182,fanning,0.9926,0.9284,7,766,373,855,463
899,20230609c_01127.jpg,4004,neutral,0.5524,0.9120,16,972,375,1035,408
899,20230609c_01127.jpg,3920,fanning,0.9996,0.8919,16,796,373,870,416
900,20230609c_01128.jpg,4197,buffering,0.0000,0.9417,1,1273,738,1329,819
900,20230609c_01128.jpg,4169,fanning,0.8008,0.9381,14,837,420,901,500
900,20230609c_01128.jpg,4162,fanning,0.6848,0.9379,15,1423,373,1511,418
900,20230609c_01128.jpg,4182,fanning,0.9968,0.9288,8,760,372,861,456
900,20230609c_01128.jpg,4004,neutral,0.5991,0.9101,16,972,375,1035,407
900,20230609c_01128.jpg,3920,fanning,0.9996,0.8948,16,803,373,868,414
901,20230609c_01129.jpg,4169,fanning,0.8524,0.9414,15,852,375,920,486
901,20230609c_01129.jpg,4162,fanning,0.7951,0.9357,16,1423,373,1511,416
901,20230609c_01129.jpg,4182,fanning,0.9973,0.9340,9,753,375,822,451
901,20230609c_01129.jpg,4197,buffering,0.0000,0.9328,2,1283,702,1356,785
901,20230609c_01129.jpg,4004,neutral,0.6186,0.9140,16,973,375,1035,407
901,20230609c_01129.jpg,3920,fanning,0.9996,0.9016,16,803,373,861,406
902,20230609c_01130.jpg,4182,fanning,0.9981,0.9414,10,752,375,815,439
902,20230609c_01130.jpg,4162,fanning,0.9083,0.9349,16,1422,374,1509,417
902,20230609c_01130.jpg,4169,fanning,0.8491,0.9344,16,860,376,921,465
902,20230609c_01130.jpg,4004,neutral,0.5714,0.9225,16,973,375,1035,408
902,20230609c_01130.jpg,3920,fanning,0.9996,0.8949,16,806,373,871,404
903,20230609c_01131.jpg,4162,fanning,0.9889,0.9358,16,1423,374,1511,416
903,20230609c_01131.jpg,4169,fanning,0.9195,0.9332,16,816,372,930,446
903,20230609c_01131.jpg,4004,uncertain,0.5189,0.9238,16,973,375,1034,408
903,20230609c_01131.jpg,4182,fanning,0.9991,0.9113,11,750,374,808,423
903,20230609c_01131.jpg,3920,fanning,0.9996,0.8716,16,812,373,875,402
904,20230609c_01132.jpg,4162,fanning,0.9914,0.9308,16,1423,374,1511,414
904,20230609c_01132.jpg,4004,fanning,0.6560,0.9236,16,973,375,1032,408
904,20230609c_01132.jpg,4169,fanning,0.9776,0.9004,16,830,374,934,434
904,20230609c_01132.jpg,4182,fanning,0.9936,0.8895,12,751,374,790,406
904,20230609c_01132.jpg,4204,buffering,0.0000,0.8597,1,1647,844,1692,893
904,20230609c_01132.jpg,3920,fanning,0.9995,0.8254,16,819,374,871,395
905,20230609c_01133.jpg,4162,fanning,0.9941,0.9356,16,1420,374,1511,421
905,20230609c_01133.jpg,4004,fanning,0.9209,0.9227,16,973,375,1032,408
905,20230609c_01133.jpg,4204,buffering,0.0000,0.8877,2,1631,832,1670,885
906,20230609c_01134.jpg,4162,fanning,0.9937,0.9302,16,1424,374,1511,415
906,20230609c_01134.jpg,4004,fanning,0.9217,0.9156,16,973,375,1032,408
906,20230609c_01134.jpg,4209,buffering,0.0000,0.8641,1,904,376,947,405
906,20230609c_01134.jpg,3920,fanning,0.9994,0.8141,16,837,373,881,397
907,20230609c_01135.jpg,4162,fanning,0.9957,0.9302,16,1425,373,1510,417
907,20230609c_01135.jpg,4004,fanning,0.9269,0.9074,16,973,375,1033,406
907,20230609c_01135.jpg,3920,fanning,0.9994,0.6388,16,841,374,879,390
908,20230609c_01136.jpg,4162,fanning,0.9967,0.9334,16,1427,373,1510,419
908,20230609c_01136.jpg,4213,buffering,0.0000,0.9279,1,369,833,430,914
908,20230609c_01136.jpg,4004,fanning,0.9220,0.9187,16,973,375,1033,407
909,20230609c_01137.jpg,4162,fanning,0.9977,0.9300,16,1428,373,1510,419
909,20230609c_01137.jpg,4213,buffering,0.0000,0.9252,2,391,833,458,912
909,20230609c_01137.jpg,4004,fanning,0.9175,0.9179,16,974,375,1033,408
909,20230609c_01137.jpg,4215,buffering,0.0000,0.8719,1,1314,375,1414,428
910,20230609c_01138.jpg,4162,fanning,0.9979,0.9322,16,1428,373,1512,419
910,20230609c_01138.jpg,4004,fanning,0.9215,0.9211,16,975,375,1034,408
911,20230609c_01139.jpg,4162,fanning,0.9980,0.9279,16,1427,373,1515,418
911,20230609c_01139.jpg,4004,fanning,0.9176,0.9191,16,978,375,1035,408
912,20230609c_01140.jpg,4162,fanning,0.9972,0.9376,16,1428,373,1513,422
912,20230609c_01140.jpg,4004,fanning,0.9383,0.9082,16,979,375,1035,409
913,20230609c_01141.jpg,4162,fanning,0.9970,0.9385,16,1428,373,1513,421
913,20230609c_01141.jpg,4004,fanning,0.9449,0.8784,16,980,375,1037,408
914,20230609c_01142.jpg,4162,fanning,0.9961,0.9385,16,1429,373,1515,421
914,20230609c_01142.jpg,4159,buffering,0.0000,0.9251,2,748,683,801,758
914,20230609c_01142.jpg,4004,fanning,0.9327,0.9050,16,977,375,1038,406
914,20230609c_01142.jpg,4222,buffering,0.0000,0.7739,1,804,374,851,393
915,20230609c_01143.jpg,4162,fanning,0.9945,0.9309,16,1430,373,1515,422
915,20230609c_01143.jpg,4004,fanning,0.9475,0.9040,16,983,375,1037,406
915,20230609c_01143.jpg,4222,buffering,0.0000,0.8524,2,804,374,843,394
916,20230609c_01144.jpg,4162,fanning,0.9911,0.9201,16,1431,373,1517,424
916,20230609c_01144.jpg,4004,fanning,0.9585,0.9067,16,985,375,1037,407
916,20230609c_01144.jpg,4222,buffering,0.0000,0.8761,3,803,373,843,395
917,20230609c_01145.jpg,4225,buffering,0.0000,0.9395,1,824,592,875,672
917,20230609c_01145.jpg,4162,fanning,0.9907,0.9268,16,1429,374,1515,421
917,20230609c_01145.jpg,4004,fanning,0.9640,0.8993,16,982,375,1037,408
917,20230609c_01145.jpg,4222,neutral,0.9995,0.8816,4,803,373,843,396
918,20230609c_01146.jpg,4162,fanning,0.9892,0.9418,16,1428,374,1512,413
918,20230609c_01146.jpg,4004,fanning,0.9587,0.8970,16,982,375,1038,407
918,20230609c_01146.jpg,4222,neutral,0.9993,0.8730,5,800,374,841,398
918,20230609c_01146.jpg,4215,buffering,0.0000,0.8447,2,1288,374,1416,417
919,20230609c_01147.jpg,4162,fanning,0.9815,0.9340,16,1428,374,1510,413
919,20230609c_01147.jpg,4004,fanning,0.9545,0.8873,16,979,375,1039,406
919,20230609c_01147.jpg,4215,buffering,0.0000,0.8608,3,1290,374,1414,418
919,20230609c_01147.jpg,4222,neutral,0.9988,0.8511,6,797,374,838,399
920,20230609c_01148.jpg,4162,fanning,0.9774,0.9370,16,1428,374,1505,416
920,20230609c_01148.jpg,4004,fanning,0.9322,0.8985,16,982,375,1040,405
920,20230609c_01148.jpg,4222,neutral,0.9978,0.8853,7,786,372,851,403
920,20230609c_01148.jpg,4215,neutral,0.9989,0.8608,4,1282,374,1415,417
921,20230609c_01149.jpg,4162,fanning,0.9745,0.9385,16,1428,374,1503,419
921,20230609c_01149.jpg,4222,neutral,0.9946,0.8919,8,795,373,836,403
921,20230609c_01149.jpg,4215,neutral,0.9975,0.8747,5,1280,375,1415,417
921,20230609c_01149.jpg,4004,fanning,0.9177,0.8689,16,977,375,1035,403
922,20230609c_01150.jpg,4162,fanning,0.9712,0.9406,16,1428,374,1504,420
922,20230609c_01150.jpg,4222,neutral,0.9890,0.8948,9,797,373,837,404
922,20230609c_01150.jpg,4215,neutral,0.9932,0.8856,6,1276,375,1415,417
922,20230609c_01150.jpg,4004,fanning,0.9115,0.8638,16,982,375,1035,402
923,20230609c_01151.jpg,4162,fanning,0.9756,0.9420,16,1428,374,1501,419
923,20230609c_01151.jpg,4222,neutral,0.9806,0.9098,10,792,373,832,413
923,20230609c_01151.jpg,4004,fanning,0.8436,0.8823,16,974,375,1036,401
923,20230609c_01151.jpg,4215,neutral,0.9769,0.8751,7,1272,374,1415,417
924,20230609c_01152.jpg,4162,fanning,0.9727,0.9418,16,1427,374,1501,419
924,20230609c_01152.jpg,4215,neutral,0.9242,0.9043,8,1271,375,1340,404
924,20230609c_01152.jpg,4222,neutral,0.9656,0.8965,11,793,374,832,412
924,20230609c_01152.jpg,4004,fanning,0.7475,0.8682,16,978,375,1036,402
925,20230609c_01153.jpg,4162,fanning,0.9671,0.9429,16,1428,374,1500,420
925,20230609c_01153.jpg,4222,neutral,0.9377,0.9102,12,789,373,847,409
925,20230609c_01153.jpg,4215,neutral,0.8273,0.9001,9,1271,375,1342,403
925,20230609c_01153.jpg,4004,fanning,0.7049,0.8515,16,979,375,1036,401
926,20230609c_01154.jpg,4162,fanning,0.9717,0.9409,16,1428,374,1500,419
926,20230609c_01154.jpg,4233,buffering,0.0000,0.9364,1,482,446,525,531
926,20230609c_01154.jpg,4222,neutral,0.8813,0.9045,13,792,373,851,407
926,20230609c_01154.jpg,4215,neutral,0.6642,0.8633,10,1270,374,1341,402
926,20230609c_01154.jpg,4004,fanning,0.7169,0.7767,16,980,375,1035,400
927,20230609c_01155.jpg,4162,fanning,0.9717,0.9411,16,1428,374,1501,418
927,20230609c_01155.jpg,4233,buffering,0.0000,0.9375,2,483,430,537,515
927,20230609c_01155.jpg,4222,neutral,0.7809,0.8985,14,794,373,837,404
927,20230609c_01155.jpg,4215,fanning,0.5935,0.8202,11,1268,374,1337,397
927,20230609c_01155.jpg,4004,fanning,0.7169,0.7829,16,973,375,1036,399
928,20230609c_01156.jpg,4162,fanning,0.9724,0.9406,16,1426,374,1500,417
928,20230609c_01156.jpg,4233,buffering,0.0000,0.9345,3,501,412,557,492
928,20230609c_01156.jpg,4222,neutral,0.8629,0.8943,15,796,373,836,400
928,20230609c_01156.jpg,4215,fanning,0.6384,0.8545,12,1263,374,1332,397
928,20230609c_01156.jpg,4004,fanning,0.6669,0.8382,16,979,375,1034,399
929,20230609c_01157.jpg,4162,fanning,0.9686,0.9388,16,1429,374,1501,417
929,20230609c_01157.jpg,4233,neutral,0.9996,0.9349,4,523,375,593,469
929,20230609c_01157.jpg,4222,neutral,0.9316,0.8892,16,794,373,835,399
929,20230609c_01157.jpg,4215,fanning,0.6884,0.8682,13,1254,374,1326,396
929,20230609c_01157.jpg,4004,fanning,0.5793,0.8354,16,974,375,1035,399
930,20230609c_01158.jpg,4162,fanning,0.9731,0.9429,16,1428,374,1501,419
930,20230609c_01158.jpg,4233,neutral,0.9958,0.9202,5,538,375,599,445
930,20230609c_01158.jpg,4222,neutral,0.7698,0.8851,16,794,373,833,397
930,20230609c_01158.jpg,4215,fanning,0.7144,0.8831,14,1252,375,1328,398
930,20230609c_01158.jpg,4004,uncertain,0.5004,0.8351,16,980,375,1037,399
931,20230609c_01159.jpg,4162,fanning,0.9706,0.9369,16,1427,374,1502,415
931,20230609c_01159.jpg,4233,neutral,0.9810,0.9170,6,545,375,611,438
931,20230609c_01159.jpg,4215,fanning,0.7203,0.8928,15,1253,375,1328,398
931,20230609c_01159.jpg,4222,neutral,0.8431,0.8713,16,795,374,832,395
931,20230609c_01159.jpg,4004,neutral,0.6488,0.8402,16,985,375,1037,399
932,20230609c_01160.jpg,4162,fanning,0.9707,0.9370,16,1429,374,1502,417
932,20230609c_01160.jpg,4215,fanning,0.7315,0.8846,16,1253,375,1330,399
932,20230609c_01160.jpg,4222,neutral,0.9145,0.8225,16,796,374,834,392
933,20230609c_01161.jpg,4162,fanning,0.9668,0.9388,16,1429,374,1503,416
933,20230609c_01161.jpg,4159,buffering,0.0000,0.9066,3,750,693,810,782
933,20230609c_01161.jpg,4215,fanning,0.7861,0.8910,16,1254,375,1331,400
933,20230609c_01161.jpg,4222,neutral,0.9730,0.7882,16,798,374,838,391
933,20230609c_01161.jpg,4004,neutral,0.7280,0.6942,16,994,375,1038,414
934,20230609c_01162.jpg,4162,fanning,0.9552,0.9374,16,1429,374,1503,417
934,20230609c_01162.jpg,4215,fanning,0.7897,0.8883,16,1254,375,1332,401
934,20230609c_01162.jpg,4004,neutral,0.8153,0.8604,16,993,374,1080,415
934,20230609c_01162.jpg,4222,neutral,0.9924,0.6355,16,798,375,836,394
935,20230609c_01163.jpg,4162,fanning,0.9526,0.9403,16,1429,374,1500,419
935,20230609c_01163.jpg,4215,fanning,0.7863,0.8960,16,1255,375,1331,404
935,20230609c_01163.jpg,4004,neutral,0.8850,0.8135,16,994,375,1039,402
935,20230609c_01163.jpg,4222,neutral,0.9994,0.6917,16,794,375,834,392
936,20230609c_01164.jpg,4162,fanning,0.9714,0.9424,16,1430,374,1500,422
936,20230609c_01164.jpg,4215,fanning,0.8301,0.8967,16,1257,375,1329,408
936,20230609c_01164.jpg,4222,neutral,0.9996,0.7875,16,791,375,830,394
936,20230609c_01164.jpg,4004,neutral,0.9358,0.7355,16,998,375,1038,399
937,20230609c_01165.jpg,4162,fanning,0.9799,0.9490,16,1427,375,1498,421
937,20230609c_01165.jpg,4215,fanning,0.8460,0.9072,16,1259,375,1328,409
937,20230609c_01165.jpg,4222,neutral,0.9997,0.7801,16,789,375,826,393
938,20230609c_01166.jpg,4162,fanning,0.9829,0.9520,16,1428,374,1497,420
938,20230609c_01166.jpg,4215,fanning,0.8602,0.9192,16,1262,375,1328,409
938,20230609c_01166.jpg,4222,neutral,0.9997,0.7139,16,789,375,825,393
938,20230609c_01166.jpg,4004,neutral,0.9220,0.6834,16,999,375,1040,397
939,20230609c_01167.jpg,4162,fanning,0.9869,0.9411,16,1431,374,1501,418
939,20230609c_01167.jpg,4246,buffering,0.0000,0.9394,1,234,441,303,536
939,20230609c_01167.jpg,4215,fanning,0.8507,0.9147,16,1265,375,1327,407
939,20230609c_01167.jpg,4222,neutral,0.9997,0.7191,16,789,375,830,393
940,20230609c_01168.jpg,4162,fanning,0.9880,0.9413,16,1430,374,1500,418
940,20230609c_01168.jpg,4215,fanning,0.8643,0.9040,16,1268,375,1328,400
941,20230609c_01169.jpg,4162,fanning,0.9895,0.9404,16,1429,374,1503,417
941,20230609c_01169.jpg,4215,fanning,0.8822,0.8994,16,1273,375,1324,400
942,20230609c_01170.jpg,4162,fanning,0.9931,0.9413,16,1429,374,1500,417
942,20230609c_01170.jpg,4215,fanning,0.7883,0.8173,16,1272,375,1319,397
942,20230609c_01170.jpg,4004,neutral,0.9254,0.6385,16,1015,375,1062,410
943,20230609c_01171.jpg,4162,fanning,0.9930,0.9380,16,1427,374,1501,419
943,20230609c_01171.jpg,4215,fanning,0.7331,0.8473,16,1272,375,1315,396
944,20230609c_01172.jpg,4162,fanning,0.9925,0.9409,16,1422,375,1500,418
944,20230609c_01172.jpg,4215,fanning,0.7027,0.7862,16,1272,375,1315,395
945,20230609c_01173.jpg,4162,fanning,0.9929,0.9408,16,1423,374,1500,420
945,20230609c_01173.jpg,4262,buffering,0.0000,0.9384,1,484,380,546,485
945,20230609c_01173.jpg,4215,fanning,0.7092,0.7165,16,1276,376,1317,396
946,20230609c_01174.jpg,4162,fanning,0.9919,0.9392,16,1426,375,1501,417
946,20230609c_01174.jpg,4262,buffering,0.0000,0.9257,2,497,373,559,449
946,20230609c_01174.jpg,4215,fanning,0.6536,0.7834,16,1277,375,1316,399
947,20230609c_01175.jpg,4162,fanning,0.9916,0.9392,16,1427,375,1500,417
947,20230609c_01175.jpg,4268,buffering,0.0000,0.9205,1,1568,755,1635,864
947,20230609c_01175.jpg,4215,fanning,0.5738,0.5889,16,1280,375,1314,400
948,20230609c_01176.jpg,4162,fanning,0.9901,0.9410,16,1425,375,1499,419
948,20230609c_01176.jpg,4215,uncertain,0.5328,0.5581,16,1280,375,1313,399
949,20230609c_01177.jpg,4162,fanning,0.9853,0.9421,16,1424,375,1499,420
950,20230609c_01178.jpg,4162,fanning,0.9874,0.9406,16,1426,375,1500,418
951,20230609c_01179.jpg,4162,fanning,0.9904,0.9416,16,1427,374,1501,420
952,20230609c_01180.jpg,4162,fanning,0.9935,0.9412,16,1428,374,1501,419
953,20230609c_01181.jpg,4162,fanning,0.9941,0.9401,16,1428,375,1502,418
954,20230609c_01182.jpg,4162,fanning,0.9948,0.9415,16,1394,375,1500,419
954,20230609c_01182.jpg,4262,buffering,0.0000,0.9112,3,533,376,604,435
955,20230609c_01183.jpg,4162,fanning,0.9960,0.9424,16,1426,374,1501,418
955,20230609c_01183.jpg,4262,neutral,0.9991,0.9066,4,541,375,616,428
956,20230609c_01184.jpg,4162,fanning,0.9966,0.9387,16,1423,375,1502,417
956,20230609c_01184.jpg,4262,neutral,0.9962,0.9136,5,548,376,622,431
957,20230609c_01185.jpg,4162,fanning,0.9971,0.9402,16,1423,375,1501,419
957,20230609c_01185.jpg,4262,neutral,0.9957,0.8819,6,547,375,623,431
958,20230609c_01186.jpg,4162,fanning,0.9975,0.9395,16,1425,375,1502,417
958,20230609c_01186.jpg,4294,buffering,0.0000,0.9387,1,1209,512,1273,608
958,20230609c_01186.jpg,4262,neutral,0.9989,0.9207,7,533,373,621,425
959,20230609c_01187.jpg,4294,buffering,0.0000,0.9426,2,1207,476,1280,567
959,20230609c_01187.jpg,4162,fanning,0.9977,0.9389,16,1427,374,1502,415
959,20230609c_01187.jpg,4300,buffering,0.0000,0.9201,1,658,967,703,1038
959,20230609c_01187.jpg,4262,neutral,0.9975,0.8938,8,532,374,616,416
960,20230609c_01188.jpg,4294,buffering,0.0000,0.9458,3,1221,451,1289,537
960,20230609c_01188.jpg,4162,fanning,0.9976,0.9381,16,1427,375,1502,417
960,20230609c_01188.jpg,4300,buffering,0.0000,0.9104,2,661,945,715,1003
960,20230609c_01188.jpg,4305,buffering,0.0000,0.5543,1,1004,375,1034,393
961,20230609c_01189.jpg,4294,neutral,0.9990,0.9454,4,1245,430,1316,513
961,20230609c_01189.jpg,4162,fanning,0.9977,0.9428,16,1429,374,1502,418
961,20230609c_01189.jpg,4300,buffering,0.0000,0.9232,3,679,934,740,990
961,20230609c_01189.jpg,4306,buffering,0.0000,0.9204,1,1489,802,1540,879
961,20230609c_01189.jpg,4262,neutral,0.9974,0.8006,9,565,375,600,390
961,20230609c_01189.jpg,4305,buffering,0.0000,0.6350,2,1004,375,1033,393
962,20230609c_01190.jpg,4162,fanning,0.9980,0.9416,16,1425,375,1502,415
962,20230609c_01190.jpg,4294,neutral,0.9968,0.9404,5,1283,415,1344,502
962,20230609c_01190.jpg,4306,buffering,0.0000,0.9237,2,1468,799,1518,879
963,20230609c_01191.jpg,4162,fanning,0.9982,0.9380,16,1430,374,1502,416
963,20230609c_01191.jpg,4294,neutral,0.9947,0.9366,6,1310,387,1362,487
964,20230609c_01192.jpg,4162,fanning,0.9982,0.9371,16,1429,374,1503,416
964,20230609c_01192.jpg,4294,neutral,0.9954,0.9336,7,1304,374,1414,463
965,20230609c_01193.jpg,4318,buffering,0.0000,0.9407,1,1210,474,1271,551
965,20230609c_01193.jpg,4162,fanning,0.9985,0.9382,16,1429,374,1501,416
966,20230609c_01194.jpg,4162,fanning,0.9981,0.9384,16,1429,374,1502,416
966,20230609c_01194.jpg,4318,buffering,0.0000,0.9294,2,1208,454,1262,555
966,20230609c_01194.jpg,4324,buffering,0.0000,0.9198,1,336,983,387,1079
967,20230609c_01195.jpg,4162,fanning,0.9982,0.9388,16,1429,374,1502,417
967,20230609c_01195.jpg,4318,buffering,0.0000,0.9359,3,1184,446,1240,532
967,20230609c_01195.jpg,4328,buffering,0.0000,0.9333,1,1519,996,1576,1079
968,20230609c_01196.jpg,4318,neutral,0.9998,0.9388,4,1156,428,1214,522
968,20230609c_01196.jpg,4162,fanning,0.9984,0.9380,16,1429,374,1502,416
968,20230609c_01196.jpg,4332,buffering,0.0000,0.9243,1,1302,374,1413,426
968,20230609c_01196.jpg,4328,buffering,0.0000,0.9167,2,1476,1007,1546,1080
969,20230609c_01197.jpg,4318,neutral,0.9997,0.9411,5,1135,409,1200,497
969,20230609c_01197.jpg,4162,fanning,0.9985,0.9389,16,1429,374,1503,414
969,20230609c_01197.jpg,4332,buffering,0.0000,0.9054,2,1304,375,1415,421
970,20230609c_01198.jpg,4318,neutral,0.9996,0.9473,6,1123,406,1194,484
970,20230609c_01198.jpg,4162,fanning,0.9984,0.9389,16,1429,374,1502,416
970,20230609c_01198.jpg,4332,buffering,0.0000,0.8931,3,1313,374,1415,423
971,20230609c_01199.jpg,4318,neutral,0.9994,0.9402,7,1132,399,1198,483
971,20230609c_01199.jpg,4162,fanning,0.9981,0.9387,16,1428,374,1503,418
971,20230609c_01199.jpg,4332,neutral,0.9988,0.8296,4,1306,374,1416,422
972,20230609c_01200.jpg,4162,fanning,0.9981,0.9390,16,1429,374,1503,416
972,20230609c_01200.jpg,4318,neutral,0.9989,0.9348,8,1139,378,1203,469
972,20230609c_01200.jpg,4345,buffering,0.0000,0.9140,1,450,774,513,867
972,20230609c_01200.jpg,4332,neutral,0.9978,0.8809,5,1312,376,1417,439
973,20230609c_01201.jpg,4318,neutral,0.9973,0.9364,9,1141,375,1201,459
973,20230609c_01201.jpg,4332,neutral,0.9963,0.8848,6,1315,376,1418,437
974,20230609c_01202.jpg,4162,fanning,0.9979,0.9381,16,1429,374,1503,416
974,20230609c_01202.jpg,4318,neutral,0.9948,0.9250,10,1137,374,1199,444
974,20230609c_01202.jpg,4324,buffering,0.0000,0.8730,2,318,1016,388,1056
974,20230609c_01202.jpg,4332,neutral,0.9682,0.8200,7,1315,375,1418,436
975,20230609c_01203.jpg,4162,fanning,0.9978,0.9364,16,1429,374,1503,415
975,20230609c_01203.jpg,4318,neutral,0.9889,0.9078,11,1137,375,1196,431
975,20230609c_01203.jpg,4332,neutral,0.9483,0.7815,8,1325,378,1416,435
976,20230609c_01204.jpg,4360,buffering,0.0000,0.9419,1,404,507,462,600
976,20230609c_01204.jpg,4162,fanning,0.9979,0.9384,16,1428,374,1502,414
976,20230609c_01204.jpg,4318,neutral,0.9760,0.8412,12,1142,375,1193,421
977,20230609c_01205.jpg,4162,fanning,0.9983,0.9423,16,1428,375,1503,413
977,20230609c_01205.jpg,4366,buffering,0.0000,0.9290,1,57,658,128,740
977,20230609c_01205.jpg,4318,neutral,0.9893,0.8544,13,1142,375,1180,404
977,20230609c_01205.jpg,4368,buffering,0.0000,0.6054,1,1348,416,1425,428
978,20230609c_01206.jpg,4162,fanning,0.9981,0.9309,16,1354,374,1504,418
979,20230609c_01207.jpg,4374,buffering,0.0000,0.9395,1,408,788,463,875
979,20230609c_01207.jpg,4375,buffering,0.0000,0.9388,1,468,412,527,512
979,20230609c_01207.jpg,4162,fanning,0.9974,0.9252,16,1355,373,1503,423
979,20230609c_01207.jpg,4366,buffering,0.0000,0.9205,2,51,697,115,802
980,20230609c_01208.jpg,4375,buffering,0.0000,0.9362,2,478,401,534,500
980,20230609c_01208.jpg,4162,fanning,0.9969,0.9310,16,1357,373,1504,422
980,20230609c_01208.jpg,4345,buffering,0.0000,0.9274,2,428,752,492,842
981,20230609c_01209.jpg,4375,buffering,0.0000,0.9389,3,475,385,541,484
981,20230609c_01209.jpg,4162,fanning,0.9971,0.9261,16,1352,374,1503,424
981,20230609c_01209.jpg,4387,buffering,0.0000,0.7045,1,1403,386,1428,417
982,20230609c_01210.jpg,4375,neutral,0.9386,0.9374,4,477,390,546,480
982,20230609c_01210.jpg,4345,buffering,0.0000,0.9322,3,415,742,480,810
982,20230609c_01210.jpg,4162,fanning,0.9969,0.9018,16,1354,374,1502,418
983,20230609c_01211.jpg,4375,neutral,0.8748,0.9385,5,478,380,550,477
983,20230609c_01211.jpg,4162,fanning,0.9971,0.9253,16,1355,375,1504,417
984,20230609c_01212.jpg,4375,neutral,0.7820,0.9424,6,485,379,553,478
984,20230609c_01212.jpg,4162,fanning,0.9969,0.9337,16,1415,374,1506,412
985,20230609c_01213.jpg,4375,neutral,0.6970,0.9438,7,489,381,554,478
985,20230609c_01213.jpg,4162,fanning,0.9964,0.9353,16,1424,375,1504,412
986,20230609c_01214.jpg,4162,fanning,0.9959,0.9496,16,1426,375,1505,411
986,20230609c_01214.jpg,4375,neutral,0.6661,0.9483,8,489,380,564,472
987,20230609c_01215.jpg,4162,fanning,0.9964,0.9465,16,1422,374,1505,411
987,20230609c_01215.jpg,4375,neutral,0.5817,0.9401,9,502,375,575,481
987,20230609c_01215.jpg,4415,buffering,0.0000,0.8615,1,1155,671,1194,716
988,20230609c_01216.jpg,4375,fanning,0.6202,0.9401,10,510,375,576,460
988,20230609c_01216.jpg,4162,fanning,0.9964,0.9348,16,1422,375,1508,411
988,20230609c_01216.jpg,4417,buffering,0.0000,0.9321,1,740,419,808,501
988,20230609c_01216.jpg,4415,buffering,0.0000,0.8189,2,1156,672,1196,713
989,20230609c_01217.jpg,4162,fanning,0.9966,0.9341,16,1423,374,1507,411
989,20230609c_01217.jpg,4417,buffering,0.0000,0.9323,2,774,418,833,512
989,20230609c_01217.jpg,4375,fanning,0.6193,0.8597,11,523,375,576,441
989,20230609c_01217.jpg,4415,buffering,0.0000,0.8295,3,1156,674,1200,712
990,20230609c_01218.jpg,4424,buffering,0.0000,0.9396,1,1100,441,1170,519
990,20230609c_01218.jpg,4162,fanning,0.9970,0.9295,16,1421,374,1507,411
990,20230609c_01218.jpg,4417,buffering,0.0000,0.9259,3,798,390,861,491
990,20230609c_01218.jpg,4375,fanning,0.8298,0.8992,12,515,374,580,430
990,20230609c_01218.jpg,4415,neutral,0.9997,0.8373,4,1160,672,1207,713
991,20230609c_01219.jpg,4417,neutral,0.9997,0.9419,4,801,373,861,453
991,20230609c_01219.jpg,4424,buffering,0.0000,0.9330,2,1130,446,1204,519
991,20230609c_01219.jpg,4162,fanning,0.9969,0.9282,16,1421,374,1508,410
991,20230609c_01219.jpg,4415,neutral,0.9997,0.8407,5,1163,672,1209,711
992,20230609c_01220.jpg,4429,buffering,0.0000,0.9458,1,813,526,875,611
992,20230609c_01220.jpg,4430,buffering,0.0000,0.9391,1,578,387,640,493
992,20230609c_01220.jpg,4162,fanning,0.9970,0.9262,16,1421,374,1508,410
992,20230609c_01220.jpg,4417,neutral,0.9994,0.9175,5,814,372,864,436
992,20230609c_01220.jpg,4415,neutral,0.9997,0.8557,6,1164,671,1215,712
993,20230609c_01221.jpg,4429,buffering,0.0000,0.9576,2,826,499,901,585
993,20230609c_01221.jpg,4417,neutral,0.9989,0.9499,6,818,373,876,443
993,20230609c_01221.jpg,4430,buffering,0.0000,0.9333,2,529,372,617,471
993,20230609c_01221.jpg,4162,fanning,0.9965,0.9229,16,1421,374,1508,410
993,20230609c_01221.jpg,4415,neutral,0.9997,0.8738,7,1165,670,1219,712
994,20230609c_01222.jpg,4429,buffering,0.0000,0.9438,3,857,466,929,552
994,20230609c_01222.jpg,4430,buffering,0.0000,0.9355,3,512,373,587,471
994,20230609c_01222.jpg,4162,fanning,0.9965,0.9229,16,1423,374,1508,411
994,20230609c_01222.jpg,4417,neutral,0.9971,0.9160,7,831,372,904,441
994,20230609c_01222.jpg,4415,neutral,0.9997,0.8727,8,1165,670,1228,712
995,20230609c_01223.jpg,4429,neutral,0.9996,0.9462,4,904,448,967,527
995,20230609c_01223.jpg,4437,buffering,0.0000,0.9439,1,1273,392,1335,480
995,20230609c_01223.jpg,4430,neutral,0.9598,0.9369,4,484,393,548,491
995,20230609c_01223.jpg,4417,neutral,0.9950,0.9265,8,838,373,899,438
995,20230609c_01223.jpg,4162,fanning,0.9977,0.9255,16,1425,374,1508,411
995,20230609c_01223.jpg,4415,neutral,0.9996,0.8701,9,1163,669,1228,714
996,20230609c_01224.jpg,4429,neutral,0.9995,0.9473,5,947,437,1011,517
996,20230609c_01224.jpg,4430,neutral,0.8736,0.9443,5,444,403,508,504
996,20230609c_01224.jpg,4437,buffering,0.0000,0.9438,2,1284,387,1349,467
996,20230609c_01224.jpg,4417,neutral,0.9906,0.9294,9,827,372,885,432
996,20230609c_01224.jpg,4162,fanning,0.9978,0.9220,16,1428,374,1507,411
996,20230609c_01224.jpg,4415,neutral,0.9995,0.8412,10,1166,672,1214,712
997,20230609c_01225.jpg,4429,neutral,0.9994,0.9434,6,984,446,1066,520
997,20230609c_01225.jpg,4437,buffering,0.0000,0.9379,3,1294,376,1363,467
997,20230609c_01225.jpg,4417,neutral,0.9954,0.9320,10,820,373,879,422
997,20230609c_01225.jpg,4430,fanning,0.6663,0.9266,6,428,398,488,499
997,20230609c_01225.jpg,4162,fanning,0.9980,0.9264,16,1428,374,1507,411
997,20230609c_01225.jpg,4439,buffering,0.0000,0.9157,1,126,985,178,1076
997,20230609c_01225.jpg,4415,neutral,0.9995,0.8185,11,1166,672,1209,711
998,20230609c_01226.jpg,4437,neutral,0.9943,0.9443,4,1296,375,1363,454
998,20230609c_01226.jpg,4417,neutral,0.9940,0.9298,11,821,373,881,416
998,20230609c_01226.jpg,4162,fanning,0.9980,0.9277,16,1424,375,1508,411
998,20230609c_01226.jpg,4415,neutral,0.9995,0.8302,12,1165,671,1204,710
999,20230609c_01227.jpg,4442,buffering,0.0000,0.9333,1,454,373,517,454
999,20230609c_01227.jpg,4162,fanning,0.9982,0.9284,16,1420,375,1508,411
999,20230609c_01227.jpg,4417,neutral,0.9945,0.9154,12,825,373,884,413
999,20230609c_01227.jpg,4415,neutral,0.9995,0.8208,13,1163,672,1202,709
1000,20230609c_01228.jpg,4162,fanning,0.9983,0.9265,16,1423,374,1508,411
1000,20230609c_01228.jpg,4442,buffering,0.0000,0.9209,2,455,376,509,433
1000,20230609c_01228.jpg,4417,neutral,0.9937,0.9031,13,827,372,881,406
1000,20230609c_01228.jpg,4415,neutral,0.9993,0.8399,14,1159,675,1197,712
1001,20230609c_01229.jpg,4442,buffering,0.0000,0.9335,3,456,374,519,438
1001,20230609c_01229.jpg,4162,fanning,0.9984,0.9231,16,1421,374,1506,410
1001,20230609c_01229.jpg,4417,neutral,0.9941,0.9044,14,825,372,881,406
1001,20230609c_01229.jpg,4452,buffering,0.0000,0.9010,1,1306,375,1347,403
1001,20230609c_01229.jpg,4415,neutral,0.9992,0.8446,15,1159,675,1197,711
1002,20230609c_01230.jpg,4162,fanning,0.9983,0.9255,16,1417,375,1507,410
1002,20230609c_01230.jpg,4442,neutral,0.9995,0.9208,4,455,374,543,430
1002,20230609c_01230.jpg,4417,neutral,0.9952,0.8885,15,828,373,876,402
1002,20230609c_01230.jpg,4415,neutral,0.9993,0.8402,16,1155,672,1203,709
1003,20230609c_01231.jpg,4162,fanning,0.9980,0.9288,16,1414,375,1508,411
1003,20230609c_01231.jpg,4417,neutral,0.9977,0.8575,16,830,374,872,396
1003,20230609c_01231.jpg,4415,neutral,0.9989,0.8171,16,1148,672,1205,711
1004,20230609c_01232.jpg,4162,fanning,0.9979,0.9337,16,1415,374,1508,411
1004,20230609c_01232.jpg,4442,neutral,0.9996,0.9067,5,461,373,534,436
1004,20230609c_01232.jpg,4415,neutral,0.9986,0.8164,16,1138,670,1200,710
1004,20230609c_01232.jpg,4417,neutral,0.9987,0.8130,16,828,374,873,396
1005,20230609c_01233.jpg,4162,fanning,0.9975,0.9312,16,1414,375,1508,411
1005,20230609c_01233.jpg,4442,neutral,0.9992,0.9087,6,471,373,547,428
1005,20230609c_01233.jpg,4415,neutral,0.9993,0.8410,16,1134,670,1195,710
1006,20230609c_01234.jpg,4463,buffering,0.0000,0.9462,1,523,480,581,570
1006,20230609c_01234.jpg,4464,buffering,0.0000,0.9447,1,1426,583,1483,672
1006,20230609c_01234.jpg,4442,neutral,0.9969,0.9330,7,473,373,545,425
1006,20230609c_01234.jpg,4162,fanning,0.9974,0.9281,16,1414,375,1508,410
1006,20230609c_01234.jpg,4415,neutral,0.9993,0.8571,16,1132,670,1197,707
1007,20230609c_01235.jpg,4463,buffering,0.0000,0.9380,2,537,456,592,544
1007,20230609c_01235.jpg,4442,neutral,0.9492,0.9357,8,481,373,553,424
1007,20230609c_01235.jpg,4162,fanning,0.9970,0.9302,16,1415,375,1507,411
1007,20230609c_01235.jpg,4415,neutral,0.9985,0.8711,16,1128,670,1194,706
1008,20230609c_01236.jpg,4463,buffering,0.0000,0.9357,3,558,426,618,519
1008,20230609c_01236.jpg,4442,trophallaxis,0.9808,0.9347,9,478,373,555,422
1008,20230609c_01236.jpg,4162,fanning,0.9970,0.9282,16,1415,374,1508,411
1008,20230609c_01236.jpg,4415,neutral,0.9972,0.8667,16,1125,669,1190,706
1009,20230609c_01237.jpg,4442,trophallaxis,0.9164,0.9390,10,482,374,560,426
1009,20230609c_01237.jpg,4463,neutral,0.9827,0.9350,4,570,413,634,505
1009,20230609c_01237.jpg,4162,fanning,0.9970,0.9295,16,1419,374,1508,412
1009,20230609c_01237.jpg,4415,neutral,0.9860,0.9092,16,1118,669,1192,707
1010,20230609c_01238.jpg,4442,fanning,0.5801,0.9436,11,486,373,565,427
1010,20230609c_01238.jpg,4463,neutral,0.9495,0.9421,5,570,403,621,499
1010,20230609c_01238.jpg,4162,fanning,0.9973,0.9306,16,1421,374,1508,412
1010,20230609c_01238.jpg,4415,neutral,0.9372,0.7394,16,1115,674,1183,707
1011,20230609c_01239.jpg,4463,neutral,0.7773,0.9462,6,564,396,623,489
1011,20230609c_01239.jpg,4442,fanning,0.9317,0.9406,12,489,375,561,427
1011,20230609c_01239.jpg,4162,fanning,0.9970,0.9322,16,1417,375,1508,411
1011,20230609c_01239.jpg,4415,neutral,0.8197,0.8318,16,1108,671,1174,707
1012,20230609c_01240.jpg,4463,fanning,0.6723,0.9409,7,560,391,623,488
1012,20230609c_01240.jpg,4162,fanning,0.9973,0.9336,16,1419,374,1508,411
1012,20230609c_01240.jpg,4442,fanning,0.9913,0.9255,13,496,374,567,425
1012,20230609c_01240.jpg,4415,neutral,0.8799,0.8409,16,1103,671,1177,708
1013,20230609c_01241.jpg,4162,fanning,0.9973,0.9353,16,1413,375,1508,411
1013,20230609c_01241.jpg,4463,fanning,0.7620,0.9304,8,564,385,623,481
1013,20230609c_01241.jpg,4442,fanning,0.9955,0.9240,14,498,375,565,426
1013,20230609c_01241.jpg,4415,neutral,0.5524,0.7526,16,1097,671,1180,709
1014,20230609c_01242.jpg,4442,fanning,0.8681,0.9282,15,496,375,555,421
1014,20230609c_01242.jpg,4162,fanning,0.9970,0.9277,16,1421,375,1509,411
1014,20230609c_01242.jpg,4463,fanning,0.8182,0.9263,9,564,374,627,467
1014,20230609c_01242.jpg,4415,trophallaxis,0.5733,0.8106,16,1089,671,1170,707
1015,20230609c_01243.jpg,4463,fanning,0.8617,0.9314,10,566,375,631,454
1015,20230609c_01243.jpg,4162,fanning,0.9967,0.9263,16,1419,375,1508,410
1015,20230609c_01243.jpg,4442,fanning,0.8958,0.9061,16,494,375,556,414
1015,20230609c_01243.jpg,4415,trophallaxis,0.8405,0.8588,16,1081,670,1168,707
1015,20230609c_01243.jpg,4474,buffering,0.0000,0.7492,1,986,375,1030,399
1016,20230609c_01244.jpg,4463,fanning,0.9332,0.9326,11,569,374,633,441
1016,20230609c_01244.jpg,4162,fanning,0.9963,0.9223,16,1417,375,1509,410
1016,20230609c_01244.jpg,4442,fanning,0.9040,0.8614,16,496,374,552,409
1016,20230609c_01244.jpg,4415,trophallaxis,0.8847,0.8541,16,1077,670,1162,712
1017,20230609c_01245.jpg,4162,fanning,0.9956,0.9249,16,1423,374,1508,409
1017,20230609c_01245.jpg,4463,fanning,0.7873,0.9173,12,574,375,637,424
1017,20230609c_01245.jpg,4442,fanning,0.7849,0.8599,16,500,374,564,407
1017,20230609c_01245.jpg,4415,trophallaxis,0.8224,0.5859,16,1075,670,1158,706
1018,20230609c_01246.jpg,4162,fanning,0.9954,0.9257,16,1423,374,1507,410
1018,20230609c_01246.jpg,4442,uncertain,0.5459,0.7987,16,518,375,556,398
1018,20230609c_01246.jpg,4415,trophallaxis,0.9723,0.6199,16,1071,669,1142,705
1019,20230609c_01247.jpg,4478,buffering,0.0000,0.9404,1,683,448,743,537
1019,20230609c_01247.jpg,4162,fanning,0.9957,0.9286,16,1422,374,1506,410
1019,20230609c_01247.jpg,4415,trophallaxis,0.9107,0.8714,16,1068,668,1143,707
1019,20230609c_01247.jpg,4442,neutral,0.5804,0.8612,16,524,375,558,396
1020,20230609c_01248.jpg,4478,buffering,0.0000,0.9369,2,672,439,734,531
1020,20230609c_01248.jpg,4162,fanning,0.9955,0.9267,16,1421,374,1507,410
1020,20230609c_01248.jpg,4415,trophallaxis,0.7698,0.8742,16,1066,668,1140,708
1020,20230609c_01248.jpg,4442,neutral,0.5826,0.8309,16,520,375,551,394
1021,20230609c_01249.jpg,4478,buffering,0.0000,0.9361,3,679,433,738,528
1021,20230609c_01249.jpg,4162,fanning,0.9966,0.9248,16,1423,374,1507,409
1021,20230609c_01249.jpg,4463,fanning,0.8568,0.8982,13,590,373,635,400
1021,20230609c_01249.jpg,4415,trophallaxis,0.7873,0.8842,16,1062,668,1138,708
1021,20230609c_01249.jpg,4442,neutral,0.7617,0.8173,16,521,375,552,393
1022,20230609c_01250.jpg,4478,neutral,0.9997,0.9373,4,692,423,758,512
1022,20230609c_01250.jpg,4162,fanning,0.9972,0.9271,16,1420,374,1504,408
1022,20230609c_01250.jpg,4463,fanning,0.8156,0.8735,14,587,373,633,396
1022,20230609c_01250.jpg,4415,trophallaxis,0.8899,0.8589,16,1065,668,1138,709
1022,20230609c_01250.jpg,4442,neutral,0.8081,0.7696,16,522,375,553,393
1023,20230609c_01251.jpg,4478,neutral,0.9997,0.9372,5,708,400,778,493
1023,20230609c_01251.jpg,4162,fanning,0.9972,0.9281,16,1421,374,1506,408
1023,20230609c_01251.jpg,4415,trophallaxis,0.9093,0.8453,16,1064,668,1130,707
1023,20230609c_01251.jpg,4442,neutral,0.7683,0.7458,16,522,375,552,392
1024,20230609c_01252.jpg,4162,fanning,0.9973,0.9350,16,1421,374,1506,407
1024,20230609c_01252.jpg,4478,neutral,0.9997,0.9171,6,728,374,792,464
1024,20230609c_01252.jpg,4415,neutral,0.6820,0.7894,16,1063,669,1128,710
1025,20230609c_01253.jpg,4478,neutral,0.9995,0.9224,7,746,374,804,437
1025,20230609c_01253.jpg,4162,fanning,0.9972,0.9206,16,1419,374,1507,407
1025,20230609c_01253.jpg,4415,neutral,0.9821,0.8405,16,1063,672,1126,712
1026,20230609c_01254.jpg,4478,neutral,0.9995,0.9308,8,749,375,812,437
1026,20230609c_01254.jpg,4162,fanning,0.9971,0.9136,16,1418,374,1508,407
1026,20230609c_01254.jpg,4415,neutral,0.9965,0.8434,16,1059,670,1122,712
1027,20230609c_01255.jpg,4478,neutral,0.9980,0.9319,9,747,374,805,433
1027,20230609c_01255.jpg,4162,fanning,0.9970,0.9226,16,1419,374,1507,408
1027,20230609c_01255.jpg,4415,neutral,0.9957,0.8153,16,1064,673,1127,709
1028,20230609c_01256.jpg,4478,neutral,0.9976,0.9268,10,747,375,792,424
1028,20230609c_01256.jpg,4162,fanning,0.9965,0.9217,16,1420,374,1507,407
1028,20230609c_01256.jpg,4415,neutral,0.9928,0.8483,16,1059,669,1129,707
1029,20230609c_01257.jpg,4478,neutral,0.9969,0.9201,11,750,375,801,419
1029,20230609c_01257.jpg,4162,fanning,0.9963,0.9178,16,1418,374,1507,407
1029,20230609c_01257.jpg,4415,neutral,0.9913,0.8612,16,1058,669,1126,707
1030,20230609c_01258.jpg,4162,fanning,0.9964,0.9222,16,1419,374,1507,407
1030,20230609c_01258.jpg,4478,neutral,0.9894,0.9214,12,748,374,815,420
1030,20230609c_01258.jpg,4415,neutral,0.9880,0.8585,16,1058,668,1124,706
1031,20230609c_01259.jpg,4162,fanning,0.9967,0.9251,16,1421,374,1505,413
1031,20230609c_01259.jpg,4415,neutral,0.9908,0.8590,16,1057,669,1126,707
1032,20230609c_01260.jpg,4162,fanning,0.9974,0.9315,16,1420,375,1505,408
1032,20230609c_01260.jpg,4415,neutral,0.9963,0.8369,16,1065,669,1124,708
1033,20230609c_01261.jpg,4162,fanning,0.9977,0.9311,16,1422,375,1501,414
1033,20230609c_01261.jpg,4415,neutral,0.9992,0.7468,16,1067,668,1115,706
1034,20230609c_01262.jpg,4162,fanning,0.9980,0.9298,16,1422,374,1496,412
1034,20230609c_01262.jpg,4499,buffering,0.0000,0.9296,1,1536,438,1594,517
1035,20230609c_01263.jpg,4499,buffering,0.0000,0.9350,2,1524,418,1591,491
1035,20230609c_01263.jpg,4162,fanning,0.9985,0.9346,16,1419,375,1499,415
1036,20230609c_01264.jpg,4499,buffering,0.0000,0.9471,3,1523,403,1578,485
1036,20230609c_01264.jpg,4162,fanning,0.9988,0.9308,16,1416,375,1499,414
1036,20230609c_01264.jpg,4478,neutral,0.9565,0.8738,13,747,372,834,402
1036,20230609c_01264.jpg,4501,buffering,0.0000,0.8224,1,1072,675,1122,716
1037,20230609c_01265.jpg,4499,neutral,0.9990,0.9435,4,1532,401,1590,484
1037,20230609c_01265.jpg,4162,fanning,0.9990,0.9304,16,1380,375,1498,412
1037,20230609c_01265.jpg,4478,neutral,0.9620,0.8896,14,748,371,833,403
1037,20230609c_01265.jpg,4501,buffering,0.0000,0.8407,2,1072,670,1120,711
1038,20230609c_01266.jpg,4162,fanning,0.9988,0.9381,16,1377,375,1499,416
1038,20230609c_01266.jpg,4499,neutral,0.9988,0.9351,5,1552,398,1608,488
1038,20230609c_01266.jpg,4478,neutral,0.9844,0.8830,15,746,373,828,403
1038,20230609c_01266.jpg,4501,buffering,0.0000,0.8542,3,1073,670,1120,712
1039,20230609c_01267.jpg,4499,neutral,0.9982,0.9399,6,1564,397,1624,488
1039,20230609c_01267.jpg,4162,fanning,0.9986,0.9344,16,1361,375,1498,414
1039,20230609c_01267.jpg,4478,neutral,0.9638,0.8807,16,743,372,831,400
1039,20230609c_01267.jpg,4501,neutral,0.9997,0.8159,4,1076,671,1121,715
1040,20230609c_01268.jpg,4162,fanning,0.9989,0.9417,16,1414,375,1499,418
1040,20230609c_01268.jpg,4499,neutral,0.9970,0.9415,7,1545,407,1618,488
1040,20230609c_01268.jpg,4501,neutral,0.9996,0.8025,5,1076,669,1122,708
1040,20230609c_01268.jpg,4478,neutral,0.9641,0.7975,16,745,376,812,397
1041,20230609c_01269.jpg,4506,buffering,0.0000,0.9406,1,802,422,872,516
1041,20230609c_01269.jpg,4162,fanning,0.9989,0.9395,16,1365,375,1499,418
1041,20230609c_01269.jpg,4501,neutral,0.9994,0.8010,6,1078,669,1129,710
1041,20230609c_01269.jpg,4478,neutral,0.9697,0.7752,16,754,375,812,396
1042,20230609c_01270.jpg,4162,fanning,0.9989,0.9351,16,1426,375,1497,420
1042,20230609c_01270.jpg,4506,buffering,0.0000,0.9349,2,799,396,867,497
1042,20230609c_01270.jpg,4501,neutral,0.9993,0.8327,7,1081,669,1127,709
1042,20230609c_01270.jpg,4478,neutral,0.9822,0.6861,16,747,375,816,397
1043,20230609c_01271.jpg,4508,buffering,0.0000,0.9355,1,1434,376,1548,480
1043,20230609c_01271.jpg,4506,buffering,0.0000,0.9352,3,790,390,859,486
1043,20230609c_01271.jpg,4162,fanning,0.9989,0.9261,16,1425,375,1500,416
1043,20230609c_01271.jpg,4501,neutral,0.8127,0.8221,8,1081,668,1137,699
1043,20230609c_01271.jpg,4478,neutral,0.9965,0.8133,16,749,375,813,400
1044,20230609c_01272.jpg,4506,neutral,0.9987,0.9354,4,775,383,855,492
1044,20230609c_01272.jpg,4508,buffering,0.0000,0.9319,2,1429,376,1547,478
1044,20230609c_01272.jpg,4162,fanning,0.9991,0.9241,16,1426,375,1498,417
1044,20230609c_01272.jpg,4478,neutral,0.9919,0.8617,16,754,376,815,404
1044,20230609c_01272.jpg,4501,trophallaxis,0.7900,0.8407,9,1086,668,1148,698
1045,20230609c_01273.jpg,4506,neutral,0.9938,0.9294,5,784,378,852,490
1045,20230609c_01273.jpg,4162,fanning,0.9991,0.9231,16,1426,375,1499,416
1045,20230609c_01273.jpg,4508,buffering,0.0000,0.9209,3,1490,400,1548,476
1045,20230609c_01273.jpg,4501,trophallaxis,0.9896,0.8231,10,1089,668,1157,696
1045,20230609c_01273.jpg,4478,neutral,0.9989,0.8049,16,755,375,810,403
1046,20230609c_01274.jpg,4506,neutral,0.9342,0.9327,6,794,374,857,470
1046,20230609c_01274.jpg,4162,fanning,0.9991,0.9306,16,1426,375,1502,418
1046,20230609c_01274.jpg,4508,neutral,0.9141,0.9264,4,1487,397,1543,473
1046,20230609c_01274.jpg,4478,neutral,0.9989,0.8326,16,753,376,807,402
1047,20230609c_01275.jpg,4506,neutral,0.7009,0.9322,7,796,371,868,460
1047,20230609c_01275.jpg,4162,fanning,0.9992,0.9249,16,1427,375,1499,417
1047,20230609c_01275.jpg,4508,neutral,0.7600,0.8824,5,1482,382,1548,466
1047,20230609c_01275.jpg,4478,neutral,0.9976,0.8250,16,751,375,807,402
1048,20230609c_01276.jpg,4162,fanning,0.9990,0.9297,16,1427,375,1500,416
1048,20230609c_01276.jpg,4506,fanning,0.7061,0.9244,8,785,373,856,456
1048,20230609c_01276.jpg,4508,neutral,0.7561,0.8959,6,1490,380,1551,462
1049,20230609c_01277.jpg,4506,fanning,0.8065,0.9312,9,788,373,858,456
1049,20230609c_01277.jpg,4162,fanning,0.9990,0.9286,16,1427,375,1500,417
1049,20230609c_01277.jpg,4508,neutral,0.9348,0.8929,7,1491,381,1552,462
1050,20230609c_01278.jpg,4162,fanning,0.9991,0.9312,16,1427,375,1501,417
1050,20230609c_01278.jpg,4506,fanning,0.8475,0.9272,10,790,373,862,454
1050,20230609c_01278.jpg,4508,neutral,0.9393,0.8973,8,1492,379,1549,461
1050,20230609c_01278.jpg,4478,neutral,0.9987,0.7649,16,755,376,803,398
1051,20230609c_01279.jpg,4506,fanning,0.8696,0.9369,11,793,372,864,450
1051,20230609c_01279.jpg,4162,fanning,0.9991,0.9279,16,1427,375,1502,417
1051,20230609c_01279.jpg,4508,neutral,0.9067,0.8910,9,1490,380,1561,461
1051,20230609c_01279.jpg,4478,neutral,0.9983,0.8121,16,754,376,803,396
1052,20230609c_01280.jpg,4506,fanning,0.8889,0.9363,12,797,372,868,446
1052,20230609c_01280.jpg,4162,fanning,0.9991,0.9223,16,1427,375,1502,417
1052,20230609c_01280.jpg,4508,neutral,0.7566,0.9057,10,1477,377,1572,460
1052,20230609c_01280.jpg,4478,neutral,0.9991,0.7902,16,756,376,799,393
1053,20230609c_01281.jpg,4506,fanning,0.9261,0.9364,13,796,373,870,435
1053,20230609c_01281.jpg,4162,fanning,0.9991,0.9164,16,1427,374,1553,453
1053,20230609c_01281.jpg,4508,uncertain,0.5061,0.8720,11,1485,382,1554,458
1054,20230609c_01282.jpg,4506,fanning,0.9604,0.9309,14,792,373,866,427
1054,20230609c_01282.jpg,4162,fanning,0.9992,0.9192,16,1427,374,1543,435
1054,20230609c_01282.jpg,4508,fanning,0.7215,0.8600,12,1482,381,1554,454
1054,20230609c_01282.jpg,4478,neutral,0.9994,0.7985,16,763,376,804,395
1055,20230609c_01283.jpg,4506,fanning,0.9962,0.9140,15,789,372,868,417
1055,20230609c_01283.jpg,4162,fanning,0.9993,0.9131,16,1425,375,1493,413
1055,20230609c_01283.jpg,4508,fanning,0.8952,0.8735,13,1469,374,1554,453
1055,20230609c_01283.jpg,4478,neutral,0.9995,0.7097,16,776,375,802,398
1056,20230609c_01284.jpg,4162,fanning,0.9993,0.9121,16,1426,375,1494,414
1056,20230609c_01284.jpg,4506,fanning,0.9982,0.9009,16,807,372,872,410
1056,20230609c_01284.jpg,4508,fanning,0.9623,0.8932,14,1462,374,1556,453
1056,20230609c_01284.jpg,4478,neutral,0.9995,0.7675,16,776,375,807,398
1057,20230609c_01285.jpg,4506,fanning,0.9982,0.9105,16,795,372,869,409
1057,20230609c_01285.jpg,4162,fanning,0.9993,0.9094,16,1425,375,1498,415
1057,20230609c_01285.jpg,4508,fanning,0.9852,0.8855,15,1485,382,1568,455
1057,20230609c_01285.jpg,4478,neutral,0.9995,0.8501,16,775,375,806,397
1058,20230609c_01286.jpg,4162,fanning,0.9993,0.9255,16,1426,375,1501,416
1058,20230609c_01286.jpg,4508,fanning,0.9904,0.9100,16,1488,384,1567,463
1058,20230609c_01286.jpg,4506,fanning,0.9965,0.8959,16,800,373,869,406
1058,20230609c_01286.jpg,4478,neutral,0.9996,0.8693,16,774,375,804,396
1059,20230609c_01287.jpg,4162,fanning,0.9993,0.9223,16,1426,375,1496,416
1059,20230609c_01287.jpg,4506,fanning,0.9936,0.8911,16,812,373,866,401
1059,20230609c_01287.jpg,4508,fanning,0.9265,0.8673,16,1485,381,1552,461
1060,20230609c_01288.jpg,4162,fanning,0.9993,0.9236,16,1426,375,1500,415
1060,20230609c_01288.jpg,4508,neutral,0.9871,0.9064,16,1485,381,1545,460
1060,20230609c_01288.jpg,4506,fanning,0.9901,0.8906,16,811,373,867,401
1061,20230609c_01289.jpg,4162,fanning,0.9993,0.9288,16,1426,375,1501,415
1061,20230609c_01289.jpg,4508,neutral,0.9945,0.9287,16,1486,387,1544,457
1061,20230609c_01289.jpg,4506,fanning,0.9816,0.8706,16,811,373,867,397
1062,20230609c_01290.jpg,4162,fanning,0.9993,0.9314,16,1424,374,1501,414
1062,20230609c_01290.jpg,4508,neutral,0.9899,0.9275,16,1486,381,1555,452
1062,20230609c_01290.jpg,4506,fanning,0.9762,0.8785,16,817,374,862,395
1063,20230609c_01291.jpg,4162,fanning,0.9992,0.9303,16,1425,374,1503,414
1063,20230609c_01291.jpg,4508,neutral,0.9849,0.9302,16,1484,383,1550,453
1063,20230609c_01291.jpg,4506,fanning,0.9378,0.8418,16,818,374,860,391
1064,20230609c_01292.jpg,4508,neutral,0.9766,0.9347,16,1485,383,1553,453
1064,20230609c_01292.jpg,4162,fanning,0.9992,0.9298,16,1427,375,1502,416
1065,20230609c_01293.jpg,4508,neutral,0.9587,0.9344,16,1484,384,1554,455
1065,20230609c_01293.jpg,4162,fanning,0.9993,0.9317,16,1424,374,1503,415
1066,20230609c_01294.jpg,4508,neutral,0.8216,0.9351,16,1485,384,1555,457
1066,20230609c_01294.jpg,4162,fanning,0.9993,0.9330,16,1423,374,1503,414
1067,20230609c_01295.jpg,4508,neutral,0.8050,0.9380,16,1485,386,1560,456
1067,20230609c_01295.jpg,4162,fanning,0.9993,0.9324,16,1426,374,1503,413
1068,20230609c_01296.jpg,4162,fanning,0.9994,0.9423,16,1427,374,1503,412
1068,20230609c_01296.jpg,4508,neutral,0.7917,0.9374,16,1486,388,1561,454
1069,20230609c_01297.jpg,4508,neutral,0.8759,0.9349,16,1492,386,1564,450
1069,20230609c_01297.jpg,4162,fanning,0.9994,0.9348,16,1427,375,1501,414
1070,20230609c_01298.jpg,4162,fanning,0.9987,0.9359,16,1427,374,1503,413
1070,20230609c_01298.jpg,4508,neutral,0.8240,0.9267,16,1497,386,1570,447
1071,20230609c_01299.jpg,4162,fanning,0.9986,0.9366,16,1427,374,1505,412
1071,20230609c_01299.jpg,4508,neutral,0.7523,0.9299,16,1497,383,1577,445
1071,20230609c_01299.jpg,4537,buffering,0.0000,0.9263,1,633,376,697,466
1072,20230609c_01300.jpg,4508,neutral,0.6789,0.9401,16,1504,385,1584,444
1072,20230609c_01300.jpg,4537,buffering,0.0000,0.9283,2,635,376,694,465
1072,20230609c_01300.jpg,4162,fanning,0.9986,0.9277,16,1427,374,1505,410
1073,20230609c_01301.jpg,4508,neutral,0.5565,0.9423,16,1504,384,1585,442
1073,20230609c_01301.jpg,4537,buffering,0.0000,0.9355,3,642,376,699,455
1073,20230609c_01301.jpg,4162,fanning,0.9984,0.9340,16,1427,374,1506,413
1074,20230609c_01302.jpg,4508,uncertain,0.5011,0.9406,16,1506,384,1586,443
1074,20230609c_01302.jpg,4162,fanning,0.9979,0.9328,16,1427,374,1505,411
1074,20230609c_01302.jpg,4537,neutral,0.9997,0.9308,4,648,375,699,439
1075,20230609c_01303.jpg,4162,fanning,0.9986,0.9427,16,1427,374,1506,412
1075,20230609c_01303.jpg,4508,fanning,0.5863,0.9369,16,1504,385,1586,442
1075,20230609c_01303.jpg,4537,neutral,0.9997,0.9189,5,645,375,711,428
1076,20230609c_01304.jpg,4162,fanning,0.9986,0.9409,16,1427,374,1505,411
1076,20230609c_01304.jpg,4508,fanning,0.6903,0.9371,16,1506,386,1591,442
1076,20230609c_01304.jpg,4537,neutral,0.9997,0.9173,6,648,374,708,423
1077,20230609c_01305.jpg,4162,fanning,0.9985,0.9336,16,1425,375,1504,411
1077,20230609c_01305.jpg,4508,fanning,0.8124,0.9208,16,1507,386,1598,440
1077,20230609c_01305.jpg,4537,neutral,0.9997,0.8724,7,657,374,712,414
1078,20230609c_01306.jpg,4162,fanning,0.9984,0.9360,16,1426,374,1507,411
1078,20230609c_01306.jpg,4508,fanning,0.9822,0.9270,16,1510,386,1599,439
1079,20230609c_01307.jpg,4508,fanning,0.9898,0.9344,16,1511,385,1599,437
1079,20230609c_01307.jpg,4162,fanning,0.9984,0.9324,16,1426,374,1505,410
1079,20230609c_01307.jpg,4546,buffering,0.0000,0.9097,1,634,374,707,436
1079,20230609c_01307.jpg,4537,neutral,0.9997,0.8056,8,681,376,721,403
1080,20230609c_01308.jpg,4508,fanning,0.9953,0.9364,16,1516,386,1596,438
1080,20230609c_01308.jpg,4162,fanning,0.9986,0.9285,16,1425,374,1506,410
1080,20230609c_01308.jpg,4546,buffering,0.0000,0.9225,2,632,375,695,427
1081,20230609c_01309.jpg,4508,fanning,0.9962,0.9409,16,1512,386,1596,441
1081,20230609c_01309.jpg,4162,fanning,0.9989,0.9284,16,1423,374,1504,409
1081,20230609c_01309.jpg,4546,buffering,0.0000,0.9175,3,639,375,708,426
1082,20230609c_01310.jpg,4546,neutral,0.9938,0.9389,4,642,375,704,425
1082,20230609c_01310.jpg,4162,fanning,0.9987,0.9366,16,1425,374,1505,410
1082,20230609c_01310.jpg,4508,fanning,0.9928,0.9345,16,1508,386,1587,443
1083,20230609c_01311.jpg,4508,fanning,0.9914,0.9328,16,1509,386,1588,448
1083,20230609c_01311.jpg,4162,fanning,0.9986,0.9311,16,1426,374,1505,411
1083,20230609c_01311.jpg,4546,neutral,0.9952,0.9211,5,643,375,708,422
1084,20230609c_01312.jpg,4508,fanning,0.9897,0.9323,16,1507,386,1583,449
1084,20230609c_01312.jpg,4162,fanning,0.9987,0.9296,16,1424,375,1505,411
1084,20230609c_01312.jpg,4546,neutral,0.9913,0.9052,6,650,375,720,418
1085,20230609c_01313.jpg,4162,fanning,0.9987,0.9304,16,1423,374,1506,412
1085,20230609c_01313.jpg,4508,fanning,0.9857,0.9258,16,1508,384,1583,449
1086,20230609c_01314.jpg,4162,fanning,0.9988,0.9430,16,1425,375,1506,411
1086,20230609c_01314.jpg,4508,fanning,0.9833,0.9114,16,1508,386,1574,449
1087,20230609c_01315.jpg,4162,fanning,0.9989,0.9329,16,1425,374,1505,412
1087,20230609c_01315.jpg,4508,fanning,0.9658,0.9079,16,1498,386,1576,455
1088,20230609c_01316.jpg,4162,fanning,0.9988,0.9339,16,1425,374,1506,411
1088,20230609c_01316.jpg,4508,fanning,0.9532,0.9004,16,1502,385,1575,454
1089,20230609c_01317.jpg,4162,fanning,0.9988,0.9355,16,1425,374,1506,412
1089,20230609c_01317.jpg,4508,fanning,0.8820,0.9124,16,1502,385,1578,456
1090,20230609c_01318.jpg,4162,fanning,0.9988,0.9337,16,1426,374,1504,412
1090,20230609c_01318.jpg,4508,fanning,0.7843,0.8858,16,1498,382,1574,453
1091,20230609c_01319.jpg,4162,fanning,0.9986,0.9364,16,1425,374,1506,412
1091,20230609c_01319.jpg,4508,neutral,0.5716,0.9193,16,1501,384,1579,457
1092,20230609c_01320.jpg,4162,fanning,0.9985,0.9389,16,1427,375,1503,413
1092,20230609c_01320.jpg,4508,neutral,0.8917,0.8997,16,1502,385,1583,455
1092,20230609c_01320.jpg,4546,neutral,0.9985,0.8686,7,643,374,699,400
1093,20230609c_01321.jpg,4162,fanning,0.9987,0.9303,16,1426,375,1501,412
1093,20230609c_01321.jpg,4508,neutral,0.9766,0.8966,16,1508,385,1585,454
1093,20230609c_01321.jpg,4546,neutral,0.9983,0.8448,8,649,375,697,398
1094,20230609c_01322.jpg,4162,fanning,0.9988,0.9366,16,1426,375,1504,412
1094,20230609c_01322.jpg,4508,neutral,0.9956,0.8957,16,1509,386,1585,453
1095,20230609c_01323.jpg,4162,fanning,0.9993,0.9339,16,1426,375,1502,412
1095,20230609c_01323.jpg,4508,neutral,0.9985,0.8692,16,1511,385,1585,452
1096,20230609c_01324.jpg,4162,fanning,0.9993,0.9383,16,1426,374,1502,411
1096,20230609c_01324.jpg,4508,neutral,0.9993,0.8619,16,1510,386,1580,449
1097,20230609c_01325.jpg,4162,fanning,0.9993,0.9421,16,1426,375,1501,412
1097,20230609c_01325.jpg,4508,neutral,0.9997,0.9112,16,1504,381,1574,451
1098,20230609c_01326.jpg,4162,fanning,0.9993,0.9239,16,1427,375,1502,412
1098,20230609c_01326.jpg,4508,neutral,0.9992,0.8739,16,1501,385,1573,439
1099,20230609c_01327.jpg,4162,fanning,0.9994,0.9227,16,1427,375,1501,412
1099,20230609c_01327.jpg,4508,neutral,0.9768,0.8530,16,1495,384,1568,433
1100,20230609c_01328.jpg,4162,fanning,0.9994,0.9338,16,1427,375,1503,412
1100,20230609c_01328.jpg,4508,uncertain,0.5100,0.8077,16,1499,384,1571,447
1101,20230609c_01329.jpg,4162,fanning,0.9994,0.9235,16,1427,375,1515,420
1101,20230609c_01329.jpg,4508,trophallaxis,0.6227,0.8227,16,1491,382,1559,427
1102,20230609c_01330.jpg,4162,fanning,0.9994,0.9196,16,1427,375,1500,414
1102,20230609c_01330.jpg,4508,uncertain,0.5231,0.7955,16,1492,381,1558,427
1103,20230609c_01331.jpg,4561,buffering,0.0000,0.9386,1,1029,464,1095,556
1103,20230609c_01331.jpg,4162,fanning,0.9994,0.9185,16,1427,374,1503,412
1103,20230609c_01331.jpg,4508,neutral,0.9978,0.8117,16,1496,382,1560,444
1104,20230609c_01332.jpg,4561,buffering,0.0000,0.9390,2,1040,447,1104,534
1104,20230609c_01332.jpg,4162,fanning,0.9994,0.9185,16,1426,374,1501,412
1104,20230609c_01332.jpg,4508,neutral,0.9984,0.8573,16,1491,383,1555,449
1105,20230609c_01333.jpg,4561,buffering,0.0000,0.9432,3,1062,424,1133,512
1105,20230609c_01333.jpg,4162,fanning,0.9994,0.9198,16,1427,375,1501,413
1105,20230609c_01333.jpg,4508,neutral,0.9983,0.8530,16,1490,384,1554,445
1106,20230609c_01334.jpg,4561,neutral,0.9984,0.9419,4,1090,416,1158,493
1106,20230609c_01334.jpg,4162,fanning,0.9993,0.9229,16,1427,375,1499,412
1106,20230609c_01334.jpg,4508,neutral,0.9967,0.7965,16,1489,380,1557,445
1107,20230609c_01335.jpg,4561,neutral,0.9972,0.9349,5,1113,415,1195,482
1107,20230609c_01335.jpg,4162,fanning,0.9993,0.9212,16,1427,375,1497,413
1107,20230609c_01335.jpg,4508,neutral,0.7236,0.8293,16,1488,378,1558,445
1108,20230609c_01336.jpg,4561,neutral,0.9930,0.9442,6,1126,398,1201,484
1108,20230609c_01336.jpg,4162,fanning,0.9993,0.9227,16,1427,375,1497,412
1108,20230609c_01336.jpg,4508,neutral,0.7426,0.6546,16,1489,376,1527,446
1109,20230609c_01337.jpg,4561,neutral,0.9909,0.9354,7,1127,391,1201,471
1109,20230609c_01337.jpg,4162,fanning,0.9992,0.9227,16,1427,375,1499,412
1109,20230609c_01337.jpg,4508,uncertain,0.5422,0.5952,16,1490,379,1529,447
1110,20230609c_01338.jpg,4561,neutral,0.9634,0.9393,8,1138,378,1210,461
1110,20230609c_01338.jpg,4162,fanning,0.9992,0.9227,16,1427,375,1500,411
1110,20230609c_01338.jpg,4508,fanning,0.6912,0.7741,16,1495,381,1557,444
1111,20230609c_01339.jpg,4561,neutral,0.9354,0.9275,9,1148,376,1218,446
1111,20230609c_01339.jpg,4162,fanning,0.9991,0.9250,16,1427,375,1500,410
1111,20230609c_01339.jpg,4508,fanning,0.7060,0.7653,16,1498,383,1567,443
1112,20230609c_01340.jpg,4561,neutral,0.8281,0.9387,10,1163,375,1228,439
1112,20230609c_01340.jpg,4162,fanning,0.9991,0.9228,16,1427,375,1501,411
1112,20230609c_01340.jpg,4508,fanning,0.8104,0.8266,16,1498,382,1560,447
1113,20230609c_01341.jpg,4162,fanning,0.9991,0.9340,16,1427,375,1500,412
1113,20230609c_01341.jpg,4561,neutral,0.6031,0.9280,11,1170,376,1231,433
1113,20230609c_01341.jpg,4508,fanning,0.8523,0.8369,16,1495,382,1559,446
1114,20230609c_01342.jpg,4561,fanning,0.6366,0.9262,12,1172,375,1233,416
1114,20230609c_01342.jpg,4162,fanning,0.9991,0.9235,16,1425,374,1505,412
1114,20230609c_01342.jpg,4508,fanning,0.8386,0.8569,16,1489,380,1554,447
1115,20230609c_01343.jpg,4162,fanning,0.9991,0.9357,16,1427,375,1502,412
1115,20230609c_01343.jpg,4561,fanning,0.7860,0.9233,13,1179,375,1240,412
1115,20230609c_01343.jpg,4508,fanning,0.7383,0.8597,16,1492,382,1556,446
1116,20230609c_01344.jpg,4561,fanning,0.8646,0.9316,14,1187,375,1247,409
1116,20230609c_01344.jpg,4162,fanning,0.9989,0.9248,16,1427,375,1501,413
1116,20230609c_01344.jpg,4508,fanning,0.6380,0.8441,16,1486,377,1551,441
1117,20230609c_01345.jpg,4162,fanning,0.9989,0.9175,16,1427,374,1548,432
1117,20230609c_01345.jpg,4561,fanning,0.9064,0.8997,15,1190,376,1243,406
1117,20230609c_01345.jpg,4508,uncertain,0.5089,0.8773,16,1475,375,1551,444
1118,20230609c_01346.jpg,4162,fanning,0.9989,0.9315,16,1426,374,1555,428
1118,20230609c_01346.jpg,4561,fanning,0.8964,0.8782,16,1197,375,1244,399
1118,20230609c_01346.jpg,4508,neutral,0.8005,0.8535,16,1486,378,1552,444
1119,20230609c_01347.jpg,4162,fanning,0.9988,0.9291,16,1426,375,1500,416
1119,20230609c_01347.jpg,4561,fanning,0.9221,0.8675,16,1199,376,1243,398
1119,20230609c_01347.jpg,4508,neutral,0.9148,0.8604,16,1488,380,1549,444
1120,20230609c_01348.jpg,4162,fanning,0.9990,0.9311,16,1426,374,1564,436
1120,20230609c_01348.jpg,4561,fanning,0.9569,0.8888,16,1210,375,1246,398
1120,20230609c_01348.jpg,4508,neutral,0.8103,0.8624,16,1488,381,1553,446
1121,20230609c_01349.jpg,4162,fanning,0.9990,0.9369,16,1426,373,1501,418
1121,20230609c_01349.jpg,4508,neutral,0.8655,0.8624,16,1492,382,1556,447
1121,20230609c_01349.jpg,4561,fanning,0.9592,0.8423,16,1215,375,1249,397
1122,20230609c_01350.jpg,4162,fanning,0.9991,0.9325,16,1426,375,1500,415
1122,20230609c_01350.jpg,4508,neutral,0.9109,0.8447,16,1484,382,1557,440
1122,20230609c_01350.jpg,4561,fanning,0.9505,0.6992,16,1214,375,1248,397
1123,20230609c_01351.jpg,4162,fanning,0.9991,0.9362,16,1426,375,1499,415
1123,20230609c_01351.jpg,4508,neutral,0.9607,0.8577,16,1492,382,1557,441
1124,20230609c_01352.jpg,4162,fanning,0.9991,0.9305,16,1426,375,1500,415
1124,20230609c_01352.jpg,4508,neutral,0.9772,0.8900,16,1489,379,1569,446
1125,20230609c_01353.jpg,4162,fanning,0.9992,0.9456,16,1426,375,1501,413
1125,20230609c_01353.jpg,4508,neutral,0.9512,0.8769,16,1476,378,1569,447
1126,20230609c_01354.jpg,4162,fanning,0.9992,0.9323,16,1426,375,1501,415
1126,20230609c_01354.jpg,4508,neutral,0.9584,0.8778,16,1497,383,1564,448
1127,20230609c_01355.jpg,4162,fanning,0.9992,0.9352,16,1426,375,1500,415
1127,20230609c_01355.jpg,4508,neutral,0.9680,0.8867,16,1498,383,1569,450
1127,20230609c_01355.jpg,4567,buffering,0.0000,0.8151,1,378,300,438,329
1128,20230609c_01356.jpg,4162,fanning,0.9991,0.9232,16,1426,375,1501,412
1128,20230609c_01356.jpg,4567,buffering,0.0000,0.8567,2,369,299,435,329
1128,20230609c_01356.jpg,4508,neutral,0.9757,0.8491,16,1499,384,1571,450
1129,20230609c_01357.jpg,4162,fanning,0.9990,0.9218,16,1426,375,1501,413
1129,20230609c_01357.jpg,4567,buffering,0.0000,0.8581,3,367,300,423,328
1129,20230609c_01357.jpg,4508,neutral,0.9745,0.8214,16,1496,384,1576,447
1130,20230609c_01358.jpg,4162,fanning,0.9988,0.9395,16,1426,375,1578,428
1130,20230609c_01358.jpg,4567,neutral,0.9748,0.8625,4,367,299,426,330
1130,20230609c_01358.jpg,4508,neutral,0.9645,0.8199,16,1495,384,1554,442
1131,20230609c_01359.jpg,4162,fanning,0.9985,0.9333,16,1426,375,1501,415
1131,20230609c_01359.jpg,4567,neutral,0.9664,0.8834,5,374,299,427,330
1131,20230609c_01359.jpg,4508,neutral,0.9725,0.8165,16,1492,382,1560,447
1132,20230609c_01360.jpg,4162,fanning,0.9987,0.9184,16,1426,375,1499,414
1132,20230609c_01360.jpg,4567,neutral,0.8957,0.8660,6,377,299,431,330
1132,20230609c_01360.jpg,4508,neutral,0.9863,0.8527,16,1495,381,1561,448
1133,20230609c_01361.jpg,4162,fanning,0.9988,0.9386,16,1427,374,1505,416
1133,20230609c_01361.jpg,4573,buffering,0.0000,0.9238,1,796,956,850,1052
1133,20230609c_01361.jpg,4567,neutral,0.8436,0.8702,7,382,299,442,341
1133,20230609c_01361.jpg,4508,neutral,0.9945,0.8388,16,1492,379,1562,450
1134,20230609c_01362.jpg,4573,buffering,0.0000,0.9271,2,813,928,872,1037
1134,20230609c_01362.jpg,4162,fanning,0.9989,0.9235,16,1426,374,1555,419
1134,20230609c_01362.jpg,4567,neutral,0.7898,0.8716,8,369,298,452,340
1134,20230609c_01362.jpg,4508,neutral,0.9956,0.8623,16,1489,379,1560,449
1135,20230609c_01363.jpg,4162,fanning,0.9989,0.9154,16,1427,374,1561,423
1135,20230609c_01363.jpg,4567,neutral,0.7485,0.8609,9,376,299,459,334
1135,20230609c_01363.jpg,4508,neutral,0.9958,0.8463,16,1487,378,1550,443
1136,20230609c_01364.jpg,4162,fanning,0.9988,0.9246,16,1427,374,1546,429
1136,20230609c_01364.jpg,4567,neutral,0.6809,0.8712,10,395,299,464,333
1136,20230609c_01364.jpg,4508,neutral,0.9940,0.8440,16,1478,375,1543,441
1137,20230609c_01365.jpg,4162,fanning,0.9985,0.9251,16,1426,374,1527,418
1137,20230609c_01365.jpg,4567,neutral,0.5833,0.8998,11,396,299,476,332
1137,20230609c_01365.jpg,4508,neutral,0.9919,0.7648,16,1477,376,1536,432
1138,20230609c_01366.jpg,4567,uncertain,0.5238,0.9308,12,398,299,503,340
1138,20230609c_01366.jpg,4162,fanning,0.9985,0.9238,16,1426,374,1524,414
1138,20230609c_01366.jpg,4508,neutral,0.9916,0.7949,16,1479,377,1541,427
1139,20230609c_01367.jpg,4162,fanning,0.9985,0.9245,16,1426,374,1529,414
1139,20230609c_01367.jpg,4567,fanning,0.6282,0.9112,13,402,299,500,334
1139,20230609c_01367.jpg,4582,buffering,0.0000,0.9029,1,399,1006,436,1067
1139,20230609c_01367.jpg,4508,neutral,0.9905,0.8216,16,1480,377,1541,426
1140,20230609c_01368.jpg,4162,fanning,0.9984,0.9240,16,1427,374,1521,414
1140,20230609c_01368.jpg,4582,buffering,0.0000,0.9166,2,408,991,453,1047
1140,20230609c_01368.jpg,4567,fanning,0.6924,0.9029,14,406,300,506,334
1140,20230609c_01368.jpg,4508,neutral,0.9807,0.8339,16,1477,376,1541,425
1141,20230609c_01369.jpg,4582,buffering,0.0000,0.9264,3,430,997,483,1044
1141,20230609c_01369.jpg,4162,fanning,0.9984,0.9216,16,1425,374,1534,418
1141,20230609c_01369.jpg,4567,fanning,0.7534,0.8892,15,417,300,516,334
1141,20230609c_01369.jpg,4508,neutral,0.9842,0.8173,16,1475,377,1536,425
1142,20230609c_01370.jpg,4162,fanning,0.9984,0.9201,16,1425,374,1535,419
1142,20230609c_01370.jpg,4567,fanning,0.8373,0.8856,16,423,300,528,332
1142,20230609c_01370.jpg,4508,neutral,0.9804,0.8248,16,1477,377,1534,425
1143,20230609c_01371.jpg,4162,fanning,0.9984,0.9199,16,1427,375,1535,424
1143,20230609c_01371.jpg,4567,fanning,0.8216,0.8990,16,451,301,541,334
1144,20230609c_01372.jpg,4162,fanning,0.9986,0.9211,16,1426,374,1531,419
1144,20230609c_01372.jpg,4567,fanning,0.7820,0.9109,16,456,301,550,332
1145,20230609c_01373.jpg,4162,fanning,0.9988,0.9253,16,1425,374,1527,417
1145,20230609c_01373.jpg,4567,fanning,0.7670,0.8875,16,464,301,557,333
1146,20230609c_01374.jpg,4162,fanning,0.9989,0.9240,16,1425,374,1521,416
1146,20230609c_01374.jpg,4567,fanning,0.7584,0.9035,16,465,301,570,332
1147,20230609c_01375.jpg,4162,fanning,0.9989,0.9248,16,1426,374,1520,416
1147,20230609c_01375.jpg,4567,fanning,0.7285,0.8968,16,470,301,580,333
1148,20230609c_01376.jpg,4605,buffering,0.0000,0.9398,1,1336,614,1397,711
1148,20230609c_01376.jpg,4162,fanning,0.9990,0.9256,16,1425,374,1517,415
1148,20230609c_01376.jpg,4567,uncertain,0.5466,0.8936,16,493,301,588,334
1149,20230609c_01377.jpg,4605,buffering,0.0000,0.9298,2,1333,602,1396,701
1149,20230609c_01377.jpg,4162,fanning,0.9989,0.9243,16,1427,374,1523,417
1149,20230609c_01377.jpg,4567,neutral,0.6166,0.8897,16,491,302,593,334
1150,20230609c_01378.jpg,4605,buffering,0.0000,0.9297,3,1309,582,1369,684
1150,20230609c_01378.jpg,4162,fanning,0.9987,0.9194,16,1426,374,1522,416
1150,20230609c_01378.jpg,4567,uncertain,0.5207,0.9015,16,512,302,609,336
1151,20230609c_01379.jpg,4605,neutral,0.9880,0.9433,4,1278,554,1338,654
1151,20230609c_01379.jpg,4162,fanning,0.9987,0.9254,16,1426,374,1518,414
1151,20230609c_01379.jpg,4567,fanning,0.5721,0.9034,16,513,302,619,336
1152,20230609c_01380.jpg,4162,fanning,0.9989,0.9344,16,1426,374,1517,416
1152,20230609c_01380.jpg,4605,neutral,0.9625,0.9310,5,1256,520,1320,624
1152,20230609c_01380.jpg,4567,fanning,0.6191,0.8934,16,517,302,624,338
1153,20230609c_01381.jpg,4605,neutral,0.9841,0.9388,6,1218,486,1306,597
1153,20230609c_01381.jpg,4162,fanning,0.9988,0.9359,16,1426,374,1516,415
1153,20230609c_01381.jpg,4567,fanning,0.6447,0.8955,16,519,302,630,337
1154,20230609c_01382.jpg,4605,neutral,0.9602,0.9382,7,1196,483,1276,576
1154,20230609c_01382.jpg,4162,fanning,0.9986,0.9353,16,1426,374,1516,413
1154,20230609c_01382.jpg,4567,fanning,0.6961,0.8943,16,531,302,634,338
1155,20230609c_01383.jpg,4620,buffering,0.0000,0.9413,1,1246,762,1307,853
1155,20230609c_01383.jpg,4162,fanning,0.9986,0.9372,16,1424,374,1508,413
1155,20230609c_01383.jpg,4567,fanning,0.6687,0.9155,16,543,303,654,340
1156,20230609c_01384.jpg,4622,buffering,0.0000,0.9434,1,1264,438,1322,512
1156,20230609c_01384.jpg,4162,fanning,0.9986,0.9353,16,1422,374,1508,412
1156,20230609c_01384.jpg,4567,fanning,0.6353,0.9259,16,565,304,663,341
1157,20230609c_01385.jpg,4622,buffering,0.0000,0.9427,2,1267,440,1331,524
1157,20230609c_01385.jpg,4162,fanning,0.9985,0.9334,16,1421,374,1508,412
1157,20230609c_01385.jpg,4567,fanning,0.6571,0.9245,16,562,304,669,342
1158,20230609c_01386.jpg,4622,buffering,0.0000,0.9458,3,1266,435,1338,516
1158,20230609c_01386.jpg,4162,fanning,0.9987,0.9318,16,1422,374,1508,411
1158,20230609c_01386.jpg,4567,fanning,0.6098,0.9159,16,566,303,672,340
1159,20230609c_01387.jpg,4622,neutral,0.9976,0.9405,4,1286,424,1367,493
1159,20230609c_01387.jpg,4162,fanning,0.9989,0.9314,16,1421,374,1508,411
1159,20230609c_01387.jpg,4567,fanning,0.5628,0.9110,16,571,302,680,340
1160,20230609c_01388.jpg,4162,fanning,0.9989,0.9346,16,1425,374,1507,412
1160,20230609c_01388.jpg,4632,buffering,0.0000,0.9338,1,967,471,1035,573
1160,20230609c_01388.jpg,4567,uncertain,0.5323,0.9077,16,583,303,688,342
1161,20230609c_01389.jpg,4635,buffering,0.0000,0.9472,1,1344,378,1410,487
1161,20230609c_01389.jpg,4632,buffering,0.0000,0.9364,2,950,449,1015,552
1161,20230609c_01389.jpg,4162,fanning,0.9988,0.9346,16,1424,374,1504,414
1161,20230609c_01389.jpg,4567,uncertain,0.5011,0.9139,16,592,303,699,342
1162,20230609c_01390.jpg,4635,buffering,0.0000,0.9481,2,1350,378,1413,490
1162,20230609c_01390.jpg,4640,buffering,0.0000,0.9448,1,908,559,971,642
1162,20230609c_01390.jpg,4162,fanning,0.9985,0.9360,16,1424,374,1503,413
1162,20230609c_01390.jpg,4632,buffering,0.0000,0.9300,3,932,424,996,523
1162,20230609c_01390.jpg,4567,uncertain,0.5272,0.9244,16,604,304,706,344
1162,20230609c_01390.jpg,4643,buffering,0.0000,0.8772,1,954,1029,1008,1080
1163,20230609c_01391.jpg,4635,buffering,0.0000,0.9467,3,1350,376,1419,487
1163,20230609c_01391.jpg,4640,buffering,0.0000,0.9441,2,925,556,986,638
1163,20230609c_01391.jpg,4162,fanning,0.9987,0.9366,16,1425,374,1502,416
1163,20230609c_01391.jpg,4632,neutral,0.8729,0.9321,4,919,414,978,511
1163,20230609c_01391.jpg,4567,uncertain,0.5411,0.9235,16,609,304,713,344
1163,20230609c_01391.jpg,4643,buffering,0.0000,0.8876,2,927,1022,995,1080
1164,20230609c_01392.jpg,4640,buffering,0.0000,0.9424,3,936,545,995,633
1164,20230609c_01392.jpg,4635,neutral,0.9945,0.9415,4,1354,396,1429,484
1164,20230609c_01392.jpg,4162,fanning,0.9986,0.9357,16,1427,374,1505,415
1164,20230609c_01392.jpg,4632,neutral,0.6737,0.9311,5,907,404,960,502
1164,20230609c_01392.jpg,4567,fanning,0.6042,0.9220,16,618,304,720,341
1165,20230609c_01393.jpg,4635,neutral,0.9623,0.9474,5,1367,414,1444,488
1165,20230609c_01393.jpg,4640,neutral,0.9983,0.9437,4,947,537,1032,626
1165,20230609c_01393.jpg,4632,fanning,0.5979,0.9392,6,897,378,953,483
1165,20230609c_01393.jpg,4162,fanning,0.9983,0.9358,16,1428,374,1510,416
1165,20230609c_01393.jpg,4567,fanning,0.9373,0.9266,16,630,305,730,342
1166,20230609c_01394.jpg,4635,neutral,0.9182,0.9447,6,1379,429,1464,498
1166,20230609c_01394.jpg,4640,neutral,0.9962,0.9403,5,972,530,1042,614
1166,20230609c_01394.jpg,4162,fanning,0.9982,0.9344,16,1427,374,1510,417
1166,20230609c_01394.jpg,4632,fanning,0.8385,0.9307,7,894,376,946,470
1166,20230609c_01394.jpg,4567,fanning,0.9301,0.9199,16,639,306,749,341
1167,20230609c_01395.jpg,4654,buffering,0.0000,0.9472,1,597,420,651,510
1167,20230609c_01395.jpg,4635,neutral,0.8251,0.9464,7,1400,436,1487,513
1167,20230609c_01395.jpg,4640,neutral,0.9947,0.9395,6,1010,505,1097,591
1167,20230609c_01395.jpg,4162,fanning,0.9982,0.9340,16,1426,374,1508,417
1167,20230609c_01395.jpg,4632,fanning,0.8823,0.9229,8,891,376,943,459
1167,20230609c_01395.jpg,4567,fanning,0.9374,0.9182,16,645,306,757,341
1168,20230609c_01396.jpg,4635,neutral,0.6585,0.9501,8,1423,428,1498,510
1168,20230609c_01396.jpg,4640,neutral,0.9943,0.9425,7,1051,475,1128,561
1168,20230609c_01396.jpg,4654,buffering,0.0000,0.9373,2,596,385,662,477
1168,20230609c_01396.jpg,4162,fanning,0.9983,0.9337,16,1426,374,1509,416
1168,20230609c_01396.jpg,4567,fanning,0.9337,0.9244,16,652,306,753,343
1168,20230609c_01396.jpg,4632,fanning,0.9503,0.8985,9,891,377,943,448
1169,20230609c_01397.jpg,4635,uncertain,0.5092,0.9388,9,1436,420,1492,495
1169,20230609c_01397.jpg,4654,buffering,0.0000,0.9347,3,577,376,639,445
1169,20230609c_01397.jpg,4162,fanning,0.9983,0.9236,16,1426,374,1507,418
1169,20230609c_01397.jpg,4567,fanning,0.9381,0.9224,16,662,306,760,342
1169,20230609c_01397.jpg,4632,fanning,0.9730,0.9040,10,892,376,944,446
1170,20230609c_01398.jpg,4635,fanning,0.6292,0.9558,10,1443,426,1495,501
1170,20230609c_01398.jpg,4654,neutral,0.9761,0.9365,4,577,375,642,440
1170,20230609c_01398.jpg,4162,fanning,0.9981,0.9304,16,1425,374,1508,414
1170,20230609c_01398.jpg,4567,fanning,0.9314,0.9232,16,666,306,769,342
1170,20230609c_01398.jpg,4632,fanning,0.9830,0.9114,11,893,377,944,440
1171,20230609c_01399.jpg,4635,fanning,0.7850,0.9397,11,1456,454,1513,534
1171,20230609c_01399.jpg,4162,fanning,0.9977,0.9366,16,1425,374,1508,417
1171,20230609c_01399.jpg,4654,neutral,0.9387,0.9340,5,578,375,647,433
1171,20230609c_01399.jpg,4567,fanning,0.9345,0.9195,16,668,306,775,341
1171,20230609c_01399.jpg,4632,fanning,0.9866,0.9174,12,891,376,947,436
1172,20230609c_01400.jpg,4635,fanning,0.8515,0.9404,12,1491,479,1548,571
1172,20230609c_01400.jpg,4162,fanning,0.9973,0.9367,16,1424,374,1508,416
1172,20230609c_01400.jpg,4669,buffering,0.0000,0.9319,1,451,807,519,902
1172,20230609c_01400.jpg,4671,buffering,0.0000,0.9280,1,1201,390,1261,481
1172,20230609c_01400.jpg,4567,fanning,0.9539,0.9190,16,677,306,780,344
1172,20230609c_01400.jpg,4632,fanning,0.9918,0.9187,13,891,376,948,431
1172,20230609c_01400.jpg,4654,neutral,0.7851,0.9139,6,576,375,644,424
1173,20230609c_01401.jpg,4635,fanning,0.9420,0.9398,13,1527,492,1597,587
1173,20230609c_01401.jpg,4162,fanning,0.9973,0.9368,16,1424,374,1507,416
1173,20230609c_01401.jpg,4671,buffering,0.0000,0.9367,2,1204,377,1270,458
1173,20230609c_01401.jpg,4632,fanning,0.9906,0.9250,14,889,376,947,424
1173,20230609c_01401.jpg,4567,fanning,0.9380,0.9149,16,689,307,786,349
1173,20230609c_01401.jpg,4654,neutral,0.8859,0.8444,7,575,375,637,417
1174,20230609c_01402.jpg,4671,buffering,0.0000,0.9412,3,1207,376,1274,447
1174,20230609c_01402.jpg,4635,fanning,0.9584,0.9400,14,1563,490,1634,588
1174,20230609c_01402.jpg,4162,fanning,0.9960,0.9370,16,1424,374,1508,417
1174,20230609c_01402.jpg,4632,fanning,0.9897,0.9222,15,887,376,946,427
1174,20230609c_01402.jpg,4567,fanning,0.9143,0.9217,16,691,307,791,353
1175,20230609c_01403.jpg,4671,neutral,0.9981,0.9393,4,1211,376,1280,437
1175,20230609c_01403.jpg,4635,fanning,0.9618,0.9388,15,1589,488,1673,582
1175,20230609c_01403.jpg,4162,fanning,0.9948,0.9371,16,1424,374,1508,418
1175,20230609c_01403.jpg,4680,buffering,0.0000,0.9283,1,238,954,317,1052
1175,20230609c_01403.jpg,4567,fanning,0.9148,0.9273,16,693,307,789,357
1175,20230609c_01403.jpg,4632,fanning,0.9921,0.9180,16,888,377,947,427
1176,20230609c_01404.jpg,4162,fanning,0.9947,0.9371,16,1424,374,1507,417
1176,20230609c_01404.jpg,4567,fanning,0.9093,0.9345,16,714,308,803,363
1176,20230609c_01404.jpg,4635,fanning,0.9677,0.9334,16,1642,489,1711,582
1176,20230609c_01404.jpg,4671,neutral,0.9946,0.9298,5,1218,376,1291,428
1176,20230609c_01404.jpg,4680,buffering,0.0000,0.9255,2,264,956,342,1047
1176,20230609c_01404.jpg,4632,fanning,0.9921,0.9173,16,890,376,946,424
1177,20230609c_01405.jpg,4635,fanning,0.9522,0.9405,16,1691,482,1746,575
1177,20230609c_01405.jpg,4162,fanning,0.9942,0.9372,16,1425,374,1507,416
1177,20230609c_01405.jpg,4567,fanning,0.9048,0.9328,16,717,308,802,364
1177,20230609c_01405.jpg,4671,neutral,0.9903,0.9311,6,1222,376,1287,427
1177,20230609c_01405.jpg,4632,fanning,0.9899,0.9158,16,889,376,946,424
1178,20230609c_01406.jpg,4671,neutral,0.9842,0.9430,7,1225,375,1296,428
1178,20230609c_01406.jpg,4635,fanning,0.9459,0.9403,16,1687,475,1745,567
1178,20230609c_01406.jpg,4162,fanning,0.9947,0.9383,16,1426,374,1507,418
1178,20230609c_01406.jpg,4567,fanning,0.8963,0.9323,16,719,308,805,367
1178,20230609c_01406.jpg,4632,fanning,0.9891,0.9139,16,889,377,946,427
1179,20230609c_01407.jpg,4671,neutral,0.9650,0.9511,8,1236,375,1304,425
1179,20230609c_01407.jpg,4162,fanning,0.9927,0.9394,16,1426,374,1504,417
1179,20230609c_01407.jpg,4567,fanning,0.8744,0.9363,16,726,308,814,374
1179,20230609c_01407.jpg,4632,fanning,0.9908,0.9191,16,888,377,947,426
1180,20230609c_01408.jpg,4162,fanning,0.9931,0.9409,16,1426,374,1505,418
1180,20230609c_01408.jpg,4671,neutral,0.9375,0.9381,9,1243,376,1314,422
1180,20230609c_01408.jpg,4567,fanning,0.8063,0.9334,16,740,308,816,380
1180,20230609c_01408.jpg,4632,fanning,0.9873,0.9238,16,888,376,945,428
1181,20230609c_01409.jpg,4162,fanning,0.9943,0.9412,16,1426,373,1504,419
1181,20230609c_01409.jpg,4567,fanning,0.6880,0.9326,16,737,309,816,387
1181,20230609c_01409.jpg,4632,fanning,0.9851,0.9227,16,891,376,943,426
1181,20230609c_01409.jpg,4671,neutral,0.8822,0.9193,10,1249,375,1316,412
1182,20230609c_01410.jpg,4162,fanning,0.9916,0.9409,16,1425,374,1504,418
1182,20230609c_01410.jpg,4632,fanning,0.9795,0.9191,16,888,377,941,427
1182,20230609c_01410.jpg,4671,neutral,0.8505,0.9115,11,1266,376,1313,408
1183,20230609c_01411.jpg,4162,fanning,0.9885,0.9441,16,1427,374,1503,421
1183,20230609c_01411.jpg,4705,buffering,0.0000,0.9424,1,1476,492,1541,590
1183,20230609c_01411.jpg,4632,fanning,0.9761,0.9134,16,874,376,939,425
1183,20230609c_01411.jpg,4671,neutral,0.8916,0.8852,12,1274,376,1314,404
1184,20230609c_01412.jpg,4162,fanning,0.9877,0.9449,16,1427,374,1501,421
1184,20230609c_01412.jpg,4705,buffering,0.0000,0.9405,2,1450,481,1515,574
1184,20230609c_01412.jpg,4632,fanning,0.9695,0.9303,16,872,376,937,423
1184,20230609c_01412.jpg,4671,neutral,0.8387,0.8799,13,1279,375,1326,398
1184,20230609c_01412.jpg,4713,buffering,0.0000,0.8655,1,767,345,820,411
1185,20230609c_01413.jpg,4705,buffering,0.0000,0.9454,3,1422,473,1479,556
1185,20230609c_01413.jpg,4162,fanning,0.9854,0.9440,16,1423,375,1503,422
1185,20230609c_01413.jpg,4632,fanning,0.9578,0.9293,16,874,377,938,426
1185,20230609c_01413.jpg,4713,buffering,0.0000,0.8871,2,770,341,823,407
1185,20230609c_01413.jpg,4671,neutral,0.8159,0.8551,14,1287,375,1332,393
1186,20230609c_01414.jpg,4162,fanning,0.9847,0.9434,16,1425,374,1505,422
1186,20230609c_01414.jpg,4705,neutral,0.9921,0.9327,4,1392,485,1444,545
1186,20230609c_01414.jpg,4632,fanning,0.9476,0.9326,16,875,377,937,428
1186,20230609c_01414.jpg,4713,buffering,0.0000,0.8857,3,783,358,825,405
1186,20230609c_01414.jpg,4671,neutral,0.8185,0.7752,15,1296,375,1334,390
1187,20230609c_01415.jpg,4162,fanning,0.9883,0.9441,16,1425,374,1501,424
1187,20230609c_01415.jpg,4632,fanning,0.8912,0.9255,16,889,377,936,423
1187,20230609c_01415.jpg,4705,neutral,0.9836,0.9155,5,1361,500,1412,561
1187,20230609c_01415.jpg,4713,fanning,0.9297,0.8856,4,780,365,822,408
1187,20230609c_01415.jpg,4671,neutral,0.8284,0.7614,16,1301,375,1336,390
1188,20230609c_01416.jpg,4705,neutral,0.9309,0.9455,6,1341,509,1402,594
1188,20230609c_01416.jpg,4162,fanning,0.9908,0.9430,16,1425,374,1501,421
1188,20230609c_01416.jpg,4632,fanning,0.8745,0.9251,16,889,377,936,424
1188,20230609c_01416.jpg,4713,fanning,0.9696,0.8919,5,775,369,822,410
1188,20230609c_01416.jpg,4671,neutral,0.7735,0.8380,16,1305,374,1341,392
1189,20230609c_01417.jpg,4705,neutral,0.8150,0.9460,7,1322,508,1392,604
1189,20230609c_01417.jpg,4162,fanning,0.9893,0.9442,16,1422,374,1499,422
1189,20230609c_01417.jpg,4632,fanning,0.8907,0.9283,16,881,376,935,424
1189,20230609c_01417.jpg,4671,neutral,0.8048,0.8400,16,1310,374,1343,393
1190,20230609c_01418.jpg,4705,neutral,0.6602,0.9486,8,1287,501,1367,592
1190,20230609c_01418.jpg,4162,fanning,0.9886,0.9434,16,1425,374,1501,421
1190,20230609c_01418.jpg,4632,fanning,0.9235,0.9292,16,884,376,933,424
1190,20230609c_01418.jpg,4713,fanning,0.9809,0.9071,6,771,377,818,427
1191,20230609c_01419.jpg,4162,fanning,0.9883,0.9457,16,1423,374,1499,423
1191,20230609c_01419.jpg,4632,fanning,0.9115,0.9262,16,882,376,932,423
1191,20230609c_01419.jpg,4713,fanning,0.9794,0.9178,7,762,375,809,421
1192,20230609c_01420.jpg,4162,fanning,0.9887,0.9442,16,1423,374,1499,425
1192,20230609c_01420.jpg,4632,fanning,0.9342,0.9227,16,883,376,933,422
1192,20230609c_01420.jpg,4713,fanning,0.9800,0.9038,8,760,375,809,416
1193,20230609c_01421.jpg,4162,fanning,0.9876,0.9430,16,1418,375,1499,421
1193,20230609c_01421.jpg,4632,fanning,0.9475,0.9271,16,885,376,933,422
1193,20230609c_01421.jpg,4713,fanning,0.9645,0.8847,9,758,376,806,409
1194,20230609c_01422.jpg,4162,fanning,0.9890,0.9441,16,1421,375,1498,423
1194,20230609c_01422.jpg,4632,fanning,0.9558,0.9198,16,885,376,935,418
1195,20230609c_01423.jpg,4162,fanning,0.9894,0.9442,16,1421,374,1500,422
1195,20230609c_01423.jpg,4632,fanning,0.9755,0.9136,16,886,376,936,417
1196,20230609c_01424.jpg,4162,fanning,0.9951,0.9441,16,1418,374,1500,421
1196,20230609c_01424.jpg,4755,buffering,0.0000,0.9142,1,924,422,978,517
1196,20230609c_01424.jpg,4632,fanning,0.9789,0.9021,16,890,376,936,418
1197,20230609c_01425.jpg,4162,fanning,0.9960,0.9425,16,1420,374,1501,419
1197,20230609c_01425.jpg,4755,buffering,0.0000,0.9318,2,920,420,970,508
1197,20230609c_01425.jpg,4632,fanning,0.9779,0.8790,16,895,377,939,414
1198,20230609c_01426.jpg,4162,fanning,0.9970,0.9430,16,1423,374,1500,421
1198,20230609c_01426.jpg,4763,buffering,0.0000,0.9405,1,828,400,905,488
1198,20230609c_01426.jpg,4755,buffering,0.0000,0.9354,3,918,405,973,509
1198,20230609c_01426.jpg,4767,buffering,0.0000,0.8205,1,871,417,937,485
1198,20230609c_01426.jpg,4632,fanning,0.9753,0.7914,16,903,377,942,407
1199,20230609c_01427.jpg,4162,fanning,0.9982,0.9451,16,1422,375,1500,421
1199,20230609c_01427.jpg,4755,neutral,0.9973,0.9375,4,927,407,981,508
1199,20230609c_01427.jpg,4763,buffering,0.0000,0.9043,2,820,378,916,463
1199,20230609c_01427.jpg,4767,buffering,0.0000,0.8641,2,863,411,940,479
1199,20230609c_01427.jpg,4632,fanning,0.9701,0.6297,16,900,376,942,406
1200,20230609c_01428.jpg,4162,fanning,0.9987,0.9433,16,1414,374,1500,421
1200,20230609c_01428.jpg,4755,neutral,0.9909,0.9362,5,928,407,983,505
1200,20230609c_01428.jpg,4763,buffering,0.0000,0.9252,3,829,377,908,463
1200,20230609c_01428.jpg,4713,fanning,0.9569,0.8495,10,704,375,758,396
1200,20230609c_01428.jpg,4767,buffering,0.0000,0.8487,3,857,400,934,464
1200,20230609c_01428.jpg,4632,fanning,0.9634,0.7625,16,899,377,943,399
1201,20230609c_01429.jpg,4162,fanning,0.9988,0.9418,16,1380,375,1500,420
1201,20230609c_01429.jpg,4755,neutral,0.9866,0.9360,6,931,405,988,505
1201,20230609c_01429.jpg,4776,buffering,0.0000,0.9299,1,718,848,770,946
1201,20230609c_01429.jpg,4763,neutral,0.9710,0.9235,4,841,376,913,465
1201,20230609c_01429.jpg,4767,neutral,0.9981,0.9050,4,877,399,941,463
1201,20230609c_01429.jpg,4713,fanning,0.9381,0.8040,11,702,376,756,395
1201,20230609c_01429.jpg,4632,fanning,0.9666,0.7464,16,902,377,947,397
1202,20230609c_01430.jpg,4162,fanning,0.9988,0.9426,16,1380,375,1498,422
1202,20230609c_01430.jpg,4755,neutral,0.9879,0.9344,7,928,409,991,500
1202,20230609c_01430.jpg,4776,buffering,0.0000,0.9312,2,721,822,774,922
1202,20230609c_01430.jpg,4763,neutral,0.9963,0.9200,5,860,377,939,461
1202,20230609c_01430.jpg,4713,fanning,0.9178,0.8320,12,696,375,748,395
1203,20230609c_01431.jpg,4162,fanning,0.9989,0.9435,16,1365,375,1498,425
1203,20230609c_01431.jpg,4755,neutral,0.9985,0.9328,8,933,407,995,496
1203,20230609c_01431.jpg,4763,neutral,0.9707,0.8610,6,873,374,942,461
1203,20230609c_01431.jpg,4713,fanning,0.9071,0.8063,13,699,376,748,397
1204,20230609c_01432.jpg,4755,neutral,0.9979,0.9430,9,945,402,1007,490
1204,20230609c_01432.jpg,4162,fanning,0.9989,0.9397,16,1375,374,1498,423
1204,20230609c_01432.jpg,4782,buffering,0.0000,0.9376,1,714,418,762,504
1204,20230609c_01432.jpg,4763,uncertain,0.5200,0.9139,7,868,374,946,457
1204,20230609c_01432.jpg,4713,fanning,0.8212,0.6788,14,686,376,741,399
1205,20230609c_01433.jpg,4755,neutral,0.9962,0.9420,10,949,405,1016,485
1205,20230609c_01433.jpg,4162,fanning,0.9989,0.9412,16,1417,375,1497,421
1205,20230609c_01433.jpg,4782,buffering,0.0000,0.9329,2,733,384,793,485
1205,20230609c_01433.jpg,4763,fanning,0.9257,0.8987,8,873,375,955,441
1205,20230609c_01433.jpg,4713,fanning,0.7837,0.7769,15,689,376,732,392
1206,20230609c_01434.jpg,4162,fanning,0.9990,0.9424,16,1363,375,1499,425
1206,20230609c_01434.jpg,4755,neutral,0.9973,0.9346,11,952,397,1022,476
1206,20230609c_01434.jpg,4782,buffering,0.0000,0.9300,3,744,376,807,469
1206,20230609c_01434.jpg,4767,neutral,0.9981,0.8529,5,896,376,969,442
1206,20230609c_01434.jpg,4763,fanning,0.9803,0.8486,9,885,376,941,431
1206,20230609c_01434.jpg,4713,fanning,0.6813,0.5841,16,666,376,727,393
1207,20230609c_01435.jpg,4162,fanning,0.9989,0.9431,16,1421,374,1498,420
1207,20230609c_01435.jpg,4782,neutral,0.8207,0.9375,4,747,375,806,453
1207,20230609c_01435.jpg,4755,neutral,0.9931,0.9362,12,965,390,1034,470
1207,20230609c_01435.jpg,4767,neutral,0.9992,0.8889,6,885,375,969,435
1207,20230609c_01435.jpg,4713,neutral,0.9715,0.7275,16,690,376,728,392
1208,20230609c_01436.jpg,4755,neutral,0.9840,0.9439,13,978,378,1051,458
1208,20230609c_01436.jpg,4162,fanning,0.9990,0.9427,16,1418,374,1500,420
1208,20230609c_01436.jpg,4782,neutral,0.6995,0.9398,5,746,377,814,442
1208,20230609c_01436.jpg,4767,neutral,0.9980,0.8935,7,884,376,970,425
1208,20230609c_01436.jpg,4793,buffering,0.0000,0.8762,1,936,377,990,428
1209,20230609c_01437.jpg,4162,fanning,0.9991,0.9402,16,1418,375,1502,418
1209,20230609c_01437.jpg,4755,neutral,0.9249,0.9392,14,988,375,1057,442
1209,20230609c_01437.jpg,4782,fanning,0.7260,0.9180,6,748,375,816,423
1209,20230609c_01437.jpg,4767,neutral,0.9965,0.9025,8,869,375,940,411
1209,20230609c_01437.jpg,4793,buffering,0.0000,0.8684,2,934,377,983,415
1210,20230609c_01438.jpg,4162,fanning,0.9992,0.9412,16,1417,375,1499,419
1210,20230609c_01438.jpg,4755,neutral,0.8709,0.9401,15,1004,376,1067,434
1210,20230609c_01438.jpg,4796,buffering,0.0000,0.9315,1,1217,642,1282,735
1210,20230609c_01438.jpg,4782,neutral,0.8867,0.8555,7,772,375,818,400
1210,20230609c_01438.jpg,4793,buffering,0.0000,0.7996,3,935,377,975,409
1211,20230609c_01439.jpg,4796,buffering,0.0000,0.9472,2,1240,616,1305,706
1211,20230609c_01439.jpg,4162,fanning,0.9992,0.9437,16,1382,374,1498,421
1211,20230609c_01439.jpg,4755,neutral,0.6232,0.9296,16,1016,375,1068,420
1211,20230609c_01439.jpg,4767,neutral,0.9879,0.8776,9,868,375,918,405
1211,20230609c_01439.jpg,4793,neutral,0.9967,0.8163,4,939,377,978,398
1212,20230609c_01440.jpg,4162,fanning,0.9992,0.9424,16,1362,375,1500,419
1212,20230609c_01440.jpg,4767,neutral,0.9557,0.8812,10,862,373,928,406
1212,20230609c_01440.jpg,4755,neutral,0.9613,0.8755,16,1029,376,1066,404
1212,20230609c_01440.jpg,4793,neutral,0.9965,0.7165,5,945,377,977,393
1213,20230609c_01441.jpg,4802,buffering,0.0000,0.9436,1,1179,541,1247,631
1213,20230609c_01441.jpg,4162,fanning,0.9992,0.9417,16,1366,374,1501,418
1213,20230609c_01441.jpg,4767,neutral,0.7767,0.8683,11,864,375,906,395
1214,20230609c_01442.jpg,4162,fanning,0.9992,0.9411,16,1360,375,1500,418
1214,20230609c_01442.jpg,4802,buffering,0.0000,0.9344,2,1189,512,1246,613
1214,20230609c_01442.jpg,4767,neutral,0.9902,0.8168,12,851,375,892,392
1215,20230609c_01443.jpg,4162,fanning,0.9991,0.9413,16,1378,375,1501,418
1215,20230609c_01443.jpg,4802,buffering,0.0000,0.9309,3,1164,490,1216,588
1216,20230609c_01444.jpg,4162,fanning,0.9989,0.9394,16,1384,374,1502,417
1216,20230609c_01444.jpg,4812,buffering,0.0000,0.9316,1,1476,562,1536,664
1217,20230609c_01445.jpg,4162,fanning,0.9989,0.9421,16,1422,374,1502,418
1217,20230609c_01445.jpg,4816,buffering,0.0000,0.9405,1,1110,413,1178,505
1217,20230609c_01445.jpg,4812,buffering,0.0000,0.9329,2,1455,528,1517,624
1218,20230609c_01446.jpg,4162,fanning,0.9988,0.9417,16,1424,374,1503,417
1218,20230609c_01446.jpg,4816,buffering,0.0000,0.9401,2,1112,394,1184,482
1218,20230609c_01446.jpg,4812,buffering,0.0000,0.9312,3,1444,489,1513,591
1219,20230609c_01447.jpg,4162,fanning,0.9989,0.9404,16,1425,374,1502,417
1219,20230609c_01447.jpg,4816,buffering,0.0000,0.9395,3,1134,394,1214,483
1219,20230609c_01447.jpg,4812,neutral,0.9575,0.9276,4,1448,464,1513,564
1220,20230609c_01448.jpg,4816,neutral,0.9792,0.9405,4,1176,395,1258,482
1220,20230609c_01448.jpg,4812,neutral,0.8763,0.9403,5,1454,449,1517,539
1220,20230609c_01448.jpg,4827,buffering,0.0000,0.9400,1,942,821,1005,899
1220,20230609c_01448.jpg,4162,fanning,0.9989,0.9396,16,1425,374,1502,416
1221,20230609c_01449.jpg,4827,buffering,0.0000,0.9389,2,966,801,1034,888
1221,20230609c_01449.jpg,4162,fanning,0.9989,0.9378,16,1426,374,1502,416
1221,20230609c_01449.jpg,4812,fanning,0.8826,0.9324,6,1438,432,1508,526
1222,20230609c_01450.jpg,4812,fanning,0.9391,0.9339,7,1448,397,1507,504
1222,20230609c_01450.jpg,4827,buffering,0.0000,0.9273,3,998,797,1065,870
1222,20230609c_01450.jpg,4162,fanning,0.9989,0.9242,16,1426,375,1503,414
1223,20230609c_01451.jpg,4812,fanning,0.9729,0.9350,8,1471,380,1524,488
1223,20230609c_01451.jpg,4827,neutral,0.9805,0.9257,4,1044,783,1113,855
1223,20230609c_01451.jpg,4162,fanning,0.9988,0.9101,16,1426,375,1504,411
1224,20230609c_01452.jpg,4812,fanning,0.9819,0.9345,9,1439,375,1534,467
1224,20230609c_01452.jpg,4837,buffering,0.0000,0.9344,1,1319,381,1382,475
1224,20230609c_01452.jpg,4162,fanning,0.9986,0.9093,16,1426,375,1498,413
1225,20230609c_01453.jpg,4837,buffering,0.0000,0.9327,2,1326,379,1379,465
1225,20230609c_01453.jpg,4812,fanning,0.9864,0.9079,10,1424,375,1517,456
1226,20230609c_01454.jpg,4855,buffering,0.0000,0.9395,1,1474,407,1522,490
1226,20230609c_01454.jpg,4837,buffering,0.0000,0.9352,3,1323,375,1392,450
1226,20230609c_01454.jpg,4162,fanning,0.9984,0.9267,16,1424,375,1494,411
1226,20230609c_01454.jpg,4854,buffering,0.0000,0.9220,1,1553,963,1600,1054
1227,20230609c_01455.jpg,4855,buffering,0.0000,0.9354,2,1486,402,1548,495
1227,20230609c_01455.jpg,4162,fanning,0.9983,0.9312,16,1424,375,1495,415
1227,20230609c_01455.jpg,4837,neutral,0.9499,0.9219,4,1321,374,1425,433
1228,20230609c_01456.jpg,4855,buffering,0.0000,0.9423,3,1519,408,1582,497
1228,20230609c_01456.jpg,4162,fanning,0.9979,0.9362,16,1423,374,1494,415
1228,20230609c_01456.jpg,4862,buffering,0.0000,0.9240,1,135,782,187,869
1229,20230609c_01457.jpg,4162,fanning,0.9966,0.9462,16,1425,375,1496,418
1229,20230609c_01457.jpg,4855,neutral,0.9615,0.9459,4,1515,423,1584,508
1229,20230609c_01457.jpg,4862,buffering,0.0000,0.9273,2,148,765,214,852
1229,20230609c_01457.jpg,4865,buffering,0.0000,0.9127,1,1472,714,1512,790
1230,20230609c_01458.jpg,4162,fanning,0.9971,0.9320,16,1424,375,1494,416
1230,20230609c_01458.jpg,4865,buffering,0.0000,0.9187,2,1464,694,1507,757
1230,20230609c_01458.jpg,4869,buffering,0.0000,0.8856,1,1315,375,1356,405
1231,20230609c_01459.jpg,4870,buffering,0.0000,0.9429,1,1445,427,1501,502
1231,20230609c_01459.jpg,4162,fanning,0.9973,0.9296,16,1424,374,1494,418
1231,20230609c_01459.jpg,4865,buffering,0.0000,0.8889,3,1461,683,1499,743
1231,20230609c_01459.jpg,4869,buffering,0.0000,0.8847,2,1313,374,1354,402
1232,20230609c_01460.jpg,4870,buffering,0.0000,0.9385,2,1454,425,1513,513
1232,20230609c_01460.jpg,4876,buffering,0.0000,0.9328,1,1354,836,1405,926
1232,20230609c_01460.jpg,4162,fanning,0.9980,0.9257,16,1424,375,1493,414
1232,20230609c_01460.jpg,4865,neutral,0.9996,0.9068,4,1450,687,1488,752
1233,20230609c_01461.jpg,4870,buffering,0.0000,0.9487,3,1438,381,1525,501
1233,20230609c_01461.jpg,4877,buffering,0.0000,0.9276,1,394,838,467,918
1233,20230609c_01461.jpg,4876,buffering,0.0000,0.9230,2,1348,814,1399,913
1233,20230609c_01461.jpg,4162,fanning,0.9982,0.9057,16,1424,376,1493,414
1233,20230609c_01461.jpg,4837,neutral,0.8604,0.8923,5,1311,375,1416,415
1234,20230609c_01462.jpg,4870,uncertain,0.5080,0.9470,4,1425,379,1504,503
1234,20230609c_01462.jpg,4877,buffering,0.0000,0.9273,2,417,860,490,938
1234,20230609c_01462.jpg,4162,fanning,0.9981,0.9246,16,1424,375,1496,420
1234,20230609c_01462.jpg,4869,buffering,0.0000,0.8925,3,1312,375,1354,406
1235,20230609c_01463.jpg,4162,fanning,0.9973,0.9327,16,1425,373,1494,419
1235,20230609c_01463.jpg,4869,neutral,0.9975,0.8843,4,1313,375,1355,407
1236,20230609c_01464.jpg,4162,fanning,0.9967,0.9351,16,1425,374,1496,418
1236,20230609c_01464.jpg,4876,buffering,0.0000,0.9171,3,1318,825,1378,884
1236,20230609c_01464.jpg,4869,neutral,0.9970,0.9015,5,1312,375,1353,404
1237,20230609c_01465.jpg,4894,buffering,0.0000,0.9437,1,1325,378,1405,496
1237,20230609c_01465.jpg,4162,fanning,0.9967,0.9417,16,1426,374,1493,419
1237,20230609c_01465.jpg,4869,neutral,0.9940,0.8878,6,1312,375,1349,398
1238,20230609c_01466.jpg,4162,fanning,0.9963,0.9413,16,1426,376,1492,420
1238,20230609c_01466.jpg,4894,buffering,0.0000,0.9406,2,1323,376,1406,494
1238,20230609c_01466.jpg,4869,neutral,0.9896,0.8551,7,1311,375,1345,395
1239,20230609c_01467.jpg,4894,buffering,0.0000,0.9449,3,1323,377,1408,495
1239,20230609c_01467.jpg,4162,fanning,0.9962,0.9399,16,1427,376,1492,422
1239,20230609c_01467.jpg,4904,buffering,0.0000,0.9301,1,1029,754,1087,858
1239,20230609c_01467.jpg,4869,neutral,0.9868,0.8216,8,1309,375,1344,394
1240,20230609c_01468.jpg,4162,fanning,0.9972,0.9500,16,1427,374,1495,423
1240,20230609c_01468.jpg,4908,buffering,0.0000,0.9492,1,512,373,584,440
1240,20230609c_01468.jpg,4894,neutral,0.8893,0.9433,4,1347,379,1409,488
1240,20230609c_01468.jpg,4904,buffering,0.0000,0.9263,2,1040,752,1098,851
1240,20230609c_01468.jpg,4869,neutral,0.9828,0.7451,9,1310,374,1344,393
1241,20230609c_01469.jpg,4162,fanning,0.9974,0.9433,16,1428,374,1495,424
1241,20230609c_01469.jpg,4908,buffering,0.0000,0.9393,2,511,374,584,432
1241,20230609c_01469.jpg,4894,neutral,0.9138,0.9295,5,1356,377,1416,488
1241,20230609c_01469.jpg,4904,buffering,0.0000,0.9279,3,1060,734,1119,832
1241,20230609c_01469.jpg,4912,buffering,0.0000,0.9265,1,817,905,872,976
1242,20230609c_01470.jpg,4162,fanning,0.9967,0.9441,16,1427,374,1496,421
1242,20230609c_01470.jpg,4894,neutral,0.8889,0.9410,6,1355,380,1411,491
1242,20230609c_01470.jpg,4904,neutral,0.9971,0.9319,4,1065,709,1125,792
1242,20230609c_01470.jpg,4908,buffering,0.0000,0.9223,3,510,374,576,430
1242,20230609c_01470.jpg,4912,buffering,0.0000,0.9104,2,819,898,859,972
1243,20230609c_01471.jpg,4162,fanning,0.9961,0.9468,16,1424,374,1497,426
1243,20230609c_01471.jpg,4894,neutral,0.8372,0.9258,7,1350,376,1410,477
1243,20230609c_01471.jpg,4904,neutral,0.9962,0.9235,5,1062,688,1143,754
1244,20230609c_01472.jpg,4162,fanning,0.9952,0.9459,16,1423,374,1497,426
1244,20230609c_01472.jpg,4894,neutral,0.7788,0.9242,8,1348,376,1409,467
1244,20230609c_01472.jpg,4904,neutral,0.9967,0.9202,6,1098,680,1177,749
1245,20230609c_01473.jpg,4162,fanning,0.9955,0.9415,16,1422,374,1499,427
1245,20230609c_01473.jpg,4894,neutral,0.6933,0.9023,9,1337,375,1419,453
1246,20230609c_01474.jpg,4162,fanning,0.9948,0.9427,16,1425,374,1497,427
1246,20230609c_01474.jpg,4922,buffering,0.0000,0.9233,1,1186,665,1233,748
1246,20230609c_01474.jpg,4894,uncertain,0.5316,0.8786,10,1334,375,1416,439
1247,20230609c_01475.jpg,4162,fanning,0.9937,0.9436,16,1426,374,1496,427
1247,20230609c_01475.jpg,4904,neutral,0.9931,0.9325,7,1150,629,1211,703
1248,20230609c_01476.jpg,4162,fanning,0.9926,0.9428,16,1425,374,1495,428
1248,20230609c_01476.jpg,4908,neutral,0.7278,0.8683,4,532,375,570,396
1249,20230609c_01477.jpg,4162,fanning,0.9904,0.9422,16,1422,374,1496,428
1249,20230609c_01477.jpg,4936,buffering,0.0000,0.9369,1,1117,607,1199,688
1249,20230609c_01477.jpg,4940,buffering,0.0000,0.9108,1,1329,374,1366,417
1250,20230609c_01478.jpg,4162,fanning,0.9886,0.9428,16,1423,374,1494,428
1250,20230609c_01478.jpg,4936,buffering,0.0000,0.9415,2,1150,609,1212,687
1250,20230609c_01478.jpg,4940,buffering,0.0000,0.9113,2,1330,375,1366,417
1251,20230609c_01479.jpg,4162,fanning,0.9885,0.9438,16,1423,374,1494,427
1252,20230609c_01480.jpg,4162,fanning,0.9870,0.9416,16,1421,374,1493,428
1252,20230609c_01480.jpg,4952,buffering,0.0000,0.9341,1,571,896,639,953
1252,20230609c_01480.jpg,4955,buffering,0.0000,0.9228,1,1318,990,1374,1067
1253,20230609c_01481.jpg,4162,fanning,0.9854,0.9410,16,1421,375,1494,428
1253,20230609c_01481.jpg,4958,buffering,0.0000,0.9374,1,942,391,996,474
1253,20230609c_01481.jpg,4936,buffering,0.0000,0.9323,3,1182,530,1242,604
1253,20230609c_01481.jpg,4955,buffering,0.0000,0.9283,2,1336,963,1392,1043
1253,20230609c_01481.jpg,4952,buffering,0.0000,0.9130,2,581,909,644,953
1253,20230609c_01481.jpg,4959,buffering,0.0000,0.9055,1,43,682,112,757
1253,20230609c_01481.jpg,4960,buffering,0.0000,0.8961,1,1325,375,1363,406
1254,20230609c_01482.jpg,4936,neutral,0.9997,0.9410,4,1156,501,1225,586
1254,20230609c_01482.jpg,4162,fanning,0.9851,0.9407,16,1421,374,1494,428
1254,20230609c_01482.jpg,4958,buffering,0.0000,0.9303,2,943,380,995,469
1254,20230609c_01482.jpg,4960,buffering,0.0000,0.8922,2,1324,375,1362,406
1255,20230609c_01483.jpg,4162,fanning,0.9860,0.9411,16,1423,374,1496,428
1255,20230609c_01483.jpg,4958,buffering,0.0000,0.9363,3,944,377,995,455
1255,20230609c_01483.jpg,4960,buffering,0.0000,0.9003,3,1321,375,1362,412
1256,20230609c_01484.jpg,4162,fanning,0.9852,0.9429,16,1423,374,1494,430
1256,20230609c_01484.jpg,4967,buffering,0.0000,0.9372,1,1126,439,1183,535
1256,20230609c_01484.jpg,4958,neutral,0.9977,0.9298,4,946,377,995,440
1257,20230609c_01485.jpg,4162,fanning,0.9833,0.9425,16,1422,374,1494,431
1257,20230609c_01485.jpg,4967,buffering,0.0000,0.9397,2,1131,430,1190,516
1257,20230609c_01485.jpg,4972,buffering,0.0000,0.9271,1,654,402,704,468
1257,20230609c_01485.jpg,4958,neutral,0.9972,0.9195,5,945,378,1001,425
1258,20230609c_01486.jpg,4967,buffering,0.0000,0.9434,3,1141,420,1205,511
1258,20230609c_01486.jpg,4162,fanning,0.9896,0.9403,16,1423,374,1495,427
1258,20230609c_01486.jpg,4972,buffering,0.0000,0.9363,2,666,404,727,488
1258,20230609c_01486.jpg,4958,neutral,0.9948,0.9163,6,945,377,999,420
1259,20230609c_01487.jpg,4162,fanning,0.9925,0.9400,16,1421,374,1493,428
1259,20230609c_01487.jpg,4972,buffering,0.0000,0.9365,3,673,392,738,488
1259,20230609c_01487.jpg,4967,neutral,0.9994,0.9349,4,1148,389,1216,483
1260,20230609c_01488.jpg,4162,fanning,0.9953,0.9399,16,1420,374,1494,428
1260,20230609c_01488.jpg,4972,neutral,0.9976,0.9341,4,674,376,743,462
1260,20230609c_01488.jpg,4967,neutral,0.9993,0.9340,5,1142,375,1219,451
1260,20230609c_01488.jpg,4979,buffering,0.0000,0.8901,1,1338,724,1379,796
1260,20230609c_01488.jpg,4980,buffering,0.0000,0.8566,1,1304,375,1340,396
1261,20230609c_01489.jpg,4162,fanning,0.9957,0.9393,16,1420,374,1495,428
1261,20230609c_01489.jpg,4972,neutral,0.9944,0.9392,5,678,375,745,443
1261,20230609c_01489.jpg,4967,neutral,0.9991,0.9271,6,1151,373,1214,439
1261,20230609c_01489.jpg,4958,neutral,0.9894,0.9127,7,946,377,986,404
1262,20230609c_01490.jpg,4162,fanning,0.9960,0.9398,16,1420,375,1495,428
1262,20230609c_01490.jpg,4967,neutral,0.9989,0.9242,7,1150,373,1214,440
1262,20230609c_01490.jpg,4958,neutral,0.9840,0.9102,8,948,377,986,403
1262,20230609c_01490.jpg,4972,neutral,0.9977,0.9080,6,696,375,756,443
1263,20230609c_01491.jpg,4162,fanning,0.9962,0.9398,16,1420,375,1495,429
1263,20230609c_01491.jpg,4972,neutral,0.9968,0.9392,7,714,375,769,449
1263,20230609c_01491.jpg,4967,neutral,0.9985,0.9190,8,1153,375,1216,426
1263,20230609c_01491.jpg,4958,neutral,0.9762,0.9016,9,950,376,986,400
1264,20230609c_01492.jpg,4162,fanning,0.9968,0.9400,16,1420,374,1494,428
1264,20230609c_01492.jpg,4972,neutral,0.9677,0.9178,8,730,378,796,436
1264,20230609c_01492.jpg,4967,neutral,0.9988,0.8879,9,1167,375,1204,406
1264,20230609c_01492.jpg,4958,neutral,0.9676,0.8536,10,953,377,987,396
1265,20230609c_01493.jpg,4162,fanning,0.9971,0.9394,16,1421,374,1495,428
1265,20230609c_01493.jpg,4972,neutral,0.8576,0.9171,9,736,375,800,429
1265,20230609c_01493.jpg,4958,neutral,0.9612,0.5869,11,954,376,985,391
1266,20230609c_01494.jpg,4162,fanning,0.9977,0.9386,16,1420,375,1495,428
1266,20230609c_01494.jpg,4985,buffering,0.0000,0.9218,1,1526,717,1582,824
1266,20230609c_01494.jpg,4972,neutral,0.8721,0.9075,10,736,375,804,410
1267,20230609c_01495.jpg,4162,fanning,0.9979,0.9394,16,1420,375,1496,428
1267,20230609c_01495.jpg,4972,neutral,0.9983,0.8311,11,748,376,791,396
1268,20230609c_01496.jpg,4162,fanning,0.9980,0.9382,16,1418,375,1494,429
1269,20230609c_01497.jpg,4162,fanning,0.9979,0.9392,16,1419,375,1495,428
1270,20230609c_01498.jpg,4162,fanning,0.9978,0.9386,16,1420,374,1495,428
1271,20230609c_01499.jpg,4162,fanning,0.9979,0.9391,16,1417,375,1495,429
1272,20230609c_01500.jpg,4162,fanning,0.9979,0.9403,16,1365,375,1492,427
1273,20230609c_01501.jpg,4162,fanning,0.9976,0.9391,16,1420,374,1496,428
1274,20230609c_01502.jpg,4162,fanning,0.9975,0.9408,16,1421,374,1494,426
1275,20230609c_01503.jpg,4162,fanning,0.9971,0.9392,16,1420,374,1495,429
1276,20230609c_01504.jpg,4162,fanning,0.9965,0.9404,16,1420,374,1494,427
1277,20230609c_01505.jpg,4162,fanning,0.9959,0.9434,16,1423,374,1495,425
1277,20230609c_01505.jpg,5002,buffering,0.0000,0.9224,1,795,845,858,934
1278,20230609c_01506.jpg,4162,fanning,0.9959,0.9427,16,1420,374,1495,426
1278,20230609c_01506.jpg,5002,buffering,0.0000,0.9223,2,801,828,874,916
1279,20230609c_01507.jpg,4162,fanning,0.9952,0.9409,16,1422,374,1495,427
1279,20230609c_01507.jpg,5002,buffering,0.0000,0.9406,3,824,795,885,886
1280,20230609c_01508.jpg,4162,fanning,0.9939,0.9423,16,1425,374,1495,426
1280,20230609c_01508.jpg,5006,buffering,0.0000,0.9160,1,985,375,1041,439
1281,20230609c_01509.jpg,4162,fanning,0.9931,0.9441,16,1425,374,1497,425
1281,20230609c_01509.jpg,5006,buffering,0.0000,0.9153,2,994,374,1041,439
1282,20230609c_01510.jpg,4162,fanning,0.9920,0.9446,16,1387,375,1497,421
1282,20230609c_01510.jpg,5006,buffering,0.0000,0.9053,3,984,375,1038,436
1283,20230609c_01511.jpg,4162,fanning,0.9911,0.9430,16,1374,375,1497,422
1283,20230609c_01511.jpg,5006,neutral,0.9805,0.8975,4,983,376,1037,435
1284,20230609c_01512.jpg,4162,fanning,0.9898,0.9417,16,1420,374,1495,425
1285,20230609c_01513.jpg,4162,fanning,0.9893,0.9428,16,1374,375,1497,424
1285,20230609c_01513.jpg,5006,neutral,0.9782,0.9075,5,976,377,1036,434
1286,20230609c_01514.jpg,4162,fanning,0.9852,0.9431,16,1363,375,1497,424
1286,20230609c_01514.jpg,5006,neutral,0.9621,0.9146,6,983,377,1036,428
1287,20230609c_01515.jpg,4162,fanning,0.9778,0.9419,16,1371,375,1497,424
1287,20230609c_01515.jpg,5006,neutral,0.8838,0.9153,7,980,376,1035,425
1288,20230609c_01516.jpg,4162,fanning,0.9754,0.9411,16,1421,375,1496,424
1288,20230609c_01516.jpg,5020,buffering,0.0000,0.9055,1,1058,479,1129,562
1288,20230609c_01516.jpg,5006,neutral,0.7360,0.8971,8,976,377,1030,418
1289,20230609c_01517.jpg,4162,fanning,0.9743,0.9426,16,1373,375,1497,424
1289,20230609c_01517.jpg,5020,buffering,0.0000,0.9338,2,1048,458,1118,554
1289,20230609c_01517.jpg,5006,neutral,0.6860,0.8954,9,970,377,1012,406
1290,20230609c_01518.jpg,4162,fanning,0.9757,0.9427,16,1421,375,1498,420
1290,20230609c_01518.jpg,5020,buffering,0.0000,0.9330,3,1042,457,1110,550
1290,20230609c_01518.jpg,5006,neutral,0.6080,0.8955,10,968,376,1008,404
1291,20230609c_01519.jpg,4162,fanning,0.9776,0.9415,16,1414,375,1499,420
1291,20230609c_01519.jpg,5020,neutral,0.9997,0.9268,4,1040,446,1110,535
1291,20230609c_01519.jpg,5006,neutral,0.5652,0.7669,11,968,376,1002,394
1292,20230609c_01520.jpg,4162,fanning,0.9800,0.9401,16,1374,375,1497,424
1292,20230609c_01520.jpg,5026,buffering,0.0000,0.9318,1,519,373,585,438
1292,20230609c_01520.jpg,5006,uncertain,0.5063,0.8108,12,965,376,999,394
1293,20230609c_01521.jpg,4162,fanning,0.9786,0.9406,16,1424,376,1495,424
1293,20230609c_01521.jpg,5029,buffering,0.0000,0.9267,1,1089,405,1147,491
1293,20230609c_01521.jpg,5026,buffering,0.0000,0.9163,2,524,374,597,433
1294,20230609c_01522.jpg,5029,buffering,0.0000,0.9437,2,1098,408,1155,488
1294,20230609c_01522.jpg,4162,fanning,0.9724,0.9405,16,1425,376,1495,424
1294,20230609c_01522.jpg,5026,buffering,0.0000,0.9233,3,539,375,611,440
1295,20230609c_01523.jpg,4162,fanning,0.9769,0.9412,16,1421,375,1495,424
1295,20230609c_01523.jpg,5029,buffering,0.0000,0.9376,3,1102,383,1160,477
1295,20230609c_01523.jpg,5026,neutral,0.9518,0.9133,4,538,375,616,435
1296,20230609c_01524.jpg,4162,fanning,0.9853,0.9417,16,1420,374,1494,427
1296,20230609c_01524.jpg,5029,neutral,0.9933,0.9412,4,1104,378,1161,463
1296,20230609c_01524.jpg,5026,neutral,0.9492,0.9219,5,534,375,614,427
1297,20230609c_01525.jpg,4162,fanning,0.9868,0.9411,16,1421,374,1495,427
1297,20230609c_01525.jpg,5029,neutral,0.9866,0.9392,5,1102,376,1162,448
1297,20230609c_01525.jpg,5026,neutral,0.9705,0.8876,6,548,374,622,423
1298,20230609c_01526.jpg,4162,fanning,0.9827,0.9406,16,1420,374,1496,424
1298,20230609c_01526.jpg,5029,neutral,0.9623,0.9332,6,1102,377,1166,430
1299,20230609c_01527.jpg,4162,fanning,0.9837,0.9445,16,1420,374,1497,423
1299,20230609c_01527.jpg,5029,neutral,0.9131,0.9294,7,1099,377,1161,422
1300,20230609c_01528.jpg,4162,fanning,0.9879,0.9442,16,1397,375,1497,424
1300,20230609c_01528.jpg,5029,neutral,0.8609,0.9278,8,1099,376,1159,414
1301,20230609c_01529.jpg,4162,fanning,0.9879,0.9435,16,1371,375,1496,425
1301,20230609c_01529.jpg,5029,neutral,0.7918,0.9253,9,1099,376,1160,411
1302,20230609c_01530.jpg,4162,fanning,0.9866,0.9441,16,1426,376,1496,424
1302,20230609c_01530.jpg,5029,neutral,0.7890,0.9128,10,1107,376,1154,403
1303,20230609c_01531.jpg,4162,fanning,0.9877,0.9439,16,1416,374,1495,425
1303,20230609c_01531.jpg,5029,neutral,0.9291,0.8609,11,1104,376,1146,396
1304,20230609c_01532.jpg,4162,fanning,0.9887,0.9442,16,1424,374,1496,425
1305,20230609c_01533.jpg,4162,fanning,0.9900,0.9440,16,1422,374,1496,425
1306,20230609c_01534.jpg,4162,fanning,0.9896,0.9419,16,1424,374,1498,427
1306,20230609c_01534.jpg,5067,buffering,0.0000,0.9310,1,875,683,924,773
1307,20230609c_01535.jpg,4162,fanning,0.9895,0.9416,16,1424,374,1497,427
1307,20230609c_01535.jpg,5068,buffering,0.0000,0.9361,1,612,410,677,493
1307,20230609c_01535.jpg,5067,buffering,0.0000,0.9318,2,875,663,925,747
1308,20230609c_01536.jpg,4162,fanning,0.9891,0.9414,16,1424,374,1496,428
1308,20230609c_01536.jpg,5068,buffering,0.0000,0.9403,2,643,412,701,487
1308,20230609c_01536.jpg,5071,buffering,0.0000,0.9396,1,560,394,616,482
1308,20230609c_01536.jpg,5067,buffering,0.0000,0.9379,3,889,629,949,719
1309,20230609c_01537.jpg,4162,fanning,0.9892,0.9416,16,1425,374,1496,427
1309,20230609c_01537.jpg,5068,buffering,0.0000,0.9360,3,666,387,728,487
1309,20230609c_01537.jpg,5071,buffering,0.0000,0.9215,2,550,376,618,471
1310,20230609c_01538.jpg,4162,fanning,0.9912,0.9393,16,1422,374,1499,430
1310,20230609c_01538.jpg,5071,buffering,0.0000,0.9236,3,549,374,620,463
1310,20230609c_01538.jpg,5068,neutral,0.9992,0.9100,4,673,378,737,465
1311,20230609c_01539.jpg,4162,fanning,0.9916,0.9403,16,1421,374,1498,427
1311,20230609c_01539.jpg,5068,neutral,0.9970,0.9001,5,666,375,722,441
1311,20230609c_01539.jpg,5071,neutral,0.9993,0.8922,4,534,375,618,442
1312,20230609c_01540.jpg,4162,fanning,0.9936,0.9405,16,1421,374,1499,426
1312,20230609c_01540.jpg,5068,neutral,0.9881,0.9097,6,654,375,717,437
1313,20230609c_01541.jpg,4162,fanning,0.9943,0.9417,16,1422,374,1497,427
1313,20230609c_01541.jpg,5081,buffering,0.0000,0.9237,1,878,921,942,1033
1313,20230609c_01541.jpg,5068,neutral,0.9550,0.9164,7,648,375,708,432
1314,20230609c_01542.jpg,4162,fanning,0.9946,0.9411,16,1423,374,1496,427
1314,20230609c_01542.jpg,5068,neutral,0.8918,0.9026,8,644,376,712,428
1315,20230609c_01543.jpg,4162,fanning,0.9940,0.9428,16,1426,374,1495,425
1315,20230609c_01543.jpg,5068,neutral,0.9328,0.9112,9,641,377,698,421
1316,20230609c_01544.jpg,4162,fanning,0.9911,0.9441,16,1426,374,1495,426
1316,20230609c_01544.jpg,5087,buffering,0.0000,0.9231,1,850,375,915,466
1317,20230609c_01545.jpg,4162,fanning,0.9903,0.9425,16,1423,374,1496,422
1317,20230609c_01545.jpg,5087,buffering,0.0000,0.9312,2,873,375,922,460
1317,20230609c_01545.jpg,5071,neutral,0.9982,0.8762,5,525,373,587,409
1318,20230609c_01546.jpg,4162,fanning,0.9927,0.9439,16,1421,375,1495,424
1318,20230609c_01546.jpg,5087,buffering,0.0000,0.9192,3,886,377,932,450
1318,20230609c_01546.jpg,5071,neutral,0.9954,0.8914,6,529,374,589,413
1319,20230609c_01547.jpg,4162,fanning,0.9927,0.9429,16,1400,375,1496,424
1319,20230609c_01547.jpg,5071,neutral,0.9916,0.9069,7,527,373,588,409
1319,20230609c_01547.jpg,5087,neutral,0.9913,0.9048,4,892,377,944,447
1319,20230609c_01547.jpg,5068,neutral,0.8360,0.8973,10,622,373,702,415
1320,20230609c_01548.jpg,4162,fanning,0.9935,0.9429,16,1420,375,1496,424
1320,20230609c_01548.jpg,5104,buffering,0.0000,0.9335,1,503,658,562,759
1320,20230609c_01548.jpg,5068,neutral,0.8243,0.9147,11,624,374,704,417
1320,20230609c_01548.jpg,5087,neutral,0.9707,0.9027,5,891,377,945,443
1320,20230609c_01548.jpg,5071,neutral,0.9937,0.8961,8,533,375,577,400
1321,20230609c_01549.jpg,4162,fanning,0.9928,0.9451,16,1425,374,1497,422
1321,20230609c_01549.jpg,5087,neutral,0.8975,0.9210,6,897,377,943,434
1321,20230609c_01549.jpg,5068,neutral,0.8344,0.9098,12,623,374,699,417
1321,20230609c_01549.jpg,5071,neutral,0.9934,0.6688,9,532,375,578,395
1322,20230609c_01550.jpg,4162,fanning,0.9919,0.9440,16,1426,376,1495,425
1322,20230609c_01550.jpg,5112,buffering,0.0000,0.9207,1,718,618,777,713
1322,20230609c_01550.jpg,5087,neutral,0.7135,0.9179,7,893,376,940,424
1323,20230609c_01551.jpg,4162,fanning,0.9907,0.9440,16,1426,376,1496,424
1323,20230609c_01551.jpg,5087,neutral,0.7318,0.9059,8,901,377,944,413
1323,20230609c_01551.jpg,5068,neutral,0.9914,0.8972,13,628,376,703,404
1324,20230609c_01552.jpg,4162,fanning,0.9918,0.9438,16,1425,374,1496,425
1324,20230609c_01552.jpg,5087,neutral,0.5928,0.9001,9,906,377,948,410
1324,20230609c_01552.jpg,5068,neutral,0.9903,0.8560,14,624,375,712,415
1325,20230609c_01553.jpg,4162,fanning,0.9933,0.9438,16,1424,374,1499,423
1325,20230609c_01553.jpg,5087,fanning,0.6066,0.9020,10,909,377,948,407
1325,20230609c_01553.jpg,5068,neutral,0.9938,0.8336,15,634,377,703,410
1326,20230609c_01554.jpg,4162,fanning,0.9927,0.9422,16,1423,374,1499,420
1326,20230609c_01554.jpg,5130,buffering,0.0000,0.9228,1,584,377,648,456
1326,20230609c_01554.jpg,5081,buffering,0.0000,0.9200,2,876,978,935,1057
1326,20230609c_01554.jpg,5068,neutral,0.9823,0.8853,16,605,374,709,420
1326,20230609c_01554.jpg,5087,fanning,0.7264,0.8570,11,912,377,950,400
1327,20230609c_01555.jpg,4162,fanning,0.9917,0.9433,16,1426,376,1496,423
1327,20230609c_01555.jpg,5130,buffering,0.0000,0.9224,2,579,376,651,439
1327,20230609c_01555.jpg,5068,neutral,0.9942,0.8706,16,629,376,708,404
1328,20230609c_01556.jpg,4162,fanning,0.9901,0.9420,16,1423,375,1499,426
1328,20230609c_01556.jpg,5068,neutral,0.9965,0.8784,16,634,376,717,409
1328,20230609c_01556.jpg,5130,buffering,0.0000,0.8763,3,561,373,635,449
1329,20230609c_01557.jpg,4162,fanning,0.9912,0.9409,16,1423,374,1498,426
1329,20230609c_01557.jpg,5130,neutral,0.7541,0.8952,4,563,374,638,451
1329,20230609c_01557.jpg,5068,neutral,0.9992,0.7953,16,628,375,717,409
1330,20230609c_01558.jpg,4162,fanning,0.9909,0.9418,16,1423,374,1495,425
1330,20230609c_01558.jpg,5130,trophallaxis,0.9969,0.9341,5,572,374,642,440
1330,20230609c_01558.jpg,5068,neutral,0.9978,0.7978,16,625,373,708,423
1330,20230609c_01558.jpg,5149,buffering,0.0000,0.7203,1,938,377,970,392
1331,20230609c_01559.jpg,4162,fanning,0.9907,0.9429,16,1425,374,1495,425
1331,20230609c_01559.jpg,5130,trophallaxis,0.9943,0.9406,6,573,374,635,437
1331,20230609c_01559.jpg,5068,neutral,0.9976,0.8919,16,634,375,719,409
1332,20230609c_01560.jpg,4162,fanning,0.9919,0.9424,16,1424,374,1493,426
1332,20230609c_01560.jpg,5130,neutral,0.9915,0.9379,7,573,375,642,440
1332,20230609c_01560.jpg,5155,buffering,0.0000,0.9330,1,315,618,368,688
1332,20230609c_01560.jpg,5068,neutral,0.9740,0.8954,16,634,375,707,406
1333,20230609c_01561.jpg,4162,fanning,0.9915,0.9414,16,1422,374,1496,427
1333,20230609c_01561.jpg,5130,neutral,0.9845,0.9380,8,568,374,643,434
1333,20230609c_01561.jpg,5155,buffering,0.0000,0.9035,2,323,614,373,687
1333,20230609c_01561.jpg,5068,neutral,0.9574,0.8494,16,639,376,705,401
1334,20230609c_01562.jpg,5130,fanning,0.5919,0.9449,9,572,375,644,428
1334,20230609c_01562.jpg,4162,fanning,0.9924,0.9442,16,1423,374,1495,425
1334,20230609c_01562.jpg,5155,buffering,0.0000,0.9366,3,322,588,377,680
1334,20230609c_01562.jpg,5068,neutral,0.7084,0.8789,16,644,376,699,401
1334,20230609c_01562.jpg,5081,buffering,0.0000,0.8665,3,863,1010,949,1079
1335,20230609c_01563.jpg,4162,fanning,0.9921,0.9444,16,1424,374,1495,425
1335,20230609c_01563.jpg,5130,neutral,0.8989,0.9031,10,558,375,635,416
1335,20230609c_01563.jpg,5155,neutral,0.9990,0.9023,4,330,598,393,670
1335,20230609c_01563.jpg,5068,trophallaxis,0.8213,0.8762,16,640,375,696,402
1336,20230609c_01564.jpg,4162,fanning,0.9920,0.9445,16,1425,374,1494,424
1336,20230609c_01564.jpg,5155,neutral,0.9987,0.8979,5,312,610,358,679
1336,20230609c_01564.jpg,5068,neutral,0.9006,0.8962,16,641,375,693,403
1337,20230609c_01565.jpg,4162,fanning,0.9904,0.9420,16,1425,374,1494,427
1337,20230609c_01565.jpg,5068,neutral,0.8722,0.9051,16,641,375,689,404
1337,20230609c_01565.jpg,5130,neutral,0.9898,0.8494,11,570,375,609,395
1338,20230609c_01566.jpg,4162,fanning,0.9913,0.9405,16,1426,374,1494,426
1338,20230609c_01566.jpg,5068,neutral,0.9776,0.9076,16,643,375,686,405
1339,20230609c_01567.jpg,4162,fanning,0.9912,0.9404,16,1426,376,1493,426
1339,20230609c_01567.jpg,5068,neutral,0.9963,0.9043,16,644,375,686,405
1340,20230609c_01568.jpg,4162,fanning,0.9885,0.9408,16,1423,375,1495,427
1340,20230609c_01568.jpg,5191,buffering,0.0000,0.9330,1,914,438,996,490
1340,20230609c_01568.jpg,5068,neutral,0.9968,0.9119,16,642,375,681,407
1341,20230609c_01569.jpg,5191,buffering,0.0000,0.9411,2,923,424,1005,490
1341,20230609c_01569.jpg,4162,fanning,0.9850,0.9393,16,1427,376,1498,427
1341,20230609c_01569.jpg,5068,neutral,0.9984,0.9024,16,643,376,681,408
1342,20230609c_01570.jpg,5191,buffering,0.0000,0.9414,3,937,411,1018,481
1342,20230609c_01570.jpg,4162,fanning,0.9824,0.9396,16,1427,376,1496,427
1342,20230609c_01570.jpg,5207,buffering,0.0000,0.9062,1,1774,713,1838,790
1342,20230609c_01570.jpg,5068,neutral,0.9989,0.9019,16,645,375,687,406
1343,20230609c_01571.jpg,4162,fanning,0.9840,0.9400,16,1426,374,1492,427
1343,20230609c_01571.jpg,5191,neutral,0.9964,0.9382,4,956,398,1029,468
1343,20230609c_01571.jpg,5214,buffering,0.0000,0.9281,1,569,602,616,683
1343,20230609c_01571.jpg,5068,neutral,0.9993,0.9028,16,647,375,689,404
1343,20230609c_01571.jpg,5207,buffering,0.0000,0.8790,2,1802,705,1875,784
1343,20230609c_01571.jpg,5215,buffering,0.0000,0.8247,1,132,556,184,616
1344,20230609c_01572.jpg,5191,neutral,0.9909,0.9407,5,970,389,1037,459
1344,20230609c_01572.jpg,4162,fanning,0.9840,0.9399,16,1422,374,1499,426
1344,20230609c_01572.jpg,5215,buffering,0.0000,0.8997,2,104,552,191,605
1344,20230609c_01572.jpg,5068,neutral,0.9993,0.8974,16,646,375,689,404
1344,20230609c_01572.jpg,5214,buffering,0.0000,0.8311,2,572,573,619,644
1345,20230609c_01573.jpg,5191,neutral,0.9866,0.9421,6,977,377,1046,446
1345,20230609c_01573.jpg,4162,fanning,0.9811,0.9412,16,1424,374,1499,426
1345,20230609c_01573.jpg,5214,buffering,0.0000,0.9132,3,565,541,612,611
1345,20230609c_01573.jpg,5068,neutral,0.9962,0.8976,16,645,375,685,406
1346,20230609c_01574.jpg,4162,fanning,0.9794,0.9437,16,1424,374,1495,424
1346,20230609c_01574.jpg,5214,neutral,0.9997,0.9395,4,575,493,639,589
1346,20230609c_01574.jpg,5191,neutral,0.9823,0.9305,7,995,375,1062,439
1346,20230609c_01574.jpg,5068,neutral,0.9936,0.8899,16,645,375,686,405
1347,20230609c_01575.jpg,4162,fanning,0.9796,0.9430,16,1423,374,1495,425
1347,20230609c_01575.jpg,5231,buffering,0.0000,0.9404,1,132,592,210,678
1347,20230609c_01575.jpg,5214,neutral,0.9996,0.9376,5,586,463,653,558
1347,20230609c_01575.jpg,5191,neutral,0.9770,0.9241,8,1009,376,1056,420
1347,20230609c_01575.jpg,5068,neutral,0.9914,0.9051,16,645,376,684,407
1348,20230609c_01576.jpg,4162,fanning,0.9805,0.9441,16,1422,374,1496,424
1348,20230609c_01576.jpg,5234,buffering,0.0000,0.9420,1,708,422,772,516
1348,20230609c_01576.jpg,5214,neutral,0.9991,0.9356,6,581,448,641,546
1348,20230609c_01576.jpg,5191,neutral,0.9754,0.9013,9,1020,376,1066,410
1348,20230609c_01576.jpg,5068,neutral,0.9705,0.9000,16,645,375,686,407
1349,20230609c_01577.jpg,4162,fanning,0.9820,0.9438,16,1422,374,1496,424
1349,20230609c_01577.jpg,5234,buffering,0.0000,0.9427,2,684,399,748,493
1349,20230609c_01577.jpg,5214,neutral,0.9931,0.9358,7,581,420,638,518
1349,20230609c_01577.jpg,5068,neutral,0.9499,0.8930,16,645,375,687,407
1349,20230609c_01577.jpg,5191,neutral,0.9954,0.6896,10,1035,376,1069,391
1350,20230609c_01578.jpg,4162,fanning,0.9833,0.9422,16,1422,374,1499,427
1350,20230609c_01578.jpg,5214,neutral,0.9742,0.9343,8,571,400,631,496
1350,20230609c_01578.jpg,5234,buffering,0.0000,0.9275,3,653,376,719,473
1351,20230609c_01579.jpg,4162,fanning,0.9835,0.9408,16,1423,374,1497,427
1351,20230609c_01579.jpg,5214,neutral,0.9503,0.9302,9,565,380,628,475
1351,20230609c_01579.jpg,5234,neutral,0.9868,0.9109,4,649,374,719,453
1352,20230609c_01580.jpg,4162,fanning,0.9825,0.9419,16,1422,374,1497,427
1352,20230609c_01580.jpg,5234,neutral,0.9591,0.9200,5,641,375,718,450
1352,20230609c_01580.jpg,5214,neutral,0.9500,0.9101,10,532,373,615,460
1353,20230609c_01581.jpg,4162,fanning,0.9824,0.9417,16,1423,374,1497,426
1353,20230609c_01581.jpg,5234,neutral,0.9034,0.9291,6,628,374,711,442
1353,20230609c_01581.jpg,5214,neutral,0.9448,0.9101,11,548,376,608,439
1354,20230609c_01582.jpg,5249,buffering,0.0000,0.9411,1,481,373,541,457
1354,20230609c_01582.jpg,4162,fanning,0.9800,0.9401,16,1423,374,1497,426
1354,20230609c_01582.jpg,5068,neutral,0.9790,0.9264,16,647,375,709,441
1354,20230609c_01582.jpg,5214,neutral,0.6207,0.8786,12,554,376,613,421
1355,20230609c_01583.jpg,4162,fanning,0.9791,0.9415,16,1423,374,1498,426
1355,20230609c_01583.jpg,5068,neutral,0.9533,0.9376,16,651,376,718,437
1355,20230609c_01583.jpg,5249,buffering,0.0000,0.9284,2,495,373,550,450
1356,20230609c_01584.jpg,4162,fanning,0.9807,0.9426,16,1426,376,1497,426
1356,20230609c_01584.jpg,5068,neutral,0.9563,0.9344,16,651,376,724,428
1356,20230609c_01584.jpg,5249,buffering,0.0000,0.9176,3,510,378,560,434
1357,20230609c_01585.jpg,4162,fanning,0.9822,0.9437,16,1425,374,1496,426
1357,20230609c_01585.jpg,5068,neutral,0.9819,0.9359,16,646,375,724,428
1357,20230609c_01585.jpg,5249,neutral,0.9642,0.9179,4,512,374,577,425
1358,20230609c_01586.jpg,4162,fanning,0.9844,0.9428,16,1421,374,1496,426
1358,20230609c_01586.jpg,5068,neutral,0.9548,0.9301,16,646,373,730,431
1359,20230609c_01587.jpg,4162,fanning,0.9838,0.9414,16,1426,374,1496,427
1359,20230609c_01587.jpg,5068,neutral,0.9575,0.9249,16,655,375,737,432
1359,20230609c_01587.jpg,5258,buffering,0.0000,0.9236,1,1158,887,1228,980
1359,20230609c_01587.jpg,5249,neutral,0.8473,0.9035,5,512,374,572,422
1360,20230609c_01588.jpg,4162,fanning,0.9821,0.9428,16,1423,374,1496,426
1360,20230609c_01588.jpg,5068,neutral,0.9550,0.9253,16,658,376,745,428
1360,20230609c_01588.jpg,5249,neutral,0.9052,0.9030,6,511,375,575,421
1361,20230609c_01589.jpg,4162,fanning,0.9833,0.9428,16,1426,376,1496,425
1361,20230609c_01589.jpg,5068,neutral,0.9700,0.9318,16,661,376,744,422
1362,20230609c_01590.jpg,4162,fanning,0.9846,0.9454,16,1427,376,1495,425
1362,20230609c_01590.jpg,5068,neutral,0.9710,0.9321,16,666,376,756,428
1362,20230609c_01590.jpg,5249,neutral,0.6161,0.8965,7,510,374,574,410
1363,20230609c_01591.jpg,4162,fanning,0.9875,0.9435,16,1422,374,1496,425
1363,20230609c_01591.jpg,5068,neutral,0.9386,0.9011,16,676,376,756,416
1364,20230609c_01592.jpg,4162,fanning,0.9886,0.9440,16,1419,374,1496,427
1364,20230609c_01592.jpg,5068,neutral,0.8678,0.9277,16,685,376,752,424
1365,20230609c_01593.jpg,4162,fanning,0.9893,0.9420,16,1422,374,1497,425
1365,20230609c_01593.jpg,5068,uncertain,0.5025,0.9232,16,659,375,746,427
1365,20230609c_01593.jpg,5273,buffering,0.0000,0.5624,1,656,376,688,401
1366,20230609c_01594.jpg,4162,fanning,0.9871,0.9417,16,1421,374,1495,425
1366,20230609c_01594.jpg,5068,fanning,0.6181,0.8451,16,660,375,745,431
1367,20230609c_01595.jpg,4162,fanning,0.9884,0.9426,16,1422,374,1495,426
1367,20230609c_01595.jpg,5068,fanning,0.7449,0.9272,16,666,376,746,428
1368,20230609c_01596.jpg,4162,fanning,0.9888,0.9418,16,1424,374,1497,427
1368,20230609c_01596.jpg,5068,fanning,0.9403,0.9178,16,662,376,744,431
1368,20230609c_01596.jpg,5283,buffering,0.0000,0.9128,1,492,941,538,1010
1369,20230609c_01597.jpg,4162,fanning,0.9915,0.9416,16,1423,374,1495,426
1369,20230609c_01597.jpg,5287,buffering,0.0000,0.9408,1,1243,722,1307,824
1369,20230609c_01597.jpg,5068,fanning,0.9816,0.8930,16,667,376,746,432
1370,20230609c_01598.jpg,4162,fanning,0.9945,0.9435,16,1418,374,1495,426
1370,20230609c_01598.jpg,5287,buffering,0.0000,0.9351,2,1245,695,1307,784
1370,20230609c_01598.jpg,5068,fanning,0.9805,0.9012,16,667,376,737,424
1371,20230609c_01599.jpg,4162,fanning,0.9951,0.9413,16,1423,374,1494,426
1371,20230609c_01599.jpg,5287,buffering,0.0000,0.9359,3,1244,651,1309,749
1371,20230609c_01599.jpg,5068,fanning,0.9905,0.8924,16,674,375,744,413
1372,20230609c_01600.jpg,5287,neutral,0.6709,0.9422,4,1235,602,1303,699
1372,20230609c_01600.jpg,4162,fanning,0.9959,0.9410,16,1424,374,1495,427
1372,20230609c_01600.jpg,5068,fanning,0.9037,0.9169,16,683,375,759,411
1373,20230609c_01601.jpg,4162,fanning,0.9964,0.9398,16,1424,374,1494,426
1373,20230609c_01601.jpg,5287,uncertain,0.5058,0.9388,5,1223,541,1290,649
1373,20230609c_01601.jpg,5068,fanning,0.9772,0.9128,16,682,375,765,409
1374,20230609c_01602.jpg,4162,fanning,0.9965,0.9432,16,1419,375,1496,426
1374,20230609c_01602.jpg,5287,uncertain,0.5221,0.9380,6,1204,497,1272,603
1374,20230609c_01602.jpg,5068,fanning,0.9943,0.8784,16,683,375,767,407
1375,20230609c_01603.jpg,4162,fanning,0.9967,0.9405,16,1424,374,1494,425
1375,20230609c_01603.jpg,5287,uncertain,0.5387,0.9306,7,1188,478,1262,576
1375,20230609c_01603.jpg,5068,neutral,0.9979,0.8583,16,693,376,773,402
1376,20230609c_01604.jpg,4162,fanning,0.9972,0.9400,16,1422,374,1495,426
1376,20230609c_01604.jpg,5287,neutral,0.8549,0.9368,8,1178,455,1239,555
1376,20230609c_01604.jpg,5301,buffering,0.0000,0.9270,1,791,813,844,898
1376,20230609c_01604.jpg,5068,neutral,0.9994,0.8347,16,698,375,773,399
1377,20230609c_01605.jpg,5287,uncertain,0.5182,0.9417,9,1177,422,1242,515
1377,20230609c_01605.jpg,4162,fanning,0.9980,0.9398,16,1423,374,1498,426
1378,20230609c_01606.jpg,5287,uncertain,0.5136,0.9461,10,1187,384,1261,474
1378,20230609c_01606.jpg,4162,fanning,0.9980,0.9428,16,1426,376,1495,424
1378,20230609c_01606.jpg,5068,neutral,0.9993,0.5831,16,702,376,762,395
1379,20230609c_01607.jpg,5287,fanning,0.6031,0.9427,11,1209,376,1276,457
1379,20230609c_01607.jpg,4162,fanning,0.9976,0.9420,16,1426,376,1495,425
1380,20230609c_01608.jpg,4162,fanning,0.9975,0.9420,16,1425,374,1495,425
1380,20230609c_01608.jpg,5068,neutral,0.9995,0.7714,16,704,376,763,391
1381,20230609c_01609.jpg,4162,fanning,0.9975,0.9429,16,1426,374,1495,426
1381,20230609c_01609.jpg,5317,buffering,0.0000,0.9418,1,1222,377,1290,457
1381,20230609c_01609.jpg,5068,neutral,0.9995,0.7126,16,703,376,766,394
1382,20230609c_01610.jpg,4162,fanning,0.9975,0.9435,16,1426,374,1496,424
1382,20230609c_01610.jpg,5317,buffering,0.0000,0.9354,2,1231,375,1295,455
1383,20230609c_01611.jpg,4162,fanning,0.9979,0.9427,16,1424,374,1498,419
1383,20230609c_01611.jpg,5317,buffering,0.0000,0.9403,3,1231,375,1292,453
1384,20230609c_01612.jpg,4162,fanning,0.9978,0.9440,16,1422,375,1495,424
1384,20230609c_01612.jpg,5331,buffering,0.0000,0.9366,1,677,480,745,586
1384,20230609c_01612.jpg,5317,neutral,0.9992,0.9289,4,1226,376,1294,448
1385,20230609c_01613.jpg,4162,fanning,0.9978,0.9426,16,1424,374,1498,426
1385,20230609c_01613.jpg,5331,buffering,0.0000,0.9416,2,682,449,747,544
1385,20230609c_01613.jpg,5317,neutral,0.9980,0.9291,5,1231,376,1292,440
1386,20230609c_01614.jpg,4162,fanning,0.9972,0.9425,16,1423,375,1497,426
1386,20230609c_01614.jpg,5339,buffering,0.0000,0.9393,1,267,361,329,434
1386,20230609c_01614.jpg,5331,buffering,0.0000,0.9329,3,688,426,768,513
1386,20230609c_01614.jpg,5317,neutral,0.9963,0.9298,6,1231,376,1295,434
1387,20230609c_01615.jpg,4162,fanning,0.9969,0.9412,16,1424,374,1498,427
1387,20230609c_01615.jpg,5339,buffering,0.0000,0.9383,2,292,375,358,454
1387,20230609c_01615.jpg,5331,neutral,0.9997,0.9335,4,711,393,811,488
1387,20230609c_01615.jpg,5317,neutral,0.9856,0.9303,7,1228,377,1291,429
1388,20230609c_01616.jpg,5347,buffering,0.0000,0.9430,1,408,458,462,538
1388,20230609c_01616.jpg,4162,fanning,0.9966,0.9418,16,1423,374,1499,427
1388,20230609c_01616.jpg,5331,neutral,0.9997,0.9283,5,742,384,816,478
1388,20230609c_01616.jpg,5317,neutral,0.9575,0.9135,8,1232,375,1286,411
1389,20230609c_01617.jpg,5350,buffering,0.0000,0.9464,1,1275,438,1330,528
1389,20230609c_01617.jpg,4162,fanning,0.9959,0.9401,16,1423,374,1497,428
1389,20230609c_01617.jpg,5331,neutral,0.9996,0.9303,6,768,379,827,465
1389,20230609c_01617.jpg,5347,buffering,0.0000,0.8878,2,396,465,451,542
1389,20230609c_01617.jpg,5317,neutral,0.9412,0.8788,9,1232,376,1274,398
1390,20230609c_01618.jpg,5350,buffering,0.0000,0.9463,2,1275,434,1330,519
1390,20230609c_01618.jpg,4162,fanning,0.9955,0.9414,16,1423,374,1498,427
1390,20230609c_01618.jpg,5347,buffering,0.0000,0.9382,3,393,462,460,542
1390,20230609c_01618.jpg,5331,neutral,0.9994,0.9307,7,770,374,837,457
1391,20230609c_01619.jpg,5350,buffering,0.0000,0.9456,3,1278,425,1331,511
1391,20230609c_01619.jpg,5347,neutral,0.9761,0.9448,4,410,434,484,526
1391,20230609c_01619.jpg,4162,fanning,0.9954,0.9416,16,1425,374,1498,426
1391,20230609c_01619.jpg,5331,neutral,0.9994,0.9095,8,766,374,850,454
1392,20230609c_01620.jpg,5350,neutral,0.9882,0.9413,4,1278,409,1336,498
1392,20230609c_01620.jpg,4162,fanning,0.9953,0.9411,16,1427,376,1493,426
1392,20230609c_01620.jpg,5331,neutral,0.9994,0.9341,9,772,374,848,449
1392,20230609c_01620.jpg,5356,buffering,0.0000,0.6739,1,1229,375,1270,392
1393,20230609c_01621.jpg,4162,fanning,0.9942,0.9421,16,1425,374,1497,427
1393,20230609c_01621.jpg,5350,neutral,0.9935,0.9408,5,1281,398,1340,483
1393,20230609c_01621.jpg,5331,neutral,0.9994,0.9372,10,768,374,845,443
1394,20230609c_01622.jpg,4162,fanning,0.9949,0.9432,16,1426,374,1497,426
1394,20230609c_01622.jpg,5331,neutral,0.9993,0.9401,11,776,375,844,439
1394,20230609c_01622.jpg,5350,neutral,0.9964,0.9344,6,1282,379,1338,465
1394,20230609c_01622.jpg,5365,buffering,0.0000,0.9187,1,524,375,588,430
1395,20230609c_01623.jpg,4162,fanning,0.9953,0.9436,16,1426,374,1496,427
1395,20230609c_01623.jpg,5350,neutral,0.9949,0.9337,7,1282,375,1339,449
1395,20230609c_01623.jpg,5331,neutral,0.9978,0.9330,12,781,375,837,432
1395,20230609c_01623.jpg,5365,buffering,0.0000,0.9299,2,525,375,591,426
1395,20230609c_01623.jpg,5371,buffering,0.0000,0.9001,1,966,890,1012,948
1396,20230609c_01624.jpg,4162,fanning,0.9942,0.9406,16,1425,374,1497,428
1396,20230609c_01624.jpg,5331,neutral,0.9966,0.9220,13,785,375,839,421
1396,20230609c_01624.jpg,5371,buffering,0.0000,0.9192,2,986,901,1040,958
1396,20230609c_01624.jpg,5350,neutral,0.9947,0.9173,8,1285,376,1339,446
1396,20230609c_01624.jpg,5365,buffering,0.0000,0.8932,3,524,374,592,422
1397,20230609c_01625.jpg,4162,fanning,0.9928,0.9403,16,1423,375,1499,428
1397,20230609c_01625.jpg,5331,neutral,0.9941,0.8993,14,789,374,844,412
1397,20230609c_01625.jpg,5365,neutral,0.8131,0.8905,4,526,375,590,408
1398,20230609c_01626.jpg,4162,fanning,0.9924,0.9404,16,1422,375,1499,429
1398,20230609c_01626.jpg,5331,neutral,0.9932,0.8638,15,793,374,846,402
1398,20230609c_01626.jpg,5365,neutral,0.9688,0.8489,5,534,375,579,397
1399,20230609c_01627.jpg,4162,fanning,0.9924,0.9411,16,1423,374,1499,427
1399,20230609c_01627.jpg,5331,neutral,0.9911,0.8480,16,796,374,846,400
1400,20230609c_01628.jpg,5390,buffering,0.0000,0.9433,1,1301,604,1360,703
1400,20230609c_01628.jpg,4162,fanning,0.9921,0.9407,16,1423,375,1497,428
1400,20230609c_01628.jpg,5392,buffering,0.0000,0.9065,1,1287,377,1330,408
1401,20230609c_01629.jpg,4162,fanning,0.9913,0.9400,16,1423,375,1498,429
1401,20230609c_01629.jpg,5392,buffering,0.0000,0.8042,2,1291,377,1323,393
1402,20230609c_01630.jpg,4162,fanning,0.9919,0.9397,16,1421,375,1499,429
1403,20230609c_01631.jpg,4162,fanning,0.9927,0.9406,16,1425,375,1493,429
1404,20230609c_01632.jpg,4162,fanning,0.9947,0.9418,16,1426,375,1493,427
1405,20230609c_01633.jpg,4162,fanning,0.9955,0.9461,16,1426,375,1490,426
1406,20230609c_01634.jpg,5410,buffering,0.0000,0.9309,1,1450,418,1501,497
1406,20230609c_01634.jpg,4162,fanning,0.9948,0.9192,16,1426,376,1489,427
1407,20230609c_01635.jpg,5410,buffering,0.0000,0.9415,2,1443,416,1508,487
1407,20230609c_01635.jpg,4162,fanning,0.9965,0.9128,16,1425,376,1495,425
1408,20230609c_01636.jpg,5410,buffering,0.0000,0.9389,3,1451,416,1513,496
1408,20230609c_01636.jpg,4162,fanning,0.9977,0.9154,16,1424,376,1490,422
1409,20230609c_01637.jpg,5410,neutral,0.9828,0.9431,4,1450,417,1511,498
1409,20230609c_01637.jpg,4162,fanning,0.9985,0.9283,16,1424,376,1488,421
1410,20230609c_01638.jpg,5410,neutral,0.8897,0.9443,5,1454,413,1519,490
1410,20230609c_01638.jpg,4162,fanning,0.9987,0.9287,16,1424,376,1488,422
1411,20230609c_01639.jpg,5410,uncertain,0.5233,0.9387,6,1460,406,1519,486
1411,20230609c_01639.jpg,4162,fanning,0.9988,0.9182,16,1424,376,1487,422
1412,20230609c_01640.jpg,5410,fanning,0.8238,0.9369,7,1469,392,1530,471
1412,20230609c_01640.jpg,4162,fanning,0.9991,0.9208,16,1424,376,1489,421
1413,20230609c_01641.jpg,5410,fanning,0.8390,0.9260,8,1474,377,1536,461
1413,20230609c_01641.jpg,4162,fanning,0.9991,0.9223,16,1424,376,1489,420
1414,20230609c_01642.jpg,5410,fanning,0.9091,0.9230,9,1477,377,1537,459
1414,20230609c_01642.jpg,4162,fanning,0.9990,0.9226,16,1424,376,1489,423
1415,20230609c_01643.jpg,5424,buffering,0.0000,0.9494,1,1240,411,1312,496
1415,20230609c_01643.jpg,5410,fanning,0.9452,0.9278,10,1434,376,1531,458
1415,20230609c_01643.jpg,4162,fanning,0.9989,0.9219,16,1424,376,1489,423
1416,20230609c_01644.jpg,5424,buffering,0.0000,0.9494,2,1246,405,1332,491
1416,20230609c_01644.jpg,5410,fanning,0.9619,0.9206,11,1433,376,1535,460
1416,20230609c_01644.jpg,4162,fanning,0.9988,0.9204,16,1424,376,1489,423
1417,20230609c_01645.jpg,5424,buffering,0.0000,0.9485,3,1274,428,1363,505
1417,20230609c_01645.jpg,5410,fanning,0.9700,0.9303,12,1429,375,1533,455
1417,20230609c_01645.jpg,4162,fanning,0.9987,0.9120,16,1425,376,1488,422
1418,20230609c_01646.jpg,4162,fanning,0.9988,0.9203,16,1424,374,1527,442
1418,20230609c_01646.jpg,5410,fanning,0.9789,0.8897,13,1466,377,1526,444
1419,20230609c_01647.jpg,4162,fanning,0.9987,0.8904,16,1425,374,1511,436
1419,20230609c_01647.jpg,5410,fanning,0.9849,0.8450,14,1467,380,1511,438
1420,20230609c_01648.jpg,4162,fanning,0.9986,0.9062,16,1425,374,1507,428
1420,20230609c_01648.jpg,5410,fanning,0.9902,0.7979,15,1450,378,1507,432
1421,20230609c_01649.jpg,4162,fanning,0.9986,0.9061,16,1425,375,1505,425
1421,20230609c_01649.jpg,5410,fanning,0.9929,0.7730,16,1451,378,1505,428
1422,20230609c_01650.jpg,4162,fanning,0.9986,0.9452,16,1425,375,1507,426
1423,20230609c_01651.jpg,4162,fanning,0.9985,0.9430,16,1423,374,1499,422
1424,20230609c_01652.jpg,4162,fanning,0.9982,0.9336,16,1405,376,1496,416
1425,20230609c_01653.jpg,5442,buffering,0.0000,0.9393,1,1720,436,1787,539
1425,20230609c_01653.jpg,4162,fanning,0.9983,0.9325,16,1416,375,1495,417
1426,20230609c_01654.jpg,5442,buffering,0.0000,0.9474,2,1693,435,1770,527
1426,20230609c_01654.jpg,4162,fanning,0.9984,0.9371,16,1421,375,1494,419
1427,20230609c_01655.jpg,5442,buffering,0.0000,0.9448,3,1658,425,1735,513
1427,20230609c_01655.jpg,4162,fanning,0.9984,0.9339,16,1426,376,1495,417
1428,20230609c_01656.jpg,5442,neutral,0.9636,0.9427,4,1613,420,1686,511
1428,20230609c_01656.jpg,4162,fanning,0.9982,0.9367,16,1420,375,1494,417
1429,20230609c_01657.jpg,5442,neutral,0.9404,0.9378,5,1579,432,1642,524
1429,20230609c_01657.jpg,4162,fanning,0.9980,0.9362,16,1425,375,1492,419
1430,20230609c_01658.jpg,5442,neutral,0.8718,0.9417,6,1557,437,1615,529
1430,20230609c_01658.jpg,4162,fanning,0.9982,0.9354,16,1424,375,1493,419
1431,20230609c_01659.jpg,5442,neutral,0.6972,0.9425,7,1541,426,1604,516
1431,20230609c_01659.jpg,4162,fanning,0.9982,0.9342,16,1422,375,1493,418
1432,20230609c_01660.jpg,5442,fanning,0.6773,0.9448,8,1513,403,1591,490
1432,20230609c_01660.jpg,4162,fanning,0.9985,0.9400,16,1425,375,1492,421
1433,20230609c_01661.jpg,5442,fanning,0.9548,0.9304,9,1491,379,1555,469
1433,20230609c_01661.jpg,4162,fanning,0.9991,0.9248,16,1426,377,1488,424
1434,20230609c_01662.jpg,4162,fanning,0.9988,0.9154,16,1424,375,1494,424
1434,20230609c_01662.jpg,5442,fanning,0.9791,0.9152,10,1470,377,1518,474
1435,20230609c_01663.jpg,5442,fanning,0.9855,0.9182,11,1425,376,1511,467
1436,20230609c_01664.jpg,4162,fanning,0.9990,0.9184,16,1425,375,1517,452
1436,20230609c_01664.jpg,5453,buffering,0.0000,0.8803,1,1468,383,1535,462
1437,20230609c_01665.jpg,4162,fanning,0.9990,0.9133,16,1425,375,1518,446
1437,20230609c_01665.jpg,5453,buffering,0.0000,0.8925,2,1468,382,1537,461
1438,20230609c_01666.jpg,4162,fanning,0.9987,0.9159,16,1426,377,1484,419
1438,20230609c_01666.jpg,5453,buffering,0.0000,0.9044,3,1467,387,1533,461
1439,20230609c_01667.jpg,4162,fanning,0.9987,0.8960,16,1426,375,1519,453
1439,20230609c_01667.jpg,5453,neutral,0.9995,0.8838,4,1463,384,1524,451
1440,20230609c_01668.jpg,4162,fanning,0.9986,0.8817,16,1426,375,1506,452
1440,20230609c_01668.jpg,5453,neutral,0.9994,0.8629,5,1451,389,1510,452
1441,20230609c_01669.jpg,4162,fanning,0.9987,0.8586,16,1421,376,1494,442
1442,20230609c_01670.jpg,4162,fanning,0.9985,0.9391,16,1422,374,1493,432
1443,20230609c_01671.jpg,4162,fanning,0.9988,0.9423,16,1425,374,1507,427
1444,20230609c_01672.jpg,4162,fanning,0.9989,0.9402,16,1425,374,1495,422
1445,20230609c_01673.jpg,4162,fanning,0.9988,0.9390,16,1424,374,1495,420
1446,20230609c_01674.jpg,4162,fanning,0.9987,0.9458,16,1422,374,1495,421
1447,20230609c_01675.jpg,4162,fanning,0.9988,0.9398,16,1422,375,1493,422
1448,20230609c_01676.jpg,4162,fanning,0.9987,0.9402,16,1423,375,1495,424
1449,20230609c_01677.jpg,4162,fanning,0.9987,0.9472,16,1423,375,1493,424
1450,20230609c_01678.jpg,4162,fanning,0.9984,0.9389,16,1422,374,1494,425
1451,20230609c_01679.jpg,4162,fanning,0.9982,0.9398,16,1421,375,1491,428
1452,20230609c_01680.jpg,4162,fanning,0.9978,0.9515,16,1425,376,1491,427
1453,20230609c_01681.jpg,4162,fanning,0.9978,0.9424,16,1422,374,1491,428
1454,20230609c_01682.jpg,4162,fanning,0.9980,0.9426,16,1422,374,1491,428
1455,20230609c_01683.jpg,4162,fanning,0.9979,0.9405,16,1424,374,1490,428
1456,20230609c_01684.jpg,4162,fanning,0.9977,0.9413,16,1424,374,1493,427
1457,20230609c_01685.jpg,4162,fanning,0.9977,0.9403,16,1423,374,1493,426
1458,20230609c_01686.jpg,4162,fanning,0.9977,0.9394,16,1424,375,1493,426
1459,20230609c_01687.jpg,4162,fanning,0.9974,0.9413,16,1425,375,1491,428
1460,20230609c_01688.jpg,4162,fanning,0.9968,0.9395,16,1424,375,1492,428
1461,20230609c_01689.jpg,4162,fanning,0.9965,0.9386,16,1425,375,1492,428
1462,20230609c_01690.jpg,4162,fanning,0.9964,0.9403,16,1425,375,1492,428
1463,20230609c_01691.jpg,4162,fanning,0.9961,0.9397,16,1425,375,1492,429
1463,20230609c_01691.jpg,5495,buffering,0.0000,0.9226,1,145,876,207,968
1464,20230609c_01692.jpg,4162,fanning,0.9962,0.9396,16,1425,375,1493,430
1465,20230609c_01693.jpg,4162,fanning,0.9964,0.9386,16,1425,375,1494,430
1466,20230609c_01694.jpg,4162,fanning,0.9959,0.9397,16,1422,374,1495,429
1467,20230609c_01695.jpg,4162,fanning,0.9950,0.9401,16,1425,375,1495,428
1467,20230609c_01695.jpg,5504,buffering,0.0000,0.9399,1,525,375,597,437
1467,20230609c_01695.jpg,5506,buffering,0.0000,0.8969,1,1031,376,1072,398
1468,20230609c_01696.jpg,4162,fanning,0.9960,0.9402,16,1425,374,1497,428
1468,20230609c_01696.jpg,5504,buffering,0.0000,0.9364,2,526,375,602,435
1468,20230609c_01696.jpg,5506,buffering,0.0000,0.8726,2,1028,375,1070,397
1469,20230609c_01697.jpg,4162,fanning,0.9956,0.9404,16,1424,374,1494,428
1469,20230609c_01697.jpg,5504,buffering,0.0000,0.9138,3,527,373,603,420
1469,20230609c_01697.jpg,5506,buffering,0.0000,0.8459,3,1029,376,1071,400
1470,20230609c_01698.jpg,4162,fanning,0.9954,0.9400,16,1422,374,1495,429
1470,20230609c_01698.jpg,5506,neutral,0.9988,0.8878,4,1028,375,1083,403
1471,20230609c_01699.jpg,4162,fanning,0.9954,0.9413,16,1422,374,1495,430
1471,20230609c_01699.jpg,5506,neutral,0.9977,0.8722,5,1020,376,1077,403
1472,20230609c_01700.jpg,4162,fanning,0.9954,0.9418,16,1423,374,1494,430
1472,20230609c_01700.jpg,5511,buffering,0.0000,0.9317,1,607,605,654,695
1472,20230609c_01700.jpg,5506,neutral,0.9977,0.8388,6,1011,376,1068,404
1473,20230609c_01701.jpg,4162,fanning,0.9956,0.9417,16,1424,374,1498,429
1473,20230609c_01701.jpg,5511,buffering,0.0000,0.9407,2,587,568,644,669
1473,20230609c_01701.jpg,5506,neutral,0.9977,0.7992,7,999,375,1060,409
1474,20230609c_01702.jpg,4162,fanning,0.9956,0.9421,16,1424,374,1496,429
1474,20230609c_01702.jpg,5511,buffering,0.0000,0.9356,3,572,514,627,615
1474,20230609c_01702.jpg,5506,neutral,0.9970,0.8654,8,991,376,1055,413
1475,20230609c_01703.jpg,4162,fanning,0.9951,0.9428,16,1423,374,1495,430
1475,20230609c_01703.jpg,5511,neutral,0.9981,0.9338,4,562,470,623,561
1475,20230609c_01703.jpg,5506,neutral,0.9924,0.8852,9,960,375,1042,413
1476,20230609c_01704.jpg,4162,fanning,0.9957,0.9415,16,1425,375,1495,429
1476,20230609c_01704.jpg,5506,neutral,0.9757,0.9381,10,933,376,1009,424
1476,20230609c_01704.jpg,5511,neutral,0.9976,0.9342,5,555,436,613,521
1477,20230609c_01705.jpg,4162,fanning,0.9960,0.9408,16,1424,374,1497,428
1477,20230609c_01705.jpg,5511,neutral,0.9976,0.9363,6,557,420,624,503
1477,20230609c_01705.jpg,5506,neutral,0.9798,0.9101,11,928,377,1008,416
1478,20230609c_01706.jpg,4162,fanning,0.9968,0.9416,16,1424,375,1494,427
1478,20230609c_01706.jpg,5511,neutral,0.9952,0.9416,7,563,412,616,500
1478,20230609c_01706.jpg,5506,neutral,0.9615,0.9265,12,919,376,1000,417
1479,20230609c_01707.jpg,4162,fanning,0.9972,0.9397,16,1422,374,1497,428
1479,20230609c_01707.jpg,5511,neutral,0.9870,0.9368,8,561,388,621,484
1479,20230609c_01707.jpg,5506,neutral,0.9521,0.9117,13,922,377,989,414
1480,20230609c_01708.jpg,4162,fanning,0.9971,0.9399,16,1421,375,1497,429
1480,20230609c_01708.jpg,5511,neutral,0.9632,0.9220,9,535,373,620,456
1480,20230609c_01708.jpg,5506,neutral,0.9243,0.8839,14,919,377,984,408
1481,20230609c_01709.jpg,4162,fanning,0.9971,0.9400,16,1424,375,1495,427
1481,20230609c_01709.jpg,5511,neutral,0.8685,0.9166,10,536,375,609,440
1481,20230609c_01709.jpg,5506,neutral,0.8952,0.8870,15,911,377,966,409
1482,20230609c_01710.jpg,4162,fanning,0.9971,0.9414,16,1390,376,1495,427
1483,20230609c_01711.jpg,4162,fanning,0.9979,0.9423,16,1410,376,1494,427
1483,20230609c_01711.jpg,5506,neutral,0.9227,0.7761,16,869,375,938,446
1484,20230609c_01712.jpg,4162,fanning,0.9976,0.9405,16,1422,375,1497,428
1484,20230609c_01712.jpg,5511,neutral,0.8298,0.9150,11,530,374,616,444
1485,20230609c_01713.jpg,4162,fanning,0.9973,0.9411,16,1423,375,1494,428
1485,20230609c_01713.jpg,5511,neutral,0.7432,0.9189,12,527,374,619,429
1486,20230609c_01714.jpg,4162,fanning,0.9968,0.9395,16,1423,375,1494,429
1486,20230609c_01714.jpg,5511,uncertain,0.5246,0.9215,13,544,375,618,423
1487,20230609c_01715.jpg,4162,fanning,0.9966,0.9393,16,1422,375,1494,429
1487,20230609c_01715.jpg,5511,fanning,0.6652,0.9135,14,571,375,638,416
1488,20230609c_01716.jpg,4162,fanning,0.9971,0.9391,16,1425,377,1494,429
1488,20230609c_01716.jpg,5511,fanning,0.6637,0.9250,15,588,373,650,417
1489,20230609c_01717.jpg,4162,fanning,0.9972,0.9399,16,1426,377,1494,429
1489,20230609c_01717.jpg,5511,fanning,0.6838,0.9107,16,596,375,663,407
1490,20230609c_01718.jpg,4162,fanning,0.9978,0.9401,16,1426,377,1495,428
1490,20230609c_01718.jpg,5511,fanning,0.5690,0.8728,16,610,375,649,397
1491,20230609c_01719.jpg,4162,fanning,0.9980,0.9404,16,1426,377,1496,428
1491,20230609c_01719.jpg,5511,neutral,0.6904,0.7105,16,615,376,656,392
1492,20230609c_01720.jpg,4162,fanning,0.9978,0.9395,16,1421,375,1497,428
1493,20230609c_01721.jpg,4162,fanning,0.9976,0.9388,16,1426,377,1494,428
1494,20230609c_01722.jpg,4162,fanning,0.9974,0.9398,16,1424,374,1493,424
1495,20230609c_01723.jpg,4162,fanning,0.9971,0.9412,16,1426,376,1493,425
1496,20230609c_01724.jpg,4162,fanning,0.9966,0.9414,16,1426,377,1498,426
1497,20230609c_01725.jpg,4162,fanning,0.9957,0.9416,16,1427,377,1497,426
1497,20230609c_01725.jpg,5521,buffering,0.0000,0.9274,1,1561,970,1634,1067
1498,20230609c_01726.jpg,4162,fanning,0.9951,0.9423,16,1427,376,1498,426
1499,20230609c_01727.jpg,4162,fanning,0.9935,0.9415,16,1427,377,1494,425
1500,20230609c_01728.jpg,4162,fanning,0.9937,0.9406,16,1424,375,1497,425
1501,20230609c_01729.jpg,4162,fanning,0.9954,0.9402,16,1425,375,1495,426
1502,20230609c_01730.jpg,4162,fanning,0.9962,0.9406,16,1426,374,1495,428
1503,20230609c_01731.jpg,4162,fanning,0.9965,0.9403,16,1426,375,1495,427
1504,20230609c_01732.jpg,4162,fanning,0.9962,0.9402,16,1425,375,1496,426
1505,20230609c_01733.jpg,4162,fanning,0.9964,0.9403,16,1424,375,1498,428
1506,20230609c_01734.jpg,4162,fanning,0.9961,0.9401,16,1423,375,1498,429
1507,20230609c_01735.jpg,4162,fanning,0.9957,0.9403,16,1423,375,1495,429
1508,20230609c_01736.jpg,4162,fanning,0.9959,0.9407,16,1423,374,1496,428
1509,20230609c_01737.jpg,4162,fanning,0.9971,0.9406,16,1423,374,1496,429
1510,20230609c_01738.jpg,4162,fanning,0.9969,0.9404,16,1421,375,1497,428
1511,20230609c_01739.jpg,4162,fanning,0.9970,0.9449,16,1423,375,1493,429
1511,20230609c_01739.jpg,5506,neutral,0.8510,0.9406,16,617,412,685,501
1512,20230609c_01740.jpg,4162,fanning,0.9968,0.9465,16,1426,375,1491,427
1513,20230609c_01741.jpg,4162,fanning,0.9970,0.9436,16,1426,375,1491,430
1513,20230609c_01741.jpg,5506,neutral,0.6326,0.9386,16,563,374,655,441
1514,20230609c_01742.jpg,4162,fanning,0.9973,0.9400,16,1425,375,1493,431
1514,20230609c_01742.jpg,5506,uncertain,0.5481,0.9148,16,527,374,612,442
1515,20230609c_01743.jpg,4162,fanning,0.9977,0.9418,16,1427,375,1491,430
1515,20230609c_01743.jpg,5506,uncertain,0.5038,0.9363,16,523,373,600,451
1516,20230609c_01744.jpg,4162,fanning,0.9977,0.9419,16,1425,375,1492,430
1516,20230609c_01744.jpg,5506,neutral,0.6301,0.9295,16,515,374,601,443
1517,20230609c_01745.jpg,4162,fanning,0.9973,0.9399,16,1425,375,1492,430
1517,20230609c_01745.jpg,5506,fanning,0.5630,0.8964,16,527,373,610,414
1518,20230609c_01746.jpg,4162,fanning,0.9972,0.9420,16,1424,375,1490,431
1518,20230609c_01746.jpg,5506,fanning,0.5989,0.8901,16,527,373,615,406
1519,20230609c_01747.jpg,4162,fanning,0.9970,0.9404,16,1425,375,1491,430
1519,20230609c_01747.jpg,5506,fanning,0.7021,0.8744,16,526,374,604,405
1520,20230609c_01748.jpg,4162,fanning,0.9970,0.9410,16,1426,375,1491,430
1520,20230609c_01748.jpg,5506,uncertain,0.5442,0.8220,16,533,376,581,398
1521,20230609c_01749.jpg,4162,fanning,0.9964,0.9408,16,1426,375,1491,430
1522,20230609c_01750.jpg,4162,fanning,0.9954,0.9375,16,1426,375,1491,430
1523,20230609c_01751.jpg,4162,fanning,0.9956,0.9382,16,1426,375,1491,430
1524,20230609c_01752.jpg,4162,fanning,0.9958,0.9403,16,1426,375,1492,429
1525,20230609c_01753.jpg,4162,fanning,0.9947,0.9374,16,1426,375,1490,430
1526,20230609c_01754.jpg,4162,fanning,0.9965,0.9413,16,1426,375,1490,430
1526,20230609c_01754.jpg,5552,buffering,0.0000,0.9318,1,599,1013,642,1079
1527,20230609c_01755.jpg,4162,fanning,0.9966,0.9419,16,1427,375,1492,430
1528,20230609c_01756.jpg,4162,fanning,0.9977,0.9382,16,1425,375,1489,433
1529,20230609c_01757.jpg,5557,buffering,0.0000,0.9527,1,1392,433,1453,520
1529,20230609c_01757.jpg,4162,fanning,0.9984,0.9412,16,1426,375,1492,429
1530,20230609c_01758.jpg,4162,fanning,0.9985,0.9470,16,1427,374,1490,428
1530,20230609c_01758.jpg,5557,buffering,0.0000,0.9389,2,1387,407,1443,493
1531,20230609c_01759.jpg,4162,fanning,0.9986,0.9385,16,1427,377,1490,424
1531,20230609c_01759.jpg,5557,buffering,0.0000,0.9321,3,1359,376,1441,462
1532,20230609c_01760.jpg,4162,fanning,0.9985,0.9225,16,1426,377,1490,423
1532,20230609c_01760.jpg,5557,neutral,0.9947,0.8624,4,1360,376,1440,443
1533,20230609c_01761.jpg,5566,buffering,0.0000,0.9255,1,540,805,624,874
1533,20230609c_01761.jpg,4162,fanning,0.9983,0.8472,16,1431,378,1492,422
1534,20230609c_01762.jpg,5566,buffering,0.0000,0.9289,2,579,810,643,867
1534,20230609c_01762.jpg,4162,fanning,0.9983,0.7316,16,1433,379,1493,421
1535,20230609c_01763.jpg,5571,buffering,0.0000,0.9206,1,183,760,267,835
1535,20230609c_01763.jpg,5557,neutral,0.9851,0.9179,5,1358,376,1455,457
1535,20230609c_01763.jpg,4162,fanning,0.9987,0.9123,16,1428,378,1496,422
1536,20230609c_01764.jpg,5571,buffering,0.0000,0.9237,2,207,782,290,852
1537,20230609c_01765.jpg,4162,fanning,0.9990,0.9318,16,1424,375,1496,412
1537,20230609c_01765.jpg,5557,neutral,0.9671,0.8866,6,1358,379,1422,451
1538,20230609c_01766.jpg,4162,fanning,0.9990,0.9365,16,1426,375,1499,413
1538,20230609c_01766.jpg,5557,uncertain,0.5173,0.8533,7,1359,378,1421,438
1539,20230609c_01767.jpg,4162,fanning,0.9991,0.9219,16,1434,376,1504,412
1539,20230609c_01767.jpg,5557,fanning,0.6414,0.8451,8,1357,377,1428,440
1540,20230609c_01768.jpg,5557,fanning,0.7201,0.8846,9,1389,376,1441,432
1541,20230609c_01769.jpg,5582,buffering,0.0000,0.9246,1,484,883,533,956
1541,20230609c_01769.jpg,4162,fanning,0.9990,0.9240,16,1444,376,1513,408
1541,20230609c_01769.jpg,5557,fanning,0.8138,0.8863,10,1359,376,1442,432
1542,20230609c_01770.jpg,4162,fanning,0.9989,0.9337,16,1443,375,1514,411
1542,20230609c_01770.jpg,5582,buffering,0.0000,0.9186,2,483,878,534,953
1542,20230609c_01770.jpg,5557,fanning,0.8565,0.8960,11,1356,377,1435,426
1543,20230609c_01771.jpg,4162,fanning,0.9988,0.9222,16,1444,375,1516,409
1543,20230609c_01771.jpg,5582,buffering,0.0000,0.9177,3,488,874,550,946
1543,20230609c_01771.jpg,5557,fanning,0.8831,0.7687,12,1354,377,1430,422
1544,20230609c_01772.jpg,5582,neutral,0.9995,0.9330,4,523,862,587,937
1544,20230609c_01772.jpg,4162,fanning,0.9985,0.9283,16,1441,375,1515,410
1545,20230609c_01773.jpg,4162,fanning,0.9976,0.9302,16,1439,374,1514,408
1546,20230609c_01774.jpg,4162,fanning,0.9969,0.9309,16,1442,374,1521,410
1547,20230609c_01775.jpg,4162,fanning,0.9964,0.9340,16,1438,375,1515,413
1548,20230609c_01776.jpg,4162,fanning,0.9972,0.9324,16,1439,374,1516,417
1548,20230609c_01776.jpg,5592,buffering,0.0000,0.9285,1,938,651,988,739
1549,20230609c_01777.jpg,4162,fanning,0.9972,0.9352,16,1440,375,1518,418
1549,20230609c_01777.jpg,5592,buffering,0.0000,0.9325,2,933,616,983,710
1550,20230609c_01778.jpg,5592,buffering,0.0000,0.9348,3,931,566,985,662
1550,20230609c_01778.jpg,4162,fanning,0.9974,0.9306,16,1439,375,1520,418
1550,20230609c_01778.jpg,5595,buffering,0.0000,0.9055,1,758,819,799,894
1551,20230609c_01779.jpg,5592,neutral,0.9976,0.9399,4,926,515,991,607
1551,20230609c_01779.jpg,4162,fanning,0.9975,0.9333,16,1437,375,1523,420
1552,20230609c_01780.jpg,5592,neutral,0.9976,0.9396,5,929,471,989,556
1552,20230609c_01780.jpg,4162,fanning,0.9978,0.9326,16,1438,375,1523,418
1553,20230609c_01781.jpg,5592,neutral,0.9975,0.9454,6,927,447,985,517
1553,20230609c_01781.jpg,4162,fanning,0.9969,0.9310,16,1436,375,1524,418
1554,20230609c_01782.jpg,5592,neutral,0.9956,0.9412,7,926,428,988,502
1554,20230609c_01782.jpg,4162,fanning,0.9953,0.9319,16,1435,375,1523,420
1555,20230609c_01783.jpg,5592,neutral,0.9962,0.9386,8,934,414,995,499
1555,20230609c_01783.jpg,4162,fanning,0.9928,0.9292,16,1435,375,1525,419
1556,20230609c_01784.jpg,5592,neutral,0.9922,0.9451,9,951,407,1015,492
1556,20230609c_01784.jpg,4162,fanning,0.9894,0.9298,16,1434,375,1526,419
1557,20230609c_01785.jpg,4162,fanning,0.9844,0.9316,16,1433,375,1522,419
1558,20230609c_01786.jpg,4162,fanning,0.9822,0.9328,16,1431,375,1520,419
1558,20230609c_01786.jpg,5614,buffering,0.0000,0.9295,1,998,384,1055,466
1559,20230609c_01787.jpg,4162,fanning,0.9818,0.9335,16,1430,375,1520,419
1559,20230609c_01787.jpg,5614,buffering,0.0000,0.9307,2,1009,379,1062,456
1560,20230609c_01788.jpg,4162,fanning,0.9814,0.9356,16,1430,375,1520,420
1560,20230609c_01788.jpg,5614,buffering,0.0000,0.9315,3,1013,380,1065,457
1561,20230609c_01789.jpg,4162,fanning,0.9756,0.9359,16,1431,375,1519,420
1561,20230609c_01789.jpg,5614,neutral,0.9905,0.9277,4,1015,374,1071,448
1562,20230609c_01790.jpg,4162,fanning,0.9761,0.9373,16,1429,375,1517,420
1562,20230609c_01790.jpg,5614,neutral,0.9937,0.9216,5,1018,376,1072,439
1563,20230609c_01791.jpg,4162,fanning,0.9709,0.9360,16,1430,375,1514,416
1563,20230609c_01791.jpg,5614,neutral,0.9815,0.9178,6,1023,377,1076,429
1564,20230609c_01792.jpg,4162,fanning,0.9620,0.9346,16,1431,375,1515,416
1564,20230609c_01792.jpg,5635,buffering,0.0000,0.9207,1,1580,761,1637,847
1564,20230609c_01792.jpg,5614,neutral,0.9704,0.8915,7,1040,377,1080,415
1564,20230609c_01792.jpg,5634,buffering,0.0000,0.8654,1,0,630,41,706
1565,20230609c_01793.jpg,5637,buffering,0.0000,0.9451,1,506,469,585,546
1565,20230609c_01793.jpg,5634,buffering,0.0000,0.9396,2,0,635,72,704
1565,20230609c_01793.jpg,4162,fanning,0.9619,0.9373,16,1432,375,1515,416
1565,20230609c_01793.jpg,5614,neutral,0.9552,0.9024,8,1045,377,1082,406
1566,20230609c_01794.jpg,5637,buffering,0.0000,0.9438,2,532,443,606,529
1566,20230609c_01794.jpg,4162,fanning,0.9658,0.9367,16,1435,375,1513,416
1567,20230609c_01795.jpg,5637,buffering,0.0000,0.9431,3,565,409,641,496
1567,20230609c_01795.jpg,4162,fanning,0.9636,0.9372,16,1437,375,1512,418
1567,20230609c_01795.jpg,5595,buffering,0.0000,0.9256,2,769,829,830,914
1568,20230609c_01796.jpg,4162,fanning,0.9599,0.9447,16,1437,375,1512,414
1568,20230609c_01796.jpg,5637,neutral,0.9989,0.9414,4,600,390,676,477
1569,20230609c_01797.jpg,5637,neutral,0.9976,0.9473,5,614,383,687,473
1569,20230609c_01797.jpg,5648,buffering,0.0000,0.9413,1,1407,607,1462,704
1569,20230609c_01797.jpg,4162,fanning,0.9604,0.9388,16,1438,375,1509,416
1570,20230609c_01798.jpg,5637,neutral,0.9977,0.9403,6,623,377,688,450
1570,20230609c_01798.jpg,5648,buffering,0.0000,0.9395,2,1414,578,1466,665
1570,20230609c_01798.jpg,4162,fanning,0.9594,0.9326,16,1438,374,1509,415
1571,20230609c_01799.jpg,5637,neutral,0.9981,0.9416,7,628,376,697,440
1571,20230609c_01799.jpg,5648,buffering,0.0000,0.9379,3,1429,540,1481,630
1571,20230609c_01799.jpg,4162,fanning,0.9533,0.9310,16,1437,374,1507,414
1572,20230609c_01800.jpg,5648,neutral,0.9827,0.9311,4,1435,507,1490,597
1572,20230609c_01800.jpg,4162,fanning,0.9554,0.9284,16,1438,374,1504,415
1572,20230609c_01800.jpg,5637,neutral,0.9883,0.9229,8,631,376,696,423
1573,20230609c_01801.jpg,5648,neutral,0.9327,0.9371,5,1425,484,1477,569
1573,20230609c_01801.jpg,4162,fanning,0.9475,0.9296,16,1438,375,1505,417
1573,20230609c_01801.jpg,5663,buffering,0.0000,0.9265,1,855,919,899,995
1573,20230609c_01801.jpg,5661,buffering,0.0000,0.9140,1,1032,989,1086,1077
1573,20230609c_01801.jpg,5637,neutral,0.9915,0.8660,9,646,375,691,404
1574,20230609c_01802.jpg,5648,neutral,0.7921,0.9363,6,1415,458,1466,554
1574,20230609c_01802.jpg,4162,fanning,0.9292,0.9321,16,1437,375,1504,417
1574,20230609c_01802.jpg,5661,buffering,0.0000,0.9253,2,1031,975,1074,1062
1575,20230609c_01803.jpg,5648,uncertain,0.5289,0.9463,7,1384,450,1446,535
1575,20230609c_01803.jpg,5667,buffering,0.0000,0.9303,1,483,372,551,457
1575,20230609c_01803.jpg,4162,fanning,0.9368,0.9297,16,1438,375,1503,417
1575,20230609c_01803.jpg,5661,buffering,0.0000,0.9208,3,1018,940,1078,1045
1576,20230609c_01804.jpg,5648,fanning,0.8545,0.9448,8,1381,436,1440,522
1576,20230609c_01804.jpg,5667,buffering,0.0000,0.9411,2,485,374,552,442
1576,20230609c_01804.jpg,4162,fanning,0.9393,0.9294,16,1438,375,1502,419
1576,20230609c_01804.jpg,5661,neutral,0.9565,0.9255,4,1040,939,1089,1019
1577,20230609c_01805.jpg,5648,fanning,0.8941,0.9404,9,1398,414,1460,501
1577,20230609c_01805.jpg,4162,fanning,0.9507,0.9304,16,1434,374,1504,417
1577,20230609c_01805.jpg,5667,buffering,0.0000,0.9247,3,497,377,564,435
1577,20230609c_01805.jpg,5661,uncertain,0.5343,0.9195,5,1060,910,1114,991
1578,20230609c_01806.jpg,5648,fanning,0.9600,0.9453,10,1421,379,1502,486
1578,20230609c_01806.jpg,5674,buffering,0.0000,0.9312,1,1173,375,1232,435
1578,20230609c_01806.jpg,4162,fanning,0.9048,0.9087,16,1439,376,1500,417
1579,20230609c_01807.jpg,5674,buffering,0.0000,0.9526,2,1178,376,1237,444
1579,20230609c_01807.jpg,4162,fanning,0.9178,0.9306,16,1440,376,1501,419
1579,20230609c_01807.jpg,5667,neutral,0.9882,0.8834,4,509,374,577,426
1580,20230609c_01808.jpg,5674,buffering,0.0000,0.9322,3,1165,375,1225,449
1580,20230609c_01808.jpg,4162,fanning,0.9525,0.9302,16,1439,375,1502,419
1580,20230609c_01808.jpg,5667,neutral,0.9813,0.9187,5,510,375,567,423
1581,20230609c_01809.jpg,4162,fanning,0.9644,0.9316,16,1438,375,1503,419
1581,20230609c_01809.jpg,5674,neutral,0.9981,0.9151,4,1143,375,1222,451
1581,20230609c_01809.jpg,5667,neutral,0.9523,0.8990,6,514,376,577,418
1582,20230609c_01810.jpg,4162,fanning,0.9721,0.9349,16,1437,375,1502,421
1582,20230609c_01810.jpg,5674,neutral,0.9976,0.9326,5,1155,374,1214,445
1583,20230609c_01811.jpg,5674,neutral,0.9972,0.9347,6,1143,374,1203,444
1583,20230609c_01811.jpg,4162,fanning,0.9775,0.9330,16,1437,375,1501,419
1584,20230609c_01812.jpg,4162,fanning,0.9794,0.9343,16,1437,375,1501,418
1584,20230609c_01812.jpg,5674,neutral,0.9969,0.9317,7,1137,376,1219,442
1585,20230609c_01813.jpg,4162,fanning,0.9830,0.9336,16,1437,375,1500,418
1585,20230609c_01813.jpg,5661,fanning,0.7546,0.9305,6,1099,811,1151,907
1585,20230609c_01813.jpg,5674,neutral,0.9969,0.9276,8,1141,375,1213,438
1586,20230609c_01814.jpg,4162,fanning,0.9839,0.9354,16,1437,375,1501,418
1586,20230609c_01814.jpg,5674,neutral,0.9950,0.9277,9,1134,375,1207,430
1587,20230609c_01815.jpg,4162,fanning,0.9847,0.9341,16,1437,375,1500,422
1587,20230609c_01815.jpg,5674,neutral,0.9890,0.9240,10,1133,377,1192,424
1588,20230609c_01816.jpg,4162,fanning,0.9826,0.9390,16,1436,375,1498,422
1588,20230609c_01816.jpg,5674,neutral,0.9833,0.9110,11,1135,378,1182,414
1589,20230609c_01817.jpg,4162,fanning,0.9857,0.9329,16,1436,375,1501,416
1589,20230609c_01817.jpg,5674,neutral,0.9787,0.8973,12,1132,377,1175,403
1590,20230609c_01818.jpg,4162,fanning,0.9899,0.9370,16,1436,375,1500,422
1590,20230609c_01818.jpg,5674,neutral,0.9783,0.8609,13,1132,376,1166,395
1591,20230609c_01819.jpg,5700,buffering,0.0000,0.9406,1,1044,549,1114,641
1591,20230609c_01819.jpg,4162,fanning,0.9890,0.9391,16,1437,375,1499,422
1592,20230609c_01820.jpg,5700,buffering,0.0000,0.9383,2,1036,536,1095,626
1592,20230609c_01820.jpg,4162,fanning,0.9891,0.9378,16,1437,375,1501,419
1593,20230609c_01821.jpg,5700,buffering,0.0000,0.9395,3,1026,516,1086,610
1593,20230609c_01821.jpg,4162,fanning,0.9875,0.9335,16,1437,375,1502,418
1594,20230609c_01822.jpg,5700,neutral,0.8742,0.9423,4,1021,490,1086,585
1594,20230609c_01822.jpg,4162,fanning,0.9918,0.9377,16,1437,375,1500,419
1595,20230609c_01823.jpg,5700,neutral,0.5590,0.9412,5,1014,478,1086,564
1595,20230609c_01823.jpg,4162,fanning,0.9903,0.9404,16,1436,375,1499,422
1596,20230609c_01824.jpg,5700,fanning,0.6824,0.9453,6,1002,460,1069,544
1596,20230609c_01824.jpg,4162,fanning,0.9873,0.9417,16,1436,375,1499,424
1597,20230609c_01825.jpg,5700,fanning,0.7712,0.9443,7,996,445,1062,530
1597,20230609c_01825.jpg,4162,fanning,0.9847,0.9395,16,1437,375,1501,418
1598,20230609c_01826.jpg,5700,fanning,0.9031,0.9493,8,990,436,1060,516
1598,20230609c_01826.jpg,4162,fanning,0.9814,0.9415,16,1436,375,1499,422
1599,20230609c_01827.jpg,5700,fanning,0.9659,0.9431,9,979,425,1043,504
1599,20230609c_01827.jpg,4162,fanning,0.9745,0.9428,16,1436,375,1498,424
1599,20230609c_01827.jpg,5720,buffering,0.0000,0.8996,1,696,882,739,945
1600,20230609c_01828.jpg,5700,fanning,0.9863,0.9493,10,974,408,1036,491
1600,20230609c_01828.jpg,4162,fanning,0.9710,0.9405,16,1436,375,1499,423
1600,20230609c_01828.jpg,5663,buffering,0.0000,0.9136,2,808,932,884,1003
1601,20230609c_01829.jpg,5700,fanning,0.9932,0.9431,11,964,397,1025,475
1601,20230609c_01829.jpg,4162,fanning,0.9649,0.9392,16,1436,375,1499,422
1602,20230609c_01830.jpg,4162,fanning,0.9706,0.9429,16,1436,375,1498,426
1602,20230609c_01830.jpg,5700,fanning,0.9947,0.9373,12,961,382,1017,467
1603,20230609c_01831.jpg,5700,fanning,0.9966,0.9439,13,956,380,1019,455
1603,20230609c_01831.jpg,4162,fanning,0.9765,0.9390,16,1436,374,1500,425
1603,20230609c_01831.jpg,5735,buffering,0.0000,0.9313,1,572,929,653,989
1604,20230609c_01832.jpg,5700,fanning,0.9974,0.9412,14,953,379,1012,450
1604,20230609c_01832.jpg,5735,buffering,0.0000,0.9380,2,585,910,665,990
1604,20230609c_01832.jpg,4162,fanning,0.9803,0.9365,16,1436,375,1501,419
1605,20230609c_01833.jpg,5700,fanning,0.9979,0.9391,15,950,378,1008,442
1605,20230609c_01833.jpg,5735,buffering,0.0000,0.9342,3,597,876,674,974
1605,20230609c_01833.jpg,4162,fanning,0.9802,0.9332,16,1436,375,1501,419
1606,20230609c_01834.jpg,5700,fanning,0.9985,0.9358,16,944,377,1006,430
1606,20230609c_01834.jpg,4162,fanning,0.9824,0.9352,16,1437,375,1503,422
1607,20230609c_01835.jpg,4162,fanning,0.9855,0.9390,16,1437,375,1501,424
1607,20230609c_01835.jpg,5700,fanning,0.9986,0.9257,16,944,378,999,426
1608,20230609c_01836.jpg,5746,buffering,0.0000,0.9415,1,496,391,559,489
1608,20230609c_01836.jpg,4162,fanning,0.9844,0.9414,16,1436,375,1500,426
1608,20230609c_01836.jpg,5700,fanning,0.9988,0.9241,16,938,378,996,422
1609,20230609c_01837.jpg,4162,fanning,0.9820,0.9386,16,1436,375,1500,422
1609,20230609c_01837.jpg,5700,fanning,0.9987,0.9228,16,933,377,991,418
1609,20230609c_01837.jpg,5746,buffering,0.0000,0.9225,2,511,377,579,474
1610,20230609c_01838.jpg,4162,fanning,0.9791,0.9468,16,1436,375,1501,421
1610,20230609c_01838.jpg,5746,buffering,0.0000,0.9205,3,526,372,591,463
1610,20230609c_01838.jpg,5700,fanning,0.9984,0.9132,16,934,377,977,413
1611,20230609c_01839.jpg,4162,fanning,0.9816,0.9469,16,1436,375,1500,423
1611,20230609c_01839.jpg,5746,neutral,0.9991,0.9431,4,524,374,591,445
1611,20230609c_01839.jpg,5700,fanning,0.9981,0.9222,16,934,377,974,408
1612,20230609c_01840.jpg,4162,fanning,0.9844,0.9469,16,1436,375,1501,424
1612,20230609c_01840.jpg,5746,neutral,0.9885,0.9163,5,521,376,593,436
1612,20230609c_01840.jpg,5700,fanning,0.9980,0.9142,16,934,377,971,403
1613,20230609c_01841.jpg,4162,fanning,0.9865,0.9398,16,1436,375,1502,420
1613,20230609c_01841.jpg,5746,neutral,0.9410,0.9123,6,525,376,599,437
1613,20230609c_01841.jpg,5700,fanning,0.9975,0.8397,16,932,377,966,396
1614,20230609c_01842.jpg,4162,fanning,0.9866,0.9437,16,1436,375,1501,423
1615,20230609c_01843.jpg,4162,fanning,0.9881,0.9425,16,1437,375,1500,423
1616,20230609c_01844.jpg,4162,fanning,0.9858,0.9422,16,1435,375,1500,424
1617,20230609c_01845.jpg,4162,fanning,0.9855,0.9382,16,1435,375,1501,422
1617,20230609c_01845.jpg,5663,buffering,0.0000,0.9240,3,795,886,849,987
1618,20230609c_01846.jpg,4162,fanning,0.9832,0.9389,16,1436,375,1501,421
1619,20230609c_01847.jpg,4162,fanning,0.9819,0.9412,16,1436,375,1501,422
1620,20230609c_01848.jpg,5784,buffering,0.0000,0.9399,1,943,603,1020,683
1620,20230609c_01848.jpg,4162,fanning,0.9859,0.9380,16,1436,375,1502,421
1621,20230609c_01849.jpg,5784,buffering,0.0000,0.9438,2,948,571,1011,653
1621,20230609c_01849.jpg,4162,fanning,0.9872,0.9357,16,1436,375,1503,420
1622,20230609c_01850.jpg,5784,buffering,0.0000,0.9450,3,952,535,1005,629
1622,20230609c_01850.jpg,4162,fanning,0.9890,0.9377,16,1436,375,1502,421
1623,20230609c_01851.jpg,4162,fanning,0.9884,0.9409,16,1436,375,1501,422
1623,20230609c_01851.jpg,5784,neutral,0.9971,0.9383,4,936,508,992,601
1623,20230609c_01851.jpg,5798,buffering,0.0000,0.9340,1,1118,926,1173,1004
1623,20230609c_01851.jpg,5800,buffering,0.0000,0.9182,1,22,613,94,666
1624,20230609c_01852.jpg,4162,fanning,0.9879,0.9382,16,1436,375,1502,420
1624,20230609c_01852.jpg,5784,neutral,0.9939,0.9333,5,923,484,977,577
1624,20230609c_01852.jpg,5798,buffering,0.0000,0.9293,2,1121,903,1168,986
1624,20230609c_01852.jpg,5800,buffering,0.0000,0.9017,2,36,591,100,648
1625,20230609c_01853.jpg,4162,fanning,0.9885,0.9395,16,1436,375,1501,422
1625,20230609c_01853.jpg,5784,neutral,0.9907,0.9380,6,904,463,959,558
1625,20230609c_01853.jpg,5804,buffering,0.0000,0.9361,1,504,402,557,475
1625,20230609c_01853.jpg,5800,buffering,0.0000,0.9317,3,31,560,102,618
1625,20230609c_01853.jpg,5798,buffering,0.0000,0.9230,3,1104,881,1160,984
1626,20230609c_01854.jpg,5807,buffering,0.0000,0.9476,1,437,644,499,722
1626,20230609c_01854.jpg,4162,fanning,0.9891,0.9379,16,1437,375,1501,420
1626,20230609c_01854.jpg,5784,neutral,0.9848,0.9325,7,887,444,950,540
1626,20230609c_01854.jpg,5800,neutral,0.9997,0.9307,4,44,532,130,596
1626,20230609c_01854.jpg,5804,buffering,0.0000,0.9209,2,504,372,574,457
1627,20230609c_01855.jpg,5807,buffering,0.0000,0.9450,2,456,628,522,717
1627,20230609c_01855.jpg,4162,fanning,0.9887,0.9405,16,1437,375,1501,422
1627,20230609c_01855.jpg,5804,buffering,0.0000,0.9394,3,515,374,581,443
1627,20230609c_01855.jpg,5784,neutral,0.9702,0.9375,8,873,420,933,513
1628,20230609c_01856.jpg,4162,fanning,0.9895,0.9378,16,1436,375,1502,420
1628,20230609c_01856.jpg,5807,buffering,0.0000,0.9357,3,471,644,551,708
1628,20230609c_01856.jpg,5804,neutral,0.9991,0.9290,4,520,375,594,435
1628,20230609c_01856.jpg,5784,neutral,0.8800,0.9233,9,872,379,932,486
1629,20230609c_01857.jpg,4162,fanning,0.9865,0.9365,16,1436,375,1501,421
1629,20230609c_01857.jpg,5784,neutral,0.8085,0.9180,10,872,373,924,470
1629,20230609c_01857.jpg,5663,neutral,0.9994,0.9130,4,770,922,863,1000
1629,20230609c_01857.jpg,5804,neutral,0.9945,0.9120,5,524,375,601,423
1630,20230609c_01858.jpg,4162,fanning,0.9861,0.9359,16,1436,375,1501,421
1630,20230609c_01858.jpg,5784,neutral,0.5614,0.9232,11,867,376,923,470
1631,20230609c_01859.jpg,4162,fanning,0.9862,0.9395,16,1436,375,1500,422
1631,20230609c_01859.jpg,5784,fanning,0.6730,0.9106,12,868,376,926,473
1632,20230609c_01860.jpg,4162,fanning,0.9890,0.9365,16,1436,375,1501,421
1632,20230609c_01860.jpg,5784,fanning,0.9300,0.9154,13,868,374,923,462
1633,20230609c_01861.jpg,4162,fanning,0.9905,0.9384,16,1436,375,1503,421
1633,20230609c_01861.jpg,5784,fanning,0.9877,0.9193,14,851,376,915,453
1634,20230609c_01862.jpg,4162,fanning,0.9895,0.9385,16,1435,375,1502,421
1634,20230609c_01862.jpg,5784,fanning,0.9920,0.9258,15,868,378,913,461
1635,20230609c_01863.jpg,4162,fanning,0.9897,0.9397,16,1435,375,1500,424
1635,20230609c_01863.jpg,5784,fanning,0.9922,0.9305,16,857,376,907,445
1636,20230609c_01864.jpg,5735,neutral,0.9997,0.9440,4,790,475,857,546
1636,20230609c_01864.jpg,4162,fanning,0.9868,0.9390,16,1436,375,1501,424
1636,20230609c_01864.jpg,5784,fanning,0.9940,0.9342,16,846,374,914,440
1637,20230609c_01865.jpg,4162,fanning,0.9843,0.9389,16,1435,375,1500,423
1637,20230609c_01865.jpg,5784,fanning,0.9920,0.9329,16,843,375,899,431
1638,20230609c_01866.jpg,4162,fanning,0.9809,0.9386,16,1436,375,1500,424
1638,20230609c_01866.jpg,5784,fanning,0.9909,0.9350,16,841,374,898,433
1639,20230609c_01867.jpg,4162,fanning,0.9781,0.9429,16,1435,375,1499,425
1639,20230609c_01867.jpg,5784,fanning,0.9874,0.9358,16,841,374,898,425
1639,20230609c_01867.jpg,5844,buffering,0.0000,0.9027,1,1813,782,1854,859
1640,20230609c_01868.jpg,4162,fanning,0.9817,0.9481,16,1436,375,1500,424
1640,20230609c_01868.jpg,5784,fanning,0.9870,0.9255,16,839,374,896,423
1640,20230609c_01868.jpg,5844,buffering,0.0000,0.8982,2,1820,759,1860,832
1641,20230609c_01869.jpg,4162,fanning,0.9834,0.9483,16,1435,375,1501,424
1641,20230609c_01869.jpg,5784,fanning,0.9869,0.9141,16,839,374,894,417
1641,20230609c_01869.jpg,5844,buffering,0.0000,0.8888,3,1834,725,1874,796
1642,20230609c_01870.jpg,4162,fanning,0.9844,0.9531,16,1436,375,1500,424
1642,20230609c_01870.jpg,5784,fanning,0.9857,0.9056,16,840,374,900,410
1643,20230609c_01871.jpg,4162,fanning,0.9824,0.9464,16,1436,375,1499,426
1643,20230609c_01871.jpg,5784,fanning,0.9832,0.8940,16,845,375,887,405
1644,20230609c_01872.jpg,4162,fanning,0.9770,0.9409,16,1436,375,1500,426
1644,20230609c_01872.jpg,5867,buffering,0.0000,0.9310,1,83,984,158,1079
1644,20230609c_01872.jpg,5864,buffering,0.0000,0.9299,1,1328,740,1391,870
1644,20230609c_01872.jpg,5784,fanning,0.9792,0.8959,16,845,375,888,405
1645,20230609c_01873.jpg,4162,fanning,0.9754,0.9535,16,1436,375,1501,425
1645,20230609c_01873.jpg,5784,fanning,0.9759,0.8689,16,849,375,893,401
1646,20230609c_01874.jpg,4162,fanning,0.9776,0.9516,16,1436,375,1501,425
1646,20230609c_01874.jpg,5784,fanning,0.9526,0.8762,16,849,375,890,399
1646,20230609c_01874.jpg,5877,buffering,0.0000,0.5705,1,1353,378,1417,422
1647,20230609c_01875.jpg,4162,fanning,0.9727,0.9521,16,1436,375,1503,426
1647,20230609c_01875.jpg,5878,buffering,0.0000,0.9457,1,443,556,491,639
1647,20230609c_01875.jpg,5798,neutral,0.9913,0.9367,4,1061,626,1132,749
1647,20230609c_01875.jpg,5784,fanning,0.8334,0.8552,16,850,376,889,396
1647,20230609c_01875.jpg,5877,buffering,0.0000,0.5541,2,1353,378,1417,422
1648,20230609c_01876.jpg,4162,fanning,0.9723,0.9513,16,1436,375,1500,425
1648,20230609c_01876.jpg,5784,uncertain,0.5073,0.8598,16,851,377,888,396
1648,20230609c_01876.jpg,5877,buffering,0.0000,0.5536,3,1354,378,1416,423
1649,20230609c_01877.jpg,4162,fanning,0.9754,0.9418,16,1436,375,1502,423
1649,20230609c_01877.jpg,5886,buffering,0.0000,0.9320,1,962,730,1007,821
1649,20230609c_01877.jpg,5784,neutral,0.9037,0.8328,16,847,377,884,396
1650,20230609c_01878.jpg,4162,fanning,0.9807,0.9437,16,1436,375,1501,424
1650,20230609c_01878.jpg,5886,buffering,0.0000,0.9342,2,938,710,991,799
1650,20230609c_01878.jpg,5784,neutral,0.9727,0.8609,16,845,376,881,395
1650,20230609c_01878.jpg,5877,neutral,0.9599,0.5517,4,1352,378,1416,423
1651,20230609c_01879.jpg,4162,fanning,0.9784,0.9504,16,1436,375,1500,426
1651,20230609c_01879.jpg,5878,buffering,0.0000,0.9374,2,422,567,486,659
1651,20230609c_01879.jpg,5895,buffering,0.0000,0.9270,1,517,418,564,493
1651,20230609c_01879.jpg,5784,neutral,0.9823,0.8623,16,844,375,882,399
1651,20230609c_01879.jpg,5877,neutral,0.8626,0.5759,5,1353,378,1416,423
1652,20230609c_01880.jpg,4162,fanning,0.9774,0.9505,16,1436,375,1502,425
1652,20230609c_01880.jpg,5895,buffering,0.0000,0.9270,2,508,374,569,474
1652,20230609c_01880.jpg,5784,neutral,0.9959,0.8779,16,841,375,880,400
1652,20230609c_01880.jpg,5877,neutral,0.6488,0.5857,6,1353,379,1416,423
1653,20230609c_01881.jpg,4162,fanning,0.9754,0.9542,16,1436,376,1500,426
1653,20230609c_01881.jpg,5895,buffering,0.0000,0.9207,3,504,381,566,473
1653,20230609c_01881.jpg,5784,neutral,0.9977,0.8576,16,839,376,879,398
1654,20230609c_01882.jpg,4162,fanning,0.9718,0.9449,16,1437,376,1502,423
1654,20230609c_01882.jpg,5895,neutral,0.9987,0.8987,4,520,375,580,476
1654,20230609c_01882.jpg,5784,neutral,0.9988,0.8445,16,843,376,879,394
1655,20230609c_01883.jpg,4162,fanning,0.9751,0.9462,16,1436,376,1508,425
1655,20230609c_01883.jpg,5895,neutral,0.9981,0.9407,5,536,375,601,451
1655,20230609c_01883.jpg,5905,buffering,0.0000,0.9106,1,479,374,531,446
1655,20230609c_01883.jpg,5784,neutral,0.9989,0.6299,16,842,376,882,393
1655,20230609c_01883.jpg,5877,fanning,0.5517,0.5646,7,1353,379,1416,423
1656,20230609c_01884.jpg,4162,fanning,0.9721,0.9498,16,1436,376,1503,426
1656,20230609c_01884.jpg,5908,buffering,0.0000,0.9272,1,616,726,670,838
1656,20230609c_01884.jpg,5895,neutral,0.9956,0.9204,6,535,375,599,440
1656,20230609c_01884.jpg,5905,buffering,0.0000,0.9164,2,492,377,544,431
1656,20230609c_01884.jpg,5877,fanning,0.7310,0.5720,8,1353,379,1416,423
1657,20230609c_01885.jpg,4162,fanning,0.9724,0.9499,16,1437,376,1501,427
1657,20230609c_01885.jpg,5910,buffering,0.0000,0.9281,1,62,803,128,902
1657,20230609c_01885.jpg,5895,neutral,0.9966,0.8797,7,551,378,601,426
1657,20230609c_01885.jpg,5877,fanning,0.8581,0.5732,9,1353,379,1417,423
1658,20230609c_01886.jpg,4162,fanning,0.9726,0.9439,16,1437,375,1501,426
1658,20230609c_01886.jpg,5910,buffering,0.0000,0.9323,2,67,791,136,879
1658,20230609c_01886.jpg,5905,buffering,0.0000,0.8180,3,548,375,604,422
1659,20230609c_01887.jpg,4162,fanning,0.9780,0.9431,16,1437,376,1502,425
1659,20230609c_01887.jpg,5913,buffering,0.0000,0.9066,1,523,377,576,427
1659,20230609c_01887.jpg,5877,fanning,0.9081,0.5531,10,1353,379,1416,423
1660,20230609c_01888.jpg,4162,fanning,0.9834,0.9530,16,1438,376,1501,426
1660,20230609c_01888.jpg,5913,buffering,0.0000,0.9042,2,529,377,580,426
1661,20230609c_01889.jpg,5878,buffering,0.0000,0.9433,3,405,559,457,654
1661,20230609c_01889.jpg,4162,fanning,0.9872,0.9416,16,1437,375,1502,427
1661,20230609c_01889.jpg,5913,buffering,0.0000,0.8878,3,524,375,600,422
1662,20230609c_01890.jpg,4162,fanning,0.9893,0.9399,16,1439,376,1499,427
1662,20230609c_01890.jpg,5913,neutral,0.9995,0.9047,4,526,375,607,422
1663,20230609c_01891.jpg,4162,fanning,0.9919,0.9359,16,1438,375,1501,424
1663,20230609c_01891.jpg,5913,neutral,0.9995,0.9055,5,523,375,597,420
1664,20230609c_01892.jpg,4162,fanning,0.9915,0.9365,16,1437,375,1500,427
1664,20230609c_01892.jpg,5913,neutral,0.9992,0.8982,6,532,376,584,419
1665,20230609c_01893.jpg,4162,fanning,0.9909,0.9406,16,1437,375,1499,427
1665,20230609c_01893.jpg,5913,neutral,0.9988,0.9030,7,533,376,587,419
1666,20230609c_01894.jpg,4162,fanning,0.9906,0.9470,16,1438,375,1500,427
1666,20230609c_01894.jpg,5913,neutral,0.9983,0.9006,8,533,376,584,418
1667,20230609c_01895.jpg,4162,fanning,0.9916,0.9368,16,1437,375,1502,426
1667,20230609c_01895.jpg,5913,neutral,0.9979,0.9152,9,532,376,584,419
1668,20230609c_01896.jpg,4162,fanning,0.9925,0.9501,16,1438,375,1500,426
1668,20230609c_01896.jpg,5913,neutral,0.9979,0.9171,10,530,376,580,418
1669,20230609c_01897.jpg,4162,fanning,0.9918,0.9508,16,1437,375,1500,427
1669,20230609c_01897.jpg,5913,neutral,0.9972,0.9232,11,523,376,579,418
1670,20230609c_01898.jpg,4162,fanning,0.9915,0.9499,16,1438,375,1500,427
1670,20230609c_01898.jpg,5913,neutral,0.9971,0.9201,12,516,374,587,421
1671,20230609c_01899.jpg,4162,fanning,0.9891,0.9517,16,1437,375,1502,427
1671,20230609c_01899.jpg,5886,buffering,0.0000,0.9393,3,786,540,832,615
1671,20230609c_01899.jpg,5913,neutral,0.9959,0.9236,13,523,377,576,419
1672,20230609c_01900.jpg,5886,neutral,0.9982,0.9434,4,776,500,832,584
1672,20230609c_01900.jpg,4162,fanning,0.9896,0.9429,16,1438,375,1504,426
1672,20230609c_01900.jpg,5913,neutral,0.9939,0.9229,14,519,374,589,419
1673,20230609c_01901.jpg,4162,fanning,0.9894,0.9516,16,1437,375,1500,427
1673,20230609c_01901.jpg,5886,neutral,0.9960,0.9391,5,751,469,808,559
1673,20230609c_01901.jpg,5938,buffering,0.0000,0.9188,1,1029,952,1083,1034
1673,20230609c_01901.jpg,5913,neutral,0.9787,0.9128,15,519,372,598,417
1674,20230609c_01902.jpg,4162,fanning,0.9893,0.9483,16,1437,375,1501,427
1674,20230609c_01902.jpg,5886,neutral,0.9969,0.9422,6,725,449,786,537
1674,20230609c_01902.jpg,5938,buffering,0.0000,0.9305,2,999,963,1058,1040
1674,20230609c_01902.jpg,5913,neutral,0.9398,0.9143,16,516,373,602,414
1675,20230609c_01903.jpg,4162,fanning,0.9890,0.9466,16,1437,375,1504,426
1675,20230609c_01903.jpg,5886,neutral,0.9958,0.9452,7,711,445,773,524
1675,20230609c_01903.jpg,5913,fanning,0.6254,0.8779,16,514,375,579,409
1676,20230609c_01904.jpg,4162,fanning,0.9875,0.9410,16,1437,375,1506,426
1676,20230609c_01904.jpg,5913,fanning,0.8296,0.8867,16,513,375,582,410
1677,20230609c_01905.jpg,4162,fanning,0.9873,0.9473,16,1437,375,1500,427
1677,20230609c_01905.jpg,5913,fanning,0.7805,0.8819,16,534,377,578,408
1678,20230609c_01906.jpg,4162,fanning,0.9873,0.9487,16,1437,375,1501,427
1678,20230609c_01906.jpg,5913,fanning,0.5690,0.8561,16,535,376,578,403
1679,20230609c_01907.jpg,4162,fanning,0.9879,0.9476,16,1437,375,1501,427
1679,20230609c_01907.jpg,5950,buffering,0.0000,0.9140,1,801,375,870,434
1679,20230609c_01907.jpg,5913,neutral,0.6248,0.8596,16,534,377,582,402
1680,20230609c_01908.jpg,4162,fanning,0.9893,0.9404,16,1437,375,1502,426
1680,20230609c_01908.jpg,5953,buffering,0.0000,0.9259,1,727,937,775,1026
1680,20230609c_01908.jpg,5950,buffering,0.0000,0.9121,2,811,375,871,431
1680,20230609c_01908.jpg,5913,neutral,0.9394,0.8372,16,535,377,586,400
1681,20230609c_01909.jpg,4162,fanning,0.9881,0.9464,16,1437,375,1501,426
1681,20230609c_01909.jpg,5953,buffering,0.0000,0.9302,2,751,926,804,1020
1681,20230609c_01909.jpg,5950,buffering,0.0000,0.9155,3,813,375,870,418
1681,20230609c_01909.jpg,5913,neutral,0.9404,0.8030,16,537,377,588,399
1682,20230609c_01910.jpg,4162,fanning,0.9843,0.9414,16,1437,375,1502,425
1682,20230609c_01910.jpg,5950,neutral,0.9341,0.8681,4,819,375,860,401
1682,20230609c_01910.jpg,5913,neutral,0.9472,0.7448,16,540,377,590,398
1683,20230609c_01911.jpg,4162,fanning,0.9812,0.9422,16,1437,375,1502,426
1683,20230609c_01911.jpg,5950,neutral,0.9538,0.8426,5,821,375,860,399
1683,20230609c_01911.jpg,5913,neutral,0.9579,0.6988,16,559,377,594,390
1684,20230609c_01912.jpg,4162,fanning,0.9793,0.9446,16,1436,375,1501,427
1685,20230609c_01913.jpg,4162,fanning,0.9783,0.9441,16,1437,375,1501,427
1685,20230609c_01913.jpg,5950,neutral,0.9754,0.8611,6,827,375,863,395
1686,20230609c_01914.jpg,4162,fanning,0.9772,0.9446,16,1437,375,1501,427
1686,20230609c_01914.jpg,5950,neutral,0.9892,0.6216,7,832,376,862,389
1687,20230609c_01915.jpg,4162,fanning,0.9807,0.9391,16,1437,375,1502,427
1688,20230609c_01916.jpg,4162,fanning,0.9828,0.9413,16,1437,375,1503,426
1688,20230609c_01916.jpg,5908,buffering,0.0000,0.8744,2,615,770,650,829
1689,20230609c_01917.jpg,4162,fanning,0.9813,0.9382,16,1437,375,1501,426
1690,20230609c_01918.jpg,4162,fanning,0.9772,0.9362,16,1438,375,1501,426
1691,20230609c_01919.jpg,4162,fanning,0.9728,0.9404,16,1437,375,1502,426
1691,20230609c_01919.jpg,5973,buffering,0.0000,0.9276,1,1342,892,1400,996
1692,20230609c_01920.jpg,4162,fanning,0.9746,0.9362,16,1436,375,1502,424
1692,20230609c_01920.jpg,5973,buffering,0.0000,0.9292,2,1295,904,1368,1015
1693,20230609c_01921.jpg,4162,fanning,0.9652,0.9448,16,1437,375,1501,428
1694,20230609c_01922.jpg,4162,fanning,0.9655,0.9413,16,1437,375,1501,429
1695,20230609c_01923.jpg,4162,fanning,0.9554,0.9383,16,1437,375,1503,425
1695,20230609c_01923.jpg,5982,buffering,0.0000,0.9122,1,201,943,264,1007
1696,20230609c_01924.jpg,4162,fanning,0.9681,0.9397,16,1437,375,1503,426
1696,20230609c_01924.jpg,5982,buffering,0.0000,0.9142,2,221,976,296,1033
1697,20230609c_01925.jpg,4162,fanning,0.9664,0.9420,16,1437,375,1501,426
1697,20230609c_01925.jpg,5988,buffering,0.0000,0.9236,1,528,827,587,901
1697,20230609c_01925.jpg,5938,buffering,0.0000,0.9141,3,789,1002,861,1080
1698,20230609c_01926.jpg,4162,fanning,0.9699,0.9398,16,1437,375,1502,426
1698,20230609c_01926.jpg,5988,buffering,0.0000,0.9224,2,549,824,619,918
1699,20230609c_01927.jpg,4162,fanning,0.9730,0.9542,16,1436,375,1500,427
1700,20230609c_01928.jpg,4162,fanning,0.9761,0.9486,16,1437,375,1501,427
1701,20230609c_01929.jpg,4162,fanning,0.9779,0.9420,16,1437,375,1502,424
1702,20230609c_01930.jpg,4162,fanning,0.9812,0.9486,16,1437,375,1500,428
1703,20230609c_01931.jpg,4162,fanning,0.9787,0.9412,16,1436,375,1501,427
1704,20230609c_01932.jpg,4162,fanning,0.9725,0.9467,16,1437,376,1501,427
1705,20230609c_01933.jpg,4162,fanning,0.9702,0.9467,16,1437,376,1501,427
1706,20230609c_01934.jpg,4162,fanning,0.9723,0.9446,16,1437,375,1501,428
1707,20230609c_01935.jpg,4162,fanning,0.9765,0.9538,16,1437,375,1501,428
1708,20230609c_01936.jpg,4162,fanning,0.9761,0.9459,16,1437,375,1501,428
1708,20230609c_01936.jpg,5973,buffering,0.0000,0.8857,3,1134,1010,1226,1079
1709,20230609c_01937.jpg,4162,fanning,0.9809,0.9491,16,1437,375,1502,428
1709,20230609c_01937.jpg,6017,buffering,0.0000,0.9310,1,496,735,562,814
1710,20230609c_01938.jpg,4162,fanning,0.9826,0.9492,16,1437,376,1502,427
1710,20230609c_01938.jpg,6017,buffering,0.0000,0.9283,2,520,715,592,802
1710,20230609c_01938.jpg,6020,buffering,0.0000,0.9149,1,4,862,67,939
1711,20230609c_01939.jpg,4162,fanning,0.9830,0.9453,16,1437,376,1502,427
1711,20230609c_01939.jpg,6017,buffering,0.0000,0.9216,3,557,691,619,770
1712,20230609c_01940.jpg,4162,fanning,0.9795,0.9459,16,1437,376,1503,427
1712,20230609c_01940.jpg,6017,neutral,0.9952,0.9305,4,585,667,639,743
1713,20230609c_01941.jpg,4162,fanning,0.9784,0.9419,16,1439,376,1504,426
1713,20230609c_01941.jpg,6017,neutral,0.9963,0.9313,5,601,660,657,729
1713,20230609c_01941.jpg,6029,buffering,0.0000,0.9282,1,1502,997,1548,1080
1714,20230609c_01942.jpg,4162,fanning,0.9800,0.9461,16,1438,376,1501,427
1714,20230609c_01942.jpg,6017,neutral,0.9925,0.9270,6,608,655,677,734
1715,20230609c_01943.jpg,4162,fanning,0.9799,0.9472,16,1437,376,1501,428
1715,20230609c_01943.jpg,6034,buffering,0.0000,0.9449,1,1431,506,1491,589
1715,20230609c_01943.jpg,6017,neutral,0.9711,0.9249,7,622,631,677,719
1716,20230609c_01944.jpg,4162,fanning,0.9796,0.9446,16,1438,376,1501,427
1716,20230609c_01944.jpg,6034,buffering,0.0000,0.9430,2,1443,511,1499,597
1717,20230609c_01945.jpg,4162,fanning,0.9771,0.9513,16,1438,375,1502,428
1717,20230609c_01945.jpg,6034,buffering,0.0000,0.9390,3,1446,511,1498,597
1718,20230609c_01946.jpg,4162,fanning,0.9755,0.9525,16,1438,375,1501,427
1718,20230609c_01946.jpg,6034,neutral,0.9981,0.9402,4,1440,496,1491,585
1718,20230609c_01946.jpg,6049,buffering,0.0000,0.9210,1,1317,937,1375,1028
1719,20230609c_01947.jpg,4162,fanning,0.9819,0.9448,16,1438,376,1502,426
1719,20230609c_01947.jpg,6052,buffering,0.0000,0.9439,1,493,496,552,580
1719,20230609c_01947.jpg,6034,neutral,0.9979,0.9392,5,1433,463,1500,559
1719,20230609c_01947.jpg,6049,buffering,0.0000,0.9286,2,1340,914,1400,1005
1720,20230609c_01948.jpg,4162,fanning,0.9828,0.9483,16,1437,376,1501,427
1720,20230609c_01948.jpg,6034,neutral,0.9985,0.9399,6,1428,443,1485,530
1720,20230609c_01948.jpg,6052,buffering,0.0000,0.9382,2,504,463,558,554
1720,20230609c_01948.jpg,6049,buffering,0.0000,0.9305,3,1362,865,1416,960
1721,20230609c_01949.jpg,6034,neutral,0.9817,0.9487,7,1415,425,1491,509
1721,20230609c_01949.jpg,4162,fanning,0.9893,0.9350,16,1439,376,1502,424
1721,20230609c_01949.jpg,6049,neutral,0.9848,0.9316,4,1369,796,1427,893
1722,20230609c_01950.jpg,6034,neutral,0.9641,0.9399,8,1424,414,1480,495
1722,20230609c_01950.jpg,4162,fanning,0.9896,0.9284,16,1438,376,1503,422
1722,20230609c_01950.jpg,6049,neutral,0.9692,0.9284,5,1378,752,1436,833
1722,20230609c_01950.jpg,6063,buffering,0.0000,0.7843,1,721,742,764,766
1723,20230609c_01951.jpg,6034,neutral,0.8853,0.9384,9,1434,378,1501,494
1723,20230609c_01951.jpg,6064,buffering,0.0000,0.9331,1,531,374,614,469
1723,20230609c_01951.jpg,6049,neutral,0.8334,0.9297,6,1373,696,1423,783
1723,20230609c_01951.jpg,4162,fanning,0.9886,0.9207,16,1437,376,1503,419
1723,20230609c_01951.jpg,6063,buffering,0.0000,0.7643,2,724,742,762,766
1724,20230609c_01952.jpg,4162,fanning,0.9866,0.9414,16,1436,376,1501,418
1724,20230609c_01952.jpg,6064,buffering,0.0000,0.9300,2,529,375,612,458
1724,20230609c_01952.jpg,6034,neutral,0.8821,0.9256,10,1441,431,1494,506
1725,20230609c_01953.jpg,4162,fanning,0.9801,0.9424,16,1437,376,1500,419
1725,20230609c_01953.jpg,6064,buffering,0.0000,0.9117,3,530,376,615,439
1726,20230609c_01954.jpg,6072,buffering,0.0000,0.9402,1,1435,473,1489,563
1726,20230609c_01954.jpg,6017,neutral,0.7685,0.9372,8,828,470,891,540
1726,20230609c_01954.jpg,4162,fanning,0.9730,0.9310,16,1437,376,1500,416
1727,20230609c_01955.jpg,4162,fanning,0.9612,0.9289,16,1436,376,1501,417
1728,20230609c_01956.jpg,4162,fanning,0.9517,0.9294,16,1436,375,1504,416
1729,20230609c_01957.jpg,6079,buffering,0.0000,0.9387,1,1196,465,1255,559
1729,20230609c_01957.jpg,4162,fanning,0.9476,0.9321,16,1436,375,1505,416
1730,20230609c_01958.jpg,4162,fanning,0.9315,0.9393,16,1436,375,1505,415
1731,20230609c_01959.jpg,4162,fanning,0.9263,0.9380,16,1437,375,1509,415
1732,20230609c_01960.jpg,4162,fanning,0.9032,0.9402,16,1437,375,1510,414
1732,20230609c_01960.jpg,6087,buffering,0.0000,0.9383,1,1141,470,1212,529
1733,20230609c_01961.jpg,6079,buffering,0.0000,0.9374,2,1179,478,1241,560
1733,20230609c_01961.jpg,4162,fanning,0.9156,0.9367,16,1437,375,1510,415
1734,20230609c_01962.jpg,4162,fanning,0.8603,0.9405,16,1437,375,1510,415
1734,20230609c_01962.jpg,6079,buffering,0.0000,0.9385,3,1209,454,1267,548
1735,20230609c_01963.jpg,4162,fanning,0.7797,0.9394,16,1437,375,1509,418
1736,20230609c_01964.jpg,4162,fanning,0.7541,0.9358,16,1436,375,1510,414
1737,20230609c_01965.jpg,6102,buffering,0.0000,0.9440,1,1239,377,1318,436
1737,20230609c_01965.jpg,4162,fanning,0.7395,0.9347,16,1437,375,1509,415
1738,20230609c_01966.jpg,4162,fanning,0.8165,0.9402,16,1437,375,1510,416
1738,20230609c_01966.jpg,6105,buffering,0.0000,0.9378,1,349,461,428,542
1738,20230609c_01966.jpg,6102,buffering,0.0000,0.9355,2,1243,377,1320,436
1738,20230609c_01966.jpg,6106,buffering,0.0000,0.8272,1,0,790,36,855
1738,20230609c_01966.jpg,6108,buffering,0.0000,0.6098,1,1354,380,1416,423
1739,20230609c_01967.jpg,6102,buffering,0.0000,0.9384,3,1244,377,1324,433
1739,20230609c_01967.jpg,4162,fanning,0.8221,0.9368,16,1436,375,1508,417
1739,20230609c_01967.jpg,6105,buffering,0.0000,0.9285,2,372,440,455,517
1739,20230609c_01967.jpg,6106,buffering,0.0000,0.8610,2,0,762,37,837
1740,20230609c_01968.jpg,6105,buffering,0.0000,0.9435,3,381,434,466,509
1740,20230609c_01968.jpg,4162,fanning,0.8749,0.9414,16,1437,375,1508,417
1740,20230609c_01968.jpg,6102,neutral,0.9986,0.9333,4,1245,377,1320,432
1740,20230609c_01968.jpg,6106,buffering,0.0000,0.9198,3,0,732,51,802
1741,20230609c_01969.jpg,6105,neutral,0.9981,0.9426,4,397,419,472,507
1741,20230609c_01969.jpg,4162,fanning,0.9373,0.9405,16,1437,375,1509,418
1741,20230609c_01969.jpg,6102,neutral,0.9962,0.9328,5,1248,377,1308,432
1742,20230609c_01970.jpg,6105,neutral,0.9859,0.9526,5,409,408,481,489
1742,20230609c_01970.jpg,4162,fanning,0.9391,0.9398,16,1437,376,1508,419
1742,20230609c_01970.jpg,6102,neutral,0.9947,0.9330,6,1242,377,1304,432
1743,20230609c_01971.jpg,6105,neutral,0.9764,0.9424,6,424,398,505,482
1743,20230609c_01971.jpg,4162,fanning,0.9497,0.9415,16,1437,376,1507,418
1743,20230609c_01971.jpg,6102,neutral,0.9924,0.9166,7,1243,378,1298,433
1744,20230609c_01972.jpg,6105,neutral,0.9438,0.9459,7,436,392,513,470
1744,20230609c_01972.jpg,4162,fanning,0.9665,0.9408,16,1437,376,1509,419
1744,20230609c_01972.jpg,6102,neutral,0.9872,0.9248,8,1252,377,1302,417
1745,20230609c_01973.jpg,6105,neutral,0.9312,0.9373,8,448,380,531,466
1745,20230609c_01973.jpg,4162,fanning,0.9740,0.9357,16,1436,376,1508,418
1745,20230609c_01973.jpg,6102,neutral,0.9750,0.8935,9,1261,377,1313,407
1745,20230609c_01973.jpg,6129,buffering,0.0000,0.8120,1,842,828,887,852
1746,20230609c_01974.jpg,4162,fanning,0.9731,0.9422,16,1436,376,1508,420
1746,20230609c_01974.jpg,6105,neutral,0.8530,0.9358,9,454,373,542,467
1746,20230609c_01974.jpg,6102,neutral,0.9719,0.8615,10,1272,376,1317,394
1746,20230609c_01974.jpg,6129,buffering,0.0000,0.8218,2,846,825,894,849
1747,20230609c_01975.jpg,4162,fanning,0.9610,0.9356,16,1436,376,1506,420
1747,20230609c_01975.jpg,6105,neutral,0.7341,0.9328,10,464,375,562,460
1747,20230609c_01975.jpg,6129,buffering,0.0000,0.7966,3,847,828,900,853
1748,20230609c_01976.jpg,4162,fanning,0.9597,0.9347,16,1437,376,1507,419
1748,20230609c_01976.jpg,6105,neutral,0.5651,0.9224,11,471,385,557,449
1748,20230609c_01976.jpg,6129,fanning,0.7157,0.7630,4,864,832,912,860
1749,20230609c_01977.jpg,6105,fanning,0.7280,0.9426,12,496,373,577,443
1749,20230609c_01977.jpg,6142,buffering,0.0000,0.9404,1,867,593,920,688
1749,20230609c_01977.jpg,4162,fanning,0.9472,0.9357,16,1436,375,1505,419
1749,20230609c_01977.jpg,6129,fanning,0.9370,0.7742,5,880,828,919,863
1750,20230609c_01978.jpg,6142,buffering,0.0000,0.9418,2,866,552,919,648
1750,20230609c_01978.jpg,4162,fanning,0.9309,0.9337,16,1435,376,1507,418
1750,20230609c_01978.jpg,6105,fanning,0.6048,0.9336,13,507,374,581,439
1751,20230609c_01979.jpg,6142,buffering,0.0000,0.9425,3,861,496,919,591
1751,20230609c_01979.jpg,4162,fanning,0.9710,0.9334,16,1436,375,1504,419
1751,20230609c_01979.jpg,6105,fanning,0.7674,0.9259,14,516,375,591,428
1752,20230609c_01980.jpg,6142,neutral,0.9912,0.9425,4,868,449,939,536
1752,20230609c_01980.jpg,6157,buffering,0.0000,0.9327,1,410,892,453,971
1752,20230609c_01980.jpg,6155,buffering,0.0000,0.9321,1,1057,831,1129,933
1752,20230609c_01980.jpg,4162,fanning,0.9631,0.9317,16,1436,376,1505,420
1752,20230609c_01980.jpg,6105,fanning,0.9552,0.9086,15,520,374,597,417
1753,20230609c_01981.jpg,6142,neutral,0.9985,0.9416,5,903,407,970,496
1753,20230609c_01981.jpg,4162,fanning,0.9661,0.9370,16,1435,376,1503,421
1753,20230609c_01981.jpg,6155,buffering,0.0000,0.9340,2,1075,810,1137,904
1753,20230609c_01981.jpg,6157,buffering,0.0000,0.9287,2,416,852,457,932
1753,20230609c_01981.jpg,6105,fanning,0.6515,0.8339,16,535,376,579,397
1754,20230609c_01982.jpg,6142,neutral,0.9975,0.9422,6,938,385,998,469
1754,20230609c_01982.jpg,4162,fanning,0.9690,0.9349,16,1436,376,1504,421
1754,20230609c_01982.jpg,6155,buffering,0.0000,0.9276,3,1064,797,1130,895
1754,20230609c_01982.jpg,6157,buffering,0.0000,0.9162,3,424,810,467,881
1755,20230609c_01983.jpg,6142,neutral,0.9831,0.9379,7,959,379,1015,453
1755,20230609c_01983.jpg,4162,fanning,0.9737,0.9337,16,1436,376,1503,420
1755,20230609c_01983.jpg,6157,neutral,0.9992,0.9118,4,436,792,477,852
1756,20230609c_01984.jpg,4162,fanning,0.9750,0.9380,16,1435,376,1502,422
1756,20230609c_01984.jpg,6168,buffering,0.0000,0.9354,1,558,425,606,506
1756,20230609c_01984.jpg,6142,neutral,0.9548,0.9347,8,974,379,1026,452
1757,20230609c_01985.jpg,4162,fanning,0.9741,0.9341,16,1436,376,1502,420
1757,20230609c_01985.jpg,6168,buffering,0.0000,0.9326,2,548,401,616,486
1757,20230609c_01985.jpg,6173,buffering,0.0000,0.9177,1,167,974,232,1046
1757,20230609c_01985.jpg,6142,neutral,0.9149,0.9167,9,979,377,1034,445
1758,20230609c_01986.jpg,4162,fanning,0.9700,0.9383,16,1437,376,1503,421
1758,20230609c_01986.jpg,6142,neutral,0.8259,0.9340,10,974,377,1041,438
1758,20230609c_01986.jpg,6168,buffering,0.0000,0.9308,3,516,375,586,467
1758,20230609c_01986.jpg,6173,buffering,0.0000,0.9191,2,170,948,236,1037
1759,20230609c_01987.jpg,4162,fanning,0.9725,0.9348,16,1437,376,1505,419
1759,20230609c_01987.jpg,6168,neutral,0.9994,0.9339,4,515,375,590,458
1759,20230609c_01987.jpg,6173,buffering,0.0000,0.8972,3,188,934,240,1003
1760,20230609c_01988.jpg,4162,fanning,0.9711,0.9485,16,1435,376,1505,421
1760,20230609c_01988.jpg,6168,neutral,0.9987,0.9405,5,522,375,594,451
1760,20230609c_01988.jpg,6142,neutral,0.7493,0.9275,11,1001,377,1056,424
1760,20230609c_01988.jpg,6173,neutral,0.9995,0.9192,4,203,901,261,973
1760,20230609c_01988.jpg,6190,buffering,0.0000,0.8936,1,603,798,641,867
1761,20230609c_01989.jpg,6168,neutral,0.9981,0.9441,6,517,374,588,443
1761,20230609c_01989.jpg,4162,fanning,0.9784,0.9403,16,1435,376,1504,422
1761,20230609c_01989.jpg,6173,neutral,0.9993,0.8957,5,216,871,274,943
1762,20230609c_01990.jpg,4162,fanning,0.9854,0.9386,16,1436,376,1504,422
1762,20230609c_01990.jpg,6168,neutral,0.9976,0.9071,7,517,375,594,438
1762,20230609c_01990.jpg,6173,neutral,0.9993,0.8830,6,228,841,287,908
1763,20230609c_01991.jpg,4162,fanning,0.9872,0.9374,16,1435,376,1504,422
1763,20230609c_01991.jpg,6168,neutral,0.9968,0.9303,8,518,373,593,430
1763,20230609c_01991.jpg,6173,neutral,0.9991,0.8751,7,247,815,301,883
1764,20230609c_01992.jpg,4162,fanning,0.9868,0.9357,16,1435,376,1505,421
1764,20230609c_01992.jpg,6168,neutral,0.9894,0.9261,9,521,374,596,424
1764,20230609c_01992.jpg,6173,neutral,0.9989,0.9016,8,256,784,305,870
1765,20230609c_01993.jpg,4162,fanning,0.9847,0.9493,16,1436,376,1506,421
1765,20230609c_01993.jpg,6173,neutral,0.9980,0.9235,9,247,752,296,829
1765,20230609c_01993.jpg,6168,neutral,0.8984,0.9108,10,519,375,593,419
1766,20230609c_01994.jpg,4162,fanning,0.9867,0.9496,16,1435,376,1505,422
1766,20230609c_01994.jpg,6173,neutral,0.9963,0.9236,10,243,710,307,793
1767,20230609c_01995.jpg,4162,fanning,0.9739,0.9422,16,1436,376,1505,421
1767,20230609c_01995.jpg,6173,neutral,0.9880,0.9203,11,254,660,313,750
1768,20230609c_01996.jpg,4162,fanning,0.9850,0.9497,16,1436,376,1504,421
1768,20230609c_01996.jpg,6173,neutral,0.9770,0.9337,12,274,598,338,689
1768,20230609c_01996.jpg,6168,neutral,0.9786,0.8694,11,533,376,578,399
1769,20230609c_01997.jpg,4162,fanning,0.9851,0.9413,16,1435,376,1503,423
1769,20230609c_01997.jpg,6173,neutral,0.9975,0.9336,13,307,548,365,634
1770,20230609c_01998.jpg,4162,fanning,0.9876,0.9417,16,1435,376,1504,423
1770,20230609c_01998.jpg,6173,neutral,0.9970,0.9237,14,337,509,400,580
1771,20230609c_01999.jpg,4162,fanning,0.9912,0.9411,16,1436,376,1503,424
1771,20230609c_01999.jpg,6173,neutral,0.9923,0.9286,15,367,459,418,546
1772,20230609c_02000.jpg,4162,fanning,0.9945,0.9411,16,1436,376,1504,423
1772,20230609c_02000.jpg,6173,neutral,0.9731,0.9153,16,373,406,434,499
1773,20230609c_02001.jpg,4162,fanning,0.9947,0.9406,16,1437,376,1505,423
1773,20230609c_02001.jpg,6173,neutral,0.9716,0.9153,16,384,368,433,443
1774,20230609c_02002.jpg,4162,fanning,0.9956,0.9400,16,1435,376,1504,424
1774,20230609c_02002.jpg,6173,neutral,0.9794,0.8724,16,385,370,436,415
1775,20230609c_02003.jpg,4162,fanning,0.9963,0.9417,16,1436,376,1503,424
1776,20230609c_02004.jpg,4162,fanning,0.9966,0.9427,16,1436,375,1504,421
1776,20230609c_02004.jpg,6227,buffering,0.0000,0.9247,1,1320,379,1412,468
1776,20230609c_02004.jpg,6229,buffering,0.0000,0.8507,1,383,370,433,405
1777,20230609c_02005.jpg,6227,buffering,0.0000,0.9474,2,1339,402,1406,501
1777,20230609c_02005.jpg,4162,fanning,0.9966,0.9441,16,1436,376,1503,423
1777,20230609c_02005.jpg,6229,buffering,0.0000,0.7732,2,377,369,431,397
1778,20230609c_02006.jpg,4162,fanning,0.9959,0.9418,16,1435,376,1503,423
1778,20230609c_02006.jpg,6227,buffering,0.0000,0.9378,3,1350,391,1412,504
1779,20230609c_02007.jpg,4162,fanning,0.9965,0.9421,16,1436,376,1502,424
1779,20230609c_02007.jpg,6227,neutral,0.9992,0.9370,4,1343,384,1418,496
1780,20230609c_02008.jpg,4162,fanning,0.9988,0.9394,16,1434,376,1503,423
1780,20230609c_02008.jpg,6227,neutral,0.9983,0.9220,5,1330,384,1430,474
1781,20230609c_02009.jpg,4162,fanning,0.9991,0.9413,16,1435,375,1503,424
1781,20230609c_02009.jpg,6227,neutral,0.9963,0.9040,6,1337,380,1437,456
1782,20230609c_02010.jpg,4162,fanning,0.9991,0.9356,16,1354,374,1502,446
1782,20230609c_02010.jpg,6227,neutral,0.9885,0.9242,7,1355,376,1438,456
1782,20230609c_02010.jpg,6229,buffering,0.0000,0.7118,3,368,372,431,393
1783,20230609c_02011.jpg,4162,fanning,0.9991,0.9404,16,1432,375,1502,424
1783,20230609c_02011.jpg,6227,neutral,0.9375,0.8942,8,1360,380,1428,466
1783,20230609c_02011.jpg,6229,neutral,0.9995,0.6674,4,367,372,433,394
1784,20230609c_02012.jpg,4162,fanning,0.9988,0.9398,16,1438,376,1503,429
1784,20230609c_02012.jpg,6227,neutral,0.7841,0.8961,9,1370,399,1418,457
1784,20230609c_02012.jpg,6229,neutral,0.9994,0.7561,5,365,372,435,396
1785,20230609c_02013.jpg,4162,fanning,0.9987,0.9422,16,1435,376,1503,424
1785,20230609c_02013.jpg,6248,buffering,0.0000,0.9244,1,730,724,818,793
1785,20230609c_02013.jpg,6227,neutral,0.8555,0.8802,10,1355,400,1412,450
1785,20230609c_02013.jpg,6229,neutral,0.9993,0.5822,6,370,372,433,398
1786,20230609c_02014.jpg,4162,fanning,0.9988,0.9404,16,1436,376,1503,424
1786,20230609c_02014.jpg,6251,buffering,0.0000,0.9379,1,527,449,579,537
1786,20230609c_02014.jpg,6229,neutral,0.9993,0.6015,7,364,372,434,397
1787,20230609c_02015.jpg,4162,fanning,0.9987,0.9396,16,1437,376,1508,426
1787,20230609c_02015.jpg,6251,buffering,0.0000,0.9364,2,512,422,565,518
1787,20230609c_02015.jpg,6229,neutral,0.9987,0.7273,8,365,372,434,398
1788,20230609c_02016.jpg,6251,buffering,0.0000,0.9399,3,505,413,560,494
1788,20230609c_02016.jpg,4162,fanning,0.9987,0.9229,16,1435,376,1506,426
1789,20230609c_02017.jpg,6251,neutral,0.9924,0.9360,4,520,379,588,479
1789,20230609c_02017.jpg,4162,fanning,0.9984,0.9352,16,1436,377,1505,424
1789,20230609c_02017.jpg,6262,buffering,0.0000,0.8498,1,120,970,181,1018
1789,20230609c_02017.jpg,6264,buffering,0.0000,0.8455,1,709,710,779,740
1790,20230609c_02018.jpg,4162,fanning,0.9983,0.9384,16,1435,376,1506,422
1790,20230609c_02018.jpg,6251,neutral,0.9667,0.9340,5,527,375,594,466
1790,20230609c_02018.jpg,6267,buffering,0.0000,0.8103,1,1344,377,1421,449
1791,20230609c_02019.jpg,6251,neutral,0.8946,0.9381,6,523,375,602,458
1791,20230609c_02019.jpg,4162,fanning,0.9983,0.9377,16,1434,376,1508,422
1791,20230609c_02019.jpg,6229,neutral,0.9965,0.7652,9,379,372,442,394
1791,20230609c_02019.jpg,6267,buffering,0.0000,0.7049,2,1328,379,1414,424
1792,20230609c_02020.jpg,4162,fanning,0.9984,0.9366,16,1435,376,1509,422
1792,20230609c_02020.jpg,6251,neutral,0.7741,0.9301,7,524,374,600,450
1792,20230609c_02020.jpg,6229,neutral,0.9901,0.8137,10,378,371,438,399
1793,20230609c_02021.jpg,6251,neutral,0.6412,0.9411,8,525,374,599,443
1793,20230609c_02021.jpg,4162,fanning,0.9985,0.9387,16,1435,376,1508,422
1793,20230609c_02021.jpg,6229,neutral,0.9690,0.7842,11,377,371,436,400
1794,20230609c_02022.jpg,4162,fanning,0.9985,0.9389,16,1436,376,1509,422
1794,20230609c_02022.jpg,6251,uncertain,0.5146,0.9225,9,527,375,598,430
1794,20230609c_02022.jpg,6229,neutral,0.9446,0.8236,12,376,370,431,403
1795,20230609c_02023.jpg,4162,fanning,0.9986,0.9390,16,1436,376,1508,423
1795,20230609c_02023.jpg,6284,buffering,0.0000,0.9314,1,1342,891,1399,988
1795,20230609c_02023.jpg,6251,fanning,0.7395,0.9054,10,528,375,598,419
1795,20230609c_02023.jpg,6229,neutral,0.9016,0.6815,13,382,370,435,396
1796,20230609c_02024.jpg,4162,fanning,0.9978,0.9394,16,1436,376,1508,423
1796,20230609c_02024.jpg,6284,buffering,0.0000,0.9314,2,1333,864,1390,959
1796,20230609c_02024.jpg,6229,neutral,0.8357,0.7830,14,379,372,424,396
1797,20230609c_02025.jpg,4162,fanning,0.9948,0.9389,16,1436,376,1509,423
1797,20230609c_02025.jpg,6229,neutral,0.8999,0.7924,15,369,372,431,398
1798,20230609c_02026.jpg,6291,buffering,0.0000,0.9397,1,626,465,685,554
1798,20230609c_02026.jpg,4162,fanning,0.9951,0.9382,16,1436,376,1509,421
1798,20230609c_02026.jpg,6229,neutral,0.8559,0.7827,16,373,371,440,396
1799,20230609c_02027.jpg,6291,buffering,0.0000,0.9389,2,611,444,671,537
1799,20230609c_02027.jpg,4162,fanning,0.9956,0.9377,16,1436,376,1510,420
1799,20230609c_02027.jpg,6295,buffering,0.0000,0.8987,1,1179,731,1231,819
1799,20230609c_02027.jpg,6229,neutral,0.8716,0.7102,16,378,371,443,398
1800,20230609c_02028.jpg,6291,buffering,0.0000,0.9420,3,599,410,658,507
1800,20230609c_02028.jpg,4162,fanning,0.9966,0.9379,16,1436,376,1510,419
1800,20230609c_02028.jpg,6229,neutral,0.8683,0.8028,16,376,372,448,397
1801,20230609c_02029.jpg,6291,neutral,0.9081,0.9404,4,583,380,669,480
1801,20230609c_02029.jpg,4162,fanning,0.9966,0.9365,16,1435,376,1511,421
1801,20230609c_02029.jpg,6229,neutral,0.8472,0.7073,16,387,372,462,395
1802,20230609c_02030.jpg,4162,fanning,0.9966,0.9390,16,1437,376,1512,421
1802,20230609c_02030.jpg,6291,neutral,0.9277,0.9328,5,555,375,633,453
1802,20230609c_02030.jpg,6229,neutral,0.8448,0.8644,16,399,373,484,399
1803,20230609c_02031.jpg,4162,fanning,0.9959,0.9358,16,1436,376,1511,420
1803,20230609c_02031.jpg,6303,buffering,0.0000,0.9272,1,1020,669,1086,757
1803,20230609c_02031.jpg,6291,neutral,0.8150,0.9073,6,532,377,619,439
1803,20230609c_02031.jpg,6229,neutral,0.8442,0.7779,16,411,376,495,400
1804,20230609c_02032.jpg,4162,fanning,0.9954,0.9348,16,1436,376,1511,419
1804,20230609c_02032.jpg,6303,buffering,0.0000,0.9289,2,1046,657,1127,743
1804,20230609c_02032.jpg,6229,neutral,0.8417,0.8300,16,420,376,503,400
1805,20230609c_02033.jpg,4162,fanning,0.9962,0.9369,16,1436,376,1510,421
1805,20230609c_02033.jpg,6229,neutral,0.7430,0.8092,16,431,376,510,400
1806,20230609c_02034.jpg,4162,fanning,0.9965,0.9363,16,1436,376,1511,421
1806,20230609c_02034.jpg,6229,neutral,0.6346,0.8660,16,441,376,518,402
1807,20230609c_02035.jpg,6313,buffering,0.0000,0.9375,1,1141,576,1199,662
1807,20230609c_02035.jpg,4162,fanning,0.9963,0.9364,16,1435,375,1511,421
1807,20230609c_02035.jpg,6295,buffering,0.0000,0.9309,2,1171,740,1225,823
1807,20230609c_02035.jpg,6229,neutral,0.8561,0.8143,16,446,376,521,401
1808,20230609c_02036.jpg,4162,fanning,0.9966,0.9358,16,1434,375,1511,422
1808,20230609c_02036.jpg,6229,neutral,0.9289,0.8622,16,444,375,533,403
1809,20230609c_02037.jpg,4162,fanning,0.9957,0.9356,16,1435,376,1511,420
1809,20230609c_02037.jpg,6317,buffering,0.0000,0.9275,1,1198,677,1256,771
1809,20230609c_02037.jpg,6229,neutral,0.9683,0.8562,16,445,376,522,403
1810,20230609c_02038.jpg,4162,fanning,0.9945,0.9363,16,1435,376,1512,419
1810,20230609c_02038.jpg,6303,buffering,0.0000,0.9329,3,1157,636,1212,730
1810,20230609c_02038.jpg,6229,neutral,0.9824,0.8493,16,444,376,521,403
1811,20230609c_02039.jpg,4162,fanning,0.9926,0.9327,16,1434,376,1511,419
1811,20230609c_02039.jpg,6229,neutral,0.9880,0.8677,16,453,377,531,403
1812,20230609c_02040.jpg,4162,fanning,0.9863,0.9309,16,1435,376,1514,419
1812,20230609c_02040.jpg,6229,neutral,0.9947,0.8578,16,466,377,544,403
1813,20230609c_02041.jpg,6323,buffering,0.0000,0.9398,1,1040,569,1110,653
1813,20230609c_02041.jpg,4162,fanning,0.9736,0.9336,16,1438,376,1514,420
1813,20230609c_02041.jpg,6229,neutral,0.9922,0.8509,16,477,377,546,401
1813,20230609c_02041.jpg,6324,buffering,0.0000,0.8346,1,1408,375,1440,396
1814,20230609c_02042.jpg,6323,buffering,0.0000,0.9414,2,1068,555,1125,643
1814,20230609c_02042.jpg,6326,buffering,0.0000,0.9413,1,861,496,914,582
1814,20230609c_02042.jpg,4162,fanning,0.9560,0.9305,16,1432,376,1515,416
1814,20230609c_02042.jpg,6229,neutral,0.9962,0.8234,16,481,377,546,398
1814,20230609c_02042.jpg,6324,buffering,0.0000,0.8158,2,1408,375,1437,395
1815,20230609c_02043.jpg,6326,buffering,0.0000,0.9458,2,850,501,904,582
1815,20230609c_02043.jpg,4162,fanning,0.9218,0.9265,16,1434,376,1515,417
1815,20230609c_02043.jpg,6229,neutral,0.9974,0.8247,16,481,377,546,399
1815,20230609c_02043.jpg,6324,buffering,0.0000,0.8033,3,1408,375,1436,394
1816,20230609c_02044.jpg,6326,buffering,0.0000,0.9458,3,850,491,904,576
1816,20230609c_02044.jpg,4162,fanning,0.8821,0.9325,16,1435,376,1516,418
1816,20230609c_02044.jpg,6229,neutral,0.9982,0.8286,16,477,377,546,399
1817,20230609c_02045.jpg,6326,neutral,0.9992,0.9488,4,846,479,909,566
1817,20230609c_02045.jpg,4162,fanning,0.7948,0.9359,16,1438,376,1515,417
1817,20230609c_02045.jpg,6229,neutral,0.9988,0.8596,16,473,377,546,400
1818,20230609c_02046.jpg,6326,neutral,0.9982,0.9366,5,809,466,882,553
1818,20230609c_02046.jpg,4162,fanning,0.6881,0.9356,16,1440,376,1514,415
1818,20230609c_02046.jpg,6229,neutral,0.9989,0.8367,16,479,377,546,399
1819,20230609c_02047.jpg,4162,uncertain,0.5487,0.9333,16,1442,376,1514,413
1819,20230609c_02047.jpg,6229,neutral,0.9988,0.8395,16,482,377,545,398
1820,20230609c_02048.jpg,6338,buffering,0.0000,0.9410,1,1286,509,1353,593
1820,20230609c_02048.jpg,4162,neutral,0.7330,0.9360,16,1442,376,1514,412
1820,20230609c_02048.jpg,6229,neutral,0.9992,0.8156,16,485,377,544,398
1821,20230609c_02049.jpg,6338,buffering,0.0000,0.9422,2,1254,499,1332,590
1821,20230609c_02049.jpg,4162,neutral,0.8335,0.9316,16,1439,376,1515,409
1821,20230609c_02049.jpg,6229,neutral,0.9991,0.7866,16,487,377,546,401
1822,20230609c_02050.jpg,6343,buffering,0.0000,0.9425,1,658,428,744,516
1822,20230609c_02050.jpg,6338,buffering,0.0000,0.9369,3,1228,473,1298,562
1822,20230609c_02050.jpg,4162,neutral,0.8906,0.9366,16,1440,376,1515,408
1822,20230609c_02050.jpg,6229,neutral,0.9993,0.7845,16,487,376,542,399
1823,20230609c_02051.jpg,6343,buffering,0.0000,0.9452,2,638,424,709,516
1823,20230609c_02051.jpg,6338,neutral,0.9976,0.9349,4,1192,448,1256,535
1823,20230609c_02051.jpg,4162,neutral,0.9618,0.9321,16,1440,375,1514,408
1823,20230609c_02051.jpg,6229,neutral,0.9993,0.8269,16,479,377,540,400
1824,20230609c_02052.jpg,6343,buffering,0.0000,0.9424,3,611,423,685,514
1824,20230609c_02052.jpg,6338,neutral,0.9939,0.9399,5,1151,438,1210,520
1824,20230609c_02052.jpg,4162,neutral,0.9826,0.9326,16,1441,375,1513,411
1824,20230609c_02052.jpg,6229,neutral,0.9992,0.8509,16,476,376,540,401
1825,20230609c_02053.jpg,6343,neutral,0.9977,0.9460,4,585,428,646,515
1825,20230609c_02053.jpg,6338,neutral,0.9680,0.9385,6,1107,435,1168,519
1825,20230609c_02053.jpg,4162,neutral,0.9479,0.9342,16,1446,376,1512,412
1825,20230609c_02053.jpg,6229,neutral,0.9990,0.8212,16,478,377,543,400
1826,20230609c_02054.jpg,6343,neutral,0.9927,0.9408,5,582,418,638,511
1826,20230609c_02054.jpg,4162,neutral,0.9223,0.9338,16,1441,375,1512,411
1826,20230609c_02054.jpg,6338,neutral,0.9043,0.9285,7,1049,450,1139,544
1826,20230609c_02054.jpg,6229,neutral,0.9990,0.7935,16,485,377,550,400
1827,20230609c_02055.jpg,6343,neutral,0.9663,0.9473,6,574,393,644,488
1827,20230609c_02055.jpg,4162,neutral,0.9146,0.9393,16,1442,375,1512,416
1827,20230609c_02055.jpg,6338,neutral,0.8610,0.9330,8,1047,451,1117,540
1827,20230609c_02055.jpg,6229,neutral,0.9993,0.7256,16,485,377,547,397
1828,20230609c_02056.jpg,6343,neutral,0.8708,0.9402,7,523,381,623,480
1828,20230609c_02056.jpg,6338,neutral,0.7322,0.9364,9,1040,442,1109,522
1828,20230609c_02056.jpg,4162,neutral,0.7520,0.9313,16,1444,376,1511,416
1828,20230609c_02056.jpg,6229,neutral,0.9994,0.5738,16,490,377,570,401
1829,20230609c_02057.jpg,6338,neutral,0.5954,0.9451,10,1005,444,1081,516
1829,20230609c_02057.jpg,6343,neutral,0.6685,0.9367,8,501,391,567,480
1829,20230609c_02057.jpg,4162,neutral,0.6732,0.9364,16,1446,376,1506,411
1829,20230609c_02057.jpg,6229,neutral,0.9996,0.6618,16,481,376,558,399
1830,20230609c_02058.jpg,6338,fanning,0.5539,0.9426,11,971,443,1036,517
1830,20230609c_02058.jpg,4162,neutral,0.6785,0.9305,16,1446,376,1506,411
1830,20230609c_02058.jpg,6343,neutral,0.9224,0.9279,9,489,411,533,483
1830,20230609c_02058.jpg,6229,neutral,0.9997,0.8127,16,480,377,552,399
1831,20230609c_02059.jpg,6343,neutral,0.8836,0.9469,10,494,419,539,499
1831,20230609c_02059.jpg,6338,fanning,0.6505,0.9454,12,962,440,1014,521
1831,20230609c_02059.jpg,4162,neutral,0.5958,0.9252,16,1446,376,1506,411
1831,20230609c_02059.jpg,6357,buffering,0.0000,0.8649,1,1325,376,1418,416
1831,20230609c_02059.jpg,6229,neutral,0.9996,0.7617,16,489,377,543,395
1832,20230609c_02060.jpg,4162,fanning,0.6615,0.9204,16,1447,376,1507,412
1832,20230609c_02060.jpg,6357,buffering,0.0000,0.8630,2,1327,376,1419,415
1833,20230609c_02061.jpg,6361,buffering,0.0000,0.9518,1,1010,431,1068,511
1833,20230609c_02061.jpg,6362,buffering,0.0000,0.9404,1,534,411,595,500
1833,20230609c_02061.jpg,4162,fanning,0.7989,0.9266,16,1447,376,1507,412
1833,20230609c_02061.jpg,6229,neutral,0.9997,0.5693,16,494,378,549,394
1834,20230609c_02062.jpg,6361,buffering,0.0000,0.9505,2,999,400,1062,488
1834,20230609c_02062.jpg,6338,fanning,0.6353,0.9434,13,861,458,931,558
1834,20230609c_02062.jpg,6362,buffering,0.0000,0.9403,2,535,378,601,489
1834,20230609c_02062.jpg,4162,fanning,0.8339,0.9281,16,1446,376,1508,408
1834,20230609c_02062.jpg,6229,neutral,0.9997,0.7605,16,498,377,549,396
1835,20230609c_02063.jpg,6361,buffering,0.0000,0.9378,3,976,379,1034,450
1835,20230609c_02063.jpg,6362,buffering,0.0000,0.9218,3,529,376,605,470
1835,20230609c_02063.jpg,4162,fanning,0.9361,0.9129,16,1448,376,1510,404
1835,20230609c_02063.jpg,6229,neutral,0.9997,0.7157,16,514,376,553,396
1836,20230609c_02064.jpg,6362,neutral,0.9800,0.9330,4,542,375,615,454
1836,20230609c_02064.jpg,4162,fanning,0.9677,0.9076,16,1450,376,1508,404
1836,20230609c_02064.jpg,6361,neutral,0.9655,0.9061,4,948,378,1008,435
1837,20230609c_02065.jpg,6374,buffering,0.0000,0.9222,1,907,381,962,447
1837,20230609c_02065.jpg,6362,neutral,0.9200,0.9162,5,552,376,622,444
1837,20230609c_02065.jpg,4162,fanning,0.9671,0.8939,16,1452,376,1512,406
1838,20230609c_02066.jpg,4162,fanning,0.9772,0.8976,16,1453,376,1513,403
1839,20230609c_02067.jpg,4162,fanning,0.9799,0.8994,16,1454,376,1515,403
1839,20230609c_02067.jpg,6374,buffering,0.0000,0.8882,2,958,379,1031,442
1840,20230609c_02068.jpg,6385,buffering,0.0000,0.9258,1,922,378,1030,443
1840,20230609c_02068.jpg,6387,buffering,0.0000,0.9182,1,735,692,780,767
1840,20230609c_02068.jpg,4162,fanning,0.9873,0.8991,16,1453,376,1514,404
1840,20230609c_02068.jpg,6374,buffering,0.0000,0.8826,3,963,380,1030,442
1841,20230609c_02069.jpg,6387,buffering,0.0000,0.9234,2,715,666,775,768
1841,20230609c_02069.jpg,4162,fanning,0.9887,0.9139,16,1453,376,1514,404
1841,20230609c_02069.jpg,6385,buffering,0.0000,0.9081,2,927,378,1025,444
1841,20230609c_02069.jpg,6374,neutral,0.9997,0.8620,4,972,381,1028,440
1842,20230609c_02070.jpg,6394,buffering,0.0000,0.9452,1,528,526,590,613
1842,20230609c_02070.jpg,6387,buffering,0.0000,0.9308,3,700,633,761,731
1842,20230609c_02070.jpg,6385,buffering,0.0000,0.9067,3,929,378,1022,443
1842,20230609c_02070.jpg,4162,fanning,0.9896,0.8785,16,1455,376,1514,404
1842,20230609c_02070.jpg,6374,neutral,0.9997,0.8428,5,970,395,1022,443
1843,20230609c_02071.jpg,6387,neutral,0.8731,0.9302,4,693,602,752,689
1843,20230609c_02071.jpg,6385,neutral,0.9997,0.8840,4,930,378,1018,443
1843,20230609c_02071.jpg,4162,fanning,0.9899,0.8815,16,1455,376,1514,408
1843,20230609c_02071.jpg,6374,neutral,0.9997,0.8520,6,960,383,1020,444
1844,20230609c_02072.jpg,6338,fanning,0.7023,0.9454,14,611,458,673,548
1844,20230609c_02072.jpg,6387,neutral,0.8959,0.9373,5,690,551,754,638
1844,20230609c_02072.jpg,4162,fanning,0.9857,0.8979,16,1455,376,1512,416
1844,20230609c_02072.jpg,6385,neutral,0.9996,0.8564,5,930,377,1019,443
1845,20230609c_02073.jpg,6387,uncertain,0.5406,0.9194,6,697,486,765,584
1845,20230609c_02073.jpg,4162,fanning,0.9820,0.8833,16,1455,376,1511,415
1845,20230609c_02073.jpg,6385,neutral,0.9995,0.8656,6,932,377,1019,441
1845,20230609c_02073.jpg,6408,buffering,0.0000,0.7214,1,937,379,986,410
1846,20230609c_02074.jpg,6387,fanning,0.6536,0.9341,7,685,451,755,539
1846,20230609c_02074.jpg,4162,fanning,0.9665,0.8886,16,1455,376,1512,417
1846,20230609c_02074.jpg,6385,neutral,0.9980,0.8572,7,929,376,1019,440
1846,20230609c_02074.jpg,6408,buffering,0.0000,0.6033,2,937,378,992,406
1847,20230609c_02075.jpg,6385,neutral,0.9915,0.9366,8,947,376,1020,440
1847,20230609c_02075.jpg,6387,fanning,0.7140,0.9332,8,671,423,746,506
1847,20230609c_02075.jpg,4162,fanning,0.9405,0.8904,16,1456,376,1512,416
1848,20230609c_02076.jpg,6387,fanning,0.8510,0.9412,9,671,420,741,509
1848,20230609c_02076.jpg,6385,neutral,0.9709,0.9326,9,947,376,1020,440
1848,20230609c_02076.jpg,6415,buffering,0.0000,0.9220,1,753,378,815,429
1848,20230609c_02076.jpg,4162,fanning,0.9087,0.8912,16,1456,376,1511,402
1849,20230609c_02077.jpg,6387,fanning,0.9062,0.9427,10,665,406,739,496
1849,20230609c_02077.jpg,6385,neutral,0.9778,0.9399,10,948,377,1019,440
1849,20230609c_02077.jpg,6415,buffering,0.0000,0.9162,2,757,376,817,419
1849,20230609c_02077.jpg,4162,fanning,0.8678,0.8904,16,1457,376,1510,402
1850,20230609c_02078.jpg,6385,neutral,0.9253,0.9445,11,924,377,1017,439
1850,20230609c_02078.jpg,6387,fanning,0.9264,0.9276,11,661,387,733,484
1850,20230609c_02078.jpg,6421,buffering,0.0000,0.9097,1,198,859,256,947
1850,20230609c_02078.jpg,4162,fanning,0.8545,0.8934,16,1457,376,1508,401
1850,20230609c_02078.jpg,6415,buffering,0.0000,0.8789,3,773,377,818,402
1851,20230609c_02079.jpg,6385,neutral,0.8770,0.9445,12,945,377,1017,441
1851,20230609c_02079.jpg,6387,fanning,0.9441,0.9362,12,654,377,731,464
1851,20230609c_02079.jpg,4162,fanning,0.7591,0.8964,16,1457,376,1507,409
1852,20230609c_02080.jpg,6387,fanning,0.9657,0.9467,13,652,377,722,447
1852,20230609c_02080.jpg,6385,neutral,0.9210,0.9435,13,947,377,1018,442
1852,20230609c_02080.jpg,4162,fanning,0.5719,0.8971,16,1457,376,1506,408
1853,20230609c_02081.jpg,6385,neutral,0.7705,0.9333,14,949,377,1020,446
1853,20230609c_02081.jpg,4162,uncertain,0.5415,0.9287,16,1457,376,1506,413
1853,20230609c_02081.jpg,6387,fanning,0.9774,0.8662,14,653,377,719,434
1854,20230609c_02082.jpg,6385,neutral,0.9264,0.9321,15,952,377,1020,448
1854,20230609c_02082.jpg,4162,neutral,0.6166,0.9070,16,1457,376,1505,411
1855,20230609c_02083.jpg,6385,neutral,0.9634,0.9230,16,952,377,1020,448
1855,20230609c_02083.jpg,4162,neutral,0.7496,0.9093,16,1458,376,1504,409
1856,20230609c_02084.jpg,6385,neutral,0.9802,0.9368,16,947,376,1019,450
1856,20230609c_02084.jpg,4162,neutral,0.9006,0.9094,16,1458,377,1504,412
1857,20230609c_02085.jpg,6385,neutral,0.9627,0.9334,16,946,376,1017,449
1857,20230609c_02085.jpg,4162,neutral,0.9703,0.9142,16,1458,377,1504,412
1858,20230609c_02086.jpg,4162,neutral,0.9734,0.9425,16,1458,377,1504,416
1858,20230609c_02086.jpg,6385,neutral,0.9810,0.9258,16,939,378,1009,448
1859,20230609c_02087.jpg,4162,neutral,0.9668,0.9076,16,1458,377,1504,416
1859,20230609c_02087.jpg,6385,neutral,0.9892,0.8404,16,931,377,1013,447
1860,20230609c_02088.jpg,4162,neutral,0.9668,0.8998,16,1458,377,1504,417
1860,20230609c_02088.jpg,6385,neutral,0.9834,0.8864,16,934,377,1020,443
1861,20230609c_02089.jpg,6453,buffering,0.0000,0.9368,1,1103,377,1162,454
1861,20230609c_02089.jpg,6385,neutral,0.8737,0.9185,16,927,377,1026,441
1861,20230609c_02089.jpg,4162,neutral,0.9608,0.9056,16,1458,377,1504,415
1862,20230609c_02090.jpg,6453,buffering,0.0000,0.9353,2,1108,377,1159,442
1862,20230609c_02090.jpg,6456,buffering,0.0000,0.9256,1,1335,939,1400,1057
1862,20230609c_02090.jpg,6385,neutral,0.6843,0.9213,16,922,377,1030,434
1862,20230609c_02090.jpg,4162,neutral,0.9422,0.9177,16,1458,377,1504,416
1862,20230609c_02090.jpg,6458,buffering,0.0000,0.8991,1,980,377,1028,410
1863,20230609c_02091.jpg,6453,buffering,0.0000,0.9388,3,1106,378,1164,444
1863,20230609c_02091.jpg,6385,neutral,0.6664,0.9250,16,918,379,969,428
1863,20230609c_02091.jpg,6456,buffering,0.0000,0.9168,2,1320,965,1389,1079
1863,20230609c_02091.jpg,4162,neutral,0.8640,0.9121,16,1458,377,1503,414
1863,20230609c_02091.jpg,6458,buffering,0.0000,0.8938,2,980,377,1027,409
1864,20230609c_02092.jpg,6453,neutral,0.8310,0.9353,4,1111,378,1166,442
1864,20230609c_02092.jpg,6385,uncertain,0.5047,0.9215,16,914,379,963,418
1864,20230609c_02092.jpg,4162,neutral,0.8008,0.8897,16,1458,377,1503,400
1864,20230609c_02092.jpg,6458,buffering,0.0000,0.8538,3,983,377,1033,401
1865,20230609c_02093.jpg,6453,uncertain,0.5391,0.9307,5,1109,377,1163,439
1865,20230609c_02093.jpg,4162,neutral,0.8085,0.9023,16,1459,376,1504,399
1865,20230609c_02093.jpg,6385,fanning,0.6162,0.8949,16,914,378,959,412
1865,20230609c_02093.jpg,6463,buffering,0.0000,0.8291,1,1695,692,1748,724
1865,20230609c_02093.jpg,6458,neutral,0.9863,0.7564,4,991,377,1037,394
1866,20230609c_02094.jpg,6453,fanning,0.5866,0.9213,6,1109,378,1165,430
1866,20230609c_02094.jpg,4162,neutral,0.7934,0.9011,16,1460,376,1504,399
1866,20230609c_02094.jpg,6385,fanning,0.6240,0.9004,16,918,378,957,406
1866,20230609c_02094.jpg,6463,buffering,0.0000,0.8038,2,1700,692,1748,729
1866,20230609c_02094.jpg,6458,neutral,0.9781,0.7104,5,997,376,1039,391
1867,20230609c_02095.jpg,4162,neutral,0.8127,0.9089,16,1459,377,1503,400
1867,20230609c_02095.jpg,6385,fanning,0.5649,0.8902,16,919,378,956,403
1867,20230609c_02095.jpg,6463,buffering,0.0000,0.8302,3,1707,681,1748,719
1868,20230609c_02096.jpg,6467,buffering,0.0000,0.9338,1,522,632,589,740
1868,20230609c_02096.jpg,4162,neutral,0.8113,0.9116,16,1460,376,1502,405
1868,20230609c_02096.jpg,6385,uncertain,0.5055,0.8407,16,917,379,953,397
1869,20230609c_02097.jpg,6467,buffering,0.0000,0.9342,2,513,623,582,731
1869,20230609c_02097.jpg,4162,neutral,0.7511,0.9153,16,1462,376,1502,402
1870,20230609c_02098.jpg,4162,neutral,0.7592,0.9161,16,1461,376,1503,404
1870,20230609c_02098.jpg,6467,buffering,0.0000,0.8956,3,491,635,558,718
1871,20230609c_02099.jpg,4162,neutral,0.7141,0.9180,16,1461,376,1503,405
1872,20230609c_02100.jpg,6473,buffering,0.0000,0.9235,1,1737,802,1799,879
1872,20230609c_02100.jpg,4162,neutral,0.6999,0.9209,16,1461,376,1504,402
1873,20230609c_02101.jpg,4162,neutral,0.6794,0.9224,16,1461,376,1504,402
1873,20230609c_02101.jpg,6473,buffering,0.0000,0.8947,2,1725,839,1798,915
1874,20230609c_02102.jpg,4162,neutral,0.6720,0.9221,16,1462,376,1505,404
1875,20230609c_02103.jpg,4162,neutral,0.6635,0.9238,16,1462,375,1504,405
1876,20230609c_02104.jpg,4162,neutral,0.5904,0.9254,16,1461,376,1505,405
1877,20230609c_02105.jpg,4162,neutral,0.5821,0.9238,16,1461,376,1504,404
1878,20230609c_02106.jpg,4162,neutral,0.5700,0.9241,16,1460,375,1504,407
1879,20230609c_02107.jpg,4162,neutral,0.5904,0.9236,16,1460,376,1504,403
1880,20230609c_02108.jpg,4162,neutral,0.5714,0.9204,16,1459,376,1504,403
1881,20230609c_02109.jpg,4162,uncertain,0.5051,0.9222,16,1459,376,1506,408
1882,20230609c_02110.jpg,4162,uncertain,0.5301,0.9190,16,1459,376,1507,409
1883,20230609c_02111.jpg,4162,fanning,0.5704,0.9225,16,1459,376,1506,408
1884,20230609c_02112.jpg,4162,fanning,0.6214,0.9153,16,1458,376,1508,406
1885,20230609c_02113.jpg,4162,fanning,0.6384,0.9004,16,1457,376,1513,405
1886,20230609c_02114.jpg,4162,fanning,0.7891,0.9002,16,1457,376,1514,403
1887,20230609c_02115.jpg,4162,fanning,0.8216,0.8963,16,1457,376,1514,403
1888,20230609c_02116.jpg,6489,buffering,0.0000,0.9308,1,659,429,743,509
1888,20230609c_02116.jpg,4162,fanning,0.8632,0.8858,16,1457,376,1515,403
1889,20230609c_02117.jpg,6489,buffering,0.0000,0.9453,2,635,413,717,485
1889,20230609c_02117.jpg,4162,fanning,0.9132,0.8852,16,1456,376,1516,404
1890,20230609c_02118.jpg,6489,buffering,0.0000,0.9302,3,583,402,675,474
1890,20230609c_02118.jpg,4162,fanning,0.9396,0.8851,16,1454,376,1516,405
1891,20230609c_02119.jpg,6489,neutral,0.9997,0.9310,4,572,378,640,475
1891,20230609c_02119.jpg,4162,fanning,0.9402,0.8829,16,1450,376,1514,405
1892,20230609c_02120.jpg,6489,neutral,0.9997,0.9309,5,574,377,649,465
1892,20230609c_02120.jpg,4162,fanning,0.9397,0.9027,16,1450,376,1519,406
1893,20230609c_02121.jpg,6489,neutral,0.9997,0.9365,6,580,377,648,461
1893,20230609c_02121.jpg,4162,fanning,0.9421,0.8812,16,1450,376,1520,407
1894,20230609c_02122.jpg,6489,neutral,0.9996,0.9363,7,578,377,649,455
1894,20230609c_02122.jpg,4162,fanning,0.9877,0.9015,16,1448,376,1519,407
1895,20230609c_02123.jpg,6489,neutral,0.9996,0.9155,8,580,377,651,441
1895,20230609c_02123.jpg,4162,fanning,0.9912,0.9075,16,1445,376,1518,407
1895,20230609c_02123.jpg,6496,buffering,0.0000,0.8436,1,1491,749,1542,780
1896,20230609c_02124.jpg,4162,fanning,0.9937,0.9184,16,1441,375,1522,408
1896,20230609c_02124.jpg,6489,neutral,0.9995,0.9133,9,583,377,648,429
1896,20230609c_02124.jpg,6496,buffering,0.0000,0.8490,2,1481,753,1539,787
1897,20230609c_02125.jpg,4162,fanning,0.9948,0.9223,16,1440,375,1525,408
1897,20230609c_02125.jpg,6489,neutral,0.9996,0.9054,10,585,377,649,426
1898,20230609c_02126.jpg,4162,fanning,0.9954,0.9272,16,1440,376,1526,408
1898,20230609c_02126.jpg,6489,neutral,0.9996,0.8894,11,585,377,647,411
1899,20230609c_02127.jpg,4162,fanning,0.9963,0.9275,16,1440,376,1525,409
1899,20230609c_02127.jpg,6489,neutral,0.9996,0.8621,12,581,376,634,403
1900,20230609c_02128.jpg,4162,fanning,0.9967,0.9263,16,1440,376,1525,408
1900,20230609c_02128.jpg,6489,neutral,0.9994,0.8094,13,578,376,630,399
1901,20230609c_02129.jpg,4162,fanning,0.9969,0.9244,16,1440,376,1525,408
1902,20230609c_02130.jpg,4162,fanning,0.9962,0.9181,16,1442,376,1525,407
1903,20230609c_02131.jpg,4162,fanning,0.9965,0.9165,16,1441,376,1524,408
1904,20230609c_02132.jpg,4162,fanning,0.9977,0.9149,16,1445,376,1521,408
1905,20230609c_02133.jpg,4162,fanning,0.9977,0.8826,16,1448,376,1515,405
1906,20230609c_02134.jpg,4162,fanning,0.9978,0.8762,16,1450,376,1516,404
1907,20230609c_02135.jpg,6525,buffering,0.0000,0.9359,1,1209,517,1283,615
1907,20230609c_02135.jpg,4162,fanning,0.9980,0.8867,16,1451,376,1517,404
1908,20230609c_02136.jpg,6525,buffering,0.0000,0.9256,2,1203,482,1274,578
1908,20230609c_02136.jpg,4162,fanning,0.9980,0.8879,16,1455,376,1516,406
1909,20230609c_02137.jpg,6525,buffering,0.0000,0.9374,3,1213,438,1267,536
1909,20230609c_02137.jpg,4162,fanning,0.9980,0.9021,16,1457,376,1509,406
1910,20230609c_02138.jpg,6525,neutral,0.9998,0.9358,4,1218,400,1270,495
1910,20230609c_02138.jpg,6532,buffering,0.0000,0.9120,1,1017,686,1060,756
1910,20230609c_02138.jpg,4162,fanning,0.9980,0.9098,16,1459,376,1508,406
1911,20230609c_02139.jpg,6525,neutral,0.9997,0.9451,5,1226,378,1283,457
1911,20230609c_02139.jpg,4162,fanning,0.9979,0.9185,16,1459,376,1506,405
1911,20230609c_02139.jpg,6532,buffering,0.0000,0.8836,2,1037,673,1077,735
1912,20230609c_02140.jpg,6525,neutral,0.9997,0.9324,6,1248,377,1291,436
1912,20230609c_02140.jpg,4162,fanning,0.9973,0.9208,16,1460,376,1504,404
1913,20230609c_02141.jpg,4162,fanning,0.9956,0.9196,16,1461,376,1502,403
1913,20230609c_02141.jpg,6525,neutral,0.9996,0.9178,7,1254,377,1296,426
1914,20230609c_02142.jpg,4162,fanning,0.9924,0.9167,16,1461,376,1501,402
1915,20230609c_02143.jpg,6535,buffering,0.0000,0.9253,1,1246,377,1301,413
1915,20230609c_02143.jpg,4162,fanning,0.9865,0.9134,16,1461,376,1502,402
1915,20230609c_02143.jpg,6536,buffering,0.0000,0.5742,1,1355,378,1418,424
1916,20230609c_02144.jpg,4162,fanning,0.9791,0.9189,16,1462,376,1503,403
1916,20230609c_02144.jpg,6535,buffering,0.0000,0.9135,2,1239,377,1301,409
1916,20230609c_02144.jpg,6536,buffering,0.0000,0.5979,2,1354,378,1417,423
1917,20230609c_02145.jpg,4162,fanning,0.9651,0.9187,16,1462,376,1504,402
1917,20230609c_02145.jpg,6535,buffering,0.0000,0.9017,3,1240,377,1307,406
1917,20230609c_02145.jpg,6536,buffering,0.0000,0.5635,3,1355,378,1417,424
1918,20230609c_02146.jpg,4162,fanning,0.9599,0.9180,16,1462,376,1505,403
1918,20230609c_02146.jpg,6536,neutral,0.9917,0.5970,4,1355,378,1417,424
1919,20230609c_02147.jpg,6538,buffering,0.0000,0.9302,1,1345,966,1408,1075
1919,20230609c_02147.jpg,4162,fanning,0.9447,0.9190,16,1462,376,1505,404
1920,20230609c_02148.jpg,6535,neutral,0.9992,0.9285,4,1242,377,1319,406
1920,20230609c_02148.jpg,4162,fanning,0.9389,0.9213,16,1461,376,1506,404
1921,20230609c_02149.jpg,4162,fanning,0.9248,0.9203,16,1461,376,1507,405
1921,20230609c_02149.jpg,6535,neutral,0.9985,0.9106,5,1248,377,1321,403
1922,20230609c_02150.jpg,6535,neutral,0.9971,0.9638,6,1258,377,1326,402
1922,20230609c_02150.jpg,4162,fanning,0.8823,0.9205,16,1460,376,1509,405
1923,20230609c_02151.jpg,4162,fanning,0.8367,0.9229,16,1457,376,1510,407
1923,20230609c_02151.jpg,6535,neutral,0.9958,0.8873,7,1271,378,1334,406
1924,20230609c_02152.jpg,4162,fanning,0.8332,0.9260,16,1456,376,1511,408
1924,20230609c_02152.jpg,6535,neutral,0.9948,0.8650,8,1275,378,1327,414
1924,20230609c_02152.jpg,6536,neutral,0.9740,0.6248,5,1337,377,1417,421
1925,20230609c_02153.jpg,4162,fanning,0.8240,0.9249,16,1456,376,1512,408
1926,20230609c_02154.jpg,4162,fanning,0.8322,0.9236,16,1458,376,1511,408
1926,20230609c_02154.jpg,6535,neutral,0.9955,0.8273,9,1283,378,1321,404
1927,20230609c_02155.jpg,4162,fanning,0.8374,0.9218,16,1457,376,1512,408
1927,20230609c_02155.jpg,6535,neutral,0.9956,0.7442,10,1280,377,1319,400
1928,20230609c_02156.jpg,4162,fanning,0.8532,0.9265,16,1456,376,1511,408
1928,20230609c_02156.jpg,6535,neutral,0.9942,0.6691,11,1286,377,1340,403
1929,20230609c_02157.jpg,4162,fanning,0.8549,0.9252,16,1458,377,1511,409
1929,20230609c_02157.jpg,6535,neutral,0.9927,0.7203,12,1286,377,1334,399
1930,20230609c_02158.jpg,4162,fanning,0.9120,0.9265,16,1458,377,1509,408
1931,20230609c_02159.jpg,4162,fanning,0.9560,0.9244,16,1459,376,1509,409
1932,20230609c_02160.jpg,4162,fanning,0.9489,0.9270,16,1460,377,1508,408
1932,20230609c_02160.jpg,6587,buffering,0.0000,0.8960,1,537,450,606,570
1933,20230609c_02161.jpg,4162,fanning,0.9465,0.9289,16,1461,376,1507,415
1933,20230609c_02161.jpg,6587,buffering,0.0000,0.9181,2,509,425,586,521
1933,20230609c_02161.jpg,6593,buffering,0.0000,0.8820,1,1412,1028,1468,1079
1934,20230609c_02162.jpg,4162,fanning,0.9483,0.9315,16,1462,376,1506,409
1934,20230609c_02162.jpg,6587,buffering,0.0000,0.9050,3,487,386,565,511
1935,20230609c_02163.jpg,6587,neutral,0.9691,0.9309,4,468,377,580,521
1935,20230609c_02163.jpg,4162,fanning,0.9503,0.9253,16,1461,377,1503,409
1935,20230609c_02163.jpg,6538,buffering,0.0000,0.9119,2,1353,954,1401,1018
1935,20230609c_02163.jpg,6604,buffering,0.0000,0.8056,1,695,803,727,845
1936,20230609c_02164.jpg,4162,fanning,0.9343,0.9242,16,1461,377,1502,409
1936,20230609c_02164.jpg,6587,neutral,0.9827,0.9177,5,466,391,558,520
1936,20230609c_02164.jpg,6608,buffering,0.0000,0.8611,1,460,380,534,460
1937,20230609c_02165.jpg,4162,fanning,0.9310,0.9269,16,1459,376,1506,411
1937,20230609c_02165.jpg,6608,buffering,0.0000,0.9191,2,451,373,524,457
1938,20230609c_02166.jpg,6614,buffering,0.0000,0.9378,1,1040,438,1149,520
1938,20230609c_02166.jpg,4162,fanning,0.9264,0.9311,16,1459,376,1508,411
1938,20230609c_02166.jpg,6587,neutral,0.9795,0.9242,6,458,373,534,503
1938,20230609c_02166.jpg,6613,buffering,0.0000,0.9149,1,480,442,541,514
1939,20230609c_02167.jpg,6614,buffering,0.0000,0.9389,2,1076,457,1157,555
1939,20230609c_02167.jpg,6587,neutral,0.6111,0.9343,7,467,374,541,506
1939,20230609c_02167.jpg,4162,fanning,0.9078,0.9296,16,1460,376,1503,410
1939,20230609c_02167.jpg,6608,buffering,0.0000,0.9016,3,471,377,523,447
1940,20230609c_02168.jpg,6587,fanning,0.6115,0.9419,8,468,375,553,500
1940,20230609c_02168.jpg,6614,buffering,0.0000,0.9317,3,1111,491,1196,593
1940,20230609c_02168.jpg,4162,fanning,0.8776,0.9278,16,1460,376,1503,409
1940,20230609c_02168.jpg,6608,trophallaxis,0.9987,0.9141,4,469,377,524,448
1941,20230609c_02169.jpg,6614,neutral,0.9743,0.9406,4,1148,521,1217,616
1941,20230609c_02169.jpg,4162,fanning,0.8428,0.9256,16,1458,376,1504,417
1941,20230609c_02169.jpg,6608,trophallaxis,0.9988,0.9052,5,480,378,532,435
1941,20230609c_02169.jpg,6604,buffering,0.0000,0.7916,2,705,820,734,857
1942,20230609c_02170.jpg,6608,trophallaxis,0.9993,0.9309,6,479,378,548,432
1942,20230609c_02170.jpg,6625,buffering,0.0000,0.9236,1,512,400,580,488
1942,20230609c_02170.jpg,4162,fanning,0.8063,0.9189,16,1457,376,1503,410
1942,20230609c_02170.jpg,6604,buffering,0.0000,0.8275,3,691,821,719,866
1943,20230609c_02171.jpg,4162,fanning,0.7614,0.9226,16,1456,376,1501,409
1943,20230609c_02171.jpg,6625,buffering,0.0000,0.9141,2,508,390,584,482
1943,20230609c_02171.jpg,6608,trophallaxis,0.9990,0.8935,7,482,375,548,420
1943,20230609c_02171.jpg,6604,neutral,0.9997,0.8500,4,674,824,711,868
1944,20230609c_02172.jpg,4162,fanning,0.6613,0.9204,16,1455,376,1502,408
1944,20230609c_02172.jpg,6625,buffering,0.0000,0.9133,3,508,379,589,478
1944,20230609c_02172.jpg,6608,trophallaxis,0.9984,0.8789,8,493,377,553,412
1944,20230609c_02172.jpg,6604,neutral,0.9997,0.8164,5,665,835,703,866
1945,20230609c_02173.jpg,4162,fanning,0.5986,0.9235,16,1454,377,1503,409
1945,20230609c_02173.jpg,6625,neutral,0.9986,0.9041,4,512,375,595,469
1945,20230609c_02173.jpg,6604,neutral,0.9996,0.7873,6,658,844,694,877
1946,20230609c_02174.jpg,6634,buffering,0.0000,0.9381,1,179,576,258,657
1946,20230609c_02174.jpg,4162,uncertain,0.5260,0.9287,16,1452,377,1503,411
1946,20230609c_02174.jpg,6625,neutral,0.9916,0.9266,5,515,375,609,469
1946,20230609c_02174.jpg,6637,buffering,0.0000,0.9070,1,507,396,553,475
1946,20230609c_02174.jpg,6604,neutral,0.9995,0.8559,7,653,848,697,885
1947,20230609c_02175.jpg,6625,neutral,0.8809,0.9342,6,550,375,621,450
1947,20230609c_02175.jpg,6637,buffering,0.0000,0.9326,2,504,375,564,476
1947,20230609c_02175.jpg,4162,neutral,0.5676,0.9246,16,1452,377,1507,410
1947,20230609c_02175.jpg,6604,neutral,0.9995,0.8323,8,648,849,692,891
1948,20230609c_02176.jpg,6637,buffering,0.0000,0.9414,3,502,374,562,475
1948,20230609c_02176.jpg,6625,fanning,0.9016,0.9334,7,550,377,623,438
1948,20230609c_02176.jpg,4162,uncertain,0.5248,0.9165,16,1450,376,1512,408
1948,20230609c_02176.jpg,6608,trophallaxis,0.9979,0.8412,9,530,377,566,401
1949,20230609c_02177.jpg,6645,buffering,0.0000,0.9470,1,1124,401,1188,489
1949,20230609c_02177.jpg,6637,neutral,0.9232,0.9400,4,499,378,560,475
1949,20230609c_02177.jpg,4162,fanning,0.6834,0.9255,16,1448,377,1514,407
1949,20230609c_02177.jpg,6625,fanning,0.8377,0.9101,8,557,376,628,424
1949,20230609c_02177.jpg,6608,trophallaxis,0.9989,0.8433,10,531,378,572,401
1950,20230609c_02178.jpg,6637,neutral,0.7592,0.9475,5,490,384,556,472
1950,20230609c_02178.jpg,4162,fanning,0.7879,0.9208,16,1445,377,1516,406
1950,20230609c_02178.jpg,6608,trophallaxis,0.7061,0.8634,11,533,377,567,398
1951,20230609c_02179.jpg,6637,uncertain,0.5318,0.9436,6,483,379,558,470
1951,20230609c_02179.jpg,6649,buffering,0.0000,0.9327,1,1082,378,1141,464
1951,20230609c_02179.jpg,4162,fanning,0.8155,0.9125,16,1443,376,1513,404
1951,20230609c_02179.jpg,6625,neutral,0.8530,0.8580,9,593,376,639,401
1951,20230609c_02179.jpg,6608,trophallaxis,0.9214,0.8416,12,531,378,571,398
1952,20230609c_02180.jpg,6637,fanning,0.8300,0.9410,7,481,387,559,470
1952,20230609c_02180.jpg,6649,buffering,0.0000,0.9405,2,1077,378,1130,451
1952,20230609c_02180.jpg,4162,fanning,0.8781,0.9097,16,1443,376,1514,404
1952,20230609c_02180.jpg,6608,trophallaxis,0.6933,0.8066,13,530,377,574,396
1952,20230609c_02180.jpg,6656,buffering,0.0000,0.7741,1,83,1057,141,1080
1953,20230609c_02181.jpg,6649,buffering,0.0000,0.9315,3,1079,377,1131,451
1953,20230609c_02181.jpg,6637,fanning,0.9086,0.9282,8,477,404,533,499
1953,20230609c_02181.jpg,4162,fanning,0.9267,0.9138,16,1442,376,1515,405
1954,20230609c_02182.jpg,6637,fanning,0.9401,0.9370,9,469,400,542,491
1954,20230609c_02182.jpg,6649,neutral,0.9890,0.9184,4,1080,378,1130,440
1954,20230609c_02182.jpg,4162,fanning,0.9683,0.9073,16,1441,376,1512,404
1955,20230609c_02183.jpg,6649,neutral,0.9606,0.9237,5,1080,379,1137,440
1955,20230609c_02183.jpg,4162,fanning,0.9812,0.9125,16,1441,376,1509,404
1955,20230609c_02183.jpg,6637,fanning,0.9590,0.9069,10,476,382,561,472
1956,20230609c_02184.jpg,6649,neutral,0.8716,0.9258,6,1080,379,1138,428
1956,20230609c_02184.jpg,4162,fanning,0.9851,0.9209,16,1441,376,1505,403
1956,20230609c_02184.jpg,6637,fanning,0.9813,0.8793,11,491,377,565,479
1957,20230609c_02185.jpg,6649,neutral,0.8107,0.9112,7,1083,378,1124,410
1957,20230609c_02185.jpg,4162,fanning,0.9901,0.9098,16,1442,376,1501,404
1957,20230609c_02185.jpg,6637,fanning,0.9881,0.9063,12,498,375,567,475
1958,20230609c_02186.jpg,6637,fanning,0.9943,0.9359,13,500,380,557,478
1958,20230609c_02186.jpg,4162,fanning,0.9897,0.9147,16,1444,377,1501,404
1959,20230609c_02187.jpg,6645,buffering,0.0000,0.9328,2,1162,430,1220,507
1959,20230609c_02187.jpg,6637,fanning,0.9966,0.9313,14,501,375,565,479
1959,20230609c_02187.jpg,4162,fanning,0.9904,0.9183,16,1446,376,1501,403
1959,20230609c_02187.jpg,6674,buffering,0.0000,0.8194,1,524,379,565,428
1960,20230609c_02188.jpg,6645,buffering,0.0000,0.9374,3,1148,464,1208,553
1960,20230609c_02188.jpg,6637,fanning,0.9972,0.9290,15,503,377,565,478
1960,20230609c_02188.jpg,4162,fanning,0.9925,0.9149,16,1447,376,1500,403
1960,20230609c_02188.jpg,6674,buffering,0.0000,0.8090,2,529,379,566,413
1961,20230609c_02189.jpg,6637,fanning,0.9976,0.9279,16,503,376,566,474
1961,20230609c_02189.jpg,6645,neutral,0.9971,0.9262,4,1143,474,1198,567
1961,20230609c_02189.jpg,4162,fanning,0.9926,0.9165,16,1448,376,1499,403
1962,20230609c_02190.jpg,6637,fanning,0.9964,0.9377,16,507,376,567,469
1962,20230609c_02190.jpg,6645,neutral,0.9951,0.9275,5,1133,446,1187,553
1962,20230609c_02190.jpg,4162,fanning,0.9915,0.9185,16,1448,376,1496,405
1963,20230609c_02191.jpg,6637,fanning,0.9966,0.9370,16,509,375,563,463
1963,20230609c_02191.jpg,6681,buffering,0.0000,0.9278,1,1029,865,1087,953
1963,20230609c_02191.jpg,4162,fanning,0.9855,0.9238,16,1450,376,1493,407
1964,20230609c_02192.jpg,6681,buffering,0.0000,0.9362,2,1042,861,1099,949
1964,20230609c_02192.jpg,6637,fanning,0.9963,0.9345,16,514,377,565,450
1964,20230609c_02192.jpg,4162,fanning,0.9821,0.9257,16,1451,376,1494,407
1965,20230609c_02193.jpg,6685,buffering,0.0000,0.9192,1,1134,378,1188,432
1965,20230609c_02193.jpg,6637,fanning,0.9958,0.9160,16,516,375,573,434
1965,20230609c_02193.jpg,6681,buffering,0.0000,0.9153,3,1048,859,1122,939
1965,20230609c_02193.jpg,4162,fanning,0.9767,0.9096,16,1450,377,1494,406
1966,20230609c_02194.jpg,6681,neutral,0.9805,0.9279,4,1083,869,1157,938
1966,20230609c_02194.jpg,6637,fanning,0.9951,0.9193,16,527,378,572,426
1966,20230609c_02194.jpg,6685,buffering,0.0000,0.9149,2,1136,378,1186,425
1966,20230609c_02194.jpg,4162,fanning,0.9625,0.8910,16,1451,376,1494,405
1967,20230609c_02195.jpg,4162,fanning,0.9559,0.9232,16,1451,376,1494,408
1967,20230609c_02195.jpg,6685,buffering,0.0000,0.8660,3,1135,377,1188,412
1968,20230609c_02196.jpg,4162,fanning,0.9336,0.9238,16,1452,376,1495,410
1968,20230609c_02196.jpg,6637,fanning,0.9808,0.8807,16,526,377,563,403
1969,20230609c_02197.jpg,4162,fanning,0.8876,0.9198,16,1452,376,1494,409
1969,20230609c_02197.jpg,6637,fanning,0.9657,0.8475,16,526,377,563,397
1970,20230609c_02198.jpg,4162,fanning,0.8228,0.9211,16,1452,376,1494,410
1971,20230609c_02199.jpg,4162,fanning,0.7221,0.9199,16,1451,376,1495,407
1972,20230609c_02200.jpg,4162,fanning,0.6859,0.9155,16,1451,376,1495,403
1973,20230609c_02201.jpg,4162,fanning,0.5998,0.9177,16,1450,376,1496,403
1973,20230609c_02201.jpg,6704,buffering,0.0000,0.7452,1,1480,1055,1542,1080
1974,20230609c_02202.jpg,4162,uncertain,0.5314,0.9195,16,1451,376,1498,403
1975,20230609c_02203.jpg,4162,uncertain,0.5389,0.9176,16,1451,376,1499,403
1976,20230609c_02204.jpg,4162,neutral,0.6534,0.9157,16,1452,376,1499,403
1976,20230609c_02204.jpg,6656,buffering,0.0000,0.8751,2,70,1028,120,1079
1976,20230609c_02204.jpg,6713,buffering,0.0000,0.8588,1,925,884,974,925
1977,20230609c_02205.jpg,6714,buffering,0.0000,0.9392,1,504,596,556,675
1977,20230609c_02205.jpg,4162,neutral,0.6668,0.9099,16,1454,376,1496,402
1978,20230609c_02206.jpg,4162,neutral,0.5916,0.9182,16,1455,376,1495,402
1979,20230609c_02207.jpg,4162,uncertain,0.5221,0.9208,16,1455,376,1495,403
1980,20230609c_02208.jpg,4162,uncertain,0.5452,0.9143,16,1455,376,1495,404
1981,20230609c_02209.jpg,4162,uncertain,0.5418,0.9204,16,1455,376,1495,403
1982,20230609c_02210.jpg,4162,uncertain,0.5311,0.9088,16,1453,377,1494,402
1983,20230609c_02211.jpg,4162,uncertain,0.5053,0.9100,16,1452,377,1495,403
1984,20230609c_02212.jpg,6745,buffering,0.0000,0.9442,1,666,378,736,467
1984,20230609c_02212.jpg,4162,neutral,0.5515,0.9015,16,1451,377,1496,402
1985,20230609c_02213.jpg,6745,buffering,0.0000,0.9376,2,674,378,743,455
1985,20230609c_02213.jpg,4162,neutral,0.6038,0.9079,16,1449,377,1497,402
1986,20230609c_02214.jpg,6756,buffering,0.0000,0.9414,1,980,396,1034,489
1986,20230609c_02214.jpg,6745,buffering,0.0000,0.9396,3,686,377,745,435
1986,20230609c_02214.jpg,4162,neutral,0.6452,0.9099,16,1449,377,1498,403
1987,20230609c_02215.jpg,6756,buffering,0.0000,0.9386,2,984,381,1040,459
1987,20230609c_02215.jpg,4162,neutral,0.6355,0.9350,16,1449,377,1498,404
1987,20230609c_02215.jpg,6713,buffering,0.0000,0.9331,2,913,833,982,915
1987,20230609c_02215.jpg,6745,neutral,0.9852,0.9197,4,702,377,754,420
1988,20230609c_02216.jpg,6766,buffering,0.0000,0.9434,1,487,490,540,579
1988,20230609c_02216.jpg,6756,buffering,0.0000,0.9414,3,988,377,1042,448
1988,20230609c_02216.jpg,6767,buffering,0.0000,0.9293,1,403,478,452,570
1988,20230609c_02216.jpg,6713,buffering,0.0000,0.9269,3,949,837,1014,925
1988,20230609c_02216.jpg,4162,neutral,0.5916,0.9175,16,1450,376,1498,404
1989,20230609c_02217.jpg,6766,buffering,0.0000,0.9356,2,505,469,563,559
1989,20230609c_02217.jpg,6756,neutral,0.9928,0.9260,4,995,377,1047,425
1989,20230609c_02217.jpg,4162,neutral,0.5594,0.9135,16,1450,376,1498,404
1990,20230609c_02218.jpg,4162,fanning,0.5728,0.9031,16,1451,376,1497,404
1990,20230609c_02218.jpg,6756,neutral,0.9870,0.8952,5,1006,377,1045,413
1991,20230609c_02219.jpg,6776,buffering,0.0000,0.9202,1,340,402,401,473
1991,20230609c_02219.jpg,4162,fanning,0.6580,0.9125,16,1450,376,1496,404
1992,20230609c_02220.jpg,6776,buffering,0.0000,0.9336,2,363,389,422,467
1992,20230609c_02220.jpg,6781,buffering,0.0000,0.9243,1,552,377,624,428
1992,20230609c_02220.jpg,4162,fanning,0.7289,0.9128,16,1451,376,1495,405
1993,20230609c_02221.jpg,6781,buffering,0.0000,0.9366,2,576,378,639,438
1993,20230609c_02221.jpg,6776,buffering,0.0000,0.9245,3,394,369,480,450
1993,20230609c_02221.jpg,4162,fanning,0.7252,0.9166,16,1451,376,1495,405
1994,20230609c_02222.jpg,6781,buffering,0.0000,0.9415,3,583,378,650,437
1994,20230609c_02222.jpg,4162,fanning,0.7232,0.9161,16,1451,376,1495,405
1994,20230609c_02222.jpg,6776,neutral,0.9986,0.8812,4,417,375,479,431
1995,20230609c_02223.jpg,6781,neutral,0.9981,0.9423,4,585,377,645,429
1995,20230609c_02223.jpg,6795,buffering,0.0000,0.9287,1,1338,799,1381,875
1995,20230609c_02223.jpg,4162,fanning,0.7148,0.9152,16,1451,376,1495,405
1995,20230609c_02223.jpg,6776,neutral,0.9941,0.8966,5,427,376,484,421
1996,20230609c_02224.jpg,6798,buffering,0.0000,0.9405,1,244,528,304,614
1996,20230609c_02224.jpg,6781,neutral,0.9785,0.9312,5,583,376,650,420
1996,20230609c_02224.jpg,4162,fanning,0.6580,0.9142,16,1451,376,1496,406
1997,20230609c_02225.jpg,6798,buffering,0.0000,0.9449,2,242,500,304,587
1997,20230609c_02225.jpg,4162,fanning,0.6684,0.9093,16,1451,376,1500,406
1997,20230609c_02225.jpg,6781,neutral,0.9797,0.9085,6,594,377,652,406
1998,20230609c_02226.jpg,6798,buffering,0.0000,0.9428,3,262,464,336,549
1998,20230609c_02226.jpg,4162,fanning,0.6807,0.9140,16,1452,377,1501,406
1998,20230609c_02226.jpg,6713,neutral,0.9995,0.9113,4,908,821,960,896
1998,20230609c_02226.jpg,6806,buffering,0.0000,0.8651,1,457,377,532,403
1998,20230609c_02226.jpg,6781,neutral,0.9913,0.8495,7,606,376,646,395
1999,20230609c_02227.jpg,4162,fanning,0.6676,0.9154,16,1453,377,1503,406
1999,20230609c_02227.jpg,6806,buffering,0.0000,0.8242,2,473,377,550,405
2000,20230609c_02228.jpg,4162,fanning,0.7571,0.9178,16,1453,377,1503,407
2000,20230609c_02228.jpg,6806,buffering,0.0000,0.8769,3,471,377,549,403
2001,20230609c_02229.jpg,4162,fanning,0.8531,0.9188,16,1453,377,1505,407
2001,20230609c_02229.jpg,6806,neutral,0.9997,0.8383,4,483,378,562,401
2002,20230609c_02230.jpg,4162,fanning,0.9285,0.9202,16,1453,377,1507,408
2002,20230609c_02230.jpg,6806,neutral,0.9992,0.8125,5,513,377,584,423
2003,20230609c_02231.jpg,4162,fanning,0.9435,0.9240,16,1452,377,1507,408
2003,20230609c_02231.jpg,6806,neutral,0.9997,0.8006,6,524,380,591,399
2004,20230609c_02232.jpg,6833,buffering,0.0000,0.9435,1,457,446,538,522
2004,20230609c_02232.jpg,4162,fanning,0.9515,0.9218,16,1452,377,1508,409
2004,20230609c_02232.jpg,6837,buffering,0.0000,0.9110,1,1377,674,1432,724
2004,20230609c_02232.jpg,6806,neutral,0.9997,0.8362,7,531,379,595,400
2005,20230609c_02233.jpg,6833,buffering,0.0000,0.9440,2,489,428,564,509
2005,20230609c_02233.jpg,4162,fanning,0.9620,0.9196,16,1450,377,1510,411
2005,20230609c_02233.jpg,6840,buffering,0.0000,0.9113,1,127,853,208,940
2006,20230609c_02234.jpg,4162,fanning,0.9763,0.9184,16,1449,377,1510,412
2006,20230609c_02234.jpg,6840,buffering,0.0000,0.8979,2,96,871,170,929
2006,20230609c_02234.jpg,6806,neutral,0.9997,0.8076,8,551,378,599,394
2007,20230609c_02235.jpg,6766,buffering,0.0000,0.9431,3,556,376,634,441
2007,20230609c_02235.jpg,6849,buffering,0.0000,0.9386,1,1397,557,1456,652
2007,20230609c_02235.jpg,4162,fanning,0.9805,0.9271,16,1449,377,1509,411
2007,20230609c_02235.jpg,6656,buffering,0.0000,0.9099,3,85,988,129,1052
2007,20230609c_02235.jpg,6837,buffering,0.0000,0.8989,2,1274,687,1324,754
2008,20230609c_02236.jpg,6766,neutral,0.9949,0.9443,4,560,374,635,438
2008,20230609c_02236.jpg,6837,buffering,0.0000,0.9272,3,1246,688,1298,751
2008,20230609c_02236.jpg,4162,fanning,0.9861,0.9186,16,1450,377,1507,411
2009,20230609c_02237.jpg,6766,neutral,0.9803,0.9345,5,570,374,642,444
2009,20230609c_02237.jpg,4162,fanning,0.9883,0.9147,16,1453,377,1504,412
2010,20230609c_02238.jpg,6861,buffering,0.0000,0.9446,1,1286,512,1356,599
2010,20230609c_02238.jpg,6766,neutral,0.9045,0.9371,6,586,379,655,444
2010,20230609c_02238.jpg,4162,fanning,0.9919,0.9283,16,1450,377,1497,412
2011,20230609c_02239.jpg,6861,buffering,0.0000,0.9451,2,1296,485,1372,577
2011,20230609c_02239.jpg,6766,neutral,0.9937,0.9376,7,593,379,662,443
2011,20230609c_02239.jpg,4162,fanning,0.9924,0.9260,16,1449,377,1494,409
2011,20230609c_02239.jpg,6867,buffering,0.0000,0.9035,1,272,791,323,850
2012,20230609c_02240.jpg,6861,buffering,0.0000,0.9489,3,1321,467,1395,550
2012,20230609c_02240.jpg,6766,neutral,0.9887,0.9428,8,597,378,668,441
2012,20230609c_02240.jpg,4162,fanning,0.9934,0.9276,16,1450,377,1494,409
2012,20230609c_02240.jpg,6867,buffering,0.0000,0.9119,2,267,802,321,854
2013,20230609c_02241.jpg,6861,neutral,0.9896,0.9459,4,1336,441,1405,523
2013,20230609c_02241.jpg,4162,fanning,0.9939,0.9302,16,1451,376,1494,409
2013,20230609c_02241.jpg,6766,neutral,0.9913,0.9302,9,597,375,677,440
2013,20230609c_02241.jpg,6867,buffering,0.0000,0.8686,3,280,815,341,858
2014,20230609c_02242.jpg,6861,neutral,0.9155,0.9470,5,1348,423,1421,505
2014,20230609c_02242.jpg,6766,neutral,0.9775,0.9349,10,606,376,685,436
2014,20230609c_02242.jpg,4162,fanning,0.9939,0.9269,16,1452,376,1493,410
2015,20230609c_02243.jpg,6861,neutral,0.6099,0.9484,6,1369,433,1442,510
2015,20230609c_02243.jpg,6766,neutral,0.9713,0.9216,11,608,378,692,426
2015,20230609c_02243.jpg,4162,fanning,0.9943,0.9200,16,1453,376,1494,407
2016,20230609c_02244.jpg,6861,uncertain,0.5374,0.9484,7,1387,447,1467,522
2016,20230609c_02244.jpg,6883,buffering,0.0000,0.9442,1,462,520,531,591
2016,20230609c_02244.jpg,4162,fanning,0.9948,0.9211,16,1455,376,1496,407
2016,20230609c_02244.jpg,6766,neutral,0.7156,0.9064,12,606,377,698,423
2016,20230609c_02244.jpg,6885,buffering,0.0000,0.7284,1,103,690,169,725
2017,20230609c_02245.jpg,6883,buffering,0.0000,0.9400,2,442,520,511,592
2017,20230609c_02245.jpg,6766,neutral,0.8513,0.9281,13,626,377,686,420
2017,20230609c_02245.jpg,4162,fanning,0.9943,0.9169,16,1454,376,1494,407
2018,20230609c_02246.jpg,6883,buffering,0.0000,0.9369,3,418,524,506,581
2018,20230609c_02246.jpg,4162,fanning,0.9933,0.9204,16,1454,376,1497,407
2018,20230609c_02246.jpg,6766,neutral,0.6539,0.9035,14,627,376,699,417
2018,20230609c_02246.jpg,6887,buffering,0.0000,0.8573,1,389,931,440,967
2019,20230609c_02247.jpg,6883,neutral,0.9973,0.9399,4,428,522,515,592
2019,20230609c_02247.jpg,4162,fanning,0.9914,0.9192,16,1454,376,1495,407
2019,20230609c_02247.jpg,6766,neutral,0.8078,0.8988,15,639,377,690,407
2019,20230609c_02247.jpg,6887,buffering,0.0000,0.8262,2,374,928,426,961
2020,20230609c_02248.jpg,6883,neutral,0.9965,0.9448,5,463,521,551,591
2020,20230609c_02248.jpg,4162,fanning,0.9865,0.9175,16,1455,376,1497,407
2020,20230609c_02248.jpg,6887,buffering,0.0000,0.8616,3,393,922,456,975
2020,20230609c_02248.jpg,6766,neutral,0.8679,0.8530,16,642,377,689,401
2021,20230609c_02249.jpg,4162,fanning,0.9806,0.9144,16,1455,376,1496,407
2021,20230609c_02249.jpg,6887,neutral,0.9978,0.8983,4,380,888,453,942
2021,20230609c_02249.jpg,6766,neutral,0.9843,0.8060,16,648,377,692,397
2022,20230609c_02250.jpg,6898,buffering,0.0000,0.9427,1,506,496,574,569
2022,20230609c_02250.jpg,6887,neutral,0.9867,0.9074,5,384,882,454,928
2022,20230609c_02250.jpg,4162,fanning,0.8832,0.9073,16,1454,377,1494,409
2023,20230609c_02251.jpg,6901,buffering,0.0000,0.9378,1,1702,553,1775,639
2023,20230609c_02251.jpg,4162,uncertain,0.5102,0.8710,16,1454,377,1493,404
2023,20230609c_02251.jpg,6887,neutral,0.9153,0.8612,6,401,874,459,916
2024,20230609c_02252.jpg,6901,buffering,0.0000,0.9374,2,1669,522,1739,616
2024,20230609c_02252.jpg,6887,neutral,0.7184,0.8885,7,413,854,478,896
2024,20230609c_02252.jpg,4162,neutral,0.6933,0.8563,16,1454,377,1494,404
2025,20230609c_02253.jpg,6909,buffering,0.0000,0.8917,1,874,901,929,952
2025,20230609c_02253.jpg,4162,neutral,0.8558,0.8702,16,1455,377,1495,402
2025,20230609c_02253.jpg,6887,uncertain,0.5186,0.8257,8,426,839,482,876
2026,20230609c_02254.jpg,6909,buffering,0.0000,0.9002,2,857,906,919,954
2026,20230609c_02254.jpg,4162,neutral,0.8994,0.8949,16,1453,377,1494,405
2026,20230609c_02254.jpg,6887,fanning,0.8017,0.7995,9,428,845,486,878
2027,20230609c_02255.jpg,6849,buffering,0.0000,0.9274,2,1403,532,1459,604
2027,20230609c_02255.jpg,4162,neutral,0.9228,0.9126,16,1453,377,1494,407
2027,20230609c_02255.jpg,6909,buffering,0.0000,0.8958,3,845,906,902,953
2028,20230609c_02256.jpg,4162,neutral,0.9403,0.9162,16,1453,377,1494,408
2028,20230609c_02256.jpg,6909,neutral,0.9995,0.8739,4,842,901,897,945
2029,20230609c_02257.jpg,4162,neutral,0.9582,0.9121,16,1453,377,1494,408
2029,20230609c_02257.jpg,6909,neutral,0.9996,0.8973,5,845,893,899,936
2030,20230609c_02258.jpg,6909,neutral,0.9996,0.8951,6,846,880,899,923
2030,20230609c_02258.jpg,4162,neutral,0.9783,0.8690,16,1454,377,1494,404
2031,20230609c_02259.jpg,4162,neutral,0.9848,0.8754,16,1454,377,1494,405
2031,20230609c_02259.jpg,6924,buffering,0.0000,0.8706,1,484,940,546,982
2031,20230609c_02259.jpg,6909,neutral,0.9994,0.8648,7,850,864,909,900
2032,20230609c_02260.jpg,4162,neutral,0.9894,0.8652,16,1454,377,1494,403
2032,20230609c_02260.jpg,6924,buffering,0.0000,0.8533,2,492,920,553,958
2033,20230609c_02261.jpg,4162,neutral,0.9943,0.8922,16,1454,377,1495,403
2034,20230609c_02262.jpg,4162,neutral,0.9957,0.8758,16,1454,377,1495,402
2035,20230609c_02263.jpg,4162,neutral,0.9968,0.8940,16,1454,377,1495,403
2036,20230609c_02264.jpg,4162,neutral,0.9973,0.9017,16,1453,377,1495,403
2036,20230609c_02264.jpg,6837,neutral,0.7330,0.9000,4,588,781,646,832
2037,20230609c_02265.jpg,4162,neutral,0.9978,0.9074,16,1452,377,1497,404
2038,20230609c_02266.jpg,4162,neutral,0.9978,0.9060,16,1452,377,1496,405
2039,20230609c_02267.jpg,4162,neutral,0.9973,0.9088,16,1453,377,1495,407
2039,20230609c_02267.jpg,6945,buffering,0.0000,0.8848,1,648,735,709,782
2040,20230609c_02268.jpg,6947,buffering,0.0000,0.9467,1,836,453,915,524
2040,20230609c_02268.jpg,4162,neutral,0.9973,0.9105,16,1454,377,1495,404
2040,20230609c_02268.jpg,6945,buffering,0.0000,0.8840,2,674,732,735,775
2041,20230609c_02269.jpg,4162,neutral,0.9966,0.9209,16,1455,376,1495,404
2042,20230609c_02270.jpg,6952,buffering,0.0000,0.9366,1,902,472,990,537
2042,20230609c_02270.jpg,4162,neutral,0.9962,0.9144,16,1455,376,1495,405
2043,20230609c_02271.jpg,6952,buffering,0.0000,0.9463,2,943,454,1017,531
2043,20230609c_02271.jpg,4162,neutral,0.9962,0.9163,16,1455,377,1496,405
2043,20230609c_02271.jpg,6909,neutral,0.9990,0.8614,8,818,758,879,794
2044,20230609c_02272.jpg,6952,buffering,0.0000,0.9434,3,983,457,1044,534
2044,20230609c_02272.jpg,4162,neutral,0.9960,0.9187,16,1455,377,1495,405
2045,20230609c_02273.jpg,4162,neutral,0.9959,0.9217,16,1455,376,1495,405
2046,20230609c_02274.jpg,4162,neutral,0.9949,0.9239,16,1455,376,1496,405
2047,20230609c_02275.jpg,4162,neutral,0.9943,0.9203,16,1454,377,1497,406
2048,20230609c_02276.jpg,4162,neutral,0.9935,0.9222,16,1453,377,1497,405
2049,20230609c_02277.jpg,4162,neutral,0.9720,0.9528,16,1451,377,1500,406
2049,20230609c_02277.jpg,6898,buffering,0.0000,0.9422,2,479,506,542,589
2049,20230609c_02277.jpg,6972,buffering,0.0000,0.8559,1,1163,791,1204,833
2050,20230609c_02278.jpg,6883,neutral,0.9977,0.9364,6,518,468,576,543
2050,20230609c_02278.jpg,4162,neutral,0.9621,0.9237,16,1451,376,1498,406
2050,20230609c_02278.jpg,6972,buffering,0.0000,0.7902,2,1141,786,1179,829
2051,20230609c_02279.jpg,4162,neutral,0.9410,0.9601,16,1451,377,1500,407
2051,20230609c_02279.jpg,6975,buffering,0.0000,0.8922,1,245,1015,298,1080
2052,20230609c_02280.jpg,4162,neutral,0.9373,0.9436,16,1450,377,1499,405
2052,20230609c_02280.jpg,6975,buffering,0.0000,0.9204,2,260,1015,327,1079
2053,20230609c_02281.jpg,4162,neutral,0.9230,0.9135,16,1450,377,1498,405
2054,20230609c_02282.jpg,4162,neutral,0.9118,0.9152,16,1449,376,1497,405
2054,20230609c_02282.jpg,6984,buffering,0.0000,0.8520,1,552,378,599,422
2055,20230609c_02283.jpg,6883,neutral,0.9849,0.9408,7,512,411,563,502
2055,20230609c_02283.jpg,4162,neutral,0.9245,0.9138,16,1449,376,1498,405
2055,20230609c_02283.jpg,6984,buffering,0.0000,0.8469,2,530,373,614,425
2056,20230609c_02284.jpg,6883,neutral,0.9807,0.9382,8,483,435,540,515
2056,20230609c_02284.jpg,4162,neutral,0.9311,0.9102,16,1449,376,1497,404
2056,20230609c_02284.jpg,6984,buffering,0.0000,0.8993,3,528,374,609,416
2057,20230609c_02285.jpg,6883,neutral,0.9780,0.9449,9,490,465,547,542
2057,20230609c_02285.jpg,4162,neutral,0.9302,0.9224,16,1450,377,1498,404
2057,20230609c_02285.jpg,6984,neutral,0.9997,0.8835,4,530,374,615,416
2058,20230609c_02286.jpg,6898,buffering,0.0000,0.9412,3,503,492,560,565
2058,20230609c_02286.jpg,4162,neutral,0.9420,0.9169,16,1451,376,1497,403
2058,20230609c_02286.jpg,6984,neutral,0.9995,0.9005,5,525,374,619,416
2059,20230609c_02287.jpg,6898,neutral,0.9997,0.9420,4,505,480,573,562
2059,20230609c_02287.jpg,4162,neutral,0.9577,0.9092,16,1451,377,1495,403
2059,20230609c_02287.jpg,6984,neutral,0.9995,0.8742,6,533,376,602,403
2060,20230609c_02288.jpg,6883,neutral,0.9489,0.9416,10,471,431,526,516
2060,20230609c_02288.jpg,4162,neutral,0.9765,0.9079,16,1452,377,1496,404
2060,20230609c_02288.jpg,6984,neutral,0.9993,0.8595,7,532,377,595,402
2061,20230609c_02289.jpg,4162,neutral,0.9836,0.8997,16,1453,377,1495,403
2061,20230609c_02289.jpg,6984,neutral,0.9974,0.8443,8,534,378,613,408
2062,20230609c_02290.jpg,4162,neutral,0.9869,0.9007,16,1454,377,1495,403
2063,20230609c_02291.jpg,4162,neutral,0.9902,0.9169,16,1453,376,1496,408
2063,20230609c_02291.jpg,6984,neutral,0.9988,0.7826,9,547,377,604,398
2064,20230609c_02292.jpg,4162,neutral,0.9910,0.9174,16,1452,376,1497,407
2064,20230609c_02292.jpg,6984,neutral,0.9992,0.7986,10,554,378,619,402
2065,20230609c_02293.jpg,4162,neutral,0.9929,0.9342,16,1451,377,1500,404
2065,20230609c_02293.jpg,6984,neutral,0.9991,0.9315,11,559,378,618,402
2066,20230609c_02294.jpg,4162,neutral,0.9934,0.9663,16,1450,377,1500,404
2067,20230609c_02295.jpg,4162,neutral,0.9930,0.9099,16,1450,377,1503,406
2068,20230609c_02296.jpg,7007,buffering,0.0000,0.9252,1,858,773,922,834
2068,20230609c_02296.jpg,4162,neutral,0.9917,0.9107,16,1449,376,1505,407
2069,20230609c_02297.jpg,7007,buffering,0.0000,0.9324,2,887,772,950,841
2069,20230609c_02297.jpg,4162,neutral,0.9875,0.8987,16,1450,377,1507,406
2070,20230609c_02298.jpg,4162,neutral,0.9817,0.8920,16,1449,377,1511,406
2070,20230609c_02298.jpg,7017,buffering,0.0000,0.8581,1,534,377,580,398
2071,20230609c_02299.jpg,4162,neutral,0.9563,0.9092,16,1449,377,1510,406
2072,20230609c_02300.jpg,7025,buffering,0.0000,0.9313,1,969,790,1014,874
2072,20230609c_02300.jpg,4162,neutral,0.9390,0.9041,16,1449,376,1510,405
2072,20230609c_02300.jpg,7017,buffering,0.0000,0.8253,2,532,378,574,397
2073,20230609c_02301.jpg,7028,buffering,0.0000,0.9410,1,265,412,336,491
2073,20230609c_02301.jpg,7031,buffering,0.0000,0.9276,1,1120,874,1169,950
2073,20230609c_02301.jpg,7007,buffering,0.0000,0.9153,3,930,761,985,870
2073,20230609c_02301.jpg,4162,neutral,0.9244,0.8999,16,1449,376,1510,405
2074,20230609c_02302.jpg,7028,buffering,0.0000,0.9399,2,292,409,354,496
2074,20230609c_02302.jpg,7031,buffering,0.0000,0.9248,2,1117,856,1163,952
2074,20230609c_02302.jpg,4162,neutral,0.9119,0.8960,16,1449,376,1508,405
2074,20230609c_02302.jpg,7017,buffering,0.0000,0.8268,3,524,379,548,394
2075,20230609c_02303.jpg,7028,buffering,0.0000,0.9436,3,315,403,381,494
2075,20230609c_02303.jpg,4162,neutral,0.8000,0.9009,16,1449,377,1509,406
2075,20230609c_02303.jpg,7017,neutral,0.9998,0.7192,4,520,378,548,394
2076,20230609c_02304.jpg,7028,neutral,0.9928,0.9412,4,336,398,394,486
2076,20230609c_02304.jpg,7007,neutral,0.9980,0.9205,4,957,798,1032,885
2076,20230609c_02304.jpg,4162,fanning,0.6359,0.9022,16,1449,377,1509,406
2076,20230609c_02304.jpg,7017,neutral,0.9998,0.8332,5,524,378,547,392
2077,20230609c_02305.jpg,7028,neutral,0.9796,0.9398,5,352,397,410,487
2077,20230609c_02305.jpg,4162,fanning,0.8469,0.8993,16,1450,376,1512,406
2078,20230609c_02306.jpg,7028,neutral,0.9399,0.9365,6,364,405,421,499
2078,20230609c_02306.jpg,4162,fanning,0.9316,0.9107,16,1450,377,1508,406
2079,20230609c_02307.jpg,7028,neutral,0.8687,0.9405,7,363,414,411,497
2079,20230609c_02307.jpg,4162,fanning,0.9556,0.9132,16,1451,377,1508,407
2080,20230609c_02308.jpg,4162,fanning,0.9759,0.9141,16,1450,377,1507,407
2081,20230609c_02309.jpg,7054,buffering,0.0000,0.9423,1,333,378,397,466
2081,20230609c_02309.jpg,7055,buffering,0.0000,0.9377,1,411,835,470,953
2081,20230609c_02309.jpg,4162,fanning,0.9832,0.9166,16,1449,377,1507,406
2082,20230609c_02310.jpg,7054,buffering,0.0000,0.9417,2,353,386,438,461
2082,20230609c_02310.jpg,7055,buffering,0.0000,0.9388,2,405,807,463,915
2082,20230609c_02310.jpg,4162,fanning,0.9867,0.9157,16,1447,377,1502,405
2083,20230609c_02311.jpg,6883,neutral,0.9476,0.9327,11,398,400,480,470
2083,20230609c_02311.jpg,4162,fanning,0.9879,0.9096,16,1442,377,1503,405
2083,20230609c_02311.jpg,7055,buffering,0.0000,0.9091,3,397,756,448,855
2084,20230609c_02312.jpg,7028,neutral,0.9179,0.9337,8,442,400,519,470
2084,20230609c_02312.jpg,4162,fanning,0.9886,0.9172,16,1446,377,1504,405
2085,20230609c_02313.jpg,7028,neutral,0.8284,0.9237,9,482,381,562,468
2085,20230609c_02313.jpg,4162,fanning,0.9900,0.9139,16,1448,377,1505,405
2086,20230609c_02314.jpg,4162,fanning,0.9870,0.9129,16,1446,377,1502,405
2086,20230609c_02314.jpg,7028,neutral,0.7278,0.9106,10,499,373,571,460
2087,20230609c_02315.jpg,7054,buffering,0.0000,0.9452,3,424,413,487,504
2087,20230609c_02315.jpg,4162,fanning,0.9845,0.9095,16,1445,377,1502,405
2087,20230609c_02315.jpg,7028,fanning,0.6697,0.9064,11,505,373,568,450
2088,20230609c_02316.jpg,7076,buffering,0.0000,0.9496,1,422,509,470,589
2088,20230609c_02316.jpg,7054,neutral,0.9393,0.9430,4,419,388,488,476
2088,20230609c_02316.jpg,7028,fanning,0.8409,0.9250,12,505,377,560,439
2088,20230609c_02316.jpg,4162,fanning,0.9850,0.9118,16,1445,377,1501,404
2089,20230609c_02317.jpg,7076,buffering,0.0000,0.9457,2,434,495,493,573
2089,20230609c_02317.jpg,7054,neutral,0.9240,0.9423,5,437,382,509,461
2089,20230609c_02317.jpg,7028,fanning,0.7445,0.9246,13,509,376,572,429
2089,20230609c_02317.jpg,4162,fanning,0.9864,0.9160,16,1445,377,1503,404
2090,20230609c_02318.jpg,7076,buffering,0.0000,0.9454,3,470,496,534,567
2090,20230609c_02318.jpg,7054,neutral,0.9854,0.9346,6,455,380,526,464
2090,20230609c_02318.jpg,7081,buffering,0.0000,0.9283,1,1364,376,1448,475
2090,20230609c_02318.jpg,7082,buffering,0.0000,0.9191,1,996,825,1042,909
2090,20230609c_02318.jpg,4162,fanning,0.9612,0.8939,16,1445,377,1502,404
2090,20230609c_02318.jpg,7028,fanning,0.8893,0.8853,14,521,375,588,426
2091,20230609c_02319.jpg,7076,neutral,0.9971,0.9458,4,514,477,571,561
2091,20230609c_02319.jpg,7081,buffering,0.0000,0.9337,2,1403,375,1492,459
2091,20230609c_02319.jpg,7025,buffering,0.0000,0.9271,2,962,796,1009,872
2091,20230609c_02319.jpg,7054,neutral,0.9933,0.9243,7,464,377,536,460
2091,20230609c_02319.jpg,7028,fanning,0.9510,0.8259,15,537,377,580,420
2092,20230609c_02320.jpg,7076,neutral,0.9960,0.9427,5,528,420,592,515
2092,20230609c_02320.jpg,7054,neutral,0.8404,0.9382,8,470,375,538,446
2092,20230609c_02320.jpg,7081,buffering,0.0000,0.9308,3,1413,375,1502,453
2092,20230609c_02320.jpg,7028,fanning,0.9827,0.9044,16,538,377,580,423
2093,20230609c_02321.jpg,7081,neutral,0.9963,0.9378,4,1431,377,1503,444
2093,20230609c_02321.jpg,7076,neutral,0.9810,0.9332,6,549,386,626,471
2093,20230609c_02321.jpg,7054,neutral,0.5971,0.8912,9,481,377,547,445
2093,20230609c_02321.jpg,7028,fanning,0.9755,0.7468,16,538,377,584,415
2094,20230609c_02322.jpg,7081,neutral,0.9933,0.9335,5,1444,376,1518,430
2094,20230609c_02322.jpg,7054,fanning,0.9287,0.9062,10,489,375,580,433
2094,20230609c_02322.jpg,7076,neutral,0.9555,0.9009,7,591,379,677,453
2094,20230609c_02322.jpg,7028,fanning,0.9570,0.8668,16,538,378,584,410
2095,20230609c_02323.jpg,7054,fanning,0.9572,0.9225,11,496,375,591,433
2095,20230609c_02323.jpg,7081,neutral,0.9908,0.9143,6,1449,377,1531,430
2096,20230609c_02324.jpg,4162,fanning,0.9409,0.9255,16,1447,376,1530,427
2096,20230609c_02324.jpg,7054,fanning,0.9615,0.9154,12,500,376,570,434
2097,20230609c_02325.jpg,4162,fanning,0.9346,0.9184,16,1446,377,1537,423
2097,20230609c_02325.jpg,7054,fanning,0.9726,0.9014,13,504,375,586,437
2098,20230609c_02326.jpg,7094,buffering,0.0000,0.9429,1,751,377,822,452
2098,20230609c_02326.jpg,4162,fanning,0.9440,0.9289,16,1451,376,1544,420
2098,20230609c_02326.jpg,7054,fanning,0.9876,0.8940,14,501,374,591,434
2099,20230609c_02327.jpg,7094,buffering,0.0000,0.9421,2,757,377,823,441
2099,20230609c_02327.jpg,7097,buffering,0.0000,0.9115,1,507,666,558,730
2099,20230609c_02327.jpg,4162,fanning,0.9767,0.8767,16,1445,375,1555,421
2099,20230609c_02327.jpg,7054,fanning,0.9898,0.8672,15,503,379,567,430
2099,20230609c_02327.jpg,7099,buffering,0.0000,0.8178,1,1445,377,1471,405
2100,20230609c_02328.jpg,7094,buffering,0.0000,0.9257,3,762,377,828,427
2100,20230609c_02328.jpg,4162,fanning,0.9829,0.9225,16,1452,376,1560,421
2100,20230609c_02328.jpg,7097,buffering,0.0000,0.9084,2,504,664,551,734
2100,20230609c_02328.jpg,7054,fanning,0.9868,0.9027,16,506,375,590,426
2100,20230609c_02328.jpg,7099,buffering,0.0000,0.8434,2,1445,376,1485,399
2101,20230609c_02329.jpg,7097,buffering,0.0000,0.9214,3,501,642,546,723
2101,20230609c_02329.jpg,7054,fanning,0.9884,0.9164,16,507,377,589,429
2101,20230609c_02329.jpg,4162,fanning,0.9809,0.9104,16,1447,375,1569,419
2101,20230609c_02329.jpg,7099,buffering,0.0000,0.8477,3,1446,376,1492,400
2102,20230609c_02330.jpg,4162,fanning,0.9799,0.9225,16,1447,375,1576,420
2102,20230609c_02330.jpg,7097,neutral,0.9995,0.9103,4,488,619,543,704
2102,20230609c_02330.jpg,7054,fanning,0.9439,0.9056,16,505,374,594,433
2103,20230609c_02331.jpg,7054,fanning,0.6155,0.9336,16,509,375,595,429
2103,20230609c_02331.jpg,7097,neutral,0.9995,0.9328,5,485,593,541,682
2103,20230609c_02331.jpg,4162,fanning,0.9762,0.9288,16,1448,376,1573,423
2103,20230609c_02331.jpg,7104,buffering,0.0000,0.9265,1,475,861,527,939
2104,20230609c_02332.jpg,7097,neutral,0.9994,0.9352,6,478,573,542,664
2104,20230609c_02332.jpg,7054,trophallaxis,0.7850,0.9295,16,512,375,600,431
2104,20230609c_02332.jpg,7104,buffering,0.0000,0.9288,2,487,856,537,935
2104,20230609c_02332.jpg,4162,fanning,0.9840,0.9073,16,1458,378,1576,431
2105,20230609c_02333.jpg,7097,neutral,0.9989,0.9357,7,479,558,541,652
2105,20230609c_02333.jpg,7104,buffering,0.0000,0.9340,3,504,846,555,918
2105,20230609c_02333.jpg,7054,trophallaxis,0.7030,0.9298,16,517,378,595,423
2105,20230609c_02333.jpg,4162,fanning,0.9850,0.9041,16,1462,379,1575,434
2105,20230609c_02333.jpg,7099,neutral,0.9991,0.8969,4,1447,376,1504,402
2106,20230609c_02334.jpg,7097,neutral,0.9978,0.9386,8,466,531,535,626
2106,20230609c_02334.jpg,7104,neutral,0.9924,0.9327,4,530,834,587,913
2106,20230609c_02334.jpg,7054,trophallaxis,0.8074,0.9258,16,516,375,603,429
2106,20230609c_02334.jpg,4162,fanning,0.9853,0.9190,16,1459,379,1568,430
2106,20230609c_02334.jpg,7099,neutral,0.9975,0.9058,5,1447,376,1502,401
2107,20230609c_02335.jpg,7054,uncertain,0.5470,0.9357,16,517,374,604,424
2107,20230609c_02335.jpg,7097,neutral,0.9891,0.9306,9,461,518,526,611
2107,20230609c_02335.jpg,4162,fanning,0.9901,0.9154,16,1463,378,1569,429
2107,20230609c_02335.jpg,7099,neutral,0.9912,0.9001,6,1447,376,1503,404
2108,20230609c_02336.jpg,7097,neutral,0.9446,0.9391,10,456,502,525,593
2108,20230609c_02336.jpg,7054,uncertain,0.4867,0.9356,16,522,375,613,420
2108,20230609c_02336.jpg,4162,fanning,0.9945,0.9198,16,1499,381,1560,429
2108,20230609c_02336.jpg,7099,neutral,0.9844,0.9037,7,1446,376,1501,403
2109,20230609c_02337.jpg,7097,neutral,0.7779,0.9408,11,450,486,514,573
2109,20230609c_02337.jpg,7054,fanning,0.6662,0.9237,16,520,376,619,422
2109,20230609c_02337.jpg,4162,fanning,0.9948,0.9228,16,1488,383,1559,431
2109,20230609c_02337.jpg,7099,neutral,0.9807,0.9141,8,1445,376,1498,403
2110,20230609c_02338.jpg,7099,neutral,0.9579,0.9627,9,1445,376,1495,404
2110,20230609c_02338.jpg,7097,uncertain,0.5284,0.9420,12,440,459,509,556
2110,20230609c_02338.jpg,4162,fanning,0.9946,0.9187,16,1511,383,1571,432
2110,20230609c_02338.jpg,7054,neutral,0.6566,0.9078,16,516,373,626,420
2111,20230609c_02339.jpg,7099,neutral,0.9327,0.9596,10,1445,377,1494,404
2111,20230609c_02339.jpg,7097,fanning,0.6934,0.9408,13,430,442,503,535
2111,20230609c_02339.jpg,4162,fanning,0.9981,0.9341,16,1504,382,1565,431
2111,20230609c_02339.jpg,7054,fanning,0.6464,0.9099,16,516,374,623,416
2112,20230609c_02340.jpg,7097,fanning,0.8863,0.9378,14,427,418,490,515
2112,20230609c_02340.jpg,7099,neutral,0.9416,0.9284,11,1444,377,1492,407
2112,20230609c_02340.jpg,4162,fanning,0.9980,0.9257,16,1503,385,1562,430
2112,20230609c_02340.jpg,7054,fanning,0.8733,0.9240,16,524,374,622,417
2113,20230609c_02341.jpg,7099,neutral,0.9451,0.9371,12,1446,376,1492,406
2113,20230609c_02341.jpg,7097,fanning,0.7185,0.9343,15,424,402,485,497
2113,20230609c_02341.jpg,7054,fanning,0.9828,0.9208,16,523,375,623,417
2113,20230609c_02341.jpg,4162,fanning,0.9979,0.9015,16,1500,382,1565,427
2114,20230609c_02342.jpg,7097,fanning,0.8230,0.9369,16,421,396,483,475
2114,20230609c_02342.jpg,7054,fanning,0.9906,0.9147,16,527,375,619,419
2114,20230609c_02342.jpg,7099,neutral,0.8779,0.8880,13,1446,377,1556,423
2114,20230609c_02342.jpg,4162,fanning,0.9982,0.8013,16,1489,382,1557,424
2115,20230609c_02343.jpg,7097,fanning,0.8707,0.9218,16,420,394,482,475
2115,20230609c_02343.jpg,7054,fanning,0.9977,0.9038,16,526,374,618,416
2115,20230609c_02343.jpg,7099,neutral,0.8156,0.8769,14,1445,377,1555,424
2115,20230609c_02343.jpg,4162,fanning,0.9985,0.8764,16,1486,379,1555,424
2116,20230609c_02344.jpg,7118,buffering,0.0000,0.9359,1,771,470,826,561
2116,20230609c_02344.jpg,7097,fanning,0.9161,0.9353,16,422,397,485,477
2116,20230609c_02344.jpg,7099,neutral,0.6968,0.8769,15,1446,379,1555,422
2116,20230609c_02344.jpg,7054,fanning,0.9986,0.8720,16,521,376,625,415
2117,20230609c_02345.jpg,7118,buffering,0.0000,0.9347,2,771,455,831,545
2117,20230609c_02345.jpg,7097,fanning,0.8915,0.9332,16,422,400,480,485
2117,20230609c_02345.jpg,7099,neutral,0.6280,0.8771,16,1444,377,1553,420
2117,20230609c_02345.jpg,4162,fanning,0.9985,0.8681,16,1486,380,1552,422
2117,20230609c_02345.jpg,7054,fanning,0.9983,0.8464,16,520,374,635,410
2118,20230609c_02346.jpg,7097,fanning,0.7792,0.9407,16,424,411,476,493
2118,20230609c_02346.jpg,7118,buffering,0.0000,0.9368,3,784,444,844,534
2118,20230609c_02346.jpg,7122,buffering,0.0000,0.9228,1,1203,871,1252,965
2118,20230609c_02346.jpg,7099,uncertain,0.5209,0.8870,16,1443,378,1552,420
2118,20230609c_02346.jpg,7054,fanning,0.9988,0.8220,16,523,375,627,408
2119,20230609c_02347.jpg,7097,fanning,0.7306,0.9428,16,424,403,485,489
2119,20230609c_02347.jpg,7118,neutral,0.9482,0.9374,4,803,439,865,522
2119,20230609c_02347.jpg,7099,uncertain,0.5287,0.8858,16,1443,377,1552,420
2119,20230609c_02347.jpg,7054,fanning,0.9987,0.8240,16,524,377,620,405
2119,20230609c_02347.jpg,4162,fanning,0.9988,0.8131,16,1484,383,1552,420
2119,20230609c_02347.jpg,7125,buffering,0.0000,0.8027,1,584,378,618,401
2120,20230609c_02348.jpg,7097,fanning,0.7211,0.9426,16,427,400,507,479
2120,20230609c_02348.jpg,7118,neutral,0.9898,0.9365,5,839,435,911,519
2120,20230609c_02348.jpg,7099,fanning,0.6460,0.8935,16,1443,377,1549,420
2120,20230609c_02348.jpg,7082,buffering,0.0000,0.8889,2,959,829,1070,917
2120,20230609c_02348.jpg,4162,fanning,0.9987,0.8831,16,1481,379,1552,420
2120,20230609c_02348.jpg,7054,fanning,0.9984,0.8495,16,525,376,618,405
2120,20230609c_02348.jpg,7125,buffering,0.0000,0.7826,2,588,378,628,403
2121,20230609c_02349.jpg,7097,fanning,0.7000,0.9462,16,434,394,518,474
2121,20230609c_02349.jpg,7118,neutral,0.9814,0.9429,6,869,430,934,518
2121,20230609c_02349.jpg,7099,fanning,0.6700,0.8935,16,1443,377,1549,419
2121,20230609c_02349.jpg,7054,fanning,0.9988,0.8923,16,519,375,613,407
2121,20230609c_02349.jpg,7125,buffering,0.0000,0.8097,3,587,378,624,402
2121,20230609c_02349.jpg,4162,fanning,0.9987,0.8026,16,1474,378,1545,420
2122,20230609c_02350.jpg,7097,fanning,0.7114,0.9458,16,443,379,530,470
2122,20230609c_02350.jpg,7118,neutral,0.9785,0.9349,7,888,410,942,504
2122,20230609c_02350.jpg,7099,fanning,0.6604,0.8911,16,1442,377,1546,426
2122,20230609c_02350.jpg,7054,fanning,0.9986,0.8606,16,526,376,621,405
2123,20230609c_02351.jpg,7097,fanning,0.5697,0.9424,16,450,377,533,467
2123,20230609c_02351.jpg,7118,neutral,0.9412,0.9412,8,883,383,934,486
2123,20230609c_02351.jpg,7099,fanning,0.5946,0.8915,16,1442,377,1543,417
2123,20230609c_02351.jpg,7054,fanning,0.9984,0.8114,16,525,375,615,404
2123,20230609c_02351.jpg,4162,fanning,0.9984,0.8013,16,1471,378,1544,417
2123,20230609c_02351.jpg,7125,neutral,0.9997,0.7642,4,586,378,619,401
2124,20230609c_02352.jpg,7054,fanning,0.9946,0.9694,16,524,376,621,406
2124,20230609c_02352.jpg,7097,fanning,0.5568,0.9495,16,454,383,542,464
2124,20230609c_02352.jpg,7118,neutral,0.9962,0.9302,9,900,381,950,467
2124,20230609c_02352.jpg,7082,buffering,0.0000,0.9251,3,992,843,1076,930
2124,20230609c_02352.jpg,7099,fanning,0.6734,0.8895,16,1442,377,1545,416
2125,20230609c_02353.jpg,7097,uncertain,0.5452,0.9346,16,465,382,559,464
2125,20230609c_02353.jpg,7118,neutral,0.9957,0.9234,10,910,378,961,464
2125,20230609c_02353.jpg,7099,fanning,0.8681,0.8875,16,1441,377,1536,414
2125,20230609c_02353.jpg,7054,fanning,0.9877,0.8831,16,524,377,584,402
2126,20230609c_02354.jpg,7097,uncertain,0.5284,0.9346,16,471,387,560,463
2126,20230609c_02354.jpg,7118,neutral,0.9926,0.9323,11,916,380,969,470
2126,20230609c_02354.jpg,7099,fanning,0.8849,0.8903,16,1442,377,1533,413
2126,20230609c_02354.jpg,7054,fanning,0.9711,0.8356,16,524,377,591,404
2126,20230609c_02354.jpg,7125,neutral,0.9997,0.8197,5,602,377,637,397
2126,20230609c_02354.jpg,4162,fanning,0.9979,0.6601,16,1480,378,1533,413
2127,20230609c_02355.jpg,7099,fanning,0.8857,0.9340,16,1444,377,1531,413
2127,20230609c_02355.jpg,7118,neutral,0.9888,0.9340,12,911,386,965,477
2127,20230609c_02355.jpg,7097,uncertain,0.5408,0.9310,16,473,395,549,464
2127,20230609c_02355.jpg,7054,uncertain,0.5380,0.8533,16,525,377,593,404
2128,20230609c_02356.jpg,7118,neutral,0.9866,0.9361,13,910,380,966,473
2128,20230609c_02356.jpg,7097,neutral,0.7005,0.9339,16,478,378,573,465
2128,20230609c_02356.jpg,7099,fanning,0.9484,0.9215,16,1443,377,1531,412
2128,20230609c_02356.jpg,7054,trophallaxis,0.9742,0.8357,16,524,376,594,401
2128,20230609c_02356.jpg,4162,fanning,0.9976,0.6328,16,1483,377,1530,413
2129,20230609c_02357.jpg,7097,fanning,0.8672,0.9350,16,482,393,557,461
2129,20230609c_02357.jpg,7118,neutral,0.9774,0.9330,14,912,381,968,471
2129,20230609c_02357.jpg,7099,fanning,0.9939,0.9213,16,1442,377,1532,415
2129,20230609c_02357.jpg,7054,trophallaxis,0.9974,0.8509,16,525,376,594,404
2129,20230609c_02357.jpg,4162,fanning,0.9968,0.7179,16,1481,378,1530,414
2130,20230609c_02358.jpg,7097,fanning,0.9255,0.9351,16,483,394,560,460
2130,20230609c_02358.jpg,7118,neutral,0.9476,0.9299,15,914,382,965,467
2130,20230609c_02358.jpg,7099,fanning,0.9933,0.8997,16,1444,377,1533,416
2130,20230609c_02358.jpg,7054,trophallaxis,0.9980,0.8167,16,526,376,595,400
2130,20230609c_02358.jpg,4162,fanning,0.9878,0.6735,16,1487,379,1531,415
2131,20230609c_02359.jpg,7118,neutral,0.9492,0.9423,16,913,378,967,453
2131,20230609c_02359.jpg,7097,fanning,0.8768,0.9227,16,481,376,585,468
2131,20230609c_02359.jpg,7099,fanning,0.9947,0.8998,16,1444,377,1528,414
2131,20230609c_02359.jpg,7054,trophallaxis,0.9984,0.7603,16,525,376,595,399
2131,20230609c_02359.jpg,4162,fanning,0.9714,0.5805,16,1485,379,1528,415
2132,20230609c_02360.jpg,7161,buffering,0.0000,0.9353,1,713,516,796,599
2132,20230609c_02360.jpg,7097,fanning,0.9750,0.9208,16,486,377,586,463
2132,20230609c_02360.jpg,7118,neutral,0.9462,0.9200,16,910,378,969,435
2132,20230609c_02360.jpg,7099,fanning,0.9947,0.8840,16,1442,376,1522,411
2132,20230609c_02360.jpg,7054,trophallaxis,0.9973,0.7796,16,525,376,596,400
2133,20230609c_02361.jpg,7161,buffering,0.0000,0.9406,2,716,521,796,597
2133,20230609c_02361.jpg,7097,fanning,0.9833,0.9261,16,490,398,568,461
2133,20230609c_02361.jpg,7118,neutral,0.9395,0.9232,16,915,379,976,431
2133,20230609c_02361.jpg,7099,fanning,0.9943,0.8896,16,1442,377,1523,417
2133,20230609c_02361.jpg,7054,trophallaxis,0.9958,0.7953,16,525,376,596,405
2134,20230609c_02362.jpg,7161,buffering,0.0000,0.9356,3,717,511,796,588
2134,20230609c_02362.jpg,7097,fanning,0.9968,0.9280,16,491,377,581,465
2134,20230609c_02362.jpg,7118,neutral,0.9122,0.9055,16,935,380,973,420
2134,20230609c_02362.jpg,7099,fanning,0.9925,0.8745,16,1445,376,1513,416
2134,20230609c_02362.jpg,7054,trophallaxis,0.9959,0.8328,16,527,376,602,404
2135,20230609c_02363.jpg,7161,neutral,0.9996,0.9440,4,725,506,799,586
2135,20230609c_02363.jpg,7097,fanning,0.9961,0.9317,16,493,382,578,470
2135,20230609c_02363.jpg,7099,fanning,0.9897,0.9286,16,1443,377,1515,419
2135,20230609c_02363.jpg,7118,neutral,0.9312,0.9094,16,939,379,974,407
2135,20230609c_02363.jpg,7054,trophallaxis,0.9975,0.7687,16,528,376,590,402
2136,20230609c_02364.jpg,7161,neutral,0.9991,0.9450,5,733,496,801,582
2136,20230609c_02364.jpg,7097,fanning,0.9895,0.9308,16,494,382,575,468
2136,20230609c_02364.jpg,7099,fanning,0.9827,0.9292,16,1441,377,1516,416
2136,20230609c_02364.jpg,7118,neutral,0.9039,0.8806,16,941,378,974,398
2136,20230609c_02364.jpg,7054,trophallaxis,0.9970,0.6536,16,526,377,572,397
2137,20230609c_02365.jpg,7161,neutral,0.9766,0.9358,6,738,485,808,571
2137,20230609c_02365.jpg,7099,fanning,0.9803,0.9324,16,1440,377,1516,418
2137,20230609c_02365.jpg,7097,fanning,0.9610,0.9306,16,496,377,575,467
2138,20230609c_02366.jpg,7097,fanning,0.6806,0.9433,16,500,380,580,466
2138,20230609c_02366.jpg,7161,neutral,0.9260,0.9367,7,736,480,806,563
2138,20230609c_02366.jpg,7099,fanning,0.9810,0.9266,16,1441,377,1515,417
2139,20230609c_02367.jpg,7097,fanning,0.9476,0.9423,16,502,377,581,464
2139,20230609c_02367.jpg,7161,neutral,0.8009,0.9354,8,744,473,810,559
2139,20230609c_02367.jpg,7099,fanning,0.9817,0.9181,16,1439,377,1521,413
2140,20230609c_02368.jpg,7097,fanning,0.9937,0.9407,16,507,377,581,452
2140,20230609c_02368.jpg,7180,buffering,0.0000,0.9354,1,1154,598,1224,699
2140,20230609c_02368.jpg,7161,neutral,0.5937,0.9314,9,745,467,811,553
2140,20230609c_02368.jpg,7099,fanning,0.9828,0.9102,16,1436,377,1517,413
2141,20230609c_02369.jpg,7097,fanning,0.9924,0.9424,16,514,374,588,447
2141,20230609c_02369.jpg,7180,buffering,0.0000,0.9333,2,1178,563,1242,670
2141,20230609c_02369.jpg,7161,uncertain,0.5282,0.9318,10,748,463,813,551
2141,20230609c_02369.jpg,7099,fanning,0.9857,0.9130,16,1433,377,1518,413
2142,20230609c_02370.jpg,7097,uncertain,0.5163,0.9404,16,516,374,593,447
2142,20230609c_02370.jpg,7161,fanning,0.7317,0.9317,11,749,459,813,548
2142,20230609c_02370.jpg,7180,buffering,0.0000,0.9302,3,1191,521,1254,636
2142,20230609c_02370.jpg,7099,fanning,0.9807,0.9275,16,1435,377,1514,416
2143,20230609c_02371.jpg,7097,trophallaxis,0.8545,0.9423,16,519,376,598,445
2143,20230609c_02371.jpg,7180,neutral,0.9971,0.9379,4,1202,469,1274,571
2143,20230609c_02371.jpg,7161,fanning,0.8626,0.9321,12,751,456,816,543
2143,20230609c_02371.jpg,7099,fanning,0.9753,0.9273,16,1435,377,1512,410
2144,20230609c_02372.jpg,7180,neutral,0.9807,0.9380,5,1230,408,1295,509
2144,20230609c_02372.jpg,7097,trophallaxis,0.9186,0.9379,16,525,375,614,441
2144,20230609c_02372.jpg,7161,fanning,0.9353,0.9360,13,751,452,815,539
2144,20230609c_02372.jpg,7099,fanning,0.9723,0.9115,16,1435,377,1506,415
2145,20230609c_02373.jpg,7180,neutral,0.9824,0.9497,6,1240,401,1309,486
2145,20230609c_02373.jpg,7161,fanning,0.9544,0.9349,14,751,449,816,538
2145,20230609c_02373.jpg,7097,trophallaxis,0.9415,0.9287,16,531,375,613,440
2145,20230609c_02373.jpg,7099,fanning,0.9679,0.9051,16,1435,377,1505,415
2146,20230609c_02374.jpg,7161,fanning,0.9629,0.9357,15,751,447,815,535
2146,20230609c_02374.jpg,7097,fanning,0.8523,0.9262,16,535,376,628,429
2146,20230609c_02374.jpg,7099,fanning,0.9651,0.8994,16,1435,377,1502,414
2147,20230609c_02375.jpg,7191,buffering,0.0000,0.9405,1,910,411,975,500
2147,20230609c_02375.jpg,7161,fanning,0.9725,0.9360,16,750,444,813,531
2147,20230609c_02375.jpg,7097,neutral,0.9845,0.9245,16,531,376,618,429
2147,20230609c_02375.jpg,7099,fanning,0.9612,0.9036,16,1436,377,1499,413
2148,20230609c_02376.jpg,7191,buffering,0.0000,0.9429,2,917,397,985,466
2148,20230609c_02376.jpg,7161,fanning,0.9782,0.9270,16,751,443,814,531
2148,20230609c_02376.jpg,7097,neutral,0.6904,0.9160,16,544,377,617,423
2148,20230609c_02376.jpg,7099,fanning,0.9564,0.9137,16,1436,377,1497,404
2149,20230609c_02377.jpg,7191,buffering,0.0000,0.9382,3,932,385,997,461
2149,20230609c_02377.jpg,7161,fanning,0.9759,0.9303,16,749,439,815,531
2149,20230609c_02377.jpg,7097,fanning,0.6637,0.9182,16,538,376,616,421
2149,20230609c_02377.jpg,7099,fanning,0.9599,0.9012,16,1436,377,1499,404
2150,20230609c_02378.jpg,7191,neutral,0.9998,0.9321,4,937,381,991,457
2150,20230609c_02378.jpg,7161,fanning,0.9707,0.9294,16,749,432,816,525
2150,20230609c_02378.jpg,7097,fanning,0.8071,0.9090,16,553,377,620,416
2150,20230609c_02378.jpg,7099,fanning,0.9533,0.9088,16,1436,377,1499,405
2151,20230609c_02379.jpg,7191,neutral,0.9998,0.9366,5,939,378,992,447
2151,20230609c_02379.jpg,7161,fanning,0.9685,0.9350,16,747,432,811,521
2151,20230609c_02379.jpg,7099,fanning,0.9520,0.9056,16,1436,377,1499,405
2151,20230609c_02379.jpg,7097,fanning,0.7129,0.8917,16,565,377,624,409
2152,20230609c_02380.jpg,7161,fanning,0.9502,0.9349,16,750,427,811,518
2152,20230609c_02380.jpg,7206,buffering,0.0000,0.9281,1,1466,683,1544,778
2152,20230609c_02380.jpg,7191,neutral,0.9997,0.9262,6,939,378,991,434
2152,20230609c_02380.jpg,7099,fanning,0.9636,0.9172,16,1437,377,1500,406
2152,20230609c_02380.jpg,7097,uncertain,0.5174,0.8561,16,570,378,614,400
2153,20230609c_02381.jpg,7161,fanning,0.9399,0.9416,16,750,428,810,516
2153,20230609c_02381.jpg,7211,buffering,0.0000,0.9183,1,1182,890,1230,954
2153,20230609c_02381.jpg,7099,fanning,0.9654,0.9182,16,1437,377,1500,406
2153,20230609c_02381.jpg,7191,neutral,0.9997,0.9105,7,942,379,991,420
2154,20230609c_02382.jpg,7161,fanning,0.9328,0.9399,16,749,425,812,514
2154,20230609c_02382.jpg,7191,neutral,0.9997,0.9213,8,940,379,992,419
2154,20230609c_02382.jpg,7211,buffering,0.0000,0.9121,2,1182,871,1224,934
2154,20230609c_02382.jpg,7099,fanning,0.9616,0.9079,16,1436,377,1497,405
2155,20230609c_02383.jpg,7161,fanning,0.9177,0.9385,16,747,421,814,514
2155,20230609c_02383.jpg,7191,neutral,0.9997,0.9159,9,942,378,989,409
2155,20230609c_02383.jpg,7099,fanning,0.9550,0.9071,16,1434,377,1498,404
2155,20230609c_02383.jpg,7211,buffering,0.0000,0.9020,3,1167,851,1203,912
2156,20230609c_02384.jpg,7161,fanning,0.9117,0.9291,16,751,425,813,510
2156,20230609c_02384.jpg,7099,fanning,0.9386,0.9058,16,1434,377,1499,403
2157,20230609c_02385.jpg,7161,fanning,0.8954,0.9300,16,750,419,809,508
2157,20230609c_02385.jpg,7099,fanning,0.9016,0.9056,16,1434,377,1498,402
2158,20230609c_02386.jpg,7161,fanning,0.8926,0.9336,16,748,419,811,507
2158,20230609c_02386.jpg,7099,fanning,0.9451,0.9070,16,1432,377,1499,403
2158,20230609c_02386.jpg,7191,neutral,0.9996,0.8918,10,940,378,986,404
2159,20230609c_02387.jpg,7161,fanning,0.8739,0.9339,16,748,414,809,502
2159,20230609c_02387.jpg,7099,fanning,0.9568,0.9117,16,1432,377,1500,403
2159,20230609c_02387.jpg,7191,neutral,0.9995,0.8830,11,942,378,987,404
2160,20230609c_02388.jpg,7161,fanning,0.8417,0.9373,16,747,416,808,501
2160,20230609c_02388.jpg,7099,fanning,0.9639,0.9122,16,1432,377,1501,403
2160,20230609c_02388.jpg,7191,neutral,0.9994,0.8972,12,944,378,989,405
2161,20230609c_02389.jpg,7161,fanning,0.8262,0.9376,16,748,413,808,500
2161,20230609c_02389.jpg,7099,fanning,0.9754,0.9062,16,1430,377,1501,403
2161,20230609c_02389.jpg,7191,neutral,0.9993,0.9007,13,943,378,988,405
2162,20230609c_02390.jpg,7161,fanning,0.8374,0.9377,16,746,413,807,499
2162,20230609c_02390.jpg,7099,fanning,0.9849,0.9109,16,1430,377,1500,403
2162,20230609c_02390.jpg,7191,neutral,0.9992,0.8982,14,944,378,988,405
2163,20230609c_02391.jpg,7161,fanning,0.8277,0.9409,16,746,414,807,498
2163,20230609c_02391.jpg,7099,fanning,0.9882,0.9100,16,1429,377,1499,403
2163,20230609c_02391.jpg,7191,neutral,0.9991,0.8946,15,944,378,988,405
2164,20230609c_02392.jpg,7161,fanning,0.7949,0.9296,16,743,414,805,498
2164,20230609c_02392.jpg,7099,fanning,0.9907,0.9121,16,1429,377,1500,404
2164,20230609c_02392.jpg,7239,buffering,0.0000,0.9100,1,524,375,615,432
2164,20230609c_02392.jpg,7191,neutral,0.9989,0.8890,16,944,378,988,404
2165,20230609c_02393.jpg,7161,fanning,0.8375,0.9518,16,747,412,807,498
2165,20230609c_02393.jpg,7099,fanning,0.9926,0.9042,16,1426,377,1500,404
2165,20230609c_02393.jpg,7239,buffering,0.0000,0.9002,2,520,376,603,441
2165,20230609c_02393.jpg,7191,neutral,0.9971,0.8481,16,947,378,987,402
2166,20230609c_02394.jpg,7239,buffering,0.0000,0.9388,3,521,375,598,439
2166,20230609c_02394.jpg,7161,fanning,0.8345,0.9330,16,747,411,806,497
2166,20230609c_02394.jpg,7242,buffering,0.0000,0.9130,1,55,952,121,1004
2166,20230609c_02394.jpg,7099,fanning,0.9956,0.9087,16,1422,377,1500,404
2166,20230609c_02394.jpg,7191,neutral,0.9964,0.8495,16,951,377,984,398
2167,20230609c_02395.jpg,7161,fanning,0.8573,0.9508,16,746,409,805,496
2167,20230609c_02395.jpg,7239,neutral,0.9982,0.9402,4,526,375,603,437
2167,20230609c_02395.jpg,7242,buffering,0.0000,0.9193,2,86,965,153,1019
2167,20230609c_02395.jpg,7099,fanning,0.9963,0.9031,16,1424,377,1501,404
2167,20230609c_02395.jpg,7191,neutral,0.9959,0.7979,16,950,377,982,394
2168,20230609c_02396.jpg,7239,neutral,0.9950,0.9368,5,521,374,605,438
2168,20230609c_02396.jpg,7161,fanning,0.8127,0.9339,16,744,409,805,496
2168,20230609c_02396.jpg,7099,fanning,0.9958,0.9214,16,1420,377,1499,405
2169,20230609c_02397.jpg,7161,fanning,0.7231,0.9417,16,746,408,803,494
2169,20230609c_02397.jpg,7099,fanning,0.9953,0.9226,16,1420,377,1499,405
2169,20230609c_02397.jpg,7239,neutral,0.9831,0.9105,6,525,374,608,434
2170,20230609c_02398.jpg,7161,fanning,0.7804,0.9453,16,746,407,799,494
2170,20230609c_02398.jpg,7239,neutral,0.9491,0.9289,7,532,375,615,430
2170,20230609c_02398.jpg,7099,fanning,0.9951,0.9156,16,1420,377,1499,405
2171,20230609c_02399.jpg,7161,fanning,0.7739,0.9365,16,745,408,803,494
2171,20230609c_02399.jpg,7248,buffering,0.0000,0.9307,1,573,872,631,946
2171,20230609c_02399.jpg,7239,fanning,0.8128,0.9292,8,534,376,628,424
2171,20230609c_02399.jpg,7099,fanning,0.9960,0.9240,16,1422,377,1497,405
2172,20230609c_02400.jpg,7161,fanning,0.7865,0.9473,16,745,408,801,492
2172,20230609c_02400.jpg,7239,fanning,0.9454,0.9253,9,526,375,624,424
2172,20230609c_02400.jpg,7099,fanning,0.9972,0.9127,16,1423,377,1491,404
2173,20230609c_02401.jpg,7161,fanning,0.7922,0.9381,16,744,406,800,493
2173,20230609c_02401.jpg,7239,fanning,0.9973,0.9295,10,557,377,628,421
2173,20230609c_02401.jpg,7099,fanning,0.9975,0.9153,16,1426,377,1491,404
2174,20230609c_02402.jpg,7161,fanning,0.7762,0.9365,16,739,403,802,494
2174,20230609c_02402.jpg,7099,fanning,0.9975,0.9264,16,1426,377,1489,405
2174,20230609c_02402.jpg,7239,fanning,0.9984,0.9146,11,568,374,639,421
2175,20230609c_02403.jpg,7161,fanning,0.7941,0.9423,16,742,401,801,489
2175,20230609c_02403.jpg,7099,fanning,0.9982,0.9160,16,1428,377,1488,404
2175,20230609c_02403.jpg,7239,fanning,0.9991,0.8987,12,540,375,632,418
2176,20230609c_02404.jpg,7262,buffering,0.0000,0.9433,1,508,564,556,648
2176,20230609c_02404.jpg,7161,fanning,0.7552,0.9416,16,741,399,800,489
2176,20230609c_02404.jpg,7099,fanning,0.9983,0.9179,16,1428,377,1486,404
2176,20230609c_02404.jpg,7239,fanning,0.9992,0.8256,13,559,378,617,414
2177,20230609c_02405.jpg,7161,fanning,0.7401,0.9435,16,739,399,800,489
2177,20230609c_02405.jpg,7099,fanning,0.9984,0.9158,16,1427,377,1485,404
2178,20230609c_02406.jpg,7161,fanning,0.7136,0.9463,16,741,399,802,489
2178,20230609c_02406.jpg,7099,fanning,0.9984,0.9446,16,1426,378,1484,403
2178,20230609c_02406.jpg,7239,fanning,0.9993,0.8979,14,564,376,634,414
2179,20230609c_02407.jpg,7161,fanning,0.6984,0.9456,16,741,400,801,487
2179,20230609c_02407.jpg,7270,buffering,0.0000,0.9398,1,466,465,516,548
2179,20230609c_02407.jpg,7099,fanning,0.9981,0.9251,16,1428,377,1482,404
2179,20230609c_02407.jpg,7239,fanning,0.9996,0.8895,15,572,377,642,416
2180,20230609c_02408.jpg,7270,buffering,0.0000,0.9465,2,484,446,538,521
2180,20230609c_02408.jpg,7161,fanning,0.7273,0.9460,16,739,401,799,485
2180,20230609c_02408.jpg,7099,fanning,0.9966,0.9256,16,1428,377,1482,404
2180,20230609c_02408.jpg,7239,fanning,0.9996,0.8847,16,578,377,640,414
2181,20230609c_02409.jpg,7270,buffering,0.0000,0.9501,3,510,439,560,513
2181,20230609c_02409.jpg,7161,fanning,0.6734,0.9453,16,739,401,800,487
2181,20230609c_02409.jpg,7099,fanning,0.9945,0.9203,16,1428,377,1481,404
2181,20230609c_02409.jpg,7239,fanning,0.9995,0.8586,16,584,376,644,410
2182,20230609c_02410.jpg,7161,fanning,0.7142,0.9451,16,740,401,799,484
2182,20230609c_02410.jpg,7270,neutral,0.9950,0.9389,4,512,432,557,512
2182,20230609c_02410.jpg,7099,fanning,0.9932,0.9197,16,1430,377,1480,404
2182,20230609c_02410.jpg,7239,fanning,0.9995,0.9032,16,606,378,666,412
2183,20230609c_02411.jpg,7161,fanning,0.6885,0.9448,16,738,401,801,486
2183,20230609c_02411.jpg,7270,neutral,0.9934,0.9415,5,500,423,556,504
2183,20230609c_02411.jpg,7099,fanning,0.9918,0.9221,16,1431,377,1479,403
2183,20230609c_02411.jpg,7239,fanning,0.9993,0.8870,16,612,377,678,404
2184,20230609c_02412.jpg,7161,fanning,0.7829,0.9453,16,739,401,799,487
2184,20230609c_02412.jpg,7099,fanning,0.9890,0.9412,16,1436,377,1478,405
2184,20230609c_02412.jpg,7270,neutral,0.9881,0.9391,6,510,420,561,497
2184,20230609c_02412.jpg,7239,fanning,0.9992,0.7290,16,613,377,660,399
2185,20230609c_02413.jpg,7161,fanning,0.9262,0.9456,16,738,400,798,488
2185,20230609c_02413.jpg,7286,buffering,0.0000,0.9388,1,1314,510,1375,610
2185,20230609c_02413.jpg,7099,fanning,0.9832,0.9297,16,1436,377,1477,404
2185,20230609c_02413.jpg,7270,neutral,0.9619,0.9289,7,507,375,567,474
2185,20230609c_02413.jpg,7287,buffering,0.0000,0.8782,1,1525,1038,1581,1079
2186,20230609c_02414.jpg,7161,fanning,0.9344,0.9439,16,738,401,799,488
2186,20230609c_02414.jpg,7286,buffering,0.0000,0.9335,2,1296,516,1355,616
2186,20230609c_02414.jpg,7099,fanning,0.9726,0.9299,16,1435,377,1477,405
2186,20230609c_02414.jpg,7270,neutral,0.9421,0.9253,8,507,376,568,462
2187,20230609c_02415.jpg,7161,fanning,0.9523,0.9429,16,739,399,798,487
2187,20230609c_02415.jpg,7286,buffering,0.0000,0.9378,3,1264,499,1331,609
2187,20230609c_02415.jpg,7270,neutral,0.8980,0.9271,9,516,375,580,454
2187,20230609c_02415.jpg,7099,fanning,0.9420,0.9265,16,1435,377,1477,405
2188,20230609c_02416.jpg,7286,neutral,0.9968,0.9470,4,1234,473,1303,576
2188,20230609c_02416.jpg,7161,fanning,0.9625,0.9395,16,738,399,800,485
2188,20230609c_02416.jpg,7270,neutral,0.8330,0.9337,10,521,375,584,443
2188,20230609c_02416.jpg,7099,fanning,0.8869,0.9178,16,1435,377,1477,406
2189,20230609c_02417.jpg,7161,fanning,0.9650,0.9411,16,739,399,800,485
2189,20230609c_02417.jpg,7286,neutral,0.9949,0.9402,5,1230,442,1309,529
2189,20230609c_02417.jpg,7270,neutral,0.7876,0.9382,11,518,376,583,438
2189,20230609c_02417.jpg,7099,fanning,0.8107,0.9263,16,1435,378,1477,406
2190,20230609c_02418.jpg,7161,fanning,0.9663,0.9390,16,738,398,800,487
2190,20230609c_02418.jpg,7099,fanning,0.7037,0.9314,16,1435,377,1477,408
2190,20230609c_02418.jpg,7270,neutral,0.6248,0.9261,12,519,376,581,429
2191,20230609c_02419.jpg,7161,fanning,0.9682,0.9309,16,737,397,801,487
2191,20230609c_02419.jpg,7270,uncertain,0.5374,0.9289,13,517,376,582,426
2191,20230609c_02419.jpg,7099,uncertain,0.5170,0.9284,16,1435,378,1477,407
2192,20230609c_02420.jpg,7298,buffering,0.0000,0.9427,1,1357,404,1438,491
2192,20230609c_02420.jpg,7161,fanning,0.9694,0.9406,16,740,397,800,483
2192,20230609c_02420.jpg,7099,neutral,0.6221,0.9263,16,1435,378,1477,407
2192,20230609c_02420.jpg,7270,fanning,0.5859,0.9231,14,516,375,578,424
2193,20230609c_02421.jpg,7298,buffering,0.0000,0.9445,2,1390,404,1461,497
2193,20230609c_02421.jpg,7270,fanning,0.6584,0.9233,15,522,377,571,417
2193,20230609c_02421.jpg,7161,fanning,0.9705,0.9204,16,740,394,800,482
2193,20230609c_02421.jpg,7099,neutral,0.7262,0.8750,16,1434,377,1477,409
2194,20230609c_02422.jpg,7298,buffering,0.0000,0.9463,3,1398,393,1471,496
2194,20230609c_02422.jpg,7161,fanning,0.9677,0.9221,16,740,398,799,483
2194,20230609c_02422.jpg,7270,fanning,0.8618,0.9119,16,518,376,579,416
2194,20230609c_02422.jpg,7099,neutral,0.8086,0.8305,16,1432,377,1476,409
2195,20230609c_02423.jpg,7298,neutral,0.9881,0.9393,4,1401,402,1474,498
2195,20230609c_02423.jpg,7161,fanning,0.9591,0.9221,16,739,393,798,482
2195,20230609c_02423.jpg,7270,fanning,0.9444,0.9137,16,519,376,577,414
2195,20230609c_02423.jpg,7099,neutral,0.8357,0.9017,16,1432,377,1476,408
2196,20230609c_02424.jpg,7298,neutral,0.9632,0.9433,5,1433,406,1502,502
2196,20230609c_02424.jpg,7161,fanning,0.9450,0.9272,16,739,390,798,482
2196,20230609c_02424.jpg,7099,neutral,0.8258,0.9130,16,1432,378,1480,406
2196,20230609c_02424.jpg,7270,fanning,0.9845,0.9037,16,517,377,576,409
2197,20230609c_02425.jpg,7298,neutral,0.9288,0.9435,6,1467,407,1530,505
2197,20230609c_02425.jpg,7161,fanning,0.9279,0.9337,16,739,386,798,482
2197,20230609c_02425.jpg,7099,neutral,0.7720,0.9276,16,1432,377,1477,407
2197,20230609c_02425.jpg,7270,fanning,0.9791,0.9006,16,518,376,576,407
2198,20230609c_02426.jpg,7298,neutral,0.8982,0.9442,7,1501,410,1576,503
2198,20230609c_02426.jpg,7161,fanning,0.8976,0.9313,16,738,387,797,481
2198,20230609c_02426.jpg,7099,neutral,0.8632,0.9307,16,1427,378,1475,407
2198,20230609c_02426.jpg,7270,fanning,0.9676,0.8424,16,524,377,567,399
2199,20230609c_02427.jpg,7306,buffering,0.0000,0.9455,1,1423,623,1474,699
2199,20230609c_02427.jpg,7298,neutral,0.8057,0.9428,8,1534,419,1619,503
2199,20230609c_02427.jpg,7099,neutral,0.9057,0.9335,16,1425,378,1475,408
2199,20230609c_02427.jpg,7161,fanning,0.8424,0.9334,16,738,386,795,480
2199,20230609c_02427.jpg,7270,fanning,0.9552,0.5716,16,530,377,569,394
2200,20230609c_02428.jpg,7298,neutral,0.7813,0.9511,9,1570,438,1645,525
2200,20230609c_02428.jpg,7306,buffering,0.0000,0.9351,2,1423,606,1473,697
2200,20230609c_02428.jpg,7099,neutral,0.8554,0.9318,16,1425,378,1475,410
2200,20230609c_02428.jpg,7161,fanning,0.8249,0.9314,16,739,380,796,481
2201,20230609c_02429.jpg,7298,neutral,0.6869,0.9373,10,1586,443,1650,543
2201,20230609c_02429.jpg,7099,neutral,0.8211,0.9359,16,1424,378,1476,409
2201,20230609c_02429.jpg,7161,fanning,0.7300,0.9326,16,738,384,798,485
2202,20230609c_02430.jpg,7099,neutral,0.7795,0.9314,16,1424,378,1476,410
2202,20230609c_02430.jpg,7161,fanning,0.6378,0.9236,16,740,383,795,475
2202,20230609c_02430.jpg,7287,buffering,0.0000,0.8999,2,1527,1020,1575,1079
2203,20230609c_02431.jpg,7309,buffering,0.0000,0.9437,1,1328,549,1381,618
2203,20230609c_02431.jpg,7099,neutral,0.7520,0.9315,16,1424,378,1476,412
2203,20230609c_02431.jpg,7161,uncertain,0.5058,0.9254,16,740,383,798,478
2204,20230609c_02432.jpg,7309,buffering,0.0000,0.9468,2,1351,534,1400,607
2204,20230609c_02432.jpg,7099,neutral,0.7249,0.9311,16,1423,378,1476,411
2204,20230609c_02432.jpg,7161,neutral,0.6486,0.9193,16,738,381,798,477
2205,20230609c_02433.jpg,7312,buffering,0.0000,0.9383,1,1474,416,1527,513
2205,20230609c_02433.jpg,7099,neutral,0.6663,0.9374,16,1422,378,1474,408
2205,20230609c_02433.jpg,7161,neutral,0.7640,0.9272,16,738,383,798,478
2206,20230609c_02434.jpg,7312,buffering,0.0000,0.9414,2,1484,414,1535,510
2206,20230609c_02434.jpg,7099,neutral,0.6303,0.9374,16,1358,378,1475,422
2206,20230609c_02434.jpg,7314,buffering,0.0000,0.9351,1,1389,470,1438,569
2206,20230609c_02434.jpg,7161,neutral,0.8188,0.9283,16,738,383,796,477
2207,20230609c_02435.jpg,7312,buffering,0.0000,0.9453,3,1484,428,1550,518
2207,20230609c_02435.jpg,7161,neutral,0.7815,0.9386,16,738,383,797,475
2207,20230609c_02435.jpg,7099,neutral,0.6022,0.9342,16,1359,377,1477,421
2208,20230609c_02436.jpg,7099,neutral,0.5503,0.9346,16,1420,378,1474,412
2208,20230609c_02436.jpg,7161,neutral,0.6709,0.9211,16,736,383,793,475
2209,20230609c_02437.jpg,7099,uncertain,0.5133,0.9361,16,1419,378,1474,410
2209,20230609c_02437.jpg,7161,neutral,0.6180,0.9228,16,738,382,793,471
2210,20230609c_02438.jpg,7314,buffering,0.0000,0.9416,2,1352,504,1445,590
2210,20230609c_02438.jpg,7099,fanning,0.5783,0.9346,16,1357,378,1475,422
2210,20230609c_02438.jpg,7161,neutral,0.6249,0.9304,16,738,381,793,474
2211,20230609c_02439.jpg,7099,fanning,0.6147,0.9372,16,1357,378,1475,423
2211,20230609c_02439.jpg,7161,neutral,0.5937,0.9288,16,739,379,791,478
2212,20230609c_02440.jpg,7099,fanning,0.5986,0.9377,16,1419,378,1475,412
2212,20230609c_02440.jpg,7161,neutral,0.6152,0.9364,16,735,380,794,483
2213,20230609c_02441.jpg,7099,uncertain,0.5486,0.9367,16,1418,378,1475,412
2213,20230609c_02441.jpg,7161,neutral,0.6152,0.9227,16,736,381,796,484
2214,20230609c_02442.jpg,7099,fanning,0.5845,0.9331,16,1357,377,1478,422
2214,20230609c_02442.jpg,7161,neutral,0.6611,0.9329,16,737,381,796,481
2215,20230609c_02443.jpg,7335,buffering,0.0000,0.9403,1,1030,459,1105,536
2215,20230609c_02443.jpg,7099,fanning,0.7136,0.9322,16,1357,378,1478,420
2215,20230609c_02443.jpg,7161,neutral,0.6733,0.9175,16,737,379,796,481
2216,20230609c_02444.jpg,7335,buffering,0.0000,0.9413,2,1035,459,1098,543
2216,20230609c_02444.jpg,7099,fanning,0.8474,0.9337,16,1357,378,1478,421
2216,20230609c_02444.jpg,7339,buffering,0.0000,0.9329,1,967,549,1031,651
2216,20230609c_02444.jpg,7161,neutral,0.7125,0.9212,16,737,380,796,480
2217,20230609c_02445.jpg,7335,buffering,0.0000,0.9398,3,1040,458,1094,538
2217,20230609c_02445.jpg,7339,buffering,0.0000,0.9346,2,990,541,1052,646
2217,20230609c_02445.jpg,7099,fanning,0.8861,0.9291,16,1357,378,1478,422
2217,20230609c_02445.jpg,7161,neutral,0.6661,0.9284,16,735,381,796,481
2218,20230609c_02446.jpg,7099,fanning,0.8807,0.9318,16,1357,378,1479,421
2218,20230609c_02446.jpg,7335,neutral,0.9734,0.9240,4,1041,451,1095,538
2218,20230609c_02446.jpg,7161,uncertain,0.5197,0.9200,16,734,380,795,480
2219,20230609c_02447.jpg,7342,buffering,0.0000,0.9403,1,922,529,982,624
2219,20230609c_02447.jpg,7335,neutral,0.7746,0.9377,5,1045,451,1090,529
2219,20230609c_02447.jpg,7099,fanning,0.8813,0.9342,16,1357,378,1478,421
2219,20230609c_02447.jpg,7161,uncertain,0.5143,0.9176,16,736,381,795,480
2220,20230609c_02448.jpg,7335,uncertain,0.5413,0.9445,6,1043,431,1094,510
2220,20230609c_02448.jpg,7342,buffering,0.0000,0.9354,2,909,497,964,591
2220,20230609c_02448.jpg,7099,fanning,0.8902,0.9339,16,1357,378,1480,422
2220,20230609c_02448.jpg,7161,uncertain,0.5090,0.9189,16,737,379,794,478
2221,20230609c_02449.jpg,7335,fanning,0.6934,0.9462,7,1028,402,1088,491
2221,20230609c_02449.jpg,7345,buffering,0.0000,0.9408,1,1145,458,1213,557
2221,20230609c_02449.jpg,7342,buffering,0.0000,0.9338,3,894,471,952,556
2221,20230609c_02449.jpg,7099,fanning,0.9015,0.9316,16,1357,378,1480,422
2221,20230609c_02449.jpg,7161,uncertain,0.5328,0.9134,16,736,379,794,470
2222,20230609c_02450.jpg,7335,fanning,0.8131,0.9429,8,997,399,1053,477
2222,20230609c_02450.jpg,7345,buffering,0.0000,0.9412,2,1143,448,1209,553
2222,20230609c_02450.jpg,7099,fanning,0.8773,0.9368,16,1357,378,1480,422
2222,20230609c_02450.jpg,7342,neutral,0.9946,0.9366,4,896,437,948,520
2222,20230609c_02450.jpg,7161,fanning,0.6117,0.9082,16,736,379,797,470
2223,20230609c_02451.jpg,7099,fanning,0.8650,0.9348,16,1357,378,1480,422
2223,20230609c_02451.jpg,7342,neutral,0.9969,0.9317,5,911,399,971,495
2223,20230609c_02451.jpg,7345,buffering,0.0000,0.9306,3,1141,444,1206,545
2223,20230609c_02451.jpg,7161,fanning,0.6745,0.9171,16,734,379,794,475
2224,20230609c_02452.jpg,7345,neutral,0.9740,0.9439,4,1140,433,1209,525
2224,20230609c_02452.jpg,7342,neutral,0.9115,0.9394,6,896,389,968,470
2224,20230609c_02452.jpg,7099,fanning,0.9111,0.9360,16,1357,378,1480,423
2224,20230609c_02452.jpg,7335,fanning,0.7923,0.9296,9,975,432,1042,485
2224,20230609c_02452.jpg,7161,fanning,0.6953,0.9196,16,735,379,794,468
2225,20230609c_02453.jpg,7345,neutral,0.9766,0.9445,5,1135,425,1205,517
2225,20230609c_02453.jpg,7342,neutral,0.7315,0.9368,7,885,382,958,450
2225,20230609c_02453.jpg,7099,fanning,0.9255,0.9337,16,1357,378,1481,422
2225,20230609c_02453.jpg,7161,fanning,0.6790,0.9190,16,734,378,792,470
2226,20230609c_02454.jpg,7345,neutral,0.9646,0.9455,6,1129,411,1195,496
2226,20230609c_02454.jpg,7099,fanning,0.8921,0.9394,16,1419,378,1477,415
2226,20230609c_02454.jpg,7342,uncertain,0.5323,0.9391,8,897,385,973,451
2226,20230609c_02454.jpg,7161,fanning,0.6910,0.9182,16,734,376,790,468
2226,20230609c_02454.jpg,7357,buffering,0.0000,0.9088,1,585,1016,630,1079
2227,20230609c_02455.jpg,7345,neutral,0.9577,0.9368,7,1126,399,1198,485
2227,20230609c_02455.jpg,7342,uncertain,0.5428,0.9362,9,916,380,975,455
2227,20230609c_02455.jpg,7099,fanning,0.9094,0.9334,16,1358,378,1482,423
2227,20230609c_02455.jpg,7161,fanning,0.7297,0.9137,16,733,379,793,468
2227,20230609c_02455.jpg,7357,buffering,0.0000,0.8950,2,573,1027,636,1079
2228,20230609c_02456.jpg,7099,fanning,0.9800,0.9369,16,1357,378,1481,423
2228,20230609c_02456.jpg,7345,neutral,0.9249,0.9356,8,1113,389,1184,475
2228,20230609c_02456.jpg,7342,fanning,0.6773,0.9264,10,916,379,975,446
2228,20230609c_02456.jpg,7161,fanning,0.7757,0.9109,16,733,377,793,469
2229,20230609c_02457.jpg,7314,buffering,0.0000,0.9388,3,1301,626,1381,699
2229,20230609c_02457.jpg,7099,fanning,0.9955,0.9355,16,1357,377,1481,423
2229,20230609c_02457.jpg,7345,neutral,0.9363,0.9340,9,1102,379,1170,464
2229,20230609c_02457.jpg,7161,fanning,0.8237,0.9182,16,733,378,791,468
2229,20230609c_02457.jpg,7342,fanning,0.7992,0.9179,11,918,378,978,428
2230,20230609c_02458.jpg,7099,fanning,0.9960,0.9356,16,1357,377,1481,423
2230,20230609c_02458.jpg,7161,fanning,0.8467,0.9327,16,732,378,791,473
2230,20230609c_02458.jpg,7345,neutral,0.7383,0.9315,10,1102,378,1167,445
2230,20230609c_02458.jpg,7342,fanning,0.8234,0.8803,12,933,381,977,415
2231,20230609c_02459.jpg,7345,neutral,0.7220,0.9417,11,1093,378,1160,436
2231,20230609c_02459.jpg,7099,fanning,0.9950,0.9374,16,1419,378,1477,416
2231,20230609c_02459.jpg,7161,fanning,0.8290,0.9224,16,733,380,793,483
2231,20230609c_02459.jpg,7342,fanning,0.8279,0.8844,13,934,379,975,406
2232,20230609c_02460.jpg,7363,buffering,0.0000,0.9405,1,1406,584,1463,669
2232,20230609c_02460.jpg,7099,fanning,0.9951,0.9373,16,1358,378,1481,423
2232,20230609c_02460.jpg,7161,fanning,0.7987,0.9365,16,735,380,794,485
2232,20230609c_02460.jpg,7345,neutral,0.9248,0.9171,12,1095,378,1146,420
2232,20230609c_02460.jpg,7342,fanning,0.8394,0.8004,14,938,379,972,398
2232,20230609c_02460.jpg,7364,buffering,0.0000,0.6859,1,734,378,781,402
2233,20230609c_02461.jpg,7099,fanning,0.9944,0.9389,16,1356,377,1480,425
2233,20230609c_02461.jpg,7161,fanning,0.7655,0.9364,16,733,380,795,485
2233,20230609c_02461.jpg,7345,neutral,0.7788,0.9056,13,1090,378,1138,407
2234,20230609c_02462.jpg,7099,fanning,0.9939,0.9348,16,1357,378,1481,422
2234,20230609c_02462.jpg,7161,fanning,0.7088,0.9347,16,735,388,793,485
2235,20230609c_02463.jpg,7161,fanning,0.6075,0.9466,16,735,386,793,484
2235,20230609c_02463.jpg,7099,fanning,0.9940,0.9394,16,1358,378,1481,422
2236,20230609c_02464.jpg,7161,fanning,0.5736,0.9409,16,735,391,792,485
2236,20230609c_02464.jpg,7099,fanning,0.9928,0.9368,16,1357,378,1481,422
2237,20230609c_02465.jpg,7099,fanning,0.9924,0.9414,16,1358,377,1481,424
2237,20230609c_02465.jpg,7161,uncertain,0.5182,0.9336,16,735,384,793,484
2238,20230609c_02466.jpg,7099,fanning,0.9915,0.9366,16,1357,378,1481,422
2238,20230609c_02466.jpg,7161,neutral,0.6672,0.9331,16,735,388,794,484
2239,20230609c_02467.jpg,7099,fanning,0.9889,0.9352,16,1357,378,1481,421
2239,20230609c_02467.jpg,7161,neutral,0.7506,0.9290,16,735,385,794,483
2240,20230609c_02468.jpg,7099,fanning,0.9876,0.9383,16,1404,378,1480,417
2240,20230609c_02468.jpg,7161,neutral,0.8103,0.9307,16,735,383,795,484
2241,20230609c_02469.jpg,7099,fanning,0.9909,0.9388,16,1419,379,1477,417
2241,20230609c_02469.jpg,7161,neutral,0.8635,0.9302,16,735,386,793,484
2242,20230609c_02470.jpg,7099,fanning,0.9913,0.9419,16,1420,379,1477,418
2242,20230609c_02470.jpg,7161,neutral,0.9056,0.9256,16,735,384,797,482
2243,20230609c_02471.jpg,7099,fanning,0.9918,0.9418,16,1419,378,1477,417
2243,20230609c_02471.jpg,7161,neutral,0.8992,0.9269,16,737,390,798,485
2244,20230609c_02472.jpg,7099,fanning,0.9891,0.9418,16,1420,378,1477,418
2244,20230609c_02472.jpg,7161,neutral,0.9042,0.9284,16,737,384,797,485
2245,20230609c_02473.jpg,7099,fanning,0.9848,0.9427,16,1420,378,1477,418
2245,20230609c_02473.jpg,7161,neutral,0.9830,0.9265,16,736,390,799,483
2246,20230609c_02474.jpg,7099,fanning,0.9797,0.9433,16,1420,379,1477,417
2246,20230609c_02474.jpg,7161,neutral,0.9944,0.9296,16,733,383,796,481
2247,20230609c_02475.jpg,7099,fanning,0.9814,0.9436,16,1420,379,1477,418
2247,20230609c_02475.jpg,7161,neutral,0.9946,0.9301,16,734,383,793,481
2248,20230609c_02476.jpg,7099,fanning,0.9817,0.9448,16,1420,379,1477,419
2248,20230609c_02476.jpg,7161,neutral,0.9951,0.9303,16,731,384,789,478
2248,20230609c_02476.jpg,7364,buffering,0.0000,0.7680,2,757,378,799,401
2249,20230609c_02477.jpg,7099,fanning,0.9812,0.9435,16,1420,379,1477,417
2249,20230609c_02477.jpg,7161,neutral,0.9943,0.9335,16,731,382,787,477
2250,20230609c_02478.jpg,7099,fanning,0.9801,0.9463,16,1419,378,1477,417
2250,20230609c_02478.jpg,7161,neutral,0.9906,0.9296,16,729,382,793,476
2250,20230609c_02478.jpg,7364,buffering,0.0000,0.7523,3,753,378,805,398
2251,20230609c_02479.jpg,7099,fanning,0.9787,0.9414,16,1420,378,1477,418
2251,20230609c_02479.jpg,7161,neutral,0.9880,0.9317,16,729,380,789,478
2251,20230609c_02479.jpg,7364,neutral,0.9997,0.7456,4,760,378,802,400
2252,20230609c_02480.jpg,7099,fanning,0.9783,0.9444,16,1419,379,1476,419
2252,20230609c_02480.jpg,7161,neutral,0.9838,0.9317,16,732,381,791,477
2252,20230609c_02480.jpg,7364,neutral,0.9997,0.7931,5,763,378,804,400
2253,20230609c_02481.jpg,7099,fanning,0.9761,0.9446,16,1419,379,1476,419
2253,20230609c_02481.jpg,7161,neutral,0.9614,0.9326,16,732,382,789,481
2253,20230609c_02481.jpg,7364,neutral,0.9997,0.7532,6,766,378,808,396
2254,20230609c_02482.jpg,7099,fanning,0.9728,0.9432,16,1419,379,1477,418
2254,20230609c_02482.jpg,7161,neutral,0.9471,0.9371,16,728,382,785,476
2255,20230609c_02483.jpg,7099,fanning,0.9717,0.9439,16,1420,379,1476,418
2255,20230609c_02483.jpg,7161,neutral,0.9512,0.9388,16,726,382,786,474
2256,20230609c_02484.jpg,7099,fanning,0.9735,0.9414,16,1420,379,1476,419
2256,20230609c_02484.jpg,7161,neutral,0.9600,0.9363,16,727,384,788,476
2257,20230609c_02485.jpg,7099,fanning,0.9664,0.9432,16,1420,379,1476,419
2257,20230609c_02485.jpg,7161,neutral,0.9663,0.9376,16,727,382,787,476
2258,20230609c_02486.jpg,7099,fanning,0.9621,0.9425,16,1420,379,1476,419
2258,20230609c_02486.jpg,7161,neutral,0.9623,0.9368,16,725,381,788,473
2259,20230609c_02487.jpg,7099,fanning,0.9496,0.9413,16,1420,378,1476,419
2259,20230609c_02487.jpg,7389,buffering,0.0000,0.9381,1,1244,938,1295,1015
2259,20230609c_02487.jpg,7161,neutral,0.9644,0.9344,16,729,385,790,476
2260,20230609c_02488.jpg,7099,fanning,0.9383,0.9433,16,1420,379,1476,420
2260,20230609c_02488.jpg,7161,neutral,0.9645,0.9360,16,731,385,790,476
2260,20230609c_02488.jpg,7389,buffering,0.0000,0.9299,2,1235,952,1280,1033
2261,20230609c_02489.jpg,7099,fanning,0.9413,0.9431,16,1420,379,1477,420
2261,20230609c_02489.jpg,7161,neutral,0.9179,0.9356,16,727,381,792,474
2262,20230609c_02490.jpg,7099,fanning,0.9471,0.9414,16,1411,378,1478,418
2262,20230609c_02490.jpg,7161,neutral,0.9258,0.9333,16,731,383,792,475
2263,20230609c_02491.jpg,7099,fanning,0.9579,0.9392,16,1412,377,1478,418
2263,20230609c_02491.jpg,7161,neutral,0.8926,0.9318,16,730,383,792,473
2264,20230609c_02492.jpg,7099,fanning,0.9486,0.9396,16,1422,378,1476,418
2264,20230609c_02492.jpg,7161,neutral,0.7285,0.9319,16,730,382,791,474
2265,20230609c_02493.jpg,7099,fanning,0.9377,0.9408,16,1422,378,1475,418
2265,20230609c_02493.jpg,7161,neutral,0.5892,0.9299,16,733,379,792,471
2266,20230609c_02494.jpg,7099,fanning,0.9330,0.9403,16,1414,377,1477,419
2266,20230609c_02494.jpg,7161,neutral,0.6598,0.9332,16,731,380,791,473
2267,20230609c_02495.jpg,7161,uncertain,0.5053,0.9421,16,732,380,791,472
2267,20230609c_02495.jpg,7099,fanning,0.9286,0.9408,16,1421,378,1476,417
2268,20230609c_02496.jpg,7161,fanning,0.5604,0.9449,16,731,379,792,469
2268,20230609c_02496.jpg,7099,fanning,0.9195,0.9412,16,1421,378,1475,416
2269,20230609c_02497.jpg,7161,fanning,0.6781,0.9425,16,730,379,791,467
2269,20230609c_02497.jpg,7099,fanning,0.9073,0.9413,16,1414,377,1478,418
2270,20230609c_02498.jpg,7099,fanning,0.9072,0.9415,16,1415,377,1477,419
2270,20230609c_02498.jpg,7161,fanning,0.6980,0.9228,16,731,379,792,469
2271,20230609c_02499.jpg,7099,fanning,0.9174,0.9446,16,1420,379,1474,417
2271,20230609c_02499.jpg,7161,fanning,0.7236,0.9257,16,730,379,791,472
2272,20230609c_02500.jpg,7099,fanning,0.8864,0.9402,16,1421,378,1474,416
2272,20230609c_02500.jpg,7161,fanning,0.7118,0.9338,16,731,378,789,471
2273,20230609c_02501.jpg,7099,fanning,0.8838,0.9415,16,1421,378,1475,416
2273,20230609c_02501.jpg,7161,fanning,0.7045,0.9305,16,730,378,791,466
2274,20230609c_02502.jpg,7099,fanning,0.8771,0.9426,16,1421,378,1475,417
2274,20230609c_02502.jpg,7161,fanning,0.7100,0.9340,16,728,377,794,469
2275,20230609c_02503.jpg,7099,fanning,0.8852,0.9412,16,1422,378,1475,417
2275,20230609c_02503.jpg,7161,fanning,0.7399,0.9309,16,732,377,793,468
2276,20230609c_02504.jpg,7099,fanning,0.9255,0.9408,16,1422,378,1475,417
2276,20230609c_02504.jpg,7412,buffering,0.0000,0.9355,1,531,660,580,747
2276,20230609c_02504.jpg,7161,fanning,0.7425,0.9300,16,731,377,792,466
2277,20230609c_02505.jpg,7099,fanning,0.9271,0.9416,16,1414,377,1476,417
2277,20230609c_02505.jpg,7412,buffering,0.0000,0.9335,2,527,624,575,708
2277,20230609c_02505.jpg,7161,fanning,0.7248,0.9270,16,729,377,793,466
2278,20230609c_02506.jpg,7099,fanning,0.9074,0.9398,16,1423,378,1475,419
2278,20230609c_02506.jpg,7412,buffering,0.0000,0.9394,3,522,588,580,681
2278,20230609c_02506.jpg,7161,fanning,0.7300,0.9270,16,731,377,793,466
2279,20230609c_02507.jpg,7412,neutral,0.9990,0.9430,4,524,548,579,634
2279,20230609c_02507.jpg,7099,fanning,0.8904,0.9393,16,1419,377,1477,419
2279,20230609c_02507.jpg,7161,fanning,0.7572,0.9320,16,730,377,793,467
2280,20230609c_02508.jpg,7412,neutral,0.9987,0.9429,5,525,508,579,591
2280,20230609c_02508.jpg,7099,fanning,0.8970,0.9392,16,1421,378,1477,419
2280,20230609c_02508.jpg,7161,fanning,0.7995,0.9325,16,729,376,791,470
2281,20230609c_02509.jpg,7412,neutral,0.9973,0.9429,6,529,466,588,553
2281,20230609c_02509.jpg,7099,fanning,0.8799,0.9377,16,1420,377,1478,417
2281,20230609c_02509.jpg,7161,fanning,0.8399,0.9251,16,731,375,792,467
2282,20230609c_02510.jpg,7099,fanning,0.8655,0.9392,16,1420,377,1478,418
2282,20230609c_02510.jpg,7412,neutral,0.9894,0.9342,7,537,433,593,524
2282,20230609c_02510.jpg,7161,fanning,0.8874,0.9253,16,732,375,792,468
2283,20230609c_02511.jpg,7099,fanning,0.8270,0.9387,16,1420,377,1477,418
2283,20230609c_02511.jpg,7412,neutral,0.9702,0.9260,8,529,399,594,496
2283,20230609c_02511.jpg,7161,fanning,0.9044,0.9246,16,732,375,791,467
2284,20230609c_02512.jpg,7099,fanning,0.7990,0.9398,16,1421,377,1477,419
2284,20230609c_02512.jpg,7412,neutral,0.9319,0.9336,9,513,375,575,468
2284,20230609c_02512.jpg,7161,fanning,0.9151,0.9251,16,731,375,792,470
2285,20230609c_02513.jpg,7412,neutral,0.7691,0.9471,10,521,376,591,448
2285,20230609c_02513.jpg,7099,fanning,0.7591,0.9384,16,1420,377,1479,418
2285,20230609c_02513.jpg,7161,fanning,0.9061,0.9264,16,731,375,792,468
2286,20230609c_02514.jpg,7099,fanning,0.6680,0.9371,16,1426,378,1476,416
2286,20230609c_02514.jpg,7161,fanning,0.9141,0.9262,16,731,376,793,468
2286,20230609c_02514.jpg,7412,fanning,0.5681,0.9244,11,536,376,605,441
2287,20230609c_02515.jpg,7099,fanning,0.5958,0.9382,16,1420,377,1478,418
2287,20230609c_02515.jpg,7161,fanning,0.9191,0.9232,16,732,377,793,469
2288,20230609c_02516.jpg,7099,fanning,0.5589,0.9410,16,1421,377,1478,419
2288,20230609c_02516.jpg,7161,fanning,0.8962,0.9228,16,735,376,791,469
2289,20230609c_02517.jpg,7099,uncertain,0.5365,0.9407,16,1423,377,1478,418
2289,20230609c_02517.jpg,7161,fanning,0.8895,0.9263,16,734,376,793,469
2290,20230609c_02518.jpg,7099,uncertain,0.5070,0.9406,16,1423,377,1478,417
2290,20230609c_02518.jpg,7161,fanning,0.8838,0.9249,16,734,376,792,468
2291,20230609c_02519.jpg,7099,uncertain,0.5314,0.9395,16,1420,377,1478,417
2291,20230609c_02519.jpg,7161,fanning,0.8816,0.9228,16,731,377,791,467
2292,20230609c_02520.jpg,7099,neutral,0.6145,0.9360,16,1420,377,1478,416
2292,20230609c_02520.jpg,7161,fanning,0.8859,0.9176,16,733,377,792,466
2293,20230609c_02521.jpg,7099,neutral,0.6517,0.9352,16,1420,377,1477,418
2293,20230609c_02521.jpg,7161,fanning,0.8820,0.9192,16,732,377,791,464
2294,20230609c_02522.jpg,7099,neutral,0.6226,0.9385,16,1421,378,1478,419
2294,20230609c_02522.jpg,7161,fanning,0.8815,0.9181,16,730,377,791,464
2295,20230609c_02523.jpg,7099,neutral,0.6956,0.9380,16,1422,378,1478,418
2295,20230609c_02523.jpg,7161,fanning,0.8668,0.9186,16,730,377,791,465
2296,20230609c_02524.jpg,7099,neutral,0.7749,0.9380,16,1420,377,1478,418
2296,20230609c_02524.jpg,7161,fanning,0.8451,0.9195,16,731,377,791,465
2297,20230609c_02525.jpg,7099,neutral,0.8060,0.9392,16,1421,377,1477,418
2297,20230609c_02525.jpg,7161,fanning,0.7964,0.9213,16,731,377,792,463
2298,20230609c_02526.jpg,7099,neutral,0.8349,0.9388,16,1421,377,1478,419
2298,20230609c_02526.jpg,7161,fanning,0.7484,0.9244,16,732,377,793,466
2299,20230609c_02527.jpg,7099,neutral,0.7991,0.9393,16,1418,377,1478,419
2299,20230609c_02527.jpg,7161,fanning,0.7405,0.9248,16,728,377,792,465
2300,20230609c_02528.jpg,7099,neutral,0.8316,0.9365,16,1421,377,1478,418
2300,20230609c_02528.jpg,7161,fanning,0.7870,0.9225,16,729,376,791,468
2301,20230609c_02529.jpg,7099,neutral,0.8581,0.9388,16,1423,377,1478,419
2301,20230609c_02529.jpg,7161,fanning,0.8091,0.9257,16,729,377,788,465
2302,20230609c_02530.jpg,7099,neutral,0.8598,0.9390,16,1421,378,1478,420
2302,20230609c_02530.jpg,7161,fanning,0.8415,0.9260,16,728,377,790,466
2303,20230609c_02531.jpg,7099,neutral,0.8869,0.9411,16,1423,377,1478,420
2303,20230609c_02531.jpg,7161,fanning,0.8479,0.9248,16,728,376,789,461
2304,20230609c_02532.jpg,7099,neutral,0.9169,0.9386,16,1421,377,1478,419
2304,20230609c_02532.jpg,7161,fanning,0.9128,0.9238,16,728,377,790,458
2305,20230609c_02533.jpg,7099,neutral,0.9366,0.9391,16,1422,377,1478,419
2305,20230609c_02533.jpg,7161,fanning,0.9313,0.9243,16,725,376,787,453
2306,20230609c_02534.jpg,7099,neutral,0.9327,0.9393,16,1424,378,1476,419
2306,20230609c_02534.jpg,7161,fanning,0.9415,0.9222,16,725,376,789,451
2307,20230609c_02535.jpg,7099,neutral,0.9604,0.9390,16,1421,377,1477,420
2307,20230609c_02535.jpg,7161,fanning,0.9466,0.9215,16,725,376,789,452
2308,20230609c_02536.jpg,7099,neutral,0.9574,0.9376,16,1417,377,1478,418
2308,20230609c_02536.jpg,7161,fanning,0.9469,0.9183,16,723,376,788,452
2309,20230609c_02537.jpg,7099,neutral,0.9604,0.9356,16,1418,377,1479,417
2309,20230609c_02537.jpg,7161,fanning,0.9434,0.9208,16,728,377,790,451
2310,20230609c_02538.jpg,7099,neutral,0.9675,0.9347,16,1424,378,1476,416
2310,20230609c_02538.jpg,7161,fanning,0.9425,0.9285,16,727,376,787,451
2311,20230609c_02539.jpg,7099,neutral,0.9592,0.9370,16,1417,377,1478,417
2311,20230609c_02539.jpg,7161,fanning,0.9271,0.9340,16,727,377,788,450
2312,20230609c_02540.jpg,7099,neutral,0.9607,0.9350,16,1420,377,1478,417
2312,20230609c_02540.jpg,7161,fanning,0.9149,0.9245,16,728,378,788,449
2313,20230609c_02541.jpg,7161,fanning,0.9028,0.9373,16,726,378,788,450
2313,20230609c_02541.jpg,7099,neutral,0.9471,0.9350,16,1420,377,1478,417
2313,20230609c_02541.jpg,7439,buffering,0.0000,0.9093,1,174,948,245,1002
2314,20230609c_02542.jpg,7161,fanning,0.9609,0.9409,16,727,378,790,450
2314,20230609c_02542.jpg,7099,neutral,0.9269,0.9366,16,1420,378,1478,417
2314,20230609c_02542.jpg,7439,buffering,0.0000,0.9064,2,191,959,266,1008
2315,20230609c_02543.jpg,7161,fanning,0.9635,0.9379,16,726,378,789,449
2315,20230609c_02543.jpg,7099,neutral,0.9438,0.9379,16,1419,377,1479,418
2316,20230609c_02544.jpg,7449,buffering,0.0000,0.9385,1,1315,842,1357,920
2316,20230609c_02544.jpg,7099,neutral,0.9515,0.9382,16,1420,377,1479,418
2316,20230609c_02544.jpg,7161,fanning,0.9596,0.9342,16,718,376,784,450
2317,20230609c_02545.jpg,7161,fanning,0.9621,0.9388,16,722,376,786,450
2317,20230609c_02545.jpg,7099,neutral,0.9494,0.9377,16,1424,378,1476,418
2317,20230609c_02545.jpg,7449,buffering,0.0000,0.9304,2,1314,821,1354,900
2318,20230609c_02546.jpg,7099,neutral,0.9493,0.9347,16,1420,377,1479,417
2318,20230609c_02546.jpg,7161,fanning,0.9529,0.9340,16,722,376,786,448
2318,20230609c_02546.jpg,7449,buffering,0.0000,0.9289,3,1291,803,1346,884
2319,20230609c_02547.jpg,7161,fanning,0.9558,0.9407,16,723,376,785,448
2319,20230609c_02547.jpg,7099,neutral,0.9386,0.9361,16,1419,377,1479,417
2319,20230609c_02547.jpg,7449,fanning,0.6918,0.9307,4,1263,793,1317,879
2320,20230609c_02548.jpg,7161,fanning,0.9553,0.9373,16,724,377,785,447
2320,20230609c_02548.jpg,7099,neutral,0.9215,0.9359,16,1424,378,1476,418
2320,20230609c_02548.jpg,7449,fanning,0.8591,0.9206,5,1232,781,1282,867
2321,20230609c_02549.jpg,7161,fanning,0.9588,0.9365,16,720,378,782,446
2321,20230609c_02549.jpg,7099,neutral,0.9157,0.9356,16,1420,377,1479,418
2321,20230609c_02549.jpg,7449,fanning,0.9480,0.9288,6,1220,762,1269,850
2322,20230609c_02550.jpg,7161,fanning,0.9588,0.9483,16,722,378,782,445
2322,20230609c_02550.jpg,7099,neutral,0.9247,0.9329,16,1421,377,1479,417
2322,20230609c_02550.jpg,7449,fanning,0.9588,0.9237,7,1201,741,1252,834
2323,20230609c_02551.jpg,7161,fanning,0.9536,0.9520,16,720,377,780,444
2323,20230609c_02551.jpg,7465,buffering,0.0000,0.9395,1,894,499,972,557
2323,20230609c_02551.jpg,7099,neutral,0.9184,0.9351,16,1420,377,1478,417
2323,20230609c_02551.jpg,7449,fanning,0.9637,0.9197,8,1162,712,1216,811
2324,20230609c_02552.jpg,7099,neutral,0.9212,0.9356,16,1425,378,1476,418
2324,20230609c_02552.jpg,7161,fanning,0.9619,0.9336,16,718,378,780,444
2325,20230609c_02553.jpg,7099,neutral,0.9269,0.9369,16,1419,377,1478,419
2325,20230609c_02553.jpg,7161,fanning,0.9798,0.9263,16,716,378,779,443
2326,20230609c_02554.jpg,7099,neutral,0.9282,0.9336,16,1424,378,1476,415
2326,20230609c_02554.jpg,7161,fanning,0.9857,0.9245,16,721,378,779,442
2327,20230609c_02555.jpg,7099,neutral,0.9360,0.9347,16,1424,378,1476,415
2327,20230609c_02555.jpg,7471,buffering,0.0000,0.9339,1,1027,534,1086,629
2327,20230609c_02555.jpg,7161,fanning,0.9899,0.9241,16,721,378,779,442
2328,20230609c_02556.jpg,7471,buffering,0.0000,0.9362,2,1032,482,1110,573
2328,20230609c_02556.jpg,7099,neutral,0.9234,0.9337,16,1424,378,1476,417
2328,20230609c_02556.jpg,7161,fanning,0.9912,0.9237,16,717,378,779,441
2329,20230609c_02557.jpg,7099,neutral,0.9037,0.9331,16,1424,378,1476,417
2329,20230609c_02557.jpg,7161,fanning,0.9926,0.9272,16,719,378,781,441
2330,20230609c_02558.jpg,7099,neutral,0.9134,0.9353,16,1424,378,1476,418
2330,20230609c_02558.jpg,7477,buffering,0.0000,0.9325,1,1197,380,1256,456
2330,20230609c_02558.jpg,7161,fanning,0.9922,0.9273,16,717,378,787,442
2331,20230609c_02559.jpg,7477,buffering,0.0000,0.9408,2,1200,379,1263,451
2331,20230609c_02559.jpg,7480,buffering,0.0000,0.9377,1,1109,379,1170,438
2331,20230609c_02559.jpg,7099,neutral,0.9243,0.9356,16,1425,378,1476,418
2331,20230609c_02559.jpg,7161,fanning,0.9921,0.9292,16,718,378,780,441
2332,20230609c_02560.jpg,7480,buffering,0.0000,0.9397,2,1119,379,1179,447
2332,20230609c_02560.jpg,7099,neutral,0.9080,0.9363,16,1425,378,1475,419
2332,20230609c_02560.jpg,7477,buffering,0.0000,0.9317,3,1211,377,1264,430
2332,20230609c_02560.jpg,7161,fanning,0.9938,0.9293,16,716,378,779,439
2332,20230609c_02560.jpg,7482,buffering,0.0000,0.6129,1,0,581,13,641
2333,20230609c_02561.jpg,7099,neutral,0.9034,0.9374,16,1420,377,1478,419
2333,20230609c_02561.jpg,7161,fanning,0.9942,0.9300,16,715,378,780,439
2333,20230609c_02561.jpg,7480,buffering,0.0000,0.9227,3,1117,378,1180,438
2333,20230609c_02561.jpg,7477,uncertain,0.5355,0.9195,4,1210,378,1263,414
2334,20230609c_02562.jpg,7099,neutral,0.9149,0.9365,16,1421,377,1478,419
2334,20230609c_02562.jpg,7480,neutral,0.9855,0.9331,4,1115,378,1177,432
2334,20230609c_02562.jpg,7161,fanning,0.9950,0.9271,16,714,378,781,439
2334,20230609c_02562.jpg,7477,fanning,0.8051,0.9107,5,1213,377,1268,411
2335,20230609c_02563.jpg,7099,neutral,0.9252,0.9356,16,1422,377,1479,418
2335,20230609c_02563.jpg,7161,fanning,0.9954,0.9235,16,717,378,780,440
2335,20230609c_02563.jpg,7480,neutral,0.9618,0.9172,5,1121,377,1175,413
2335,20230609c_02563.jpg,7477,fanning,0.8721,0.9130,6,1211,378,1267,408
2336,20230609c_02564.jpg,7099,neutral,0.9169,0.9343,16,1420,377,1478,418
2336,20230609c_02564.jpg,7161,fanning,0.9953,0.9232,16,716,378,781,440
2336,20230609c_02564.jpg,7477,fanning,0.8910,0.9027,7,1214,378,1265,407
2337,20230609c_02565.jpg,7099,neutral,0.9231,0.9364,16,1421,377,1479,418
2337,20230609c_02565.jpg,7161,fanning,0.9950,0.9218,16,716,378,782,441
2337,20230609c_02565.jpg,7477,fanning,0.9315,0.8912,8,1214,378,1265,404
2338,20230609c_02566.jpg,7099,neutral,0.9217,0.9397,16,1421,378,1478,420
2338,20230609c_02566.jpg,7161,fanning,0.9954,0.9238,16,716,378,782,441
2338,20230609c_02566.jpg,7477,fanning,0.8455,0.8835,9,1216,377,1265,400
2339,20230609c_02567.jpg,7099,neutral,0.9194,0.9385,16,1421,378,1478,419
2339,20230609c_02567.jpg,7161,fanning,0.9956,0.9239,16,715,378,782,440
2339,20230609c_02567.jpg,7477,fanning,0.8082,0.8776,10,1224,377,1265,400
2340,20230609c_02568.jpg,7099,neutral,0.9233,0.9365,16,1425,379,1476,418
2340,20230609c_02568.jpg,7161,fanning,0.9948,0.9221,16,714,378,780,439
2340,20230609c_02568.jpg,7477,fanning,0.8409,0.8471,11,1228,378,1264,397
2341,20230609c_02569.jpg,7099,neutral,0.9321,0.9367,16,1421,377,1478,418
2341,20230609c_02569.jpg,7161,fanning,0.9941,0.9205,16,711,378,780,440
2341,20230609c_02569.jpg,7477,fanning,0.8633,0.7760,12,1228,378,1262,395
2342,20230609c_02570.jpg,7099,neutral,0.9232,0.9368,16,1424,378,1476,419
2342,20230609c_02570.jpg,7161,fanning,0.9936,0.9164,16,715,378,779,439
2342,20230609c_02570.jpg,7477,fanning,0.8502,0.7718,13,1226,377,1259,393
2343,20230609c_02571.jpg,7099,neutral,0.9265,0.9376,16,1424,378,1476,419
2343,20230609c_02571.jpg,7161,fanning,0.9936,0.9208,16,716,378,777,439
2343,20230609c_02571.jpg,7477,fanning,0.8134,0.5859,14,1226,377,1254,392
2343,20230609c_02571.jpg,7482,buffering,0.0000,0.5590,2,0,578,15,644
2344,20230609c_02572.jpg,7099,neutral,0.9371,0.9344,16,1425,378,1476,416
2344,20230609c_02572.jpg,7161,fanning,0.9933,0.9176,16,715,378,778,438
2344,20230609c_02572.jpg,7477,fanning,0.8049,0.6176,15,1225,377,1253,391
2345,20230609c_02573.jpg,7099,neutral,0.9464,0.9362,16,1424,378,1476,418
2345,20230609c_02573.jpg,7161,fanning,0.9928,0.9182,16,715,379,777,434
2345,20230609c_02573.jpg,7477,fanning,0.7807,0.6091,16,1225,377,1253,391
2346,20230609c_02574.jpg,7099,neutral,0.9387,0.9380,16,1420,377,1478,419
2346,20230609c_02574.jpg,7161,fanning,0.9917,0.9146,16,712,379,775,433
2347,20230609c_02575.jpg,7099,neutral,0.9280,0.9382,16,1424,378,1476,420
2347,20230609c_02575.jpg,7161,fanning,0.9914,0.9084,16,709,378,772,433
2348,20230609c_02576.jpg,7099,neutral,0.9249,0.9375,16,1418,377,1479,419
2348,20230609c_02576.jpg,7161,fanning,0.9908,0.9269,16,710,378,771,434
2349,20230609c_02577.jpg,7099,neutral,0.9216,0.9374,16,1424,378,1476,418
2349,20230609c_02577.jpg,7161,fanning,0.9897,0.9284,16,712,379,771,434
2350,20230609c_02578.jpg,7099,neutral,0.9107,0.9377,16,1424,379,1476,419
2350,20230609c_02578.jpg,7161,fanning,0.9878,0.9137,16,713,378,769,433
2351,20230609c_02579.jpg,7099,neutral,0.8911,0.9385,16,1424,379,1476,419
2351,20230609c_02579.jpg,7161,fanning,0.9866,0.9195,16,714,378,772,433
2352,20230609c_02580.jpg,7099,neutral,0.8915,0.9424,16,1422,378,1476,422
2352,20230609c_02580.jpg,7161,fanning,0.9850,0.9160,16,713,378,774,433
2353,20230609c_02581.jpg,7099,neutral,0.8654,0.9358,16,1419,377,1478,419
2353,20230609c_02581.jpg,7161,fanning,0.9846,0.9349,16,713,378,774,433
2354,20230609c_02582.jpg,7161,fanning,0.9840,0.9390,16,713,379,775,432
2354,20230609c_02582.jpg,7099,neutral,0.8899,0.9371,16,1422,377,1478,419
2355,20230609c_02583.jpg,7099,neutral,0.8349,0.9366,16,1420,378,1478,420
2355,20230609c_02583.jpg,7161,fanning,0.9833,0.9260,16,714,379,773,431
2356,20230609c_02584.jpg,7099,neutral,0.7502,0.9392,16,1419,378,1479,420
2356,20230609c_02584.jpg,7161,fanning,0.9835,0.9267,16,714,379,773,430
2357,20230609c_02585.jpg,7099,neutral,0.6427,0.9390,16,1421,378,1479,420
2357,20230609c_02585.jpg,7161,fanning,0.9791,0.9068,16,713,379,770,430
2358,20230609c_02586.jpg,7099,neutral,0.6041,0.9408,16,1421,378,1479,420
2358,20230609c_02586.jpg,7161,fanning,0.9761,0.9213,16,712,378,773,429
2359,20230609c_02587.jpg,7099,neutral,0.6554,0.9370,16,1421,377,1479,419
2359,20230609c_02587.jpg,7161,fanning,0.9701,0.9154,16,713,378,774,430
2360,20230609c_02588.jpg,7099,neutral,0.6745,0.9356,16,1420,377,1479,418
2360,20230609c_02588.jpg,7161,fanning,0.9681,0.9191,16,715,378,771,431
2361,20230609c_02589.jpg,7099,neutral,0.6583,0.9368,16,1418,377,1479,419
2361,20230609c_02589.jpg,7161,fanning,0.9669,0.9116,16,714,378,773,430
2362,20230609c_02590.jpg,7099,neutral,0.6585,0.9370,16,1423,378,1476,418
2362,20230609c_02590.jpg,7161,fanning,0.9707,0.9164,16,715,379,772,430
2363,20230609c_02591.jpg,7099,neutral,0.6106,0.9359,16,1418,377,1479,417
2363,20230609c_02591.jpg,7161,fanning,0.9701,0.9104,16,714,379,771,430
2364,20230609c_02592.jpg,7099,neutral,0.6150,0.9348,16,1418,377,1479,418
2364,20230609c_02592.jpg,7161,fanning,0.9627,0.9115,16,713,379,771,431
2365,20230609c_02593.jpg,7099,neutral,0.5970,0.9364,16,1424,378,1476,418
2365,20230609c_02593.jpg,7161,fanning,0.9590,0.9130,16,716,378,771,431
2366,20230609c_02594.jpg,7099,neutral,0.6210,0.9374,16,1420,377,1478,419
2366,20230609c_02594.jpg,7161,fanning,0.9642,0.9188,16,715,379,772,430
2367,20230609c_02595.jpg,7099,neutral,0.6618,0.9376,16,1424,378,1476,419
2367,20230609c_02595.jpg,7161,fanning,0.9644,0.9190,16,714,379,771,429
2368,20230609c_02596.jpg,7099,neutral,0.6879,0.9393,16,1423,378,1479,419
2368,20230609c_02596.jpg,7161,fanning,0.9582,0.9189,16,713,378,773,428
2369,20230609c_02597.jpg,7099,neutral,0.7155,0.9373,16,1422,378,1479,418
2369,20230609c_02597.jpg,7161,fanning,0.9492,0.9199,16,715,378,772,428
2370,20230609c_02598.jpg,7099,neutral,0.7085,0.9395,16,1424,377,1479,419
2370,20230609c_02598.jpg,7161,fanning,0.9296,0.9142,16,714,379,771,427
2371,20230609c_02599.jpg,7099,neutral,0.8240,0.9382,16,1423,377,1478,419
2371,20230609c_02599.jpg,7161,fanning,0.9051,0.9181,16,714,379,771,428
2372,20230609c_02600.jpg,7099,neutral,0.8968,0.9393,16,1424,377,1479,420
2372,20230609c_02600.jpg,7161,fanning,0.8652,0.9153,16,714,378,773,428
2373,20230609c_02601.jpg,7099,neutral,0.9473,0.9398,16,1423,377,1478,420
2373,20230609c_02601.jpg,7161,fanning,0.8578,0.9163,16,714,379,771,428
2374,20230609c_02602.jpg,7099,neutral,0.9674,0.9399,16,1424,377,1478,419
2374,20230609c_02602.jpg,7161,fanning,0.8401,0.9153,16,712,379,771,427
2375,20230609c_02603.jpg,7099,neutral,0.9482,0.9387,16,1424,378,1479,419
2375,20230609c_02603.jpg,7161,fanning,0.8116,0.9169,16,712,379,771,427
2376,20230609c_02604.jpg,7099,neutral,0.9402,0.9395,16,1423,378,1478,420
2376,20230609c_02604.jpg,7161,fanning,0.7753,0.9154,16,712,379,769,427
2377,20230609c_02605.jpg,7099,neutral,0.9499,0.9385,16,1421,377,1479,419
2377,20230609c_02605.jpg,7161,fanning,0.7066,0.9099,16,714,379,769,427
2378,20230609c_02606.jpg,7099,neutral,0.9499,0.9383,16,1421,378,1479,420
2378,20230609c_02606.jpg,7161,uncertain,0.5143,0.9153,16,714,379,771,427
2379,20230609c_02607.jpg,7099,neutral,0.9589,0.9386,16,1421,378,1479,420
2379,20230609c_02607.jpg,7161,neutral,0.6510,0.9137,16,716,379,769,426
2380,20230609c_02608.jpg,7099,neutral,0.9561,0.9400,16,1422,378,1479,420
2380,20230609c_02608.jpg,7161,neutral,0.7749,0.9138,16,716,379,768,426
2381,20230609c_02609.jpg,7099,neutral,0.9623,0.9417,16,1424,378,1479,421
2381,20230609c_02609.jpg,7161,neutral,0.8608,0.9133,16,715,378,767,426
2382,20230609c_02610.jpg,7099,neutral,0.9702,0.9393,16,1422,378,1479,421
2382,20230609c_02610.jpg,7161,neutral,0.9101,0.9163,16,713,378,766,426
2383,20230609c_02611.jpg,7099,neutral,0.9754,0.9401,16,1423,378,1478,420
2383,20230609c_02611.jpg,7521,buffering,0.0000,0.9296,1,1281,377,1339,445
2383,20230609c_02611.jpg,7161,neutral,0.9707,0.9150,16,711,379,765,425
2384,20230609c_02612.jpg,7522,buffering,0.0000,0.9458,1,399,433,464,513
2384,20230609c_02612.jpg,7099,neutral,0.9743,0.9399,16,1422,378,1479,420
2384,20230609c_02612.jpg,7521,buffering,0.0000,0.9266,2,1280,378,1330,428
2384,20230609c_02612.jpg,7161,neutral,0.9744,0.9180,16,709,378,766,425
2385,20230609c_02613.jpg,7522,buffering,0.0000,0.9462,2,425,432,486,520
2385,20230609c_02613.jpg,7099,neutral,0.9665,0.9414,16,1424,378,1479,420
2385,20230609c_02613.jpg,7521,buffering,0.0000,0.9255,3,1277,378,1332,431
2385,20230609c_02613.jpg,7161,neutral,0.9794,0.9210,16,712,379,765,423
2386,20230609c_02614.jpg,7522,buffering,0.0000,0.9421,3,439,422,501,511
2386,20230609c_02614.jpg,7099,neutral,0.9623,0.9398,16,1422,378,1479,421
2386,20230609c_02614.jpg,7161,neutral,0.9773,0.9181,16,711,378,766,423
2386,20230609c_02614.jpg,7521,neutral,0.9967,0.9120,4,1273,378,1331,427
2387,20230609c_02615.jpg,7522,neutral,0.9944,0.9427,4,460,380,557,489
2387,20230609c_02615.jpg,7099,neutral,0.9566,0.9409,16,1423,378,1478,421
2387,20230609c_02615.jpg,7161,neutral,0.9787,0.9194,16,710,379,765,423
2387,20230609c_02615.jpg,7521,neutral,0.9939,0.9188,5,1273,379,1328,423
2388,20230609c_02616.jpg,7099,neutral,0.9451,0.9408,16,1422,378,1479,420
2388,20230609c_02616.jpg,7521,neutral,0.9901,0.9251,6,1272,378,1336,418
2388,20230609c_02616.jpg,7522,neutral,0.9917,0.9218,5,490,375,566,466
2388,20230609c_02616.jpg,7161,neutral,0.9725,0.9137,16,710,379,765,423
2389,20230609c_02617.jpg,7099,neutral,0.9318,0.9414,16,1424,379,1476,421
2389,20230609c_02617.jpg,7522,neutral,0.9285,0.9305,6,511,374,572,455
2389,20230609c_02617.jpg,7161,neutral,0.9679,0.9164,16,710,379,766,424
2389,20230609c_02617.jpg,7521,neutral,0.9863,0.8924,7,1273,378,1334,416
2390,20230609c_02618.jpg,7099,neutral,0.9223,0.9422,16,1422,378,1479,422
2390,20230609c_02618.jpg,7522,neutral,0.7398,0.9384,7,515,375,575,447
2390,20230609c_02618.jpg,7521,neutral,0.9815,0.9214,8,1265,378,1336,426
2390,20230609c_02618.jpg,7161,neutral,0.9186,0.9018,16,711,379,769,426
2391,20230609c_02619.jpg,7099,neutral,0.9408,0.9407,16,1420,378,1478,424
2391,20230609c_02619.jpg,7521,neutral,0.9755,0.9264,9,1255,378,1325,426
2391,20230609c_02619.jpg,7522,fanning,0.6878,0.9263,8,509,377,568,436
2391,20230609c_02619.jpg,7161,neutral,0.8946,0.9067,16,708,379,767,425
2392,20230609c_02620.jpg,7099,neutral,0.9329,0.9414,16,1419,378,1478,424
2392,20230609c_02620.jpg,7522,fanning,0.7861,0.9306,9,509,376,580,436
2392,20230609c_02620.jpg,7521,neutral,0.9698,0.9219,10,1253,377,1319,420
2392,20230609c_02620.jpg,7161,neutral,0.9008,0.9127,16,710,380,764,425
2393,20230609c_02621.jpg,7099,neutral,0.9306,0.9407,16,1425,378,1478,422
2393,20230609c_02621.jpg,7522,fanning,0.8261,0.9345,10,510,377,564,434
2393,20230609c_02621.jpg,7161,neutral,0.9015,0.9132,16,705,379,761,426
2393,20230609c_02621.jpg,7521,neutral,0.9494,0.9050,11,1248,377,1315,415
2394,20230609c_02622.jpg,7099,neutral,0.9229,0.9408,16,1423,378,1478,421
2394,20230609c_02622.jpg,7522,fanning,0.7921,0.9317,11,511,378,568,432
2394,20230609c_02622.jpg,7161,neutral,0.8801,0.9090,16,708,378,766,428
2394,20230609c_02622.jpg,7521,neutral,0.9282,0.9051,12,1245,377,1318,418
2395,20230609c_02623.jpg,7099,neutral,0.8921,0.9418,16,1422,378,1478,420
2395,20230609c_02623.jpg,7522,fanning,0.8461,0.9318,12,510,377,567,425
2395,20230609c_02623.jpg,7161,neutral,0.8559,0.9179,16,710,378,763,429
2395,20230609c_02623.jpg,7521,neutral,0.8702,0.9083,13,1244,377,1314,417
2396,20230609c_02624.jpg,7099,neutral,0.8848,0.9403,16,1422,378,1478,419
2396,20230609c_02624.jpg,7522,fanning,0.5828,0.9147,13,516,378,561,417
2396,20230609c_02624.jpg,7161,neutral,0.8238,0.9103,16,708,378,766,430
2396,20230609c_02624.jpg,7521,neutral,0.7826,0.8567,14,1246,377,1315,416
2397,20230609c_02625.jpg,7099,neutral,0.8165,0.9410,16,1420,378,1477,416
2397,20230609c_02625.jpg,7161,neutral,0.8144,0.9177,16,707,378,764,428
2397,20230609c_02625.jpg,7521,neutral,0.7964,0.8244,15,1253,377,1299,402
2398,20230609c_02626.jpg,7099,neutral,0.6822,0.9386,16,1421,377,1478,414
2398,20230609c_02626.jpg,7161,neutral,0.8417,0.9253,16,708,378,763,430
2398,20230609c_02626.jpg,7522,fanning,0.7810,0.8929,14,523,378,564,403
2398,20230609c_02626.jpg,7521,neutral,0.6862,0.8595,16,1249,378,1300,400
2399,20230609c_02627.jpg,7548,buffering,0.0000,0.9425,1,944,389,1006,475
2399,20230609c_02627.jpg,7099,neutral,0.6970,0.9381,16,1426,378,1473,414
2399,20230609c_02627.jpg,7161,neutral,0.8479,0.9197,16,707,379,762,430
2399,20230609c_02627.jpg,7521,fanning,0.5647,0.8656,16,1242,378,1300,400
2400,20230609c_02628.jpg,7099,neutral,0.7263,0.9360,16,1428,378,1473,413
2400,20230609c_02628.jpg,7548,buffering,0.0000,0.9346,2,967,378,1029,448
2400,20230609c_02628.jpg,7161,neutral,0.8679,0.9199,16,706,379,762,429
2400,20230609c_02628.jpg,7521,fanning,0.7285,0.8452,16,1253,377,1301,397
2401,20230609c_02629.jpg,7555,buffering,0.0000,0.9404,1,1181,613,1244,691
2401,20230609c_02629.jpg,7548,buffering,0.0000,0.9394,3,1000,376,1059,442
2401,20230609c_02629.jpg,7099,neutral,0.7233,0.9379,16,1421,377,1481,411
2401,20230609c_02629.jpg,7161,neutral,0.8793,0.9272,16,709,378,764,428
2401,20230609c_02629.jpg,7521,fanning,0.8904,0.8796,16,1246,378,1297,400
2402,20230609c_02630.jpg,7555,buffering,0.0000,0.9383,2,1165,598,1235,677
2402,20230609c_02630.jpg,7099,neutral,0.6960,0.9379,16,1430,378,1474,409
2402,20230609c_02630.jpg,7161,neutral,0.8779,0.9225,16,710,378,767,428
2402,20230609c_02630.jpg,7548,neutral,0.9805,0.9192,4,1022,380,1081,458
2402,20230609c_02630.jpg,7521,fanning,0.8969,0.8546,16,1244,378,1286,401
2403,20230609c_02631.jpg,7548,neutral,0.9507,0.9414,5,1042,390,1102,469
2403,20230609c_02631.jpg,7099,neutral,0.6707,0.9354,16,1430,378,1475,408
2403,20230609c_02631.jpg,7555,buffering,0.0000,0.9328,3,1147,603,1228,676
2403,20230609c_02631.jpg,7161,neutral,0.9021,0.9243,16,710,378,764,429
2403,20230609c_02631.jpg,7521,fanning,0.8922,0.8477,16,1244,378,1286,401
2404,20230609c_02632.jpg,7548,neutral,0.7884,0.9421,6,1050,391,1114,468
2404,20230609c_02632.jpg,7099,neutral,0.7064,0.9341,16,1430,378,1474,407
2404,20230609c_02632.jpg,7161,neutral,0.9203,0.9221,16,707,379,765,428
2404,20230609c_02632.jpg,7521,fanning,0.8663,0.8322,16,1245,378,1288,401
2405,20230609c_02633.jpg,7548,neutral,0.7212,0.9392,7,1051,381,1118,451
2405,20230609c_02633.jpg,7099,neutral,0.6952,0.9308,16,1430,378,1475,406
2405,20230609c_02633.jpg,7161,neutral,0.9303,0.9213,16,707,379,766,427
2405,20230609c_02633.jpg,7521,fanning,0.8610,0.8483,16,1245,378,1286,400
2406,20230609c_02634.jpg,7548,neutral,0.6168,0.9451,8,1057,380,1129,439
2406,20230609c_02634.jpg,7099,neutral,0.6741,0.9280,16,1430,378,1475,406
2406,20230609c_02634.jpg,7161,neutral,0.9722,0.9136,16,710,378,767,426
2406,20230609c_02634.jpg,7521,fanning,0.8437,0.8065,16,1244,379,1286,402
2407,20230609c_02635.jpg,7548,uncertain,0.5282,0.9412,9,1072,381,1140,439
2407,20230609c_02635.jpg,7099,neutral,0.6485,0.9243,16,1431,378,1476,405
2407,20230609c_02635.jpg,7161,neutral,0.9827,0.9156,16,709,379,762,426
2407,20230609c_02635.jpg,7521,fanning,0.8377,0.6169,16,1243,378,1286,403
2408,20230609c_02636.jpg,7548,fanning,0.6094,0.9367,10,1077,381,1148,437
2408,20230609c_02636.jpg,7099,neutral,0.6047,0.9315,16,1431,378,1476,407
2408,20230609c_02636.jpg,7161,neutral,0.9897,0.9098,16,714,379,761,425
2408,20230609c_02636.jpg,7521,fanning,0.8319,0.8322,16,1242,379,1283,401
2409,20230609c_02637.jpg,7099,neutral,0.5819,0.9343,16,1431,377,1476,407
2409,20230609c_02637.jpg,7548,fanning,0.6122,0.9238,11,1081,380,1154,431
2409,20230609c_02637.jpg,7161,neutral,0.9895,0.9168,16,714,378,761,425
2409,20230609c_02637.jpg,7521,fanning,0.8095,0.8266,16,1242,378,1282,400
2410,20230609c_02638.jpg,7099,uncertain,0.5019,0.9388,16,1420,377,1479,408
2410,20230609c_02638.jpg,7161,neutral,0.9923,0.9148,16,710,379,763,424
2410,20230609c_02638.jpg,7548,fanning,0.6503,0.9074,12,1094,379,1162,419
2410,20230609c_02638.jpg,7521,fanning,0.8771,0.8564,16,1245,378,1284,400
2410,20230609c_02638.jpg,7583,buffering,0.0000,0.5984,1,1356,380,1415,421
2411,20230609c_02639.jpg,7099,fanning,0.5752,0.9397,16,1420,377,1479,408
2411,20230609c_02639.jpg,7161,neutral,0.9961,0.9106,16,713,378,753,422
2411,20230609c_02639.jpg,7548,fanning,0.7572,0.9083,13,1115,379,1166,405
2411,20230609c_02639.jpg,7521,uncertain,0.5004,0.8357,16,1246,378,1285,398
2411,20230609c_02639.jpg,7583,buffering,0.0000,0.5980,2,1356,380,1415,422
2412,20230609c_02640.jpg,7099,uncertain,0.5231,0.9331,16,1432,377,1475,406
2412,20230609c_02640.jpg,7589,buffering,0.0000,0.9308,1,1602,918,1660,1023
2412,20230609c_02640.jpg,7591,buffering,0.0000,0.9143,1,260,1004,317,1075
2412,20230609c_02640.jpg,7161,neutral,0.9967,0.9073,16,707,379,764,424
2412,20230609c_02640.jpg,7521,neutral,0.6087,0.7477,16,1249,378,1283,394
2412,20230609c_02640.jpg,7548,fanning,0.7457,0.7458,14,1136,378,1176,397
2413,20230609c_02641.jpg,7099,uncertain,0.5121,0.9324,16,1432,377,1475,406
2413,20230609c_02641.jpg,7589,buffering,0.0000,0.9174,2,1586,909,1645,999
2413,20230609c_02641.jpg,7161,neutral,0.9968,0.9078,16,707,378,761,425
2414,20230609c_02642.jpg,7597,buffering,0.0000,0.9387,1,402,762,449,839
2414,20230609c_02642.jpg,7099,uncertain,0.5194,0.9352,16,1433,377,1474,407
2414,20230609c_02642.jpg,7161,neutral,0.9969,0.9014,16,708,379,761,425
2415,20230609c_02643.jpg,7597,buffering,0.0000,0.9354,2,421,743,472,820
2415,20230609c_02643.jpg,7099,fanning,0.6156,0.9343,16,1433,377,1475,407
2415,20230609c_02643.jpg,7161,neutral,0.9972,0.8952,16,706,378,766,425
2416,20230609c_02644.jpg,7099,fanning,0.6719,0.9358,16,1434,377,1474,407
2416,20230609c_02644.jpg,7605,buffering,0.0000,0.9271,1,180,860,252,967
2416,20230609c_02644.jpg,7161,neutral,0.9978,0.9075,16,706,379,762,425
2417,20230609c_02645.jpg,7099,fanning,0.6840,0.9342,16,1434,377,1474,408
2417,20230609c_02645.jpg,7161,neutral,0.9981,0.9115,16,707,379,764,425
2418,20230609c_02646.jpg,7099,fanning,0.6395,0.9353,16,1434,378,1474,407
2418,20230609c_02646.jpg,7161,neutral,0.9990,0.9045,16,707,378,768,426
2419,20230609c_02647.jpg,7099,fanning,0.6395,0.9346,16,1434,377,1475,407
2419,20230609c_02647.jpg,7161,neutral,0.9992,0.9110,16,708,379,765,427
2419,20230609c_02647.jpg,7618,buffering,0.0000,0.8624,1,558,680,597,761
2420,20230609c_02648.jpg,7099,fanning,0.6527,0.9313,16,1435,377,1475,407
2420,20230609c_02648.jpg,7161,neutral,0.9992,0.9085,16,708,379,765,427
2420,20230609c_02648.jpg,7623,buffering,0.0000,0.8917,1,513,671,581,755
2420,20230609c_02648.jpg,7618,buffering,0.0000,0.8657,2,568,657,610,737
2421,20230609c_02649.jpg,7627,buffering,0.0000,0.9366,1,1159,493,1222,584
2421,20230609c_02649.jpg,7099,fanning,0.6350,0.9319,16,1435,377,1476,407
2421,20230609c_02649.jpg,7618,buffering,0.0000,0.9240,3,559,631,615,706
2421,20230609c_02649.jpg,7161,neutral,0.9990,0.9115,16,708,379,764,426
2422,20230609c_02650.jpg,7627,buffering,0.0000,0.9391,2,1165,478,1231,570
2422,20230609c_02650.jpg,7099,fanning,0.6151,0.9331,16,1435,377,1476,407
2422,20230609c_02650.jpg,7161,neutral,0.9991,0.9106,16,705,378,766,428
2422,20230609c_02650.jpg,7618,neutral,0.9995,0.9068,4,561,628,608,692
2422,20230609c_02650.jpg,7521,uncertain,0.5294,0.6270,16,1248,378,1285,395
2423,20230609c_02651.jpg,7627,buffering,0.0000,0.9399,3,1187,484,1261,566
2423,20230609c_02651.jpg,7618,neutral,0.9995,0.9358,5,555,608,607,689
2423,20230609c_02651.jpg,7161,neutral,0.9991,0.9136,16,705,379,762,428
2423,20230609c_02651.jpg,7099,fanning,0.5558,0.9093,16,1427,377,1475,408
2423,20230609c_02651.jpg,7521,fanning,0.6017,0.7199,16,1248,378,1286,399
2424,20230609c_02652.jpg,7618,neutral,0.9994,0.9345,6,554,576,619,661
2424,20230609c_02652.jpg,7099,uncertain,0.5260,0.9191,16,1434,378,1476,408
2424,20230609c_02652.jpg,7161,neutral,0.9992,0.9152,16,706,379,766,427
2424,20230609c_02652.jpg,7521,uncertain,0.5031,0.7427,16,1271,378,1294,398
2425,20230609c_02653.jpg,7638,buffering,0.0000,0.9444,1,1263,504,1342,580
2425,20230609c_02653.jpg,7640,buffering,0.0000,0.9434,1,818,493,876,590
2425,20230609c_02653.jpg,7618,neutral,0.9979,0.9387,7,543,525,599,611
2425,20230609c_02653.jpg,7639,buffering,0.0000,0.9241,1,520,374,607,474
2425,20230609c_02653.jpg,7099,neutral,0.5885,0.9228,16,1434,378,1476,409
2425,20230609c_02653.jpg,7161,neutral,0.9993,0.9129,16,707,378,766,428
2425,20230609c_02653.jpg,7521,uncertain,0.5221,0.6629,16,1280,378,1297,394
2426,20230609c_02654.jpg,7638,buffering,0.0000,0.9503,2,1300,505,1385,582
2426,20230609c_02654.jpg,7099,neutral,0.6845,0.9328,16,1434,378,1476,408
2426,20230609c_02654.jpg,7639,buffering,0.0000,0.9297,2,515,374,579,442
2426,20230609c_02654.jpg,7161,neutral,0.9992,0.9147,16,707,378,764,429
2426,20230609c_02654.jpg,7521,neutral,0.5944,0.5959,16,1280,378,1298,396
2427,20230609c_02655.jpg,7099,neutral,0.6906,0.9339,16,1434,378,1476,409
2427,20230609c_02655.jpg,7161,neutral,0.9990,0.9107,16,707,378,764,430
2427,20230609c_02655.jpg,7639,buffering,0.0000,0.7701,3,535,380,582,434
2428,20230609c_02656.jpg,7099,neutral,0.6505,0.9334,16,1434,378,1476,410
2428,20230609c_02656.jpg,7648,buffering,0.0000,0.9256,1,771,1004,824,1080
2428,20230609c_02656.jpg,7161,neutral,0.9990,0.9125,16,706,378,763,430
2428,20230609c_02656.jpg,7639,neutral,0.9885,0.8994,4,512,374,581,426
2429,20230609c_02657.jpg,7649,buffering,0.0000,0.9372,1,1419,517,1474,611
2429,20230609c_02657.jpg,7099,neutral,0.6674,0.9295,16,1434,378,1476,411
2429,20230609c_02657.jpg,7648,buffering,0.0000,0.9256,2,771,1001,825,1079
2429,20230609c_02657.jpg,7651,buffering,0.0000,0.9156,1,488,377,570,443
2429,20230609c_02657.jpg,7161,neutral,0.9987,0.9129,16,705,379,764,429
2430,20230609c_02658.jpg,7649,buffering,0.0000,0.9398,2,1397,499,1451,598
2430,20230609c_02658.jpg,7099,neutral,0.6698,0.9314,16,1434,378,1476,411
2430,20230609c_02658.jpg,7651,buffering,0.0000,0.9293,2,498,375,576,432
2430,20230609c_02658.jpg,7161,neutral,0.9985,0.9158,16,706,379,762,429
2430,20230609c_02658.jpg,7648,buffering,0.0000,0.9156,3,771,985,826,1079
2430,20230609c_02658.jpg,7656,buffering,0.0000,0.8994,1,428,381,484,435
2431,20230609c_02659.jpg,7657,buffering,0.0000,0.9417,1,595,474,648,565
2431,20230609c_02659.jpg,7638,buffering,0.0000,0.9411,3,1374,471,1434,571
2431,20230609c_02659.jpg,7099,neutral,0.7011,0.9336,16,1434,378,1475,408
2431,20230609c_02659.jpg,7651,buffering,0.0000,0.9329,3,503,375,576,432
2431,20230609c_02659.jpg,7648,neutral,0.9970,0.9178,4,758,957,802,1049
2431,20230609c_02659.jpg,7161,neutral,0.9984,0.9140,16,705,379,763,430
2431,20230609c_02659.jpg,7656,buffering,0.0000,0.9051,2,411,390,479,452
2432,20230609c_02660.jpg,7657,buffering,0.0000,0.9437,2,563,468,623,560
2432,20230609c_02660.jpg,7099,neutral,0.7259,0.9373,16,1434,378,1475,409
2432,20230609c_02660.jpg,7651,fanning,0.7833,0.9229,4,518,376,581,425
2432,20230609c_02660.jpg,7161,neutral,0.9980,0.9132,16,704,378,764,429
2433,20230609c_02661.jpg,7657,buffering,0.0000,0.9447,3,535,458,586,550
2433,20230609c_02661.jpg,7627,neutral,0.9986,0.9429,4,1317,426,1368,517
2433,20230609c_02661.jpg,7099,neutral,0.7551,0.9352,16,1434,378,1476,409
2433,20230609c_02661.jpg,7161,neutral,0.9972,0.9175,16,704,379,763,429
2433,20230609c_02661.jpg,7651,fanning,0.9848,0.9146,5,507,376,577,424
2434,20230609c_02662.jpg,7666,buffering,0.0000,0.9391,1,323,389,388,472
2434,20230609c_02662.jpg,7657,neutral,0.9338,0.9356,4,509,446,562,540
2434,20230609c_02662.jpg,7099,neutral,0.7413,0.9341,16,1435,378,1475,410
2434,20230609c_02662.jpg,7161,neutral,0.9969,0.9184,16,703,379,764,428
2434,20230609c_02662.jpg,7651,fanning,0.9966,0.9039,6,513,376,579,424
2435,20230609c_02663.jpg,7669,buffering,0.0000,0.9406,1,1265,390,1328,481
2435,20230609c_02663.jpg,7657,neutral,0.7682,0.9366,5,504,425,561,521
2435,20230609c_02663.jpg,7099,neutral,0.7148,0.9361,16,1434,378,1475,409
2435,20230609c_02663.jpg,7161,neutral,0.9961,0.9155,16,703,378,764,429
2435,20230609c_02663.jpg,7651,fanning,0.9957,0.8521,7,512,376,575,423
2436,20230609c_02664.jpg,7669,buffering,0.0000,0.9502,2,1274,384,1330,479
2436,20230609c_02664.jpg,7099,neutral,0.7387,0.9326,16,1435,378,1474,407
2436,20230609c_02664.jpg,7674,buffering,0.0000,0.9290,1,560,692,629,769
2436,20230609c_02664.jpg,7161,neutral,0.9968,0.9260,16,704,378,765,429
2436,20230609c_02664.jpg,7677,buffering,0.0000,0.9056,1,674,831,719,885
2436,20230609c_02664.jpg,7651,fanning,0.9848,0.8956,8,514,375,573,418
2437,20230609c_02665.jpg,7674,buffering,0.0000,0.9374,2,588,688,667,764
2437,20230609c_02665.jpg,7669,buffering,0.0000,0.9363,3,1268,386,1320,479
2437,20230609c_02665.jpg,7099,neutral,0.7908,0.9322,16,1435,378,1475,408
2437,20230609c_02665.jpg,7161,neutral,0.9979,0.9138,16,695,378,763,429
2437,20230609c_02665.jpg,7677,buffering,0.0000,0.9025,2,689,835,732,899
2437,20230609c_02665.jpg,7605,buffering,0.0000,0.9020,2,171,880,223,945
2437,20230609c_02665.jpg,7651,fanning,0.9752,0.8811,9,520,378,559,408
2438,20230609c_02666.jpg,7669,neutral,0.9964,0.9361,4,1253,389,1306,476
2438,20230609c_02666.jpg,7099,neutral,0.8190,0.9319,16,1435,378,1475,408
2438,20230609c_02666.jpg,7674,buffering,0.0000,0.9285,3,627,674,690,759
2438,20230609c_02666.jpg,7677,buffering,0.0000,0.9249,3,705,834,748,903
2438,20230609c_02666.jpg,7161,neutral,0.9976,0.9240,16,708,379,763,429
2438,20230609c_02666.jpg,7683,buffering,0.0000,0.9017,1,544,376,622,447
2438,20230609c_02666.jpg,7651,fanning,0.9839,0.8801,10,522,378,560,404
2439,20230609c_02667.jpg,7099,neutral,0.8083,0.9353,16,1435,378,1475,408
2439,20230609c_02667.jpg,7669,neutral,0.9966,0.9348,5,1249,380,1301,468
2439,20230609c_02667.jpg,7674,neutral,0.9997,0.9324,4,666,655,721,735
2439,20230609c_02667.jpg,7161,neutral,0.9977,0.9187,16,702,378,765,429
2439,20230609c_02667.jpg,7677,neutral,0.9996,0.9133,4,713,820,751,889
2439,20230609c_02667.jpg,7651,fanning,0.9827,0.7869,11,528,378,559,400
2440,20230609c_02668.jpg,7669,neutral,0.9966,0.9462,6,1240,380,1289,473
2440,20230609c_02668.jpg,7688,buffering,0.0000,0.9445,1,501,574,573,638
2440,20230609c_02668.jpg,7099,neutral,0.8724,0.9309,16,1436,378,1476,407
2440,20230609c_02668.jpg,7674,neutral,0.9997,0.9246,5,701,640,762,710
2440,20230609c_02668.jpg,7161,neutral,0.9976,0.9190,16,705,378,762,428
2440,20230609c_02668.jpg,7683,buffering,0.0000,0.9138,2,525,375,602,432
2441,20230609c_02669.jpg,7669,neutral,0.9939,0.9424,7,1225,398,1275,484
2441,20230609c_02669.jpg,7688,buffering,0.0000,0.9420,2,530,571,612,644
2441,20230609c_02669.jpg,7099,neutral,0.8603,0.9335,16,1435,378,1475,408
2441,20230609c_02669.jpg,7674,neutral,0.9996,0.9323,6,742,628,817,714
2441,20230609c_02669.jpg,7161,neutral,0.9965,0.9236,16,708,378,762,429
2441,20230609c_02669.jpg,7683,buffering,0.0000,0.9167,3,530,375,603,432
2442,20230609c_02670.jpg,7669,neutral,0.9909,0.9495,8,1188,408,1259,492
2442,20230609c_02670.jpg,7688,buffering,0.0000,0.9453,3,575,555,649,639
2442,20230609c_02670.jpg,7674,neutral,0.9995,0.9404,7,799,624,853,707
2442,20230609c_02670.jpg,7099,neutral,0.8733,0.9328,16,1436,378,1475,409
2442,20230609c_02670.jpg,7161,neutral,0.9966,0.9234,16,708,378,762,429
2442,20230609c_02670.jpg,7683,neutral,0.9701,0.9145,4,531,375,611,435
2443,20230609c_02671.jpg,7688,neutral,0.9994,0.9487,4,632,533,700,616
2443,20230609c_02671.jpg,7669,neutral,0.9671,0.9443,9,1161,390,1228,484
2443,20230609c_02671.jpg,7674,neutral,0.9994,0.9344,8,832,601,902,688
2443,20230609c_02671.jpg,7099,neutral,0.9029,0.9330,16,1436,378,1476,407
2443,20230609c_02671.jpg,7161,neutral,0.9965,0.9242,16,709,378,762,429
2443,20230609c_02671.jpg,7683,neutral,0.9461,0.9023,5,542,376,618,437
2444,20230609c_02672.jpg,7674,neutral,0.9994,0.9425,9,887,579,940,668
2444,20230609c_02672.jpg,7669,neutral,0.9612,0.9394,10,1148,384,1218,473
2444,20230609c_02672.jpg,7099,neutral,0.9292,0.9332,16,1436,378,1475,407
2444,20230609c_02672.jpg,7683,fanning,0.5979,0.9312,6,545,374,615,428
2444,20230609c_02672.jpg,7688,neutral,0.9994,0.9282,5,682,515,766,634
2444,20230609c_02672.jpg,7161,neutral,0.9971,0.9058,16,706,378,764,429
2445,20230609c_02673.jpg,7674,neutral,0.9989,0.9458,10,915,556,967,644
2445,20230609c_02673.jpg,7669,neutral,0.9524,0.9365,11,1164,377,1223,459
2445,20230609c_02673.jpg,7099,neutral,0.9407,0.9323,16,1435,378,1474,408
2445,20230609c_02673.jpg,7161,neutral,0.9972,0.9241,16,709,379,761,429
2445,20230609c_02673.jpg,7683,fanning,0.8994,0.9186,7,556,375,621,420
2445,20230609c_02673.jpg,7688,neutral,0.9993,0.9147,6,733,486,822,584
2446,20230609c_02674.jpg,7640,buffering,0.0000,0.9430,2,829,452,883,539
2446,20230609c_02674.jpg,7669,neutral,0.9470,0.9401,12,1148,378,1203,448
2446,20230609c_02674.jpg,7099,neutral,0.9527,0.9327,16,1436,378,1475,408
2446,20230609c_02674.jpg,7161,neutral,0.9975,0.9209,16,703,378,761,427
2446,20230609c_02674.jpg,7683,fanning,0.9479,0.9197,8,566,376,630,414
2446,20230609c_02674.jpg,7605,buffering,0.0000,0.9155,3,164,863,215,947
2446,20230609c_02674.jpg,7712,buffering,0.0000,0.9151,1,1533,813,1576,888
2447,20230609c_02675.jpg,7669,neutral,0.9243,0.9349,13,1119,379,1179,456
2447,20230609c_02675.jpg,7099,neutral,0.9541,0.9337,16,1435,378,1475,408
2447,20230609c_02675.jpg,7712,buffering,0.0000,0.9272,2,1530,788,1572,873
2447,20230609c_02675.jpg,7161,neutral,0.9971,0.9029,16,705,378,762,427
2447,20230609c_02675.jpg,7683,fanning,0.8099,0.8867,9,580,378,626,401
2448,20230609c_02676.jpg,7669,neutral,0.9158,0.9422,14,1106,380,1162,457
2448,20230609c_02676.jpg,7099,neutral,0.9549,0.9316,16,1436,378,1476,407
2448,20230609c_02676.jpg,7712,buffering,0.0000,0.9188,3,1523,757,1570,842
2448,20230609c_02676.jpg,7161,neutral,0.9974,0.8928,16,698,379,760,428
2449,20230609c_02677.jpg,7669,neutral,0.9041,0.9419,15,1110,379,1163,456
2449,20230609c_02677.jpg,7721,buffering,0.0000,0.9332,1,633,377,695,457
2449,20230609c_02677.jpg,7099,neutral,0.9575,0.9315,16,1435,378,1475,407
2449,20230609c_02677.jpg,7726,buffering,0.0000,0.9273,1,760,427,822,545
2449,20230609c_02677.jpg,7161,neutral,0.9957,0.9035,16,696,378,768,426
2449,20230609c_02677.jpg,7712,neutral,0.9990,0.8950,4,1528,745,1598,814
2450,20230609c_02678.jpg,7726,buffering,0.0000,0.9402,2,770,414,826,509
2450,20230609c_02678.jpg,7721,buffering,0.0000,0.9387,2,637,377,695,455
2450,20230609c_02678.jpg,7669,neutral,0.8771,0.9355,16,1101,380,1160,447
2450,20230609c_02678.jpg,7099,neutral,0.9604,0.9347,16,1435,378,1475,408
2450,20230609c_02678.jpg,7729,buffering,0.0000,0.9313,1,654,591,707,668
2450,20230609c_02678.jpg,7161,neutral,0.9955,0.9048,16,714,379,762,422
2450,20230609c_02678.jpg,7730,buffering,0.0000,0.8855,1,802,375,863,406
2451,20230609c_02679.jpg,7726,buffering,0.0000,0.9361,3,775,404,833,492
2451,20230609c_02679.jpg,7669,neutral,0.8523,0.9331,16,1102,379,1160,442
2451,20230609c_02679.jpg,7721,buffering,0.0000,0.9323,3,639,378,698,441
2451,20230609c_02679.jpg,7099,neutral,0.9629,0.9307,16,1435,378,1475,409
2451,20230609c_02679.jpg,7161,neutral,0.9976,0.8860,16,707,378,770,422
2451,20230609c_02679.jpg,7730,buffering,0.0000,0.8713,2,778,376,866,410
2452,20230609c_02680.jpg,7669,neutral,0.7958,0.9375,16,1091,380,1154,437
2452,20230609c_02680.jpg,7726,neutral,0.9994,0.9353,4,779,376,855,475
2452,20230609c_02680.jpg,7099,neutral,0.9638,0.9329,16,1435,378,1474,408
2452,20230609c_02680.jpg,7721,neutral,0.9922,0.9262,4,644,378,704,431
2452,20230609c_02680.jpg,7161,neutral,0.9982,0.9098,16,721,379,760,421
2452,20230609c_02680.jpg,7730,buffering,0.0000,0.8332,3,797,377,855,406
2453,20230609c_02681.jpg,7099,neutral,0.9637,0.9349,16,1435,378,1474,409
2453,20230609c_02681.jpg,7669,neutral,0.8339,0.9193,16,1084,379,1146,434
2453,20230609c_02681.jpg,7726,neutral,0.9993,0.9099,5,787,375,861,464
2453,20230609c_02681.jpg,7721,neutral,0.9743,0.9055,5,650,378,707,418
2453,20230609c_02681.jpg,7161,neutral,0.9977,0.8996,16,711,378,771,421
2453,20230609c_02681.jpg,7730,neutral,0.9951,0.8364,4,792,377,859,403
2454,20230609c_02682.jpg,7746,buffering,0.0000,0.9353,1,504,495,563,573
2454,20230609c_02682.jpg,7099,neutral,0.9593,0.9336,16,1434,378,1475,410
2454,20230609c_02682.jpg,7669,neutral,0.8639,0.9171,16,1081,379,1134,423
2454,20230609c_02682.jpg,7161,neutral,0.9975,0.9032,16,708,379,770,420
2454,20230609c_02682.jpg,7726,neutral,0.9989,0.8927,6,793,375,861,454
2454,20230609c_02682.jpg,7721,neutral,0.9759,0.8674,6,661,378,695,399
2454,20230609c_02682.jpg,7730,neutral,0.9969,0.8280,5,789,377,856,405
2455,20230609c_02683.jpg,7099,neutral,0.9457,0.9331,16,1435,378,1475,410
2455,20230609c_02683.jpg,7746,buffering,0.0000,0.9079,2,485,428,566,546
2455,20230609c_02683.jpg,7161,neutral,0.9959,0.8958,16,725,378,762,421
2455,20230609c_02683.jpg,7669,neutral,0.8008,0.8870,16,1075,379,1118,409
2455,20230609c_02683.jpg,7726,neutral,0.9986,0.8792,7,763,376,862,446
2455,20230609c_02683.jpg,7730,neutral,0.9790,0.7800,6,788,377,850,402
2456,20230609c_02684.jpg,7746,buffering,0.0000,0.9378,3,522,458,576,535
2456,20230609c_02684.jpg,7099,neutral,0.8844,0.9293,16,1434,378,1474,411
2456,20230609c_02684.jpg,7726,neutral,0.9973,0.8815,8,812,377,871,435
2456,20230609c_02684.jpg,7730,neutral,0.8689,0.8144,7,786,377,850,402
2457,20230609c_02685.jpg,7746,neutral,0.9676,0.9440,4,525,441,592,522
2457,20230609c_02685.jpg,7099,neutral,0.8803,0.9330,16,1435,378,1475,409
2457,20230609c_02685.jpg,7759,buffering,0.0000,0.9267,1,869,722,920,800
2457,20230609c_02685.jpg,7726,neutral,0.9935,0.9178,9,812,377,881,427
2457,20230609c_02685.jpg,7161,neutral,0.9934,0.9014,16,726,378,763,422
2457,20230609c_02685.jpg,7730,neutral,0.6554,0.8042,8,766,377,836,403
2458,20230609c_02686.jpg,7746,neutral,0.9313,0.9485,5,536,426,596,511
2458,20230609c_02686.jpg,7099,neutral,0.8483,0.9345,16,1434,378,1475,409
2458,20230609c_02686.jpg,7759,buffering,0.0000,0.9267,2,855,693,906,783
2458,20230609c_02686.jpg,7763,buffering,0.0000,0.9209,1,1205,930,1259,998
2458,20230609c_02686.jpg,7726,neutral,0.9873,0.9204,10,816,377,882,418
2458,20230609c_02686.jpg,7161,neutral,0.9937,0.9069,16,725,378,762,422
2458,20230609c_02686.jpg,7730,fanning,0.7129,0.8173,9,759,378,822,404
2459,20230609c_02687.jpg,7666,buffering,0.0000,0.9341,2,346,415,396,500
2459,20230609c_02687.jpg,7099,neutral,0.7551,0.9326,16,1434,377,1475,410
2459,20230609c_02687.jpg,7746,neutral,0.9575,0.9290,6,538,411,595,496
2459,20230609c_02687.jpg,7161,neutral,0.9925,0.9096,16,724,379,761,422
2459,20230609c_02687.jpg,7730,trophallaxis,0.9682,0.8394,10,757,378,830,404
2460,20230609c_02688.jpg,7746,neutral,0.8817,0.9355,7,538,400,597,488
2460,20230609c_02688.jpg,7099,neutral,0.6999,0.9329,16,1434,377,1475,410
2460,20230609c_02688.jpg,7726,neutral,0.9980,0.8924,11,834,377,885,409
2460,20230609c_02688.jpg,7730,trophallaxis,0.9905,0.8307,11,752,378,827,401
2461,20230609c_02689.jpg,7099,neutral,0.6939,0.9345,16,1434,377,1475,409
2461,20230609c_02689.jpg,7746,neutral,0.7935,0.9256,8,526,376,594,473
2461,20230609c_02689.jpg,7726,neutral,0.9992,0.8892,12,841,376,879,400
2461,20230609c_02689.jpg,7161,neutral,0.9902,0.8699,16,714,377,821,426
2461,20230609c_02689.jpg,7730,trophallaxis,0.9912,0.8103,12,741,378,821,400
2462,20230609c_02690.jpg,7099,neutral,0.6765,0.9356,16,1434,377,1475,409
2462,20230609c_02690.jpg,7773,buffering,0.0000,0.9340,1,1313,955,1359,1027
2462,20230609c_02690.jpg,7746,neutral,0.7060,0.9285,9,531,377,597,470
2462,20230609c_02690.jpg,7161,neutral,0.9831,0.8759,16,720,377,818,426
2462,20230609c_02690.jpg,7730,trophallaxis,0.9819,0.8521,13,747,378,816,401
2462,20230609c_02690.jpg,7726,neutral,0.9996,0.8391,13,836,377,879,399
2463,20230609c_02691.jpg,7773,buffering,0.0000,0.9372,2,1304,950,1349,1028
2463,20230609c_02691.jpg,7640,buffering,0.0000,0.9360,3,838,453,892,547
2463,20230609c_02691.jpg,7746,neutral,0.5558,0.9351,10,530,377,596,466
2463,20230609c_02691.jpg,7099,neutral,0.6921,0.9268,16,1434,377,1475,412
2463,20230609c_02691.jpg,7726,neutral,0.9996,0.8927,14,833,376,879,399
2463,20230609c_02691.jpg,7161,neutral,0.9696,0.8787,16,719,377,803,426
2463,20230609c_02691.jpg,7730,trophallaxis,0.9734,0.8253,14,748,378,812,402
2464,20230609c_02692.jpg,7746,fanning,0.5869,0.9374,11,528,377,596,462
2464,20230609c_02692.jpg,7773,buffering,0.0000,0.9331,3,1294,943,1340,1022
2464,20230609c_02692.jpg,7099,neutral,0.7220,0.9271,16,1433,377,1475,413
2464,20230609c_02692.jpg,7161,neutral,0.9301,0.8795,16,722,378,806,422
2464,20230609c_02692.jpg,7726,neutral,0.9996,0.8289,15,835,376,881,399
2464,20230609c_02692.jpg,7730,trophallaxis,0.6129,0.8172,15,747,378,809,402
2465,20230609c_02693.jpg,7777,buffering,0.0000,0.9413,1,66,449,151,527
2465,20230609c_02693.jpg,7773,neutral,0.9548,0.9398,4,1269,941,1318,1024
2465,20230609c_02693.jpg,7099,neutral,0.7194,0.9290,16,1425,377,1478,414
2465,20230609c_02693.jpg,7746,fanning,0.6968,0.9231,12,529,377,596,456
2465,20230609c_02693.jpg,7161,neutral,0.8751,0.8905,16,719,378,804,422
2465,20230609c_02693.jpg,7726,neutral,0.9996,0.8873,16,833,376,895,406
2465,20230609c_02693.jpg,7730,trophallaxis,0.8697,0.8256,16,744,378,805,403
2466,20230609c_02694.jpg,7746,fanning,0.8035,0.9427,13,526,376,593,450
2466,20230609c_02694.jpg,7780,buffering,0.0000,0.9427,1,919,379,978,472
2466,20230609c_02694.jpg,7777,buffering,0.0000,0.9330,2,98,474,177,551
2466,20230609c_02694.jpg,7099,neutral,0.7245,0.9276,16,1433,377,1475,412
2466,20230609c_02694.jpg,7763,buffering,0.0000,0.9233,2,1200,935,1258,1030
2466,20230609c_02694.jpg,7161,neutral,0.6668,0.9048,16,715,378,781,422
2466,20230609c_02694.jpg,7726,neutral,0.9996,0.8729,16,833,376,888,406
2466,20230609c_02694.jpg,7730,trophallaxis,0.9323,0.7323,16,747,378,801,401
2467,20230609c_02695.jpg,7780,buffering,0.0000,0.9482,2,934,401,998,493
2467,20230609c_02695.jpg,7746,fanning,0.8526,0.9423,14,523,376,594,449
2467,20230609c_02695.jpg,7099,neutral,0.6993,0.9291,16,1432,377,1475,412
2467,20230609c_02695.jpg,7726,neutral,0.9996,0.9201,16,838,376,881,402
2467,20230609c_02695.jpg,7161,neutral,0.5584,0.9054,16,716,378,779,422
2468,20230609c_02696.jpg,7780,buffering,0.0000,0.9483,3,951,421,1024,511
2468,20230609c_02696.jpg,7746,fanning,0.8895,0.9435,15,526,376,593,446
2468,20230609c_02696.jpg,7099,neutral,0.6668,0.9287,16,1432,378,1475,413
2468,20230609c_02696.jpg,7726,neutral,0.9996,0.9231,16,833,376,889,402
2468,20230609c_02696.jpg,7161,fanning,0.5555,0.9048,16,712,378,773,420
2469,20230609c_02697.jpg,7786,buffering,0.0000,0.9458,1,224,488,282,551
2469,20230609c_02697.jpg,7780,neutral,0.9993,0.9455,4,972,448,1064,533
2469,20230609c_02697.jpg,7746,fanning,0.9165,0.9409,16,526,376,590,446
2469,20230609c_02697.jpg,7099,neutral,0.7558,0.9277,16,1433,377,1475,413
2469,20230609c_02697.jpg,7726,neutral,0.9996,0.9168,16,839,377,903,407
2469,20230609c_02697.jpg,7161,fanning,0.6832,0.9108,16,711,378,770,419
2470,20230609c_02698.jpg,7746,fanning,0.8613,0.9415,16,528,376,592,445
2470,20230609c_02698.jpg,7780,neutral,0.9990,0.9397,5,1009,460,1090,547
2470,20230609c_02698.jpg,7786,buffering,0.0000,0.9365,2,238,475,304,533
2470,20230609c_02698.jpg,7099,neutral,0.7784,0.9288,16,1432,378,1475,411
2470,20230609c_02698.jpg,7161,fanning,0.9439,0.9036,16,711,377,775,419
2470,20230609c_02698.jpg,7726,neutral,0.9996,0.8735,16,856,378,895,403
2470,20230609c_02698.jpg,7730,trophallaxis,0.9805,0.8332,16,763,378,804,400
2471,20230609c_02699.jpg,7746,fanning,0.8348,0.9442,16,527,378,591,446
2471,20230609c_02699.jpg,7780,neutral,0.9978,0.9416,6,1057,479,1138,555
2471,20230609c_02699.jpg,7786,buffering,0.0000,0.9384,3,266,464,337,528
2471,20230609c_02699.jpg,7099,neutral,0.7856,0.9296,16,1432,378,1475,414
2471,20230609c_02699.jpg,7161,fanning,0.9386,0.9018,16,712,378,770,416
2471,20230609c_02699.jpg,7726,neutral,0.9996,0.8771,16,853,378,893,400
2471,20230609c_02699.jpg,7730,uncertain,0.4434,0.8339,16,760,378,810,403
2472,20230609c_02700.jpg,7746,fanning,0.8714,0.9419,16,527,378,593,446
2472,20230609c_02700.jpg,7099,neutral,0.7955,0.9298,16,1433,378,1475,415
2472,20230609c_02700.jpg,7161,fanning,0.9554,0.8946,16,710,378,775,415
2472,20230609c_02700.jpg,7796,buffering,0.0000,0.8940,1,767,846,814,903
2472,20230609c_02700.jpg,7726,neutral,0.9996,0.8311,16,852,378,887,393
2472,20230609c_02700.jpg,7730,neutral,0.8498,0.7505,16,762,377,807,396
2473,20230609c_02701.jpg,7746,fanning,0.8761,0.9411,16,526,377,591,447
2473,20230609c_02701.jpg,7666,buffering,0.0000,0.9398,3,365,459,429,539
2473,20230609c_02701.jpg,7099,neutral,0.8245,0.9295,16,1433,378,1475,415
2473,20230609c_02701.jpg,7161,fanning,0.9864,0.9072,16,708,378,768,415
2473,20230609c_02701.jpg,7726,neutral,0.9996,0.7328,16,839,378,881,392
2474,20230609c_02702.jpg,7746,fanning,0.8947,0.9402,16,520,376,588,446
2474,20230609c_02702.jpg,7099,neutral,0.8562,0.9286,16,1432,378,1475,414
2474,20230609c_02702.jpg,7161,fanning,0.9860,0.9104,16,710,377,765,414
2474,20230609c_02702.jpg,7730,neutral,0.8942,0.7765,16,783,377,829,401
2475,20230609c_02703.jpg,7805,buffering,0.0000,0.9445,1,1250,444,1313,532
2475,20230609c_02703.jpg,7746,fanning,0.9855,0.9357,16,528,375,594,445
2475,20230609c_02703.jpg,7099,neutral,0.8757,0.9307,16,1432,378,1475,415
2475,20230609c_02703.jpg,7161,fanning,0.9841,0.9089,16,704,377,763,413
2475,20230609c_02703.jpg,7730,neutral,0.9783,0.6709,16,788,378,876,399
2476,20230609c_02704.jpg,7805,buffering,0.0000,0.9550,2,1241,431,1308,524
2476,20230609c_02704.jpg,7099,neutral,0.8798,0.9314,16,1432,378,1475,415
2476,20230609c_02704.jpg,7161,fanning,0.9798,0.9080,16,703,377,764,412
2476,20230609c_02704.jpg,7746,fanning,0.9897,0.8994,16,542,379,587,444
2477,20230609c_02705.jpg,7805,buffering,0.0000,0.9521,3,1240,439,1324,524
2477,20230609c_02705.jpg,7812,buffering,0.0000,0.9351,1,373,905,451,995
2477,20230609c_02705.jpg,7099,neutral,0.8544,0.9323,16,1432,378,1475,416
2477,20230609c_02705.jpg,7161,fanning,0.9651,0.9069,16,703,377,765,410
2477,20230609c_02705.jpg,7813,buffering,0.0000,0.9016,1,506,376,601,453
2477,20230609c_02705.jpg,7746,fanning,0.9869,0.8627,16,550,379,597,436
2478,20230609c_02706.jpg,7805,neutral,0.9995,0.9478,4,1267,470,1359,548
2478,20230609c_02706.jpg,7812,buffering,0.0000,0.9368,2,379,884,448,975
2478,20230609c_02706.jpg,7813,buffering,0.0000,0.9347,2,499,375,597,449
2478,20230609c_02706.jpg,7099,neutral,0.8881,0.9315,16,1428,377,1477,417
2478,20230609c_02706.jpg,7605,neutral,0.9986,0.9124,4,135,861,204,952
2478,20230609c_02706.jpg,7746,fanning,0.9872,0.8953,16,551,378,604,441
2478,20230609c_02706.jpg,7161,fanning,0.9315,0.8927,16,701,377,763,408
2479,20230609c_02707.jpg,7813,buffering,0.0000,0.9324,3,495,376,563,439
2479,20230609c_02707.jpg,7099,neutral,0.9076,0.9311,16,1431,377,1477,418
2479,20230609c_02707.jpg,7812,buffering,0.0000,0.9199,3,389,842,459,924
2479,20230609c_02707.jpg,7746,fanning,0.9919,0.9036,16,553,379,605,437
2479,20230609c_02707.jpg,7161,fanning,0.8410,0.9008,16,703,378,743,405
2479,20230609c_02707.jpg,7763,buffering,0.0000,0.8482,3,1193,987,1251,1044
2480,20230609c_02708.jpg,7099,neutral,0.9288,0.9328,16,1427,377,1477,417
2480,20230609c_02708.jpg,7746,fanning,0.9852,0.9137,16,549,377,613,435
2480,20230609c_02708.jpg,7813,neutral,0.9976,0.9111,4,506,376,560,436
2480,20230609c_02708.jpg,7161,fanning,0.7591,0.8962,16,702,378,762,407
2481,20230609c_02709.jpg,7823,buffering,0.0000,0.9371,1,0,841,64,926
2481,20230609c_02709.jpg,7099,neutral,0.9394,0.9325,16,1428,377,1477,417
2481,20230609c_02709.jpg,7813,neutral,0.9279,0.8946,5,509,378,563,429
2481,20230609c_02709.jpg,7161,uncertain,0.5491,0.8850,16,699,378,741,402
2482,20230609c_02710.jpg,7099,neutral,0.9519,0.9309,16,1428,377,1477,416
2482,20230609c_02710.jpg,7823,buffering,0.0000,0.9236,2,18,841,97,915
2482,20230609c_02710.jpg,7746,fanning,0.9879,0.9004,16,550,378,616,427
2482,20230609c_02710.jpg,7827,buffering,0.0000,0.8995,1,0,770,53,814
2482,20230609c_02710.jpg,7161,neutral,0.6242,0.8945,16,697,378,737,402
2482,20230609c_02710.jpg,7813,neutral,0.9611,0.8893,6,518,378,558,416
2482,20230609c_02710.jpg,7828,buffering,0.0000,0.7958,1,907,379,975,400
2483,20230609c_02711.jpg,7830,buffering,0.0000,0.9431,1,1537,530,1599,629
2483,20230609c_02711.jpg,7099,neutral,0.9636,0.9323,16,1428,377,1477,416
2483,20230609c_02711.jpg,7746,fanning,0.9875,0.9071,16,551,377,621,422
2483,20230609c_02711.jpg,7161,neutral,0.7558,0.8782,16,686,378,747,404
2483,20230609c_02711.jpg,7813,neutral,0.9586,0.8770,7,520,378,558,407
2483,20230609c_02711.jpg,7827,buffering,0.0000,0.8161,2,0,779,37,825
2483,20230609c_02711.jpg,7828,buffering,0.0000,0.8059,2,914,378,988,400
2484,20230609c_02712.jpg,7830,buffering,0.0000,0.9422,2,1516,506,1582,610
2484,20230609c_02712.jpg,7099,neutral,0.9737,0.9340,16,1427,377,1476,417
2484,20230609c_02712.jpg,7746,fanning,0.9878,0.9007,16,522,376,621,422
2484,20230609c_02712.jpg,7828,buffering,0.0000,0.8904,3,940,378,1017,405
2484,20230609c_02712.jpg,7161,neutral,0.8680,0.8899,16,691,378,732,401
2484,20230609c_02712.jpg,7813,neutral,0.8229,0.8720,8,519,378,560,406
2485,20230609c_02713.jpg,7836,buffering,0.0000,0.9418,1,588,449,666,531
2485,20230609c_02713.jpg,7099,neutral,0.9737,0.9342,16,1428,377,1477,417
2485,20230609c_02713.jpg,7746,fanning,0.9905,0.8920,16,525,376,619,422
2485,20230609c_02713.jpg,7161,neutral,0.9244,0.8912,16,690,378,729,401
2485,20230609c_02713.jpg,7828,neutral,0.9984,0.8633,4,966,378,1040,403
2485,20230609c_02713.jpg,7813,neutral,0.5570,0.8393,9,520,378,563,401
2486,20230609c_02714.jpg,7836,buffering,0.0000,0.9431,2,600,426,669,509
2486,20230609c_02714.jpg,7099,neutral,0.9812,0.9346,16,1429,377,1476,417
2486,20230609c_02714.jpg,7746,fanning,0.9910,0.9076,16,568,379,610,421
2486,20230609c_02714.jpg,7161,neutral,0.9498,0.8932,16,683,378,740,406
2486,20230609c_02714.jpg,7828,neutral,0.9984,0.8313,5,980,378,1054,403
2487,20230609c_02715.jpg,7828,neutral,0.9966,0.9642,6,1002,377,1075,405
2487,20230609c_02715.jpg,7836,buffering,0.0000,0.9457,3,612,419,679,504
2487,20230609c_02715.jpg,7099,neutral,0.9887,0.9337,16,1429,377,1477,417
2487,20230609c_02715.jpg,7746,fanning,0.9860,0.9047,16,568,379,609,420
2487,20230609c_02715.jpg,7161,neutral,0.9643,0.8841,16,688,378,728,401
2488,20230609c_02716.jpg,7836,fanning,0.8240,0.9396,4,624,411,690,496
2488,20230609c_02716.jpg,7099,neutral,0.9922,0.9319,16,1427,377,1478,417
2488,20230609c_02716.jpg,7746,fanning,0.9821,0.9067,16,567,379,609,419
2488,20230609c_02716.jpg,7828,neutral,0.9918,0.8683,7,1025,376,1099,403
2488,20230609c_02716.jpg,7161,neutral,0.9718,0.8594,16,687,378,728,400
2489,20230609c_02717.jpg,7836,fanning,0.9199,0.9449,5,624,403,690,490
2489,20230609c_02717.jpg,7850,buffering,0.0000,0.9416,1,1343,382,1407,491
2489,20230609c_02717.jpg,7099,neutral,0.9939,0.9337,16,1428,377,1478,416
2489,20230609c_02717.jpg,7746,fanning,0.9868,0.8964,16,554,376,616,419
2489,20230609c_02717.jpg,7828,neutral,0.9817,0.8540,8,1039,377,1114,402
2489,20230609c_02717.jpg,7161,neutral,0.9963,0.8254,16,686,378,725,398
2490,20230609c_02718.jpg,7836,fanning,0.9561,0.9385,6,626,391,697,479
2490,20230609c_02718.jpg,7099,neutral,0.9926,0.9318,16,1430,378,1480,414
2490,20230609c_02718.jpg,7850,buffering,0.0000,0.9157,2,1332,378,1410,471
2490,20230609c_02718.jpg,7746,fanning,0.9887,0.8942,16,567,378,610,417
2490,20230609c_02718.jpg,7828,neutral,0.9785,0.8699,9,1064,378,1137,402
2490,20230609c_02718.jpg,7161,neutral,0.9984,0.7839,16,687,379,722,397
2491,20230609c_02719.jpg,7666,neutral,0.9994,0.9478,4,375,490,437,580
2491,20230609c_02719.jpg,7836,fanning,0.9768,0.9374,7,628,381,703,476
2491,20230609c_02719.jpg,7099,neutral,0.9917,0.9357,16,1429,377,1481,414
2491,20230609c_02719.jpg,7850,buffering,0.0000,0.9203,3,1325,375,1411,463
2491,20230609c_02719.jpg,7746,fanning,0.9882,0.8925,16,560,377,618,415
2491,20230609c_02719.jpg,7828,neutral,0.9636,0.8559,10,1083,379,1156,403
2491,20230609c_02719.jpg,7161,neutral,0.9991,0.5741,16,660,378,724,397
2492,20230609c_02720.jpg,7836,fanning,0.9861,0.9382,8,637,379,706,467
2492,20230609c_02720.jpg,7099,neutral,0.9916,0.9336,16,1436,377,1478,414
2492,20230609c_02720.jpg,7746,fanning,0.9907,0.8916,16,564,377,614,415
2492,20230609c_02720.jpg,7828,neutral,0.9425,0.8785,11,1098,378,1172,403
2492,20230609c_02720.jpg,7850,neutral,0.9885,0.8641,4,1341,379,1397,450
2493,20230609c_02721.jpg,7836,fanning,0.9907,0.9402,9,637,378,698,462
2493,20230609c_02721.jpg,7099,neutral,0.9927,0.9294,16,1437,378,1479,413
2493,20230609c_02721.jpg,7746,fanning,0.9923,0.8858,16,565,377,615,414
2493,20230609c_02721.jpg,7828,neutral,0.9074,0.8472,12,1121,377,1195,402
2493,20230609c_02721.jpg,7850,neutral,0.9804,0.8192,5,1330,379,1407,439
2494,20230609c_02722.jpg,7870,buffering,0.0000,0.9395,1,494,483,551,583
2494,20230609c_02722.jpg,7836,fanning,0.9933,0.9353,10,639,377,700,458
2494,20230609c_02722.jpg,7099,neutral,0.9910,0.9283,16,1437,377,1479,414
2494,20230609c_02722.jpg,7873,buffering,0.0000,0.8915,1,1145,938,1191,999
2494,20230609c_02722.jpg,7746,fanning,0.9941,0.8828,16,564,377,618,415
2494,20230609c_02722.jpg,7828,neutral,0.8704,0.8279,13,1139,377,1225,401
2495,20230609c_02723.jpg,7836,fanning,0.9954,0.9360,11,637,375,705,453
2495,20230609c_02723.jpg,7870,buffering,0.0000,0.9328,2,493,451,551,549
2495,20230609c_02723.jpg,7099,neutral,0.9904,0.9297,16,1436,378,1478,414
2495,20230609c_02723.jpg,7746,fanning,0.9942,0.8763,16,559,376,619,416
2495,20230609c_02723.jpg,7873,buffering,0.0000,0.8634,2,1167,932,1202,992
2495,20230609c_02723.jpg,7828,neutral,0.7697,0.8585,14,1157,376,1231,402
2496,20230609c_02724.jpg,7836,fanning,0.9929,0.9402,12,637,377,703,452
2496,20230609c_02724.jpg,7870,buffering,0.0000,0.9379,3,487,423,551,517
2496,20230609c_02724.jpg,7099,neutral,0.9858,0.9307,16,1437,377,1479,414
2496,20230609c_02724.jpg,7746,fanning,0.9927,0.8715,16,561,377,620,414
2496,20230609c_02724.jpg,7828,neutral,0.6310,0.8130,15,1180,377,1254,400
2497,20230609c_02725.jpg,7836,fanning,0.9834,0.9384,13,642,376,704,451
2497,20230609c_02725.jpg,7870,neutral,0.9679,0.9371,4,492,395,567,492
2497,20230609c_02725.jpg,7099,neutral,0.9810,0.9295,16,1437,378,1479,414
2497,20230609c_02725.jpg,7828,uncertain,0.5180,0.8794,16,1193,377,1270,402
2497,20230609c_02725.jpg,7746,fanning,0.9933,0.8137,16,534,375,619,418
2498,20230609c_02726.jpg,7870,neutral,0.8865,0.9316,5,499,377,568,472
2498,20230609c_02726.jpg,7099,neutral,0.9811,0.9309,16,1436,378,1478,414
2498,20230609c_02726.jpg,7836,fanning,0.9830,0.9224,14,645,375,707,445
2498,20230609c_02726.jpg,7746,fanning,0.9925,0.8888,16,566,376,617,418
2498,20230609c_02726.jpg,7777,buffering,0.0000,0.8874,3,409,836,478,880
2498,20230609c_02726.jpg,7828,uncertain,0.5153,0.8807,16,1205,378,1281,402
2499,20230609c_02727.jpg,7099,neutral,0.9806,0.9324,16,1436,378,1478,414
2499,20230609c_02727.jpg,7836,fanning,0.9851,0.9261,15,641,377,707,438
2499,20230609c_02727.jpg,7870,fanning,0.7064,0.9155,6,502,375,568,453
2499,20230609c_02727.jpg,7746,fanning,0.9908,0.8990,16,575,378,615,413
2499,20230609c_02727.jpg,7828,fanning,0.5864,0.7995,16,1225,378,1298,401
2500,20230609c_02728.jpg,7099,neutral,0.9747,0.9327,16,1435,378,1478,414
2500,20230609c_02728.jpg,7836,fanning,0.9810,0.9242,16,642,377,708,435
2500,20230609c_02728.jpg,7870,fanning,0.9612,0.9226,7,499,375,569,439
2500,20230609c_02728.jpg,7746,fanning,0.9911,0.8936,16,573,378,615,413
2500,20230609c_02728.jpg,7828,fanning,0.7543,0.8639,16,1232,378,1307,403
2501,20230609c_02729.jpg,7099,neutral,0.9631,0.9347,16,1432,378,1480,417
2501,20230609c_02729.jpg,7746,fanning,0.9882,0.9212,16,570,376,630,420
2501,20230609c_02729.jpg,7836,neutral,0.6779,0.9201,16,647,378,715,426
2501,20230609c_02729.jpg,7870,fanning,0.9819,0.9110,8,499,376,565,437
2501,20230609c_02729.jpg,7828,fanning,0.6819,0.8219,16,1253,378,1330,399
2502,20230609c_02730.jpg,7870,fanning,0.9896,0.9300,9,493,375,562,433
2502,20230609c_02730.jpg,7099,neutral,0.9745,0.9283,16,1430,377,1480,415
2502,20230609c_02730.jpg,7836,neutral,0.8431,0.9141,16,649,378,716,423
2502,20230609c_02730.jpg,7746,fanning,0.9883,0.8938,16,569,377,624,418
2502,20230609c_02730.jpg,7828,fanning,0.9764,0.8829,16,1260,378,1342,405
2503,20230609c_02731.jpg,7099,neutral,0.9834,0.9279,16,1429,378,1480,414
2503,20230609c_02731.jpg,7870,fanning,0.9945,0.9212,10,500,379,563,430
2503,20230609c_02731.jpg,7836,neutral,0.9598,0.9081,16,653,377,716,413
2503,20230609c_02731.jpg,7746,fanning,0.9951,0.8896,16,571,378,623,419
2504,20230609c_02732.jpg,7870,fanning,0.9973,0.9436,11,497,376,567,430
2504,20230609c_02732.jpg,7099,neutral,0.9736,0.9301,16,1428,378,1481,416
2504,20230609c_02732.jpg,7873,buffering,0.0000,0.9260,3,1216,906,1264,992
2504,20230609c_02732.jpg,7836,neutral,0.9877,0.9070,16,654,377,715,409
2504,20230609c_02732.jpg,7746,fanning,0.9947,0.8924,16,569,378,624,423
2504,20230609c_02732.jpg,7828,fanning,0.9730,0.8794,16,1281,378,1414,423
2505,20230609c_02733.jpg,7099,neutral,0.9689,0.9321,16,1429,378,1480,417
2505,20230609c_02733.jpg,7870,fanning,0.9978,0.9226,12,504,376,567,429
2505,20230609c_02733.jpg,7746,fanning,0.9946,0.8989,16,570,378,627,422
2505,20230609c_02733.jpg,7828,fanning,0.9678,0.8979,16,1289,378,1416,421
2505,20230609c_02733.jpg,7836,neutral,0.9960,0.8762,16,662,378,700,401
2506,20230609c_02734.jpg,7099,neutral,0.9692,0.9346,16,1434,378,1477,418
2506,20230609c_02734.jpg,7870,fanning,0.9936,0.9118,13,505,376,566,423
2506,20230609c_02734.jpg,7746,fanning,0.9936,0.8841,16,577,378,621,411
2506,20230609c_02734.jpg,7828,fanning,0.9543,0.8718,16,1295,378,1367,402
2506,20230609c_02734.jpg,7836,neutral,0.9989,0.8229,16,665,379,703,396
2507,20230609c_02735.jpg,7930,buffering,0.0000,0.9452,1,1466,436,1528,522
2507,20230609c_02735.jpg,7099,neutral,0.9721,0.9337,16,1430,378,1480,418
2507,20230609c_02735.jpg,7870,fanning,0.9955,0.9085,14,509,376,569,419
2507,20230609c_02735.jpg,7746,fanning,0.9946,0.8800,16,579,378,621,410
2507,20230609c_02735.jpg,7828,fanning,0.9500,0.5824,16,1312,378,1371,401
2508,20230609c_02736.jpg,7099,neutral,0.9718,0.9345,16,1434,378,1477,417
2508,20230609c_02736.jpg,7936,buffering,0.0000,0.9202,1,1025,774,1068,851
2508,20230609c_02736.jpg,7870,fanning,0.9899,0.8939,15,510,375,579,412
2508,20230609c_02736.jpg,7746,fanning,0.9929,0.8821,16,578,378,621,409
2508,20230609c_02736.jpg,7828,fanning,0.9538,0.8471,16,1311,378,1367,397
2509,20230609c_02737.jpg,7099,neutral,0.9709,0.9375,16,1429,378,1482,418
2509,20230609c_02737.jpg,7870,fanning,0.9869,0.8721,16,512,378,564,405
2510,20230609c_02738.jpg,7099,neutral,0.9800,0.9402,16,1427,378,1481,419
2510,20230609c_02738.jpg,7746,fanning,0.9888,0.8915,16,553,377,625,410
2510,20230609c_02738.jpg,7870,fanning,0.9616,0.8588,16,521,378,562,400
2511,20230609c_02739.jpg,7099,neutral,0.9789,0.9365,16,1427,378,1481,419
2511,20230609c_02739.jpg,7948,buffering,0.0000,0.9181,1,1313,383,1380,480
2511,20230609c_02739.jpg,7746,fanning,0.9847,0.8830,16,580,378,621,409
2511,20230609c_02739.jpg,7870,fanning,0.9226,0.8526,16,524,378,562,399
2512,20230609c_02740.jpg,7954,buffering,0.0000,0.9469,1,882,477,959,558
2512,20230609c_02740.jpg,7099,neutral,0.9808,0.9346,16,1428,378,1481,420
2512,20230609c_02740.jpg,7948,buffering,0.0000,0.9333,2,1304,386,1369,484
2512,20230609c_02740.jpg,7746,fanning,0.9775,0.8673,16,582,379,621,408
2513,20230609c_02741.jpg,7948,buffering,0.0000,0.9479,3,1299,398,1358,490
2513,20230609c_02741.jpg,7954,buffering,0.0000,0.9468,2,898,445,970,534
2513,20230609c_02741.jpg,7099,neutral,0.9856,0.9348,16,1419,378,1481,421
2513,20230609c_02741.jpg,7746,fanning,0.9639,0.8737,16,585,379,622,406
2514,20230609c_02742.jpg,7954,buffering,0.0000,0.9443,3,931,414,995,509
2514,20230609c_02742.jpg,7948,neutral,0.9991,0.9398,4,1286,390,1342,481
2514,20230609c_02742.jpg,7099,neutral,0.9859,0.9379,16,1429,378,1483,421
2514,20230609c_02742.jpg,7963,buffering,0.0000,0.9366,1,1142,417,1204,498
2514,20230609c_02742.jpg,7746,fanning,0.9355,0.8733,16,585,378,623,406
2515,20230609c_02743.jpg,7954,neutral,0.9994,0.9474,4,955,407,1020,494
2515,20230609c_02743.jpg,7948,neutral,0.9991,0.9401,5,1255,379,1320,460
2515,20230609c_02743.jpg,7099,neutral,0.9874,0.9385,16,1430,378,1482,421
2515,20230609c_02743.jpg,7963,buffering,0.0000,0.9313,2,1132,392,1187,480
2515,20230609c_02743.jpg,7746,fanning,0.8404,0.8760,16,583,379,622,406
2516,20230609c_02744.jpg,7954,neutral,0.9991,0.9429,5,969,424,1049,498
2516,20230609c_02744.jpg,7099,neutral,0.9888,0.9408,16,1434,378,1480,419
2516,20230609c_02744.jpg,7963,buffering,0.0000,0.9344,3,1107,388,1164,469
2516,20230609c_02744.jpg,7948,neutral,0.9972,0.9267,6,1251,378,1321,438
2516,20230609c_02744.jpg,7970,buffering,0.0000,0.9130,1,1554,824,1599,889
2516,20230609c_02744.jpg,7746,fanning,0.9135,0.8777,16,588,379,624,405
2517,20230609c_02745.jpg,7099,neutral,0.9899,0.9406,16,1434,378,1480,419
2517,20230609c_02745.jpg,7948,neutral,0.9939,0.9345,7,1262,377,1325,430
2517,20230609c_02745.jpg,7963,neutral,0.9994,0.9248,4,1097,380,1151,458
2517,20230609c_02745.jpg,7746,fanning,0.8775,0.8735,16,586,379,624,405
2518,20230609c_02746.jpg,7948,neutral,0.9949,0.9470,8,1258,377,1329,440
2518,20230609c_02746.jpg,7975,buffering,0.0000,0.9396,1,1010,485,1096,559
2518,20230609c_02746.jpg,7099,neutral,0.9885,0.9367,16,1427,378,1480,420
2518,20230609c_02746.jpg,7963,neutral,0.9991,0.9244,5,1088,379,1148,452
2518,20230609c_02746.jpg,7746,fanning,0.7672,0.8777,16,584,378,626,406
2519,20230609c_02747.jpg,7975,buffering,0.0000,0.9415,2,1021,491,1098,578
2519,20230609c_02747.jpg,7948,neutral,0.9938,0.9388,9,1274,378,1332,451
2519,20230609c_02747.jpg,7099,neutral,0.9783,0.9368,16,1428,378,1481,418
2519,20230609c_02747.jpg,7963,neutral,0.9986,0.9347,6,1094,383,1155,466
2519,20230609c_02747.jpg,7746,fanning,0.7928,0.8914,16,579,377,640,408
2520,20230609c_02748.jpg,7948,neutral,0.9869,0.9424,10,1275,378,1335,450
2520,20230609c_02748.jpg,7975,buffering,0.0000,0.9414,3,1026,492,1108,582
2520,20230609c_02748.jpg,7963,neutral,0.9971,0.9400,7,1099,396,1163,479
2520,20230609c_02748.jpg,7099,neutral,0.9832,0.9393,16,1424,377,1481,419
2520,20230609c_02748.jpg,7746,fanning,0.6172,0.8890,16,584,378,626,405
2521,20230609c_02749.jpg,7963,neutral,0.9966,0.9430,8,1102,401,1172,475
2521,20230609c_02749.jpg,7975,neutral,0.9980,0.9408,4,1054,524,1135,592
2521,20230609c_02749.jpg,7948,neutral,0.9789,0.9406,11,1286,378,1340,448
2521,20230609c_02749.jpg,7099,neutral,0.9806,0.9322,16,1426,378,1480,417
2521,20230609c_02749.jpg,7746,uncertain,0.5248,0.8998,16,584,378,627,406
2522,20230609c_02750.jpg,7963,neutral,0.9920,0.9396,9,1114,387,1189,465
2522,20230609c_02750.jpg,7948,neutral,0.9764,0.9360,12,1282,378,1342,446
2522,20230609c_02750.jpg,7099,neutral,0.9844,0.9341,16,1427,377,1481,419
2522,20230609c_02750.jpg,7746,uncertain,0.5338,0.8862,16,582,377,645,408
2523,20230609c_02751.jpg,7963,neutral,0.9817,0.9392,10,1135,378,1195,459
2523,20230609c_02751.jpg,7948,neutral,0.9681,0.9326,13,1277,379,1340,427
2523,20230609c_02751.jpg,7099,neutral,0.9832,0.9324,16,1427,378,1480,420
2523,20230609c_02751.jpg,7746,uncertain,0.5060,0.8921,16,577,377,643,408
2524,20230609c_02752.jpg,7997,buffering,0.0000,0.9398,1,1330,696,1375,771
2524,20230609c_02752.jpg,7963,neutral,0.9834,0.9305,11,1139,379,1199,454
2524,20230609c_02752.jpg,7099,neutral,0.9856,0.9301,16,1428,378,1481,421
2524,20230609c_02752.jpg,7948,neutral,0.9700,0.9201,14,1290,377,1346,419
2524,20230609c_02752.jpg,7746,neutral,0.5961,0.8901,16,580,377,645,407
2525,20230609c_02753.jpg,7099,neutral,0.9859,0.9325,16,1427,378,1480,421
2525,20230609c_02753.jpg,7997,buffering,0.0000,0.9191,2,1308,703,1359,778
2525,20230609c_02753.jpg,7963,neutral,0.9840,0.9165,12,1163,374,1209,447
2525,20230609c_02753.jpg,7948,neutral,0.9563,0.8971,15,1297,377,1343,412
2525,20230609c_02753.jpg,7746,neutral,0.5695,0.8943,16,580,377,644,407
2526,20230609c_02754.jpg,8003,buffering,0.0000,0.9463,1,1304,554,1365,634
2526,20230609c_02754.jpg,7099,neutral,0.9742,0.9329,16,1432,378,1477,419
2526,20230609c_02754.jpg,7963,neutral,0.9773,0.9105,13,1175,375,1222,446
2526,20230609c_02754.jpg,7746,fanning,0.5880,0.8947,16,581,377,645,409
2526,20230609c_02754.jpg,7948,neutral,0.9607,0.8666,16,1293,378,1328,400
2527,20230609c_02755.jpg,8003,buffering,0.0000,0.9427,2,1306,553,1355,642
2527,20230609c_02755.jpg,7963,neutral,0.9647,0.9333,14,1167,374,1241,449
2527,20230609c_02755.jpg,7099,neutral,0.9595,0.9318,16,1432,378,1477,419
2527,20230609c_02755.jpg,7746,fanning,0.6035,0.8986,16,580,377,645,408
2528,20230609c_02756.jpg,8003,buffering,0.0000,0.9522,3,1273,557,1335,649
2528,20230609c_02756.jpg,7963,neutral,0.9632,0.9351,15,1158,377,1212,439
2528,20230609c_02756.jpg,7099,neutral,0.9565,0.9318,16,1428,378,1480,420
2528,20230609c_02756.jpg,7746,fanning,0.6303,0.8921,16,582,377,646,409
2529,20230609c_02757.jpg,8003,neutral,0.9861,0.9425,4,1224,554,1288,655
2529,20230609c_02757.jpg,7099,neutral,0.9582,0.9326,16,1427,378,1479,419
2529,20230609c_02757.jpg,7746,fanning,0.6586,0.8884,16,584,377,645,407
2529,20230609c_02757.jpg,7963,neutral,0.9443,0.8812,16,1152,378,1212,433
2530,20230609c_02758.jpg,7099,neutral,0.9624,0.9330,16,1426,378,1478,420
2530,20230609c_02758.jpg,7963,neutral,0.9324,0.8945,16,1159,378,1203,423
2530,20230609c_02758.jpg,7746,fanning,0.7425,0.8875,16,582,377,644,407
2531,20230609c_02759.jpg,7099,neutral,0.9635,0.9355,16,1420,378,1478,419
2531,20230609c_02759.jpg,7963,neutral,0.9205,0.9001,16,1153,378,1194,412
2531,20230609c_02759.jpg,7746,fanning,0.8804,0.8820,16,586,378,630,405
2532,20230609c_02760.jpg,7099,neutral,0.9622,0.9358,16,1431,378,1476,419
2532,20230609c_02760.jpg,7746,fanning,0.8317,0.8688,16,578,377,642,407
2532,20230609c_02760.jpg,7963,neutral,0.9125,0.8648,16,1152,378,1187,403
2532,20230609c_02760.jpg,8020,buffering,0.0000,0.8475,1,744,674,776,718
2533,20230609c_02761.jpg,7099,neutral,0.9610,0.9357,16,1430,378,1476,420
2533,20230609c_02761.jpg,8020,buffering,0.0000,0.9042,2,753,681,789,749
2533,20230609c_02761.jpg,7746,fanning,0.7925,0.8745,16,577,377,643,407
2534,20230609c_02762.jpg,7099,neutral,0.9595,0.9355,16,1430,378,1476,419
2534,20230609c_02762.jpg,8020,buffering,0.0000,0.9265,3,765,697,806,763
2534,20230609c_02762.jpg,7746,fanning,0.9013,0.8615,16,581,377,648,408
2535,20230609c_02763.jpg,7099,neutral,0.9647,0.9345,16,1431,378,1476,419
2535,20230609c_02763.jpg,8020,neutral,0.9992,0.9068,4,786,699,829,763
2535,20230609c_02763.jpg,7746,fanning,0.8499,0.8164,16,588,378,627,403
2536,20230609c_02764.jpg,7099,neutral,0.9638,0.9350,16,1431,378,1476,419
2536,20230609c_02764.jpg,7746,fanning,0.8348,0.8170,16,588,378,626,401
2537,20230609c_02765.jpg,7099,neutral,0.9621,0.9356,16,1427,378,1479,421
2538,20230609c_02766.jpg,7099,neutral,0.9508,0.9374,16,1430,378,1476,420
2539,20230609c_02767.jpg,7099,neutral,0.9489,0.9387,16,1422,378,1479,419
2540,20230609c_02768.jpg,8044,buffering,0.0000,0.9411,1,269,590,331,671
2540,20230609c_02768.jpg,7099,neutral,0.9414,0.9379,16,1418,378,1479,419
2541,20230609c_02769.jpg,7099,neutral,0.9089,0.9389,16,1422,378,1479,419
2542,20230609c_02770.jpg,7099,neutral,0.9006,0.9401,16,1424,378,1479,419
2543,20230609c_02771.jpg,7099,neutral,0.9053,0.9392,16,1425,377,1480,419
2544,20230609c_02772.jpg,7099,neutral,0.8992,0.9370,16,1422,377,1480,417
2545,20230609c_02773.jpg,7099,neutral,0.9018,0.9395,16,1424,378,1480,417
2546,20230609c_02774.jpg,7099,neutral,0.8898,0.9401,16,1424,377,1481,418
2547,20230609c_02775.jpg,7099,neutral,0.8602,0.9414,16,1426,378,1480,417
2548,20230609c_02776.jpg,7099,neutral,0.8694,0.9414,16,1424,378,1479,418
2548,20230609c_02776.jpg,8059,buffering,0.0000,0.9241,1,486,376,555,451
2549,20230609c_02777.jpg,7099,neutral,0.8780,0.9399,16,1428,378,1477,416
2549,20230609c_02777.jpg,8059,buffering,0.0000,0.9218,2,494,376,557,448
2550,20230609c_02778.jpg,7099,neutral,0.8892,0.9403,16,1422,378,1480,416
2550,20230609c_02778.jpg,8059,buffering,0.0000,0.9301,3,495,376,560,445
2551,20230609c_02779.jpg,7099,neutral,0.9065,0.9400,16,1424,378,1480,417
2551,20230609c_02779.jpg,8059,neutral,0.9996,0.9273,4,496,376,564,442
2551,20230609c_02779.jpg,7997,buffering,0.0000,0.8890,3,1094,795,1149,852
2552,20230609c_02780.jpg,7099,neutral,0.9225,0.9422,16,1424,377,1481,419
2552,20230609c_02780.jpg,8059,neutral,0.9995,0.9340,5,501,377,569,439
2552,20230609c_02780.jpg,7997,neutral,0.9713,0.8909,4,1080,805,1140,844
2553,20230609c_02781.jpg,7099,neutral,0.9005,0.9419,16,1424,378,1480,417
2553,20230609c_02781.jpg,8059,neutral,0.9994,0.9374,6,503,376,571,439
2554,20230609c_02782.jpg,7099,neutral,0.9183,0.9406,16,1428,378,1477,416
2554,20230609c_02782.jpg,8059,neutral,0.9993,0.9277,7,508,378,571,435
2555,20230609c_02783.jpg,7099,neutral,0.9152,0.9419,16,1426,378,1480,417
2555,20230609c_02783.jpg,8059,neutral,0.9991,0.9267,8,513,379,585,430
2556,20230609c_02784.jpg,7099,neutral,0.9231,0.9420,16,1425,378,1480,418
2556,20230609c_02784.jpg,8059,neutral,0.9814,0.9189,9,516,379,589,423
2557,20230609c_02785.jpg,7099,neutral,0.9395,0.9421,16,1425,378,1480,418
2557,20230609c_02785.jpg,8059,neutral,0.9645,0.9129,10,517,377,574,419
2558,20230609c_02786.jpg,7099,neutral,0.9426,0.9421,16,1423,378,1480,417
2558,20230609c_02786.jpg,8059,neutral,0.9320,0.9055,11,514,377,579,416
2559,20230609c_02787.jpg,7099,neutral,0.9384,0.9403,16,1421,378,1479,417
2559,20230609c_02787.jpg,8059,neutral,0.8022,0.8949,12,516,375,583,413
2560,20230609c_02788.jpg,8081,buffering,0.0000,0.9482,1,492,428,550,512
2560,20230609c_02788.jpg,7099,neutral,0.9432,0.9403,16,1422,378,1480,419
2560,20230609c_02788.jpg,8059,neutral,0.8630,0.8561,13,528,379,575,400
2561,20230609c_02789.jpg,8081,buffering,0.0000,0.9432,2,512,419,564,500
2561,20230609c_02789.jpg,7099,neutral,0.9360,0.9402,16,1425,378,1480,419
2561,20230609c_02789.jpg,8059,neutral,0.9294,0.8012,14,526,379,564,395
2562,20230609c_02790.jpg,7099,neutral,0.9274,0.9402,16,1423,378,1481,419
2562,20230609c_02790.jpg,8081,buffering,0.0000,0.9393,3,522,389,585,480
2563,20230609c_02791.jpg,7099,neutral,0.9305,0.9397,16,1422,377,1481,418
2563,20230609c_02791.jpg,8081,neutral,0.9949,0.9283,4,532,375,598,460
2564,20230609c_02792.jpg,7099,neutral,0.9166,0.9406,16,1422,378,1481,417
2564,20230609c_02792.jpg,8081,neutral,0.9762,0.9341,5,541,376,611,450
2565,20230609c_02793.jpg,7099,neutral,0.8877,0.9421,16,1420,378,1480,418
2565,20230609c_02793.jpg,8081,neutral,0.9796,0.9218,6,538,375,611,444
2566,20230609c_02794.jpg,7099,neutral,0.8981,0.9409,16,1423,378,1480,419
2566,20230609c_02794.jpg,8081,neutral,0.9686,0.9281,7,549,375,624,439
2566,20230609c_02794.jpg,8089,buffering,0.0000,0.9114,1,427,836,468,905
2567,20230609c_02795.jpg,7099,neutral,0.8975,0.9400,16,1421,378,1480,418
2567,20230609c_02795.jpg,8081,neutral,0.9641,0.9235,8,555,375,622,434
2567,20230609c_02795.jpg,8089,buffering,0.0000,0.9206,2,421,829,472,893
2568,20230609c_02796.jpg,7099,neutral,0.8903,0.9410,16,1421,378,1480,419
2568,20230609c_02796.jpg,8081,neutral,0.7411,0.9110,9,533,375,619,425
2569,20230609c_02797.jpg,7099,neutral,0.9293,0.9399,16,1422,378,1480,419
2569,20230609c_02797.jpg,8081,neutral,0.5745,0.8885,10,546,375,623,417
2570,20230609c_02798.jpg,7099,neutral,0.9291,0.9389,16,1422,378,1480,419
2570,20230609c_02798.jpg,8081,fanning,0.6781,0.8932,11,551,375,618,411
2571,20230609c_02799.jpg,7099,neutral,0.9025,0.9401,16,1422,378,1480,419
2572,20230609c_02800.jpg,7099,neutral,0.9069,0.9386,16,1421,377,1480,417
2573,20230609c_02801.jpg,7099,neutral,0.8999,0.9401,16,1421,378,1480,418
2574,20230609c_02802.jpg,7099,neutral,0.9056,0.9387,16,1422,378,1480,418
2575,20230609c_02803.jpg,7099,neutral,0.9303,0.9412,16,1424,378,1480,419
2576,20230609c_02804.jpg,7099,neutral,0.9320,0.9408,16,1423,378,1481,420
2577,20230609c_02805.jpg,7099,neutral,0.9392,0.9401,16,1422,378,1481,419
2578,20230609c_02806.jpg,7099,neutral,0.9570,0.9405,16,1422,378,1480,419
2579,20230609c_02807.jpg,7099,neutral,0.9664,0.9406,16,1424,378,1480,421
2579,20230609c_02807.jpg,8110,buffering,0.0000,0.9194,1,1195,769,1260,865
2580,20230609c_02808.jpg,7099,neutral,0.9790,0.9418,16,1422,378,1480,421
2581,20230609c_02809.jpg,7099,neutral,0.9784,0.9411,16,1422,378,1481,420
2582,20230609c_02810.jpg,7099,neutral,0.9743,0.9406,16,1422,378,1481,420
2583,20230609c_02811.jpg,7099,neutral,0.9760,0.9408,16,1422,378,1480,421
2584,20230609c_02812.jpg,7099,neutral,0.9704,0.9403,16,1422,378,1480,420
2585,20230609c_02813.jpg,7099,neutral,0.9538,0.9358,16,1421,378,1480,417
2586,20230609c_02814.jpg,7099,neutral,0.9400,0.9367,16,1425,378,1477,417
2587,20230609c_02815.jpg,7099,neutral,0.9054,0.9357,16,1421,378,1480,417
2588,20230609c_02816.jpg,7099,neutral,0.8935,0.9395,16,1423,378,1480,419
2589,20230609c_02817.jpg,7099,neutral,0.8964,0.9364,16,1425,378,1477,418
2590,20230609c_02818.jpg,7099,neutral,0.9040,0.9403,16,1428,378,1477,416
2591,20230609c_02819.jpg,7099,neutral,0.8651,0.9418,16,1423,378,1480,417
2592,20230609c_02820.jpg,7099,neutral,0.8595,0.9398,16,1418,378,1481,419
2593,20230609c_02821.jpg,7099,neutral,0.8824,0.9411,16,1420,378,1481,418
2594,20230609c_02822.jpg,7099,neutral,0.8728,0.9368,16,1392,378,1480,417
2595,20230609c_02823.jpg,7099,neutral,0.8462,0.9339,16,1430,378,1476,417
2596,20230609c_02824.jpg,7099,neutral,0.8479,0.9368,16,1408,378,1480,419
2597,20230609c_02825.jpg,7099,neutral,0.8888,0.9378,16,1423,377,1481,419
2598,20230609c_02826.jpg,7099,neutral,0.8935,0.9368,16,1415,378,1481,417
2599,20230609c_02827.jpg,7099,neutral,0.8947,0.9416,16,1421,378,1481,417
2599,20230609c_02827.jpg,8133,buffering,0.0000,0.9384,1,1100,571,1156,673
2600,20230609c_02828.jpg,7099,neutral,0.9096,0.9405,16,1423,378,1481,419
2600,20230609c_02828.jpg,8133,buffering,0.0000,0.9377,2,1091,556,1153,650
2601,20230609c_02829.jpg,7099,neutral,0.9369,0.9414,16,1423,378,1481,419
2601,20230609c_02829.jpg,8133,buffering,0.0000,0.9328,3,1078,513,1138,607
2602,20230609c_02830.jpg,7099,neutral,0.9483,0.9408,16,1422,377,1481,417
2602,20230609c_02830.jpg,8133,neutral,0.9972,0.9304,4,1060,453,1125,551
2603,20230609c_02831.jpg,7099,neutral,0.9671,0.9414,16,1423,377,1481,418
2603,20230609c_02831.jpg,8133,neutral,0.9964,0.9401,5,1051,395,1116,486
2604,20230609c_02832.jpg,7099,neutral,0.9752,0.9416,16,1423,378,1480,417
2604,20230609c_02832.jpg,8133,neutral,0.9967,0.9268,6,1059,378,1109,443
2605,20230609c_02833.jpg,7099,neutral,0.9802,0.9424,16,1422,378,1480,418
2605,20230609c_02833.jpg,8149,buffering,0.0000,0.8935,1,62,611,105,668
2606,20230609c_02834.jpg,7099,neutral,0.9788,0.9418,16,1423,378,1480,417
2606,20230609c_02834.jpg,8151,buffering,0.0000,0.9415,1,1069,391,1129,473
2607,20230609c_02835.jpg,7099,neutral,0.9853,0.9418,16,1424,377,1480,417
2607,20230609c_02835.jpg,8151,buffering,0.0000,0.9373,2,1085,390,1134,474
2608,20230609c_02836.jpg,7099,neutral,0.9855,0.9409,16,1422,378,1480,417
2608,20230609c_02836.jpg,8151,buffering,0.0000,0.9217,3,1083,383,1144,464
2609,20230609c_02837.jpg,7099,neutral,0.9868,0.9406,16,1423,378,1480,418
2609,20230609c_02837.jpg,8151,neutral,0.9985,0.9308,4,1080,378,1148,452
2610,20230609c_02838.jpg,7099,neutral,0.9904,0.9403,16,1427,378,1477,418
2610,20230609c_02838.jpg,8151,neutral,0.9885,0.9232,5,1093,380,1143,438
2611,20230609c_02839.jpg,7099,neutral,0.9901,0.9415,16,1427,378,1477,419
2611,20230609c_02839.jpg,8151,neutral,0.9852,0.9071,6,1104,379,1148,417
2611,20230609c_02839.jpg,8110,buffering,0.0000,0.8969,2,1222,782,1287,854
2612,20230609c_02840.jpg,7099,neutral,0.9901,0.9403,16,1422,378,1479,418
2613,20230609c_02841.jpg,7099,neutral,0.9895,0.9409,16,1422,378,1480,419
2614,20230609c_02842.jpg,7099,neutral,0.9913,0.9403,16,1422,378,1480,418
2614,20230609c_02842.jpg,8183,buffering,0.0000,0.9123,1,387,373,473,442
2615,20230609c_02843.jpg,7099,neutral,0.9921,0.9396,16,1422,378,1480,418
2615,20230609c_02843.jpg,8186,buffering,0.0000,0.9338,1,476,399,534,498
2615,20230609c_02843.jpg,8183,buffering,0.0000,0.9216,2,379,374,444,440
2616,20230609c_02844.jpg,7099,neutral,0.9931,0.9400,16,1423,378,1480,419
2616,20230609c_02844.jpg,8186,buffering,0.0000,0.9298,2,484,376,549,477
2616,20230609c_02844.jpg,8183,buffering,0.0000,0.9276,3,384,373,459,444
2617,20230609c_02845.jpg,8186,buffering,0.0000,0.9393,3,512,377,572,473
2617,20230609c_02845.jpg,7099,neutral,0.9945,0.9375,16,1421,378,1480,418
2617,20230609c_02845.jpg,8183,neutral,0.9996,0.9047,4,386,374,453,436
2618,20230609c_02846.jpg,7099,neutral,0.9941,0.9390,16,1421,378,1480,418
2618,20230609c_02846.jpg,8183,neutral,0.9988,0.9034,5,377,373,475,437
2619,20230609c_02847.jpg,7099,neutral,0.9927,0.9386,16,1421,378,1480,417
2619,20230609c_02847.jpg,8191,buffering,0.0000,0.9348,1,570,375,644,469
2619,20230609c_02847.jpg,8183,neutral,0.9986,0.9070,6,377,374,445,435
2620,20230609c_02848.jpg,7099,neutral,0.9911,0.9358,16,1420,378,1479,418
2620,20230609c_02848.jpg,8191,buffering,0.0000,0.9054,2,589,375,661,455
2620,20230609c_02848.jpg,8183,neutral,0.9988,0.8991,7,392,373,449,430
2621,20230609c_02849.jpg,7099,neutral,0.9882,0.9360,16,1421,378,1480,417
2621,20230609c_02849.jpg,8191,buffering,0.0000,0.9309,3,595,376,653,454
2621,20230609c_02849.jpg,8183,neutral,0.9988,0.8975,8,395,374,443,434
2622,20230609c_02850.jpg,8191,neutral,0.9916,0.9415,4,593,376,653,459
2622,20230609c_02850.jpg,7099,neutral,0.9895,0.9375,16,1421,378,1480,416
2622,20230609c_02850.jpg,8183,neutral,0.9985,0.9111,9,392,373,443,432
2623,20230609c_02851.jpg,8191,neutral,0.9710,0.9414,5,601,374,676,453
2623,20230609c_02851.jpg,7099,neutral,0.9862,0.9389,16,1424,379,1477,417
2623,20230609c_02851.jpg,8183,neutral,0.9982,0.9056,10,387,374,452,431
2624,20230609c_02852.jpg,8191,neutral,0.9367,0.9388,6,613,377,687,439
2624,20230609c_02852.jpg,7099,neutral,0.9889,0.9343,16,1421,378,1480,418
2624,20230609c_02852.jpg,8183,neutral,0.9974,0.9102,11,397,374,450,432
2625,20230609c_02853.jpg,7099,neutral,0.9883,0.9371,16,1422,378,1480,418
2625,20230609c_02853.jpg,8191,neutral,0.8978,0.9368,7,621,377,695,435
2625,20230609c_02853.jpg,8183,neutral,0.9945,0.9075,12,386,373,452,427
2626,20230609c_02854.jpg,7099,neutral,0.9834,0.9346,16,1420,378,1480,417
2626,20230609c_02854.jpg,8183,neutral,0.9670,0.9181,13,392,373,452,430
2627,20230609c_02855.jpg,7099,neutral,0.9749,0.9339,16,1425,379,1477,417
2627,20230609c_02855.jpg,8183,neutral,0.8464,0.8904,14,400,374,447,431
2628,20230609c_02856.jpg,7099,neutral,0.9798,0.9394,16,1422,378,1480,418
2628,20230609c_02856.jpg,8183,neutral,0.5914,0.8923,15,400,376,449,431
2629,20230609c_02857.jpg,7099,neutral,0.9806,0.9338,16,1422,378,1480,418
2629,20230609c_02857.jpg,8183,fanning,0.5576,0.9008,16,400,374,452,432
2629,20230609c_02857.jpg,8191,neutral,0.9614,0.8187,8,661,378,702,397
2630,20230609c_02858.jpg,7099,neutral,0.9758,0.9336,16,1424,378,1477,416
2630,20230609c_02858.jpg,8183,fanning,0.5929,0.9173,16,397,374,467,428
2631,20230609c_02859.jpg,7099,neutral,0.9736,0.9343,16,1423,379,1477,416
2631,20230609c_02859.jpg,8183,fanning,0.8387,0.9325,16,400,373,475,423
2631,20230609c_02859.jpg,8205,buffering,0.0000,0.9184,1,1031,894,1075,973
2632,20230609c_02860.jpg,8183,fanning,0.9431,0.9403,16,407,375,489,422
2632,20230609c_02860.jpg,7099,neutral,0.9720,0.9365,16,1423,379,1477,416
2632,20230609c_02860.jpg,8205,buffering,0.0000,0.9060,2,1026,895,1069,969
2633,20230609c_02861.jpg,7099,neutral,0.9564,0.9350,16,1423,379,1476,417
2634,20230609c_02862.jpg,8183,fanning,0.9705,0.9378,16,413,376,480,423
2634,20230609c_02862.jpg,7099,neutral,0.9124,0.9355,16,1423,379,1477,416
2635,20230609c_02863.jpg,7099,neutral,0.9041,0.9340,16,1424,379,1477,416
2636,20230609c_02864.jpg,8183,fanning,0.9831,0.9366,16,420,375,537,425
2636,20230609c_02864.jpg,7099,neutral,0.9035,0.9339,16,1422,378,1480,417
2637,20230609c_02865.jpg,8183,fanning,0.9947,0.9373,16,420,375,492,426
2637,20230609c_02865.jpg,7099,neutral,0.9271,0.9350,16,1421,378,1480,418
2638,20230609c_02866.jpg,8183,fanning,0.9985,0.9385,16,418,376,488,428
2638,20230609c_02866.jpg,7099,neutral,0.9196,0.9370,16,1421,378,1480,419
2638,20230609c_02866.jpg,8217,buffering,0.0000,0.9304,1,863,400,914,475
2639,20230609c_02867.jpg,8217,buffering,0.0000,0.9370,2,835,384,897,472
2639,20230609c_02867.jpg,7099,neutral,0.9320,0.9326,16,1424,379,1477,417
2639,20230609c_02867.jpg,8183,fanning,0.9986,0.9245,16,422,377,478,430
2640,20230609c_02868.jpg,7099,neutral,0.9250,0.9370,16,1425,379,1477,416
2640,20230609c_02868.jpg,8217,buffering,0.0000,0.9357,3,833,376,899,465
2640,20230609c_02868.jpg,8183,fanning,0.9981,0.9205,16,427,376,483,433
2641,20230609c_02869.jpg,8217,neutral,0.9987,0.9378,4,864,375,922,449
2641,20230609c_02869.jpg,7099,neutral,0.9218,0.9375,16,1422,378,1480,417
2641,20230609c_02869.jpg,8183,fanning,0.9980,0.9202,16,423,376,486,436
2642,20230609c_02870.jpg,7099,neutral,0.9230,0.9343,16,1421,378,1480,418
2642,20230609c_02870.jpg,8183,fanning,0.9980,0.9311,16,424,376,492,434
2642,20230609c_02870.jpg,8217,neutral,0.9931,0.9178,5,882,379,928,448
