frame_idx,image_name,track_id,action,action_conf,det_conf,buf_size,x1,y1,x2,y2
0,20230609c_00228.jpg,1,buffering,0.0000,0.9321,1,830,394,888,481
0,20230609c_00228.jpg,2,buffering,0.0000,0.9284,1,1109,730,1185,822
0,20230609c_00228.jpg,3,buffering,0.0000,0.9265,1,793,858,854,923
0,20230609c_00228.jpg,4,buffering,0.0000,0.9247,1,505,372,579,427
0,20230609c_00228.jpg,5,buffering,0.0000,0.9021,1,98,688,165,759
0,20230609c_00228.jpg,6,buffering,0.0000,0.9002,1,1760,670,1831,740
1,20230609c_00229.jpg,4,buffering,0.0000,0.9274,2,502,371,573,422
2,20230609c_00230.jpg,4,buffering,0.0000,0.8967,3,505,370,577,418
3,20230609c_00231.jpg,13,buffering,0.0000,0.9405,1,728,385,797,477
3,20230609c_00231.jpg,4,neutral,0.9997,0.9063,4,508,371,581,417
4,20230609c_00232.jpg,19,buffering,0.0000,0.9355,1,1320,672,1384,751
4,20230609c_00232.jpg,13,buffering,0.0000,0.9126,2,708,387,769,461
4,20230609c_00232.jpg,4,neutral,0.9997,0.9070,5,508,371,579,415
5,20230609c_00233.jpg,19,buffering,0.0000,0.9303,2,1310,680,1373,750
5,20230609c_00233.jpg,13,buffering,0.0000,0.9285,3,671,392,750,461
5,20230609c_00233.jpg,4,neutral,0.9991,0.8844,6,514,370,571,412
6,20230609c_00234.jpg,13,neutral,0.9998,0.9409,4,656,390,716,462
6,20230609c_00234.jpg,28,buffering,0.0000,0.8938,1,1228,887,1274,958
6,20230609c_00234.jpg,4,neutral,0.9987,0.8906,7,518,370,561,408
7,20230609c_00235.jpg,33,buffering,0.0000,0.9182,1,578,371,634,448
7,20230609c_00235.jpg,13,neutral,0.9996,0.9152,5,641,372,713,459
7,20230609c_00235.jpg,4,neutral,0.9933,0.8701,8,515,370,568,409
7,20230609c_00235.jpg,34,buffering,0.0000,0.8056,1,1823,761,1864,822
8,20230609c_00236.jpg,13,neutral,0.9996,0.9295,6,658,371,722,457
8,20230609c_00236.jpg,33,buffering,0.0000,0.9060,2,572,370,633,444
8,20230609c_00236.jpg,4,neutral,0.9479,0.8829,9,517,370,554,407
9,20230609c_00237.jpg,13,neutral,0.9995,0.9355,7,662,370,727,451
9,20230609c_00237.jpg,2,buffering,0.0000,0.9239,2,1124,694,1182,771
9,20230609c_00237.jpg,45,buffering,0.0000,0.9161,1,1022,870,1102,993
9,20230609c_00237.jpg,33,buffering,0.0000,0.9072,3,569,370,635,430
9,20230609c_00237.jpg,4,neutral,0.8800,0.8830,10,518,370,554,404
10,20230609c_00238.jpg,13,neutral,0.9990,0.9334,8,674,371,742,437
10,20230609c_00238.jpg,4,neutral,0.8694,0.8765,11,518,370,553,399
11,20230609c_00239.jpg,13,neutral,0.9987,0.9093,9,668,370,737,426
11,20230609c_00239.jpg,33,neutral,0.9963,0.8720,4,586,370,633,402
11,20230609c_00239.jpg,4,neutral,0.9469,0.8609,12,522,370,555,394
12,20230609c_00240.jpg,13,neutral,0.9982,0.9215,10,678,370,740,425
12,20230609c_00240.jpg,4,neutral,0.9638,0.8054,13,526,370,557,389
13,20230609c_00241.jpg,13,neutral,0.9978,0.9237,11,684,370,741,426
14,20230609c_00242.jpg,72,buffering,0.0000,0.9328,1,915,705,959,786
14,20230609c_00242.jpg,13,neutral,0.9972,0.9168,12,680,371,738,425
15,20230609c_00243.jpg,72,buffering,0.0000,0.9347,2,909,701,953,782
15,20230609c_00243.jpg,13,neutral,0.9971,0.9131,13,679,370,741,427
15,20230609c_00243.jpg,77,buffering,0.0000,0.9006,1,579,900,616,964
16,20230609c_00244.jpg,78,buffering,0.0000,0.9444,1,1394,552,1468,629
16,20230609c_00244.jpg,72,buffering,0.0000,0.9312,3,896,678,955,784
16,20230609c_00244.jpg,77,buffering,0.0000,0.9267,2,577,895,631,987
16,20230609c_00244.jpg,13,neutral,0.9974,0.9193,14,681,371,741,427
17,20230609c_00245.jpg,78,buffering,0.0000,0.9430,2,1359,567,1443,644
17,20230609c_00245.jpg,72,neutral,0.8040,0.9305,4,888,694,942,773
17,20230609c_00245.jpg,13,neutral,0.9974,0.9111,15,677,370,748,426
18,20230609c_00246.jpg,84,buffering,0.0000,0.9373,1,744,407,822,486
18,20230609c_00246.jpg,72,neutral,0.7848,0.9259,5,857,678,920,766
18,20230609c_00246.jpg,13,neutral,0.9972,0.9049,16,684,371,746,425
19,20230609c_00247.jpg,72,neutral,0.8771,0.9407,6,832,671,884,740
19,20230609c_00247.jpg,84,buffering,0.0000,0.9207,2,733,408,813,522
19,20230609c_00247.jpg,13,neutral,0.9972,0.9131,16,684,371,743,416
19,20230609c_00247.jpg,90,buffering,0.0000,0.8505,1,767,469,812,528
20,20230609c_00248.jpg,72,neutral,0.9263,0.9275,7,814,662,864,731
20,20230609c_00248.jpg,84,buffering,0.0000,0.9193,3,732,410,808,520
20,20230609c_00248.jpg,13,neutral,0.9687,0.8934,16,687,371,743,408
20,20230609c_00248.jpg,90,buffering,0.0000,0.8730,2,764,439,814,521
21,20230609c_00249.jpg,2,buffering,0.0000,0.9299,3,1136,619,1185,700
21,20230609c_00249.jpg,84,neutral,0.9927,0.9221,4,749,395,820,511
21,20230609c_00249.jpg,90,buffering,0.0000,0.7907,3,766,440,817,513
22,20230609c_00250.jpg,2,neutral,0.9996,0.9362,4,1121,587,1183,683
22,20230609c_00250.jpg,84,neutral,0.9531,0.9304,5,748,383,831,509
22,20230609c_00250.jpg,90,neutral,0.9869,0.9176,4,778,423,831,507
22,20230609c_00250.jpg,72,neutral,0.7381,0.8873,8,781,653,825,729
23,20230609c_00251.jpg,90,neutral,0.7046,0.9384,5,785,408,844,497
23,20230609c_00251.jpg,84,fanning,0.6007,0.9191,6,750,372,804,462
24,20230609c_00252.jpg,111,buffering,0.0000,0.9275,1,719,703,774,780
24,20230609c_00252.jpg,84,fanning,0.7557,0.9213,7,759,372,817,455
24,20230609c_00252.jpg,90,neutral,0.6646,0.9208,6,790,403,851,489
25,20230609c_00253.jpg,90,fanning,0.6806,0.9281,7,772,376,858,477
25,20230609c_00253.jpg,84,fanning,0.8279,0.9220,8,774,372,818,450
26,20230609c_00254.jpg,84,fanning,0.8749,0.9239,9,759,372,825,442
26,20230609c_00254.jpg,90,fanning,0.8573,0.9172,8,799,387,851,476
27,20230609c_00255.jpg,90,fanning,0.9047,0.9203,9,806,371,868,469
27,20230609c_00255.jpg,84,fanning,0.8906,0.9121,10,760,370,820,420
28,20230609c_00256.jpg,90,fanning,0.9212,0.9402,10,809,370,878,458
28,20230609c_00256.jpg,72,neutral,0.7794,0.9379,9,662,564,727,661
28,20230609c_00256.jpg,84,fanning,0.8758,0.9094,11,767,370,824,411
29,20230609c_00257.jpg,90,fanning,0.9278,0.9337,11,813,369,883,447
29,20230609c_00257.jpg,146,buffering,0.0000,0.9296,1,652,382,710,473
29,20230609c_00257.jpg,84,fanning,0.8833,0.8906,12,783,370,827,400
30,20230609c_00258.jpg,90,fanning,0.8955,0.9451,12,828,369,882,435
30,20230609c_00258.jpg,152,buffering,0.0000,0.9439,1,451,517,506,616
30,20230609c_00258.jpg,146,buffering,0.0000,0.9364,2,651,371,707,454
30,20230609c_00258.jpg,151,buffering,0.0000,0.9349,1,1251,371,1315,434
31,20230609c_00259.jpg,158,buffering,0.0000,0.9422,1,1432,449,1498,539
31,20230609c_00259.jpg,152,buffering,0.0000,0.9392,2,432,491,488,589
31,20230609c_00259.jpg,146,buffering,0.0000,0.9283,3,653,372,713,452
31,20230609c_00259.jpg,90,fanning,0.9196,0.9049,13,836,370,917,429
31,20230609c_00259.jpg,160,buffering,0.0000,0.8901,1,518,731,569,798
32,20230609c_00260.jpg,152,buffering,0.0000,0.9446,3,411,464,465,559
32,20230609c_00260.jpg,158,buffering,0.0000,0.9401,2,1461,438,1519,530
32,20230609c_00260.jpg,164,buffering,0.0000,0.9206,1,1301,369,1410,431
32,20230609c_00260.jpg,90,fanning,0.9601,0.9148,14,845,370,914,417
32,20230609c_00260.jpg,146,neutral,0.9952,0.8900,4,659,372,700,447
33,20230609c_00261.jpg,158,buffering,0.0000,0.9434,3,1483,415,1538,514
33,20230609c_00261.jpg,146,neutral,0.9846,0.9383,5,650,371,711,460
33,20230609c_00261.jpg,152,neutral,0.9852,0.9369,4,387,423,439,522
33,20230609c_00261.jpg,90,fanning,0.8945,0.8685,15,857,370,899,395
34,20230609c_00262.jpg,158,neutral,0.9887,0.9386,4,1480,389,1536,487
34,20230609c_00262.jpg,152,neutral,0.9057,0.9288,5,367,395,426,493
34,20230609c_00262.jpg,173,buffering,0.0000,0.9217,1,1299,370,1344,405
34,20230609c_00262.jpg,146,neutral,0.9756,0.9102,6,631,369,705,447
35,20230609c_00263.jpg,152,neutral,0.7838,0.9325,6,371,389,437,482
35,20230609c_00263.jpg,146,neutral,0.9111,0.9314,7,627,373,690,461
35,20230609c_00263.jpg,158,neutral,0.9544,0.9265,5,1457,375,1520,472
35,20230609c_00263.jpg,178,buffering,0.0000,0.9198,1,1467,666,1512,741
35,20230609c_00263.jpg,179,buffering,0.0000,0.9111,1,662,370,707,419
35,20230609c_00263.jpg,173,buffering,0.0000,0.8697,2,1302,371,1332,390
36,20230609c_00264.jpg,146,neutral,0.7011,0.9406,8,630,398,679,483
36,20230609c_00264.jpg,158,neutral,0.9475,0.9324,6,1465,371,1526,459
36,20230609c_00264.jpg,178,buffering,0.0000,0.9226,2,1453,641,1500,729
37,20230609c_00265.jpg,146,fanning,0.5577,0.9394,9,626,405,681,496
37,20230609c_00265.jpg,158,neutral,0.9759,0.9337,7,1473,370,1527,445
37,20230609c_00265.jpg,178,buffering,0.0000,0.9264,3,1441,608,1492,693
38,20230609c_00266.jpg,146,fanning,0.7451,0.9405,10,606,402,669,496
38,20230609c_00266.jpg,158,neutral,0.9641,0.9384,8,1473,370,1532,428
38,20230609c_00266.jpg,178,neutral,0.9997,0.9382,4,1415,559,1471,654
38,20230609c_00266.jpg,187,buffering,0.0000,0.9361,1,467,398,521,487
38,20230609c_00266.jpg,188,buffering,0.0000,0.9287,1,400,879,468,955
39,20230609c_00267.jpg,158,neutral,0.9042,0.9401,9,1474,369,1544,421
39,20230609c_00267.jpg,178,neutral,0.9995,0.9386,5,1382,527,1445,616
39,20230609c_00267.jpg,146,fanning,0.8371,0.9353,11,575,383,653,483
39,20230609c_00267.jpg,187,buffering,0.0000,0.9311,2,470,371,523,441
39,20230609c_00267.jpg,191,buffering,0.0000,0.9196,1,498,857,561,941
40,20230609c_00268.jpg,178,neutral,0.9992,0.9472,6,1370,490,1434,578
40,20230609c_00268.jpg,158,neutral,0.8464,0.9413,10,1489,369,1549,424
40,20230609c_00268.jpg,146,fanning,0.8892,0.9381,12,562,371,648,459
40,20230609c_00268.jpg,187,buffering,0.0000,0.9255,3,462,370,537,443
40,20230609c_00268.jpg,188,buffering,0.0000,0.9089,2,410,915,478,1006
41,20230609c_00269.jpg,178,neutral,0.9983,0.9429,7,1366,451,1444,549
41,20230609c_00269.jpg,187,neutral,0.7628,0.9367,4,467,369,523,456
41,20230609c_00269.jpg,146,fanning,0.9456,0.9250,13,539,373,628,446
41,20230609c_00269.jpg,158,neutral,0.8113,0.9230,11,1488,369,1559,435
41,20230609c_00269.jpg,202,buffering,0.0000,0.9122,1,449,846,511,953
42,20230609c_00270.jpg,178,neutral,0.9924,0.9477,8,1379,434,1448,524
42,20230609c_00270.jpg,158,neutral,0.7811,0.9280,12,1492,369,1566,423
42,20230609c_00270.jpg,210,buffering,0.0000,0.9241,1,1112,834,1181,931
42,20230609c_00270.jpg,187,neutral,0.6726,0.9234,5,472,371,607,450
42,20230609c_00270.jpg,146,fanning,0.9534,0.9217,14,513,384,601,451
43,20230609c_00271.jpg,178,neutral,0.7287,0.9444,9,1402,406,1469,492
43,20230609c_00271.jpg,158,neutral,0.6852,0.9274,13,1499,368,1576,421
43,20230609c_00271.jpg,222,buffering,0.0000,0.9248,1,949,983,1024,1077
43,20230609c_00271.jpg,146,fanning,0.9402,0.9154,15,509,387,608,461
44,20230609c_00272.jpg,222,buffering,0.0000,0.9273,2,988,994,1050,1079
44,20230609c_00272.jpg,202,buffering,0.0000,0.9250,2,371,797,494,912
44,20230609c_00272.jpg,228,buffering,0.0000,0.9240,1,840,791,882,866
44,20230609c_00272.jpg,187,uncertain,0.5476,0.9178,6,498,379,603,458
44,20230609c_00272.jpg,158,uncertain,0.5109,0.9157,14,1500,369,1586,422
44,20230609c_00272.jpg,234,buffering,0.0000,0.9066,1,444,372,513,427
45,20230609c_00273.jpg,238,buffering,0.0000,0.9364,1,1418,376,1481,461
45,20230609c_00273.jpg,222,buffering,0.0000,0.9241,3,970,983,1024,1056
45,20230609c_00273.jpg,146,fanning,0.9383,0.9131,16,508,385,581,522
45,20230609c_00273.jpg,246,buffering,0.0000,0.9112,1,478,679,519,749
45,20230609c_00273.jpg,158,fanning,0.7845,0.9101,15,1502,369,1585,425
45,20230609c_00273.jpg,187,fanning,0.6682,0.9073,7,503,390,591,455
45,20230609c_00273.jpg,243,buffering,0.0000,0.9010,1,1133,806,1179,876
45,20230609c_00273.jpg,234,buffering,0.0000,0.8230,2,451,370,519,432
46,20230609c_00274.jpg,248,buffering,0.0000,0.9400,1,742,371,820,436
46,20230609c_00274.jpg,238,buffering,0.0000,0.9343,2,1429,371,1491,440
46,20230609c_00274.jpg,146,fanning,0.9120,0.9045,16,456,372,591,468
46,20230609c_00274.jpg,158,fanning,0.8427,0.9019,16,1509,369,1585,427
47,20230609c_00275.jpg,248,buffering,0.0000,0.9344,2,738,371,801,435
47,20230609c_00275.jpg,238,buffering,0.0000,0.9296,3,1431,370,1484,437
47,20230609c_00275.jpg,160,buffering,0.0000,0.9154,2,533,702,586,766
47,20230609c_00275.jpg,146,fanning,0.9065,0.9143,16,451,370,596,455
47,20230609c_00275.jpg,158,fanning,0.8119,0.9002,16,1514,369,1578,436
47,20230609c_00275.jpg,111,buffering,0.0000,0.9000,2,720,707,761,788
47,20230609c_00275.jpg,234,buffering,0.0000,0.8610,3,458,375,510,446
47,20230609c_00275.jpg,268,buffering,0.0000,0.8512,1,1729,757,1764,814
48,20230609c_00276.jpg,238,neutral,0.9984,0.9239,4,1429,371,1479,424
48,20230609c_00276.jpg,248,buffering,0.0000,0.9212,3,738,371,796,427
48,20230609c_00276.jpg,272,buffering,0.0000,0.9207,1,661,668,710,751
48,20230609c_00276.jpg,146,fanning,0.8667,0.9161,16,462,373,597,456
48,20230609c_00276.jpg,77,buffering,0.0000,0.8763,3,649,1016,720,1063
48,20230609c_00276.jpg,158,fanning,0.7023,0.8592,16,1508,369,1576,434
48,20230609c_00276.jpg,234,trophallaxis,0.6856,0.8539,4,444,379,516,434
49,20230609c_00277.jpg,238,neutral,0.9979,0.9264,5,1427,371,1480,415
49,20230609c_00277.jpg,285,buffering,0.0000,0.9073,1,1612,888,1691,966
49,20230609c_00277.jpg,158,fanning,0.6184,0.9045,16,1504,370,1569,429
49,20230609c_00277.jpg,202,buffering,0.0000,0.8917,3,349,740,437,841
49,20230609c_00277.jpg,187,fanning,0.8638,0.8895,8,507,373,598,457
49,20230609c_00277.jpg,234,trophallaxis,0.8347,0.8200,5,447,377,508,431
50,20230609c_00278.jpg,187,fanning,0.8366,0.9083,9,524,376,599,460
50,20230609c_00278.jpg,234,trophallaxis,0.9960,0.8975,6,440,370,515,432
50,20230609c_00278.jpg,158,fanning,0.6007,0.8915,16,1495,370,1569,428
51,20230609c_00279.jpg,298,buffering,0.0000,0.9387,1,1192,456,1255,553
51,20230609c_00279.jpg,111,buffering,0.0000,0.9183,3,731,737,782,805
51,20230609c_00279.jpg,187,fanning,0.9569,0.9139,10,535,375,599,461
51,20230609c_00279.jpg,158,uncertain,0.5131,0.8820,16,1490,370,1567,426
51,20230609c_00279.jpg,234,trophallaxis,0.9982,0.8768,7,439,372,519,423
52,20230609c_00280.jpg,311,buffering,0.0000,0.9490,1,719,401,795,496
52,20230609c_00280.jpg,298,buffering,0.0000,0.9442,2,1182,434,1256,530
52,20230609c_00280.jpg,158,uncertain,0.5089,0.9192,16,1486,371,1567,422
52,20230609c_00280.jpg,187,fanning,0.9853,0.9097,11,536,378,597,462
52,20230609c_00280.jpg,234,trophallaxis,0.9986,0.8523,8,442,366,522,412
53,20230609c_00281.jpg,298,buffering,0.0000,0.9445,3,1198,412,1270,508
53,20230609c_00281.jpg,311,buffering,0.0000,0.9333,2,693,390,763,479
53,20230609c_00281.jpg,187,fanning,0.9910,0.9298,12,533,374,594,456
53,20230609c_00281.jpg,158,fanning,0.7344,0.9289,16,1483,370,1560,426
53,20230609c_00281.jpg,326,buffering,0.0000,0.9276,1,340,619,387,693
53,20230609c_00281.jpg,228,buffering,0.0000,0.9214,2,821,791,892,854
53,20230609c_00281.jpg,246,buffering,0.0000,0.8887,2,465,671,503,729
53,20230609c_00281.jpg,234,trophallaxis,0.9987,0.8799,9,444,372,517,411
54,20230609c_00282.jpg,298,neutral,0.9983,0.9413,4,1220,400,1291,486
54,20230609c_00282.jpg,311,buffering,0.0000,0.9349,3,668,395,732,485
54,20230609c_00282.jpg,272,buffering,0.0000,0.9332,2,628,680,695,760
54,20230609c_00282.jpg,187,fanning,0.9932,0.9326,13,539,372,597,446
54,20230609c_00282.jpg,158,fanning,0.7412,0.9299,16,1480,369,1559,418
54,20230609c_00282.jpg,326,buffering,0.0000,0.9236,2,340,595,385,667
54,20230609c_00282.jpg,146,fanning,0.9980,0.9137,16,425,368,519,416
55,20230609c_00283.jpg,349,buffering,0.0000,0.9455,1,887,495,961,587
55,20230609c_00283.jpg,298,neutral,0.9965,0.9445,5,1233,398,1302,485
55,20230609c_00283.jpg,311,neutral,0.9997,0.9375,4,655,399,731,493
55,20230609c_00283.jpg,191,buffering,0.0000,0.9359,2,462,793,542,908
55,20230609c_00283.jpg,326,buffering,0.0000,0.9339,3,332,567,378,650
55,20230609c_00283.jpg,158,fanning,0.6016,0.9283,16,1479,370,1560,418
55,20230609c_00283.jpg,187,fanning,0.9805,0.9158,14,542,373,600,436
55,20230609c_00283.jpg,234,trophallaxis,0.9949,0.8758,10,432,367,510,407
56,20230609c_00284.jpg,298,neutral,0.9843,0.9518,6,1238,389,1313,475
56,20230609c_00284.jpg,311,neutral,0.9996,0.9320,5,646,391,716,484
56,20230609c_00284.jpg,158,fanning,0.5738,0.9268,16,1478,369,1561,417
56,20230609c_00284.jpg,187,fanning,0.9815,0.9100,15,544,373,602,420
56,20230609c_00284.jpg,234,uncertain,0.5212,0.9009,11,439,368,530,406
56,20230609c_00284.jpg,366,buffering,0.0000,0.8701,1,1206,882,1259,941
57,20230609c_00285.jpg,298,neutral,0.9693,0.9421,7,1253,372,1327,450
57,20230609c_00285.jpg,311,neutral,0.9979,0.9335,6,641,371,714,458
57,20230609c_00285.jpg,158,fanning,0.5623,0.9265,16,1476,369,1560,417
57,20230609c_00285.jpg,379,buffering,0.0000,0.9208,1,609,755,687,872
57,20230609c_00285.jpg,376,buffering,0.0000,0.9194,1,717,648,775,745
57,20230609c_00285.jpg,243,buffering,0.0000,0.9132,2,1143,774,1185,848
57,20230609c_00285.jpg,384,buffering,0.0000,0.9076,1,475,736,537,795
57,20230609c_00285.jpg,234,fanning,0.9610,0.9064,12,461,372,537,421
57,20230609c_00285.jpg,187,fanning,0.9516,0.8977,16,554,372,596,409
57,20230609c_00285.jpg,382,buffering,0.0000,0.8739,1,418,764,469,815
58,20230609c_00286.jpg,372,buffering,0.0000,0.9433,1,204,463,269,540
58,20230609c_00286.jpg,298,neutral,0.9590,0.9430,8,1265,373,1331,444
58,20230609c_00286.jpg,158,uncertain,0.5308,0.9340,16,1471,370,1557,418
58,20230609c_00286.jpg,393,buffering,0.0000,0.9291,1,660,715,734,832
58,20230609c_00286.jpg,243,buffering,0.0000,0.9196,3,1122,748,1168,818
58,20230609c_00286.jpg,382,buffering,0.0000,0.9163,2,426,756,482,818
58,20230609c_00286.jpg,111,neutral,0.9922,0.9045,4,733,739,781,807
58,20230609c_00286.jpg,384,buffering,0.0000,0.8838,2,495,727,541,788
58,20230609c_00286.jpg,187,fanning,0.8494,0.8824,16,562,370,603,392
58,20230609c_00286.jpg,234,fanning,0.9745,0.8737,13,485,373,537,431
59,20230609c_00287.jpg,372,buffering,0.0000,0.9430,2,216,458,277,523
59,20230609c_00287.jpg,164,buffering,0.0000,0.9410,2,1284,370,1407,451
59,20230609c_00287.jpg,243,neutral,0.9874,0.9342,4,1114,735,1159,812
59,20230609c_00287.jpg,158,uncertain,0.5167,0.9340,16,1468,370,1552,417
59,20230609c_00287.jpg,376,buffering,0.0000,0.9279,2,693,664,758,780
59,20230609c_00287.jpg,400,buffering,0.0000,0.9275,1,712,371,787,446
59,20230609c_00287.jpg,382,buffering,0.0000,0.9255,3,435,753,490,820
59,20230609c_00287.jpg,399,buffering,0.0000,0.9044,1,674,372,721,429
59,20230609c_00287.jpg,384,buffering,0.0000,0.8964,3,503,708,545,776
59,20230609c_00287.jpg,234,fanning,0.9907,0.8776,14,483,372,542,429
59,20230609c_00287.jpg,187,fanning,0.5547,0.8189,16,570,371,611,388
60,20230609c_00288.jpg,372,buffering,0.0000,0.9409,3,227,438,311,518
60,20230609c_00288.jpg,158,uncertain,0.5245,0.9355,16,1468,370,1551,418
60,20230609c_00288.jpg,405,buffering,0.0000,0.9319,1,10,530,73,615
60,20230609c_00288.jpg,400,buffering,0.0000,0.9293,2,701,371,780,453
60,20230609c_00288.jpg,164,buffering,0.0000,0.9288,3,1315,370,1411,449
60,20230609c_00288.jpg,243,neutral,0.9440,0.9286,5,1118,723,1161,803
60,20230609c_00288.jpg,382,neutral,0.9980,0.9203,4,447,733,508,817
60,20230609c_00288.jpg,111,neutral,0.8718,0.9143,5,738,730,792,823
60,20230609c_00288.jpg,384,neutral,0.9992,0.9094,4,511,688,551,759
60,20230609c_00288.jpg,399,buffering,0.0000,0.9068,2,670,372,717,426
60,20230609c_00288.jpg,234,fanning,0.9933,0.8938,15,467,370,540,409
61,20230609c_00289.jpg,405,buffering,0.0000,0.9362,2,20,529,96,604
61,20230609c_00289.jpg,413,buffering,0.0000,0.9351,1,710,557,768,666
61,20230609c_00289.jpg,372,neutral,0.9989,0.9291,4,245,429,342,500
61,20230609c_00289.jpg,158,neutral,0.7706,0.9263,16,1466,371,1549,424
61,20230609c_00289.jpg,376,buffering,0.0000,0.9242,3,701,711,756,805
61,20230609c_00289.jpg,243,neutral,0.8159,0.9193,6,1120,714,1170,790
61,20230609c_00289.jpg,417,buffering,0.0000,0.9174,1,1102,768,1168,873
61,20230609c_00289.jpg,400,buffering,0.0000,0.9115,3,700,371,775,443
61,20230609c_00289.jpg,382,neutral,0.9955,0.9019,5,463,698,518,784
61,20230609c_00289.jpg,384,neutral,0.9995,0.9018,5,516,659,565,730
61,20230609c_00289.jpg,164,neutral,0.9970,0.8997,4,1321,370,1412,440
61,20230609c_00289.jpg,222,neutral,0.9870,0.8919,4,1081,918,1142,1022
61,20230609c_00289.jpg,399,buffering,0.0000,0.8787,3,664,370,712,413
61,20230609c_00289.jpg,234,fanning,0.9937,0.8744,16,474,371,548,405
62,20230609c_00290.jpg,422,buffering,0.0000,0.9385,1,549,464,601,562
62,20230609c_00290.jpg,158,neutral,0.8242,0.9336,16,1466,372,1546,432
62,20230609c_00290.jpg,372,neutral,0.9959,0.9324,5,256,436,338,496
62,20230609c_00290.jpg,164,neutral,0.9924,0.9314,5,1311,370,1413,422
62,20230609c_00290.jpg,400,neutral,0.9556,0.9304,4,711,371,780,442
62,20230609c_00290.jpg,426,buffering,0.0000,0.9297,1,856,745,913,817
62,20230609c_00290.jpg,243,fanning,0.7389,0.9282,7,1123,704,1181,779
62,20230609c_00290.jpg,417,buffering,0.0000,0.9230,2,1101,774,1156,880
62,20230609c_00290.jpg,384,neutral,0.9994,0.9198,6,527,624,570,709
62,20230609c_00290.jpg,234,fanning,0.9739,0.8479,16,487,371,537,395
63,20230609c_00291.jpg,158,neutral,0.8442,0.9399,16,1466,372,1546,425
63,20230609c_00291.jpg,422,buffering,0.0000,0.9377,2,562,450,620,540
63,20230609c_00291.jpg,384,neutral,0.9995,0.9368,7,528,606,614,761
63,20230609c_00291.jpg,426,buffering,0.0000,0.9334,2,868,741,933,807
63,20230609c_00291.jpg,243,fanning,0.7584,0.9324,8,1142,681,1198,760
63,20230609c_00291.jpg,372,neutral,0.9934,0.9324,6,269,423,360,490
63,20230609c_00291.jpg,164,neutral,0.9858,0.9291,6,1309,370,1413,421
63,20230609c_00291.jpg,440,buffering,0.0000,0.9281,1,888,403,957,473
63,20230609c_00291.jpg,417,buffering,0.0000,0.9239,3,1094,776,1155,883
63,20230609c_00291.jpg,160,buffering,0.0000,0.9174,3,548,680,609,763
63,20230609c_00291.jpg,400,neutral,0.9899,0.9172,5,725,372,785,435
63,20230609c_00291.jpg,234,neutral,0.9188,0.8233,16,502,371,570,395
64,20230609c_00292.jpg,384,neutral,0.9993,0.9444,8,532,580,581,666
64,20230609c_00292.jpg,372,neutral,0.9834,0.9423,7,277,417,369,487
64,20230609c_00292.jpg,202,neutral,0.9782,0.9348,4,204,585,258,668
64,20230609c_00292.jpg,158,uncertain,0.5272,0.9348,16,1468,372,1541,422
64,20230609c_00292.jpg,417,fanning,0.8555,0.9314,4,1100,788,1182,878
64,20230609c_00292.jpg,426,buffering,0.0000,0.9284,3,892,718,950,791
64,20230609c_00292.jpg,400,neutral,0.9731,0.9269,6,730,372,791,431
64,20230609c_00292.jpg,164,neutral,0.8527,0.9234,7,1318,370,1413,420
64,20230609c_00292.jpg,440,buffering,0.0000,0.9231,2,890,399,960,468
64,20230609c_00292.jpg,422,buffering,0.0000,0.9109,3,576,440,621,522
64,20230609c_00292.jpg,234,neutral,0.8509,0.7825,16,507,372,566,395
65,20230609c_00293.jpg,384,neutral,0.9802,0.9447,9,529,551,597,633
65,20230609c_00293.jpg,158,fanning,0.5868,0.9395,16,1465,371,1538,422
65,20230609c_00293.jpg,372,neutral,0.9605,0.9390,8,288,410,380,483
65,20230609c_00293.jpg,400,neutral,0.9890,0.9258,7,729,371,795,416
65,20230609c_00293.jpg,379,buffering,0.0000,0.9257,2,624,784,676,860
65,20230609c_00293.jpg,452,buffering,0.0000,0.9253,1,1180,624,1231,709
65,20230609c_00293.jpg,417,fanning,0.9465,0.9204,5,1127,789,1200,870
65,20230609c_00293.jpg,164,neutral,0.7950,0.9169,8,1321,369,1413,418
65,20230609c_00293.jpg,440,buffering,0.0000,0.9157,3,890,390,970,449
65,20230609c_00293.jpg,422,neutral,0.9395,0.9141,4,585,411,635,500
65,20230609c_00293.jpg,311,neutral,0.9985,0.7486,7,503,372,577,412
66,20230609c_00294.jpg,463,buffering,0.0000,0.9444,1,241,475,297,540
66,20230609c_00294.jpg,384,neutral,0.8288,0.9420,10,548,524,617,616
66,20230609c_00294.jpg,466,buffering,0.0000,0.9419,1,460,443,527,527
66,20230609c_00294.jpg,422,neutral,0.7100,0.9397,5,590,386,656,470
66,20230609c_00294.jpg,372,neutral,0.9180,0.9380,9,296,405,377,473
66,20230609c_00294.jpg,158,fanning,0.8849,0.9365,16,1471,372,1542,434
66,20230609c_00294.jpg,452,buffering,0.0000,0.9362,2,1173,612,1223,690
66,20230609c_00294.jpg,440,neutral,0.9997,0.9219,4,888,382,973,448
66,20230609c_00294.jpg,164,neutral,0.6694,0.9194,9,1322,370,1413,417
66,20230609c_00294.jpg,393,buffering,0.0000,0.9091,2,649,759,702,879
66,20230609c_00294.jpg,234,neutral,0.8370,0.6396,16,504,372,568,390
67,20230609c_00295.jpg,384,uncertain,0.5347,0.9428,11,560,501,622,594
67,20230609c_00295.jpg,158,fanning,0.8739,0.9403,16,1463,371,1537,427
67,20230609c_00295.jpg,466,buffering,0.0000,0.9403,2,458,440,535,520
67,20230609c_00295.jpg,463,buffering,0.0000,0.9375,2,247,446,314,526
67,20230609c_00295.jpg,372,neutral,0.7678,0.9368,10,306,396,384,469
67,20230609c_00295.jpg,452,buffering,0.0000,0.9365,3,1153,569,1211,662
67,20230609c_00295.jpg,440,neutral,0.9997,0.9304,5,888,374,963,449
67,20230609c_00295.jpg,478,buffering,0.0000,0.9192,1,585,749,642,840
67,20230609c_00295.jpg,164,uncertain,0.5056,0.9128,10,1323,370,1413,417
67,20230609c_00295.jpg,422,fanning,0.8071,0.8743,6,629,370,682,446
67,20230609c_00295.jpg,483,buffering,0.0000,0.7590,1,480,373,540,442
67,20230609c_00295.jpg,234,neutral,0.9092,0.5864,16,525,372,574,387
68,20230609c_00296.jpg,384,fanning,0.7911,0.9394,12,568,484,627,578
68,20230609c_00296.jpg,485,buffering,0.0000,0.9376,1,986,561,1038,653
68,20230609c_00296.jpg,463,buffering,0.0000,0.9374,3,262,426,322,505
68,20230609c_00296.jpg,452,neutral,0.9991,0.9367,4,1151,522,1209,612
68,20230609c_00296.jpg,158,fanning,0.8377,0.9355,16,1463,370,1532,422
68,20230609c_00296.jpg,466,buffering,0.0000,0.9286,3,464,434,536,516
68,20230609c_00296.jpg,372,neutral,0.6353,0.9249,11,314,399,387,461
68,20230609c_00296.jpg,440,neutral,0.9993,0.9158,6,887,372,950,433
68,20230609c_00296.jpg,164,fanning,0.5921,0.9012,11,1330,369,1413,416
68,20230609c_00296.jpg,483,buffering,0.0000,0.8618,2,483,375,543,446
68,20230609c_00296.jpg,422,neutral,0.6262,0.7362,7,643,379,690,437
68,20230609c_00296.jpg,234,neutral,0.9729,0.7219,16,535,372,580,389
69,20230609c_00297.jpg,158,fanning,0.8984,0.9441,16,1462,370,1529,423
69,20230609c_00297.jpg,384,fanning,0.8961,0.9403,13,579,458,636,546
69,20230609c_00297.jpg,452,neutral,0.9985,0.9368,5,1153,477,1210,563
69,20230609c_00297.jpg,463,neutral,0.9987,0.9358,4,286,406,339,494
69,20230609c_00297.jpg,485,buffering,0.0000,0.9335,2,977,532,1033,622
69,20230609c_00297.jpg,466,neutral,0.9990,0.9283,4,475,437,544,505
69,20230609c_00297.jpg,372,uncertain,0.5192,0.9142,12,325,394,395,461
69,20230609c_00297.jpg,440,neutral,0.9988,0.9077,7,880,371,935,419
69,20230609c_00297.jpg,503,buffering,0.0000,0.8948,1,586,388,659,446
69,20230609c_00297.jpg,483,buffering,0.0000,0.8735,3,474,372,538,438
69,20230609c_00297.jpg,164,fanning,0.6269,0.8585,12,1331,369,1412,415
69,20230609c_00297.jpg,234,neutral,0.9835,0.6079,16,544,372,610,389
70,20230609c_00298.jpg,158,fanning,0.8821,0.9430,16,1463,370,1529,424
70,20230609c_00298.jpg,507,buffering,0.0000,0.9386,1,462,479,523,574
70,20230609c_00298.jpg,384,fanning,0.9567,0.9384,14,578,451,633,536
70,20230609c_00298.jpg,485,buffering,0.0000,0.9369,3,969,499,1022,593
70,20230609c_00298.jpg,452,neutral,0.9969,0.9314,6,1165,436,1223,533
70,20230609c_00298.jpg,466,trophallaxis,0.6988,0.9306,5,484,428,551,497
70,20230609c_00298.jpg,463,neutral,0.9981,0.9260,5,307,401,370,494
70,20230609c_00298.jpg,517,buffering,0.0000,0.9037,1,219,920,301,1019
70,20230609c_00298.jpg,512,buffering,0.0000,0.9030,1,663,670,725,723
70,20230609c_00298.jpg,503,buffering,0.0000,0.8917,2,549,388,628,455
70,20230609c_00298.jpg,440,neutral,0.9985,0.8769,8,884,372,933,405
70,20230609c_00298.jpg,164,fanning,0.6147,0.8704,13,1330,369,1412,414
70,20230609c_00298.jpg,483,trophallaxis,0.8211,0.8634,4,484,371,534,430
70,20230609c_00298.jpg,372,fanning,0.8078,0.8363,13,342,394,407,443
71,20230609c_00299.jpg,384,fanning,0.9867,0.9414,15,582,454,628,538
71,20230609c_00299.jpg,158,fanning,0.9067,0.9412,16,1460,370,1527,423
71,20230609c_00299.jpg,452,neutral,0.9977,0.9410,7,1190,406,1254,491
71,20230609c_00299.jpg,507,buffering,0.0000,0.9394,2,467,489,520,567
71,20230609c_00299.jpg,485,neutral,0.9783,0.9360,4,942,477,996,572
71,20230609c_00299.jpg,466,trophallaxis,0.9985,0.9246,6,487,416,555,484
71,20230609c_00299.jpg,463,neutral,0.9964,0.9221,6,322,392,418,495
71,20230609c_00299.jpg,512,buffering,0.0000,0.9157,2,681,675,744,744
71,20230609c_00299.jpg,525,buffering,0.0000,0.9112,1,30,915,80,1008
71,20230609c_00299.jpg,503,buffering,0.0000,0.9044,3,556,381,620,460
71,20230609c_00299.jpg,164,fanning,0.6119,0.8827,14,1329,368,1413,415
71,20230609c_00299.jpg,483,neutral,0.9977,0.8589,5,484,370,539,426
71,20230609c_00299.jpg,440,neutral,0.9978,0.8475,9,889,372,927,393
71,20230609c_00299.jpg,372,fanning,0.9943,0.7746,14,357,395,418,453
72,20230609c_00300.jpg,349,buffering,0.0000,0.9427,2,899,459,959,552
72,20230609c_00300.jpg,384,fanning,0.9906,0.9358,16,578,438,634,535
72,20230609c_00300.jpg,452,neutral,0.9973,0.9352,8,1216,373,1278,458
72,20230609c_00300.jpg,405,buffering,0.0000,0.9339,3,60,519,157,616
72,20230609c_00300.jpg,158,fanning,0.8933,0.9336,16,1459,371,1518,421
72,20230609c_00300.jpg,534,buffering,0.0000,0.9332,1,734,410,806,512
72,20230609c_00300.jpg,463,neutral,0.9928,0.9330,7,325,392,386,489
72,20230609c_00300.jpg,512,buffering,0.0000,0.9299,3,702,665,766,758
72,20230609c_00300.jpg,466,trophallaxis,0.9993,0.9144,7,489,411,560,479
72,20230609c_00300.jpg,503,neutral,0.9988,0.9105,4,557,386,631,458
72,20230609c_00300.jpg,507,buffering,0.0000,0.9100,3,467,475,543,557
72,20230609c_00300.jpg,483,trophallaxis,0.8905,0.9090,6,486,372,548,436
72,20230609c_00300.jpg,164,fanning,0.7264,0.8797,15,1329,368,1414,415
72,20230609c_00300.jpg,372,fanning,0.9969,0.8752,15,361,397,434,456
73,20230609c_00301.jpg,384,fanning,0.9927,0.9356,16,578,427,641,526
73,20230609c_00301.jpg,534,buffering,0.0000,0.9345,2,734,408,804,499
73,20230609c_00301.jpg,466,trophallaxis,0.9995,0.9271,8,483,385,564,477
73,20230609c_00301.jpg,158,fanning,0.9200,0.9271,16,1457,371,1519,419
73,20230609c_00301.jpg,512,neutral,0.9940,0.9271,4,740,655,802,754
73,20230609c_00301.jpg,507,neutral,0.7567,0.9253,4,456,477,544,588
73,20230609c_00301.jpg,452,neutral,0.9945,0.9250,9,1217,371,1281,442
73,20230609c_00301.jpg,463,neutral,0.9672,0.9229,8,326,379,461,470
73,20230609c_00301.jpg,376,neutral,0.9974,0.9026,4,679,825,721,911
73,20230609c_00301.jpg,553,buffering,0.0000,0.8951,1,1372,855,1418,907
73,20230609c_00301.jpg,372,fanning,0.9975,0.8882,16,366,400,443,456
73,20230609c_00301.jpg,164,fanning,0.8591,0.8783,16,1331,369,1412,415
73,20230609c_00301.jpg,503,neutral,0.9974,0.8549,5,553,384,627,466
73,20230609c_00301.jpg,483,trophallaxis,0.9791,0.7730,7,505,371,550,420
74,20230609c_00302.jpg,384,fanning,0.9951,0.9458,16,587,408,648,513
74,20230609c_00302.jpg,534,buffering,0.0000,0.9410,3,729,395,797,488
74,20230609c_00302.jpg,158,fanning,0.9349,0.9299,16,1456,370,1519,422
74,20230609c_00302.jpg,507,neutral,0.5821,0.9283,5,453,462,512,582
74,20230609c_00302.jpg,561,buffering,0.0000,0.9212,1,97,781,166,872
74,20230609c_00302.jpg,466,trophallaxis,0.9995,0.9195,9,499,408,565,472
74,20230609c_00302.jpg,452,neutral,0.9583,0.9170,10,1216,372,1274,425
74,20230609c_00302.jpg,553,buffering,0.0000,0.9167,2,1343,869,1405,924
74,20230609c_00302.jpg,463,neutral,0.9004,0.9145,9,349,367,458,453
74,20230609c_00302.jpg,379,buffering,0.0000,0.9116,3,616,789,661,859
74,20230609c_00302.jpg,503,trophallaxis,0.9982,0.9046,6,551,375,631,434
74,20230609c_00302.jpg,164,fanning,0.8789,0.8843,16,1331,369,1413,415
74,20230609c_00302.jpg,372,fanning,0.9978,0.8794,16,378,401,454,456
74,20230609c_00302.jpg,567,buffering,0.0000,0.8526,1,456,452,510,531
74,20230609c_00302.jpg,483,trophallaxis,0.9595,0.6979,8,505,371,549,416
75,20230609c_00303.jpg,384,fanning,0.9964,0.9430,16,593,404,653,505
75,20230609c_00303.jpg,534,neutral,0.9941,0.9358,4,727,395,792,479
75,20230609c_00303.jpg,158,fanning,0.9103,0.9314,16,1456,370,1517,425
75,20230609c_00303.jpg,507,fanning,0.7759,0.9282,6,446,483,512,577
75,20230609c_00303.jpg,463,fanning,0.6493,0.9213,10,378,370,458,445
75,20230609c_00303.jpg,503,trophallaxis,0.9995,0.9140,7,551,374,626,429
75,20230609c_00303.jpg,466,trophallaxis,0.9995,0.8827,10,501,407,565,471
75,20230609c_00303.jpg,164,fanning,0.9099,0.8753,16,1332,369,1413,414
75,20230609c_00303.jpg,567,buffering,0.0000,0.8399,2,463,445,506,519
75,20230609c_00303.jpg,483,trophallaxis,0.9963,0.8166,9,501,372,549,417
75,20230609c_00303.jpg,372,fanning,0.9988,0.8085,16,416,396,463,450
76,20230609c_00304.jpg,581,buffering,0.0000,0.9400,1,1188,377,1249,469
76,20230609c_00304.jpg,384,fanning,0.9982,0.9363,16,596,386,658,489
76,20230609c_00304.jpg,534,neutral,0.9662,0.9350,5,730,387,789,478
76,20230609c_00304.jpg,158,fanning,0.9100,0.9307,16,1455,371,1515,419
76,20230609c_00304.jpg,583,buffering,0.0000,0.9295,1,786,381,857,454
76,20230609c_00304.jpg,466,trophallaxis,0.9996,0.9285,11,505,404,569,469
76,20230609c_00304.jpg,463,fanning,0.9570,0.9215,11,394,369,466,456
76,20230609c_00304.jpg,507,fanning,0.7941,0.9148,7,448,496,499,581
76,20230609c_00304.jpg,503,trophallaxis,0.9984,0.9118,8,554,372,629,428
76,20230609c_00304.jpg,483,trophallaxis,0.9985,0.8981,10,498,372,550,420
76,20230609c_00304.jpg,164,fanning,0.9402,0.8605,16,1333,369,1413,414
76,20230609c_00304.jpg,567,buffering,0.0000,0.8422,3,463,439,502,511
77,20230609c_00305.jpg,384,fanning,0.9979,0.9410,16,607,373,669,470
77,20230609c_00305.jpg,581,buffering,0.0000,0.9369,2,1176,374,1238,464
77,20230609c_00305.jpg,466,trophallaxis,0.9996,0.9316,12,504,400,572,468
77,20230609c_00305.jpg,158,fanning,0.8916,0.9158,16,1459,371,1507,415
77,20230609c_00305.jpg,534,neutral,0.7780,0.9069,6,732,383,798,476
77,20230609c_00305.jpg,503,trophallaxis,0.9993,0.9037,9,550,373,617,419
77,20230609c_00305.jpg,483,trophallaxis,0.9992,0.8749,11,507,372,548,408
77,20230609c_00305.jpg,583,buffering,0.0000,0.8736,2,770,393,837,451
77,20230609c_00305.jpg,463,fanning,0.9874,0.8735,12,404,370,490,449
77,20230609c_00305.jpg,507,fanning,0.9572,0.8624,8,446,497,501,580
77,20230609c_00305.jpg,164,fanning,0.9445,0.8578,16,1332,368,1412,415
77,20230609c_00305.jpg,372,fanning,0.9989,0.8269,16,400,393,465,450
77,20230609c_00305.jpg,567,neutral,0.9990,0.8009,4,463,432,505,507
78,20230609c_00306.jpg,581,buffering,0.0000,0.9457,3,1179,372,1243,450
78,20230609c_00306.jpg,503,trophallaxis,0.9994,0.9377,10,537,371,620,415
78,20230609c_00306.jpg,610,buffering,0.0000,0.9375,1,1437,418,1490,495
78,20230609c_00306.jpg,384,fanning,0.9976,0.9365,16,616,372,675,457
78,20230609c_00306.jpg,466,trophallaxis,0.9995,0.9278,13,508,395,577,467
78,20230609c_00306.jpg,507,fanning,0.9967,0.9199,9,437,454,513,574
78,20230609c_00306.jpg,534,neutral,0.6704,0.9104,7,720,374,778,468
78,20230609c_00306.jpg,158,fanning,0.9015,0.9092,16,1458,371,1509,414
78,20230609c_00306.jpg,463,fanning,0.9983,0.9028,13,403,371,515,450
78,20230609c_00306.jpg,617,buffering,0.0000,0.9020,1,787,429,883,534
78,20230609c_00306.jpg,372,fanning,0.9992,0.9005,16,403,391,477,451
78,20230609c_00306.jpg,483,trophallaxis,0.9993,0.8520,12,517,371,554,407
78,20230609c_00306.jpg,583,buffering,0.0000,0.8497,3,753,385,820,435
78,20230609c_00306.jpg,164,fanning,0.9695,0.8478,16,1334,368,1411,413
78,20230609c_00306.jpg,621,buffering,0.0000,0.8257,1,1161,1034,1212,1079
79,20230609c_00307.jpg,581,neutral,0.9929,0.9378,4,1181,372,1244,424
79,20230609c_00307.jpg,610,buffering,0.0000,0.9377,2,1403,430,1467,508
79,20230609c_00307.jpg,191,buffering,0.0000,0.9370,3,405,735,473,820
79,20230609c_00307.jpg,617,buffering,0.0000,0.9361,2,813,434,884,528
79,20230609c_00307.jpg,384,fanning,0.9967,0.9279,16,618,371,678,441
79,20230609c_00307.jpg,372,fanning,0.9992,0.9250,16,405,393,475,454
79,20230609c_00307.jpg,158,fanning,0.8663,0.9197,16,1455,371,1504,413
79,20230609c_00307.jpg,466,trophallaxis,0.9989,0.9162,14,510,396,579,464
79,20230609c_00307.jpg,503,trophallaxis,0.9992,0.9133,11,551,372,617,412
79,20230609c_00307.jpg,463,fanning,0.9990,0.9108,14,466,373,520,453
79,20230609c_00307.jpg,507,fanning,0.9984,0.9071,10,454,449,542,571
79,20230609c_00307.jpg,534,neutral,0.8466,0.8634,8,709,389,750,464
79,20230609c_00307.jpg,164,fanning,0.9784,0.8400,16,1336,368,1412,417
79,20230609c_00307.jpg,483,trophallaxis,0.9989,0.8077,13,520,371,554,401
80,20230609c_00308.jpg,617,buffering,0.0000,0.9356,3,810,439,886,528
80,20230609c_00308.jpg,610,buffering,0.0000,0.9348,3,1390,426,1451,506
80,20230609c_00308.jpg,507,fanning,0.9979,0.9304,11,455,479,512,573
80,20230609c_00308.jpg,372,fanning,0.9993,0.9301,16,404,373,527,455
80,20230609c_00308.jpg,581,neutral,0.9748,0.9252,5,1178,372,1242,420
80,20230609c_00308.jpg,158,fanning,0.8341,0.9244,16,1454,371,1510,414
80,20230609c_00308.jpg,463,fanning,0.9990,0.9151,15,464,371,524,438
80,20230609c_00308.jpg,534,fanning,0.8809,0.9146,9,682,375,774,468
80,20230609c_00308.jpg,405,neutral,0.9995,0.9094,4,84,538,142,627
80,20230609c_00308.jpg,466,trophallaxis,0.9986,0.9065,15,513,396,586,458
80,20230609c_00308.jpg,503,trophallaxis,0.9991,0.9059,12,550,372,612,412
80,20230609c_00308.jpg,642,buffering,0.0000,0.9026,1,754,408,816,508
80,20230609c_00308.jpg,567,neutral,0.9976,0.8903,5,465,420,512,489
80,20230609c_00308.jpg,384,fanning,0.5814,0.8901,16,619,371,670,414
80,20230609c_00308.jpg,164,fanning,0.9732,0.8423,16,1337,368,1414,416
80,20230609c_00308.jpg,483,trophallaxis,0.9918,0.7621,14,523,372,552,391
81,20230609c_00309.jpg,610,neutral,0.9943,0.9443,4,1388,406,1446,490
81,20230609c_00309.jpg,617,trophallaxis,0.9485,0.9403,4,813,440,881,526
81,20230609c_00309.jpg,507,fanning,0.9983,0.9390,12,455,481,508,571
81,20230609c_00309.jpg,649,buffering,0.0000,0.9302,1,511,682,588,773
81,20230609c_00309.jpg,405,neutral,0.9987,0.9295,5,79,500,136,591
81,20230609c_00309.jpg,372,fanning,0.9993,0.9275,16,401,373,523,456
81,20230609c_00309.jpg,158,fanning,0.8287,0.9257,16,1454,371,1514,415
81,20230609c_00309.jpg,512,neutral,0.9877,0.9226,5,887,659,965,726
81,20230609c_00309.jpg,646,buffering,0.0000,0.9197,1,525,394,603,504
81,20230609c_00309.jpg,642,buffering,0.0000,0.9144,2,767,423,811,508
81,20230609c_00309.jpg,463,fanning,0.9993,0.9143,16,466,372,530,432
81,20230609c_00309.jpg,160,neutral,0.9993,0.9086,4,580,657,629,740
81,20230609c_00309.jpg,650,buffering,0.0000,0.8949,1,1731,857,1770,920
81,20230609c_00309.jpg,503,trophallaxis,0.9989,0.8918,13,552,371,606,411
81,20230609c_00309.jpg,567,neutral,0.9932,0.8861,6,472,410,517,482
81,20230609c_00309.jpg,466,trophallaxis,0.9942,0.8688,16,515,395,580,458
81,20230609c_00309.jpg,651,buffering,0.0000,0.7973,1,1144,1051,1193,1079
81,20230609c_00309.jpg,164,fanning,0.9841,0.7606,16,1338,370,1414,415
82,20230609c_00310.jpg,507,fanning,0.9988,0.9481,13,451,480,510,565
82,20230609c_00310.jpg,617,trophallaxis,0.9563,0.9415,5,819,438,882,524
82,20230609c_00310.jpg,610,neutral,0.9714,0.9405,5,1390,381,1443,483
82,20230609c_00310.jpg,160,neutral,0.9875,0.9331,5,564,645,643,740
82,20230609c_00310.jpg,405,neutral,0.9953,0.9320,6,90,483,148,564
82,20230609c_00310.jpg,372,fanning,0.9995,0.9291,16,398,371,524,457
82,20230609c_00310.jpg,158,fanning,0.7102,0.9263,16,1454,371,1514,415
82,20230609c_00310.jpg,654,buffering,0.0000,0.9262,1,658,411,739,472
82,20230609c_00310.jpg,642,buffering,0.0000,0.9241,3,772,421,824,505
82,20230609c_00310.jpg,463,fanning,0.9994,0.9174,16,467,372,530,430
82,20230609c_00310.jpg,650,buffering,0.0000,0.9131,2,1723,855,1764,924
82,20230609c_00310.jpg,646,buffering,0.0000,0.9096,2,537,374,626,469
82,20230609c_00310.jpg,567,neutral,0.9751,0.8690,7,470,405,521,478
82,20230609c_00310.jpg,651,buffering,0.0000,0.8519,2,1148,1034,1198,1079
82,20230609c_00310.jpg,466,trophallaxis,0.9896,0.8391,16,520,387,578,457
83,20230609c_00311.jpg,617,trophallaxis,0.9748,0.9451,6,821,437,883,522
83,20230609c_00311.jpg,507,fanning,0.9990,0.9437,14,442,470,504,556
83,20230609c_00311.jpg,658,buffering,0.0000,0.9383,1,1105,377,1156,470
83,20230609c_00311.jpg,610,neutral,0.9067,0.9351,6,1385,371,1440,473
83,20230609c_00311.jpg,405,neutral,0.9860,0.9345,7,116,454,176,549
83,20230609c_00311.jpg,158,fanning,0.6855,0.9326,16,1454,371,1509,417
83,20230609c_00311.jpg,372,fanning,0.9995,0.9276,16,396,393,472,456
83,20230609c_00311.jpg,654,buffering,0.0000,0.9262,2,651,407,725,463
83,20230609c_00311.jpg,642,neutral,0.9941,0.9215,4,779,420,827,501
83,20230609c_00311.jpg,646,buffering,0.0000,0.9151,3,529,370,633,456
83,20230609c_00311.jpg,463,fanning,0.9993,0.9098,16,465,369,530,443
83,20230609c_00311.jpg,382,neutral,0.9964,0.8969,6,670,593,721,668
83,20230609c_00311.jpg,567,neutral,0.9503,0.8829,8,468,407,522,478
83,20230609c_00311.jpg,466,trophallaxis,0.9941,0.8667,16,532,400,602,457
83,20230609c_00311.jpg,621,buffering,0.0000,0.8610,2,1169,1024,1209,1079
84,20230609c_00312.jpg,617,trophallaxis,0.9333,0.9409,7,822,436,884,522
84,20230609c_00312.jpg,507,fanning,0.9991,0.9402,15,432,464,504,552
84,20230609c_00312.jpg,654,buffering,0.0000,0.9339,3,641,405,722,469
84,20230609c_00312.jpg,158,fanning,0.7464,0.9301,16,1454,371,1514,417
84,20230609c_00312.jpg,426,neutral,0.9857,0.9268,4,1130,614,1191,707
84,20230609c_00312.jpg,658,buffering,0.0000,0.9268,2,1108,376,1163,462
84,20230609c_00312.jpg,372,fanning,0.9995,0.9259,16,393,396,471,458
84,20230609c_00312.jpg,642,neutral,0.6495,0.9189,5,782,416,828,497
84,20230609c_00312.jpg,382,neutral,0.9954,0.9129,7,659,543,754,642
84,20230609c_00312.jpg,646,fanning,0.8696,0.9128,4,566,370,635,421
84,20230609c_00312.jpg,466,trophallaxis,0.9896,0.9124,16,538,402,620,457
84,20230609c_00312.jpg,413,buffering,0.0000,0.9097,2,701,553,749,638
84,20230609c_00312.jpg,610,neutral,0.8839,0.8996,7,1386,391,1435,458
84,20230609c_00312.jpg,463,fanning,0.9994,0.8988,16,467,371,527,471
84,20230609c_00312.jpg,567,neutral,0.8503,0.8980,9,469,406,524,478
84,20230609c_00312.jpg,621,buffering,0.0000,0.8934,3,1161,979,1204,1051
85,20230609c_00313.jpg,617,trophallaxis,0.9932,0.9441,8,819,432,892,520
85,20230609c_00313.jpg,507,fanning,0.9992,0.9335,16,432,451,496,543
85,20230609c_00313.jpg,654,neutral,0.9957,0.9319,4,641,397,708,469
85,20230609c_00313.jpg,658,buffering,0.0000,0.9312,3,1104,375,1156,457
85,20230609c_00313.jpg,426,neutral,0.9967,0.9309,5,1158,579,1212,679
85,20230609c_00313.jpg,158,fanning,0.7298,0.9270,16,1454,371,1510,417
85,20230609c_00313.jpg,466,trophallaxis,0.9946,0.9221,16,538,369,623,457
85,20230609c_00313.jpg,642,fanning,0.9687,0.9215,6,786,410,831,491
85,20230609c_00313.jpg,372,fanning,0.9995,0.9143,16,396,395,469,461
85,20230609c_00313.jpg,567,neutral,0.7570,0.9097,10,461,372,527,481
85,20230609c_00313.jpg,503,trophallaxis,0.9993,0.9047,14,560,369,637,418
85,20230609c_00313.jpg,463,fanning,0.9994,0.8998,16,460,371,512,438
85,20230609c_00313.jpg,610,neutral,0.7818,0.8952,8,1346,370,1433,451
85,20230609c_00313.jpg,534,fanning,0.9204,0.8889,10,649,372,775,432
85,20230609c_00313.jpg,413,buffering,0.0000,0.8792,3,701,513,771,626
85,20230609c_00313.jpg,366,buffering,0.0000,0.8390,2,1224,903,1258,952
86,20230609c_00314.jpg,617,trophallaxis,0.9767,0.9523,9,826,432,886,516
86,20230609c_00314.jpg,654,neutral,0.9831,0.9380,5,631,375,705,465
86,20230609c_00314.jpg,243,neutral,0.6591,0.9380,9,1173,531,1230,633
86,20230609c_00314.jpg,507,fanning,0.9990,0.9375,16,429,456,493,541
86,20230609c_00314.jpg,658,neutral,0.9846,0.9347,4,1100,373,1149,446
86,20230609c_00314.jpg,534,fanning,0.9680,0.9321,11,660,372,767,430
86,20230609c_00314.jpg,642,fanning,0.9943,0.9310,7,782,402,841,493
86,20230609c_00314.jpg,158,fanning,0.7952,0.9263,16,1454,371,1512,422
86,20230609c_00314.jpg,421,buffering,0.0000,0.9243,1,924,994,999,1079
86,20230609c_00314.jpg,466,trophallaxis,0.9963,0.9213,16,537,368,618,456
86,20230609c_00314.jpg,382,neutral,0.9928,0.9149,8,711,495,795,597
86,20230609c_00314.jpg,372,fanning,0.9995,0.9148,16,393,394,475,465
86,20230609c_00314.jpg,567,fanning,0.5925,0.9096,11,463,371,534,478
86,20230609c_00314.jpg,463,fanning,0.9993,0.9074,16,461,371,508,427
86,20230609c_00314.jpg,413,neutral,0.9987,0.8879,4,712,516,755,596
86,20230609c_00314.jpg,610,neutral,0.5659,0.8780,9,1349,371,1428,442
86,20230609c_00314.jpg,503,trophallaxis,0.9994,0.8546,15,553,370,625,413
87,20230609c_00315.jpg,617,fanning,0.8800,0.9452,10,832,424,889,507
87,20230609c_00315.jpg,507,fanning,0.9987,0.9384,16,428,450,494,538
87,20230609c_00315.jpg,642,fanning,0.9979,0.9313,8,775,393,837,476
87,20230609c_00315.jpg,654,neutral,0.9844,0.9312,6,627,373,699,450
87,20230609c_00315.jpg,243,neutral,0.6319,0.9308,10,1174,480,1229,577
87,20230609c_00315.jpg,158,fanning,0.7197,0.9303,16,1453,371,1504,421
87,20230609c_00315.jpg,658,neutral,0.9696,0.9294,5,1099,373,1153,430
87,20230609c_00315.jpg,382,neutral,0.9895,0.9181,9,716,487,805,580
87,20230609c_00315.jpg,372,fanning,0.9995,0.9162,16,391,396,470,467
87,20230609c_00315.jpg,534,fanning,0.9957,0.9156,12,678,372,763,420
87,20230609c_00315.jpg,567,fanning,0.6100,0.9133,12,454,370,541,478
87,20230609c_00315.jpg,463,fanning,0.9991,0.9115,16,461,371,513,427
87,20230609c_00315.jpg,413,neutral,0.9985,0.9098,5,716,494,763,580
87,20230609c_00315.jpg,466,trophallaxis,0.9973,0.9076,16,536,370,616,453
87,20230609c_00315.jpg,700,buffering,0.0000,0.8814,1,905,845,937,906
87,20230609c_00315.jpg,561,buffering,0.0000,0.8616,2,110,814,185,870
87,20230609c_00315.jpg,610,fanning,0.6853,0.8608,10,1345,372,1428,435
87,20230609c_00315.jpg,417,neutral,0.8748,0.7848,6,1263,832,1300,879
87,20230609c_00315.jpg,503,trophallaxis,0.9994,0.5971,16,548,371,619,409
88,20230609c_00316.jpg,617,fanning,0.9545,0.9497,11,831,407,903,495
88,20230609c_00316.jpg,654,neutral,0.9357,0.9336,7,623,371,695,442
88,20230609c_00316.jpg,642,fanning,0.9977,0.9328,9,773,381,832,462
88,20230609c_00316.jpg,158,fanning,0.8340,0.9275,16,1453,371,1508,420
88,20230609c_00316.jpg,567,fanning,0.8033,0.9270,13,480,412,547,478
88,20230609c_00316.jpg,534,fanning,0.9794,0.9250,13,679,372,759,422
88,20230609c_00316.jpg,658,neutral,0.9087,0.9190,6,1098,373,1153,421
88,20230609c_00316.jpg,507,fanning,0.9988,0.9188,16,424,454,482,531
88,20230609c_00316.jpg,553,buffering,0.0000,0.9142,3,1203,928,1263,1046
88,20230609c_00316.jpg,222,neutral,0.9947,0.9121,5,1248,812,1296,910
88,20230609c_00316.jpg,651,buffering,0.0000,0.9034,3,1135,986,1221,1059
88,20230609c_00316.jpg,463,fanning,0.9990,0.9028,16,450,372,515,427
88,20230609c_00316.jpg,372,fanning,0.9993,0.8975,16,389,402,458,472
88,20230609c_00316.jpg,421,buffering,0.0000,0.8967,2,954,999,1016,1079
88,20230609c_00316.jpg,382,neutral,0.9207,0.8937,10,721,470,790,576
88,20230609c_00316.jpg,610,fanning,0.7575,0.8889,11,1345,371,1429,430
88,20230609c_00316.jpg,466,trophallaxis,0.9942,0.8858,16,543,372,616,447
88,20230609c_00316.jpg,612,buffering,0.0000,0.8833,1,244,809,327,871
88,20230609c_00316.jpg,413,neutral,0.9970,0.8507,6,720,470,763,553
89,20230609c_00317.jpg,617,fanning,0.9888,0.9421,12,829,393,897,483
89,20230609c_00317.jpg,158,fanning,0.8689,0.9324,16,1452,371,1510,422
89,20230609c_00317.jpg,654,neutral,0.9440,0.9305,8,620,370,690,436
89,20230609c_00317.jpg,642,fanning,0.9990,0.9285,10,770,372,830,449
89,20230609c_00317.jpg,413,neutral,0.9824,0.9273,7,714,466,776,576
89,20230609c_00317.jpg,372,fanning,0.9991,0.9265,16,389,400,455,472
89,20230609c_00317.jpg,718,buffering,0.0000,0.9247,1,427,462,504,574
89,20230609c_00317.jpg,534,fanning,0.9890,0.9243,14,681,370,750,418
89,20230609c_00317.jpg,463,fanning,0.9987,0.9121,16,464,371,524,428
89,20230609c_00317.jpg,567,fanning,0.9967,0.9111,14,478,412,560,476
89,20230609c_00317.jpg,164,fanning,0.9865,0.9011,16,1340,371,1432,428
89,20230609c_00317.jpg,507,fanning,0.8844,0.8304,16,425,460,469,517
89,20230609c_00317.jpg,466,trophallaxis,0.9904,0.8183,16,561,387,610,439
89,20230609c_00317.jpg,503,trophallaxis,0.9993,0.7988,16,541,371,616,396
90,20230609c_00318.jpg,617,neutral,0.6395,0.9427,13,837,374,906,468
90,20230609c_00318.jpg,723,buffering,0.0000,0.9396,1,335,418,401,507
90,20230609c_00318.jpg,158,fanning,0.8696,0.9368,16,1445,370,1513,425
90,20230609c_00318.jpg,413,neutral,0.9285,0.9335,8,699,448,766,567
90,20230609c_00318.jpg,642,fanning,0.9992,0.9329,11,764,371,825,431
90,20230609c_00318.jpg,718,buffering,0.0000,0.9299,2,442,451,506,554
90,20230609c_00318.jpg,372,fanning,0.9994,0.9228,16,389,399,456,470
90,20230609c_00318.jpg,567,fanning,0.9914,0.9164,15,467,409,559,474
90,20230609c_00318.jpg,463,fanning,0.9978,0.9119,16,456,371,518,431
90,20230609c_00318.jpg,734,buffering,0.0000,0.8847,1,718,434,763,499
90,20230609c_00318.jpg,534,fanning,0.9901,0.8800,15,671,371,737,409
90,20230609c_00318.jpg,654,neutral,0.9510,0.8743,9,622,371,668,406
90,20230609c_00318.jpg,164,fanning,0.9862,0.8738,16,1343,371,1429,420
90,20230609c_00318.jpg,466,trophallaxis,0.9288,0.8417,16,566,373,620,431
91,20230609c_00319.jpg,617,fanning,0.6069,0.9461,14,836,370,909,452
91,20230609c_00319.jpg,426,neutral,0.9342,0.9428,6,1208,515,1272,615
91,20230609c_00319.jpg,723,buffering,0.0000,0.9327,2,356,398,434,491
91,20230609c_00319.jpg,158,fanning,0.8468,0.9305,16,1451,370,1510,423
91,20230609c_00319.jpg,413,neutral,0.8246,0.9294,9,692,447,755,546
91,20230609c_00319.jpg,393,buffering,0.0000,0.9256,3,582,913,655,970
91,20230609c_00319.jpg,567,fanning,0.9688,0.9227,16,493,402,568,466
91,20230609c_00319.jpg,642,fanning,0.9994,0.9138,12,760,372,824,425
91,20230609c_00319.jpg,553,neutral,0.9996,0.9083,4,1188,950,1243,1025
91,20230609c_00319.jpg,718,buffering,0.0000,0.9051,3,442,435,509,533
91,20230609c_00319.jpg,463,trophallaxis,0.9817,0.8983,16,468,372,518,430
91,20230609c_00319.jpg,372,fanning,0.9995,0.8950,16,404,400,461,463
91,20230609c_00319.jpg,534,fanning,0.9844,0.8861,16,680,371,728,397
91,20230609c_00319.jpg,507,neutral,0.9867,0.8832,16,432,454,479,536
91,20230609c_00319.jpg,654,neutral,0.9569,0.8659,10,629,370,668,391
91,20230609c_00319.jpg,734,buffering,0.0000,0.8467,2,719,420,759,473
91,20230609c_00319.jpg,466,trophallaxis,0.8469,0.8163,16,579,373,617,418
91,20230609c_00319.jpg,164,fanning,0.9890,0.6029,16,1341,372,1426,417
92,20230609c_00320.jpg,243,fanning,0.7110,0.9441,11,1167,508,1229,605
92,20230609c_00320.jpg,617,fanning,0.7049,0.9423,15,835,369,911,438
92,20230609c_00320.jpg,158,fanning,0.8088,0.9408,16,1443,371,1513,426
92,20230609c_00320.jpg,366,buffering,0.0000,0.9384,3,1233,903,1283,976
92,20230609c_00320.jpg,752,buffering,0.0000,0.9322,1,1054,372,1111,423
92,20230609c_00320.jpg,754,buffering,0.0000,0.9267,1,1022,714,1081,807
92,20230609c_00320.jpg,379,neutral,0.9986,0.9257,4,576,790,661,873
92,20230609c_00320.jpg,413,neutral,0.6739,0.9244,10,686,410,761,518
92,20230609c_00320.jpg,512,neutral,0.9807,0.9209,6,1136,653,1184,741
92,20230609c_00320.jpg,507,neutral,0.9401,0.9201,16,416,439,486,535
92,20230609c_00320.jpg,642,fanning,0.9995,0.9167,13,766,371,824,421
92,20230609c_00320.jpg,718,neutral,0.9988,0.9154,4,479,411,524,498
92,20230609c_00320.jpg,723,buffering,0.0000,0.9113,3,381,380,450,467
92,20230609c_00320.jpg,463,trophallaxis,0.9949,0.8763,16,462,371,518,425
92,20230609c_00320.jpg,164,fanning,0.9912,0.8625,16,1336,371,1424,414
92,20230609c_00320.jpg,567,fanning,0.9450,0.8587,16,514,391,567,462
92,20230609c_00320.jpg,372,fanning,0.9994,0.8543,16,414,398,470,459
92,20230609c_00320.jpg,734,buffering,0.0000,0.8103,3,719,402,762,472
92,20230609c_00320.jpg,466,fanning,0.9544,0.8002,16,570,372,616,415
93,20230609c_00321.jpg,525,buffering,0.0000,0.9354,2,0,870,84,962
93,20230609c_00321.jpg,158,fanning,0.8407,0.9352,16,1448,371,1512,427
93,20230609c_00321.jpg,734,neutral,0.9997,0.9347,4,704,387,774,488
93,20230609c_00321.jpg,752,buffering,0.0000,0.9347,2,1057,372,1123,421
93,20230609c_00321.jpg,763,buffering,0.0000,0.9267,1,1443,875,1497,980
93,20230609c_00321.jpg,754,buffering,0.0000,0.9186,2,1018,668,1079,771
93,20230609c_00321.jpg,507,neutral,0.8965,0.9175,16,416,440,484,524
93,20230609c_00321.jpg,617,fanning,0.7900,0.9166,16,840,370,917,424
93,20230609c_00321.jpg,718,neutral,0.9975,0.9005,5,464,376,543,465
93,20230609c_00321.jpg,642,fanning,0.9992,0.8796,14,768,372,809,411
93,20230609c_00321.jpg,723,trophallaxis,0.9993,0.8644,4,406,367,453,432
93,20230609c_00321.jpg,372,fanning,0.9992,0.8643,16,396,409,465,459
93,20230609c_00321.jpg,164,fanning,0.9933,0.8434,16,1335,370,1414,415
93,20230609c_00321.jpg,567,fanning,0.9521,0.7874,16,519,392,572,453
93,20230609c_00321.jpg,503,trophallaxis,0.9993,0.7017,16,530,371,599,403
94,20230609c_00322.jpg,752,buffering,0.0000,0.9365,3,1055,373,1119,413
94,20230609c_00322.jpg,158,fanning,0.8255,0.9293,16,1451,371,1512,427
94,20230609c_00322.jpg,754,buffering,0.0000,0.9247,3,998,611,1069,730
94,20230609c_00322.jpg,718,neutral,0.9186,0.9200,6,464,377,533,468
94,20230609c_00322.jpg,507,neutral,0.6975,0.9097,16,432,443,482,519
94,20230609c_00322.jpg,723,trophallaxis,0.9986,0.9086,5,410,367,464,429
94,20230609c_00322.jpg,734,neutral,0.9997,0.8901,5,711,372,804,471
94,20230609c_00322.jpg,372,fanning,0.9989,0.8621,16,392,401,469,459
94,20230609c_00322.jpg,503,trophallaxis,0.9994,0.7979,16,541,371,591,398
94,20230609c_00322.jpg,463,trophallaxis,0.9904,0.7490,16,469,372,517,408
95,20230609c_00323.jpg,734,neutral,0.9993,0.9377,6,759,376,828,468
95,20230609c_00323.jpg,158,fanning,0.8490,0.9306,16,1461,371,1511,429
95,20230609c_00323.jpg,413,neutral,0.5993,0.9273,11,706,383,755,465
95,20230609c_00323.jpg,752,neutral,0.9748,0.9247,4,1040,372,1106,416
95,20230609c_00323.jpg,507,neutral,0.6981,0.9175,16,439,435,493,516
95,20230609c_00323.jpg,718,uncertain,0.4425,0.9110,7,466,383,548,466
95,20230609c_00323.jpg,561,buffering,0.0000,0.9104,3,102,785,191,872
95,20230609c_00323.jpg,463,trophallaxis,0.9986,0.9020,16,461,372,516,423
95,20230609c_00323.jpg,723,trophallaxis,0.9970,0.9015,6,405,368,459,420
95,20230609c_00323.jpg,372,fanning,0.9968,0.8966,16,388,404,455,465
95,20230609c_00323.jpg,617,neutral,0.9976,0.8617,16,858,370,909,395
95,20230609c_00323.jpg,642,fanning,0.9988,0.8220,15,762,372,806,400
96,20230609c_00324.jpg,752,neutral,0.9072,0.9333,5,1024,372,1082,420
96,20230609c_00324.jpg,791,buffering,0.0000,0.9307,1,1069,443,1125,538
96,20230609c_00324.jpg,382,uncertain,0.5020,0.9302,11,788,373,860,471
96,20230609c_00324.jpg,413,neutral,0.5611,0.9294,12,693,372,754,457
96,20230609c_00324.jpg,158,fanning,0.8707,0.9279,16,1461,371,1516,428
96,20230609c_00324.jpg,792,buffering,0.0000,0.9275,1,442,777,488,865
96,20230609c_00324.jpg,507,neutral,0.7008,0.9224,16,437,427,497,506
96,20230609c_00324.jpg,372,fanning,0.9431,0.9217,16,386,367,474,468
96,20230609c_00324.jpg,718,trophallaxis,0.9189,0.8926,8,478,397,540,465
96,20230609c_00324.jpg,723,trophallaxis,0.9986,0.8881,7,410,370,474,423
96,20230609c_00324.jpg,463,trophallaxis,0.9992,0.8854,16,464,372,517,421
96,20230609c_00324.jpg,642,fanning,0.9574,0.8450,16,756,371,798,395
96,20230609c_00324.jpg,503,trophallaxis,0.9994,0.7764,16,533,372,583,396
97,20230609c_00325.jpg,382,fanning,0.8648,0.9449,12,819,370,887,452
97,20230609c_00325.jpg,413,fanning,0.6160,0.9375,13,680,372,742,443
97,20230609c_00325.jpg,791,buffering,0.0000,0.9339,2,1071,428,1131,521
97,20230609c_00325.jpg,158,fanning,0.9091,0.9331,16,1461,370,1510,424
97,20230609c_00325.jpg,752,neutral,0.6443,0.9285,6,1023,371,1075,428
97,20230609c_00325.jpg,809,buffering,0.0000,0.9281,1,911,472,981,566
97,20230609c_00325.jpg,507,neutral,0.7854,0.9237,16,440,384,520,500
97,20230609c_00325.jpg,372,fanning,0.9141,0.9189,16,385,369,465,470
97,20230609c_00325.jpg,807,buffering,0.0000,0.9170,1,956,444,1008,555
97,20230609c_00325.jpg,804,buffering,0.0000,0.9043,1,556,441,612,516
97,20230609c_00325.jpg,718,trophallaxis,0.9943,0.8818,9,488,389,560,460
97,20230609c_00325.jpg,723,trophallaxis,0.9988,0.8658,8,412,370,470,427
97,20230609c_00325.jpg,642,fanning,0.9687,0.8637,16,757,371,794,393
97,20230609c_00325.jpg,463,trophallaxis,0.9995,0.8592,16,463,373,519,422
97,20230609c_00325.jpg,503,trophallaxis,0.9994,0.8238,16,531,372,580,397
98,20230609c_00326.jpg,382,fanning,0.9589,0.9375,13,830,369,898,441
98,20230609c_00326.jpg,809,buffering,0.0000,0.9369,2,910,470,974,548
98,20230609c_00326.jpg,413,fanning,0.6392,0.9365,14,676,372,740,437
98,20230609c_00326.jpg,158,fanning,0.9297,0.9363,16,1447,371,1508,425
98,20230609c_00326.jpg,791,buffering,0.0000,0.9362,3,1077,416,1122,496
98,20230609c_00326.jpg,804,buffering,0.0000,0.9356,2,551,423,609,513
98,20230609c_00326.jpg,820,buffering,0.0000,0.9346,1,874,1000,921,1079
98,20230609c_00326.jpg,372,fanning,0.7908,0.9295,16,383,406,444,472
98,20230609c_00326.jpg,507,neutral,0.9063,0.9269,16,437,385,506,495
98,20230609c_00326.jpg,752,fanning,0.7512,0.9243,7,1023,371,1077,428
98,20230609c_00326.jpg,807,buffering,0.0000,0.9202,2,951,449,1016,533
98,20230609c_00326.jpg,718,trophallaxis,0.9960,0.9098,10,491,391,550,461
98,20230609c_00326.jpg,723,trophallaxis,0.9991,0.8661,9,412,370,473,424
98,20230609c_00326.jpg,463,trophallaxis,0.9995,0.8568,16,463,373,520,419
98,20230609c_00326.jpg,642,neutral,0.6422,0.8454,16,760,371,793,389
98,20230609c_00326.jpg,164,fanning,0.9940,0.7857,16,1332,372,1365,399
98,20230609c_00326.jpg,503,trophallaxis,0.9993,0.7341,16,533,372,580,395
99,20230609c_00327.jpg,809,buffering,0.0000,0.9393,3,897,453,965,537
99,20230609c_00327.jpg,791,neutral,0.9946,0.9354,4,1073,387,1130,482
99,20230609c_00327.jpg,804,buffering,0.0000,0.9348,3,559,418,620,507
99,20230609c_00327.jpg,807,buffering,0.0000,0.9315,3,961,435,1025,521
99,20230609c_00327.jpg,382,fanning,0.8590,0.9307,14,815,370,882,430
99,20230609c_00327.jpg,158,fanning,0.9511,0.9300,16,1453,371,1507,430
99,20230609c_00327.jpg,372,fanning,0.5807,0.9290,16,382,404,442,476
99,20230609c_00327.jpg,393,neutral,0.9995,0.9280,4,574,954,626,1046
99,20230609c_00327.jpg,828,buffering,0.0000,0.9255,1,1181,371,1245,414
99,20230609c_00327.jpg,752,fanning,0.9104,0.9217,8,1028,372,1075,423
99,20230609c_00327.jpg,507,neutral,0.9692,0.9195,16,442,416,497,491
99,20230609c_00327.jpg,413,fanning,0.7400,0.9187,15,675,371,735,426
99,20230609c_00327.jpg,718,trophallaxis,0.9991,0.9149,11,495,391,549,457
99,20230609c_00327.jpg,642,neutral,0.9608,0.8438,16,759,371,790,387
99,20230609c_00327.jpg,463,trophallaxis,0.9995,0.8326,16,460,374,521,417
99,20230609c_00327.jpg,723,trophallaxis,0.9987,0.7838,10,412,369,475,410
100,20230609c_00328.jpg,804,neutral,0.9991,0.9391,4,565,412,625,500
100,20230609c_00328.jpg,372,uncertain,0.4985,0.9332,16,382,405,437,482
100,20230609c_00328.jpg,835,buffering,0.0000,0.9326,1,421,622,482,705
100,20230609c_00328.jpg,382,fanning,0.9117,0.9313,15,817,370,883,416
100,20230609c_00328.jpg,507,neutral,0.9872,0.9296,16,442,382,513,490
100,20230609c_00328.jpg,809,neutral,0.9983,0.9250,4,891,439,963,520
100,20230609c_00328.jpg,158,fanning,0.9464,0.9249,16,1460,371,1510,430
100,20230609c_00328.jpg,791,neutral,0.9749,0.9223,5,1040,372,1122,481
100,20230609c_00328.jpg,754,neutral,0.9940,0.9189,4,982,417,1060,518
100,20230609c_00328.jpg,718,trophallaxis,0.9992,0.9125,12,495,389,543,458
100,20230609c_00328.jpg,828,buffering,0.0000,0.9121,2,1160,370,1239,408
100,20230609c_00328.jpg,700,buffering,0.0000,0.9047,2,917,840,960,899
100,20230609c_00328.jpg,837,buffering,0.0000,0.9009,1,861,826,900,889
100,20230609c_00328.jpg,413,fanning,0.7676,0.8988,16,670,371,729,408
100,20230609c_00328.jpg,752,fanning,0.8911,0.8681,9,1026,372,1072,414
100,20230609c_00328.jpg,807,fanning,0.9143,0.8651,4,983,437,1026,516
100,20230609c_00328.jpg,463,trophallaxis,0.9995,0.8190,16,457,375,517,417
100,20230609c_00328.jpg,503,trophallaxis,0.9991,0.8044,16,532,372,575,393
100,20230609c_00328.jpg,164,fanning,0.9939,0.7829,16,1327,370,1412,415
101,20230609c_00329.jpg,842,buffering,0.0000,0.9424,1,252,557,319,653
101,20230609c_00329.jpg,804,neutral,0.9975,0.9415,5,562,405,631,488
101,20230609c_00329.jpg,835,buffering,0.0000,0.9413,2,428,587,486,672
101,20230609c_00329.jpg,809,neutral,0.9981,0.9396,5,886,424,946,505
101,20230609c_00329.jpg,372,trophallaxis,0.9303,0.9371,16,383,404,435,486
101,20230609c_00329.jpg,844,buffering,0.0000,0.9336,1,744,475,808,562
101,20230609c_00329.jpg,158,fanning,0.9532,0.9241,16,1461,371,1508,432
101,20230609c_00329.jpg,507,neutral,0.9927,0.9236,16,447,415,497,487
101,20230609c_00329.jpg,379,neutral,0.9986,0.9222,5,578,792,632,882
101,20230609c_00329.jpg,828,buffering,0.0000,0.9201,3,1163,370,1244,405
101,20230609c_00329.jpg,754,neutral,0.9566,0.9200,5,979,395,1038,517
101,20230609c_00329.jpg,791,neutral,0.9551,0.9171,6,1067,373,1126,472
101,20230609c_00329.jpg,718,trophallaxis,0.9993,0.9085,13,499,387,545,454
101,20230609c_00329.jpg,382,fanning,0.6082,0.9024,16,816,369,880,403
101,20230609c_00329.jpg,413,neutral,0.7962,0.8832,16,677,371,715,394
101,20230609c_00329.jpg,164,fanning,0.9930,0.8796,16,1324,368,1412,414
101,20230609c_00329.jpg,752,fanning,0.8337,0.8358,10,1023,371,1079,415
101,20230609c_00329.jpg,837,buffering,0.0000,0.8248,2,869,830,906,887
101,20230609c_00329.jpg,463,trophallaxis,0.9995,0.8067,16,456,375,515,419
101,20230609c_00329.jpg,807,fanning,0.9748,0.7639,5,985,461,1029,516
101,20230609c_00329.jpg,503,trophallaxis,0.9983,0.7095,16,531,373,570,393
102,20230609c_00330.jpg,809,neutral,0.9974,0.9462,6,882,407,938,491
102,20230609c_00330.jpg,835,buffering,0.0000,0.9437,3,432,557,488,639
102,20230609c_00330.jpg,842,buffering,0.0000,0.9416,2,263,527,341,614
102,20230609c_00330.jpg,243,fanning,0.6726,0.9399,12,1211,470,1269,555
102,20230609c_00330.jpg,372,trophallaxis,0.7548,0.9387,16,383,399,434,489
102,20230609c_00330.jpg,158,fanning,0.9423,0.9282,16,1458,371,1510,431
102,20230609c_00330.jpg,844,buffering,0.0000,0.9269,2,751,439,827,523
102,20230609c_00330.jpg,804,neutral,0.9948,0.9267,6,570,397,626,477
102,20230609c_00330.jpg,754,neutral,0.9368,0.9234,6,974,380,1038,510
102,20230609c_00330.jpg,507,neutral,0.9900,0.9224,16,447,413,494,487
102,20230609c_00330.jpg,700,buffering,0.0000,0.9174,3,909,840,956,904
102,20230609c_00330.jpg,791,neutral,0.8544,0.9129,7,1071,374,1128,464
102,20230609c_00330.jpg,718,trophallaxis,0.9991,0.9082,14,502,382,552,450
102,20230609c_00330.jpg,828,neutral,0.9792,0.9078,4,1170,370,1243,402
102,20230609c_00330.jpg,807,fanning,0.9151,0.8901,6,975,443,1022,511
102,20230609c_00330.jpg,164,fanning,0.9923,0.8786,16,1321,369,1412,414
102,20230609c_00330.jpg,382,fanning,0.6442,0.8605,16,818,369,880,396
102,20230609c_00330.jpg,463,trophallaxis,0.9995,0.8411,16,455,377,507,416
102,20230609c_00330.jpg,723,trophallaxis,0.9988,0.8203,11,415,368,465,396
103,20230609c_00331.jpg,842,buffering,0.0000,0.9431,3,299,506,374,592
103,20230609c_00331.jpg,372,fanning,0.8820,0.9428,16,376,404,428,489
103,20230609c_00331.jpg,835,neutral,0.9984,0.9412,4,438,536,494,613
103,20230609c_00331.jpg,804,neutral,0.9884,0.9398,7,571,372,636,464
103,20230609c_00331.jpg,844,buffering,0.0000,0.9391,3,771,403,828,493
103,20230609c_00331.jpg,243,neutral,0.7795,0.9390,13,1218,419,1273,507
103,20230609c_00331.jpg,507,neutral,0.9908,0.9338,16,432,375,502,484
103,20230609c_00331.jpg,754,neutral,0.8819,0.9310,7,973,372,1054,501
103,20230609c_00331.jpg,158,fanning,0.9505,0.9284,16,1457,371,1509,430
103,20230609c_00331.jpg,807,neutral,0.7284,0.9229,7,974,421,1018,501
103,20230609c_00331.jpg,809,neutral,0.9934,0.9209,7,872,385,925,467
103,20230609c_00331.jpg,791,neutral,0.6850,0.9180,8,1076,374,1131,459
103,20230609c_00331.jpg,718,trophallaxis,0.9989,0.9047,15,493,373,554,448
103,20230609c_00331.jpg,828,neutral,0.9269,0.8942,5,1177,371,1242,399
103,20230609c_00331.jpg,164,fanning,0.9914,0.8889,16,1320,369,1413,414
103,20230609c_00331.jpg,463,trophallaxis,0.9995,0.7365,16,455,379,508,423
104,20230609c_00332.jpg,842,neutral,0.9826,0.9404,4,341,491,412,577
104,20230609c_00332.jpg,835,neutral,0.9983,0.9366,5,448,518,498,593
104,20230609c_00332.jpg,372,fanning,0.9797,0.9351,16,372,394,430,484
104,20230609c_00332.jpg,804,neutral,0.9843,0.9339,8,574,370,639,449
104,20230609c_00332.jpg,844,neutral,0.9975,0.9323,4,779,377,833,469
104,20230609c_00332.jpg,752,fanning,0.8587,0.9308,11,989,371,1058,436
104,20230609c_00332.jpg,809,neutral,0.9831,0.9295,8,872,371,919,449
104,20230609c_00332.jpg,158,fanning,0.9375,0.9282,16,1458,372,1511,431
104,20230609c_00332.jpg,507,neutral,0.9908,0.9227,16,431,372,495,485
104,20230609c_00332.jpg,791,uncertain,0.5479,0.9211,9,1076,374,1135,454
104,20230609c_00332.jpg,718,trophallaxis,0.9988,0.9020,16,514,378,555,444
104,20230609c_00332.jpg,807,fanning,0.6138,0.9017,8,974,400,1026,488
104,20230609c_00332.jpg,164,fanning,0.9890,0.8997,16,1317,368,1414,414
104,20230609c_00332.jpg,828,neutral,0.8928,0.8423,6,1182,371,1244,396
104,20230609c_00332.jpg,463,trophallaxis,0.9995,0.8284,16,452,373,517,424
105,20230609c_00333.jpg,835,neutral,0.9925,0.9433,6,451,514,514,583
105,20230609c_00333.jpg,844,neutral,0.9965,0.9389,5,786,392,856,470
105,20230609c_00333.jpg,804,neutral,0.9643,0.9376,9,575,371,639,429
105,20230609c_00333.jpg,867,buffering,0.0000,0.9369,1,584,568,639,657
105,20230609c_00333.jpg,842,neutral,0.7328,0.9286,5,368,464,441,564
105,20230609c_00333.jpg,158,fanning,0.9300,0.9282,16,1461,372,1511,432
105,20230609c_00333.jpg,809,neutral,0.9261,0.9204,9,869,371,924,433
105,20230609c_00333.jpg,372,fanning,0.9935,0.9194,16,373,398,422,481
105,20230609c_00333.jpg,507,neutral,0.9897,0.9189,16,426,389,486,479
105,20230609c_00333.jpg,243,neutral,0.7911,0.9178,14,1210,372,1281,452
105,20230609c_00333.jpg,791,uncertain,0.5197,0.9145,10,1080,374,1137,450
105,20230609c_00333.jpg,164,fanning,0.9861,0.8982,16,1318,368,1413,413
105,20230609c_00333.jpg,807,fanning,0.7541,0.8887,9,966,379,1035,470
105,20230609c_00333.jpg,525,buffering,0.0000,0.8667,3,3,867,40,927
105,20230609c_00333.jpg,752,fanning,0.8717,0.8522,12,986,372,1046,426
105,20230609c_00333.jpg,828,neutral,0.8859,0.7082,7,1197,372,1251,391
105,20230609c_00333.jpg,463,trophallaxis,0.9995,0.6637,16,457,372,513,425
106,20230609c_00334.jpg,844,neutral,0.9869,0.9460,6,815,369,898,455
106,20230609c_00334.jpg,842,neutral,0.7430,0.9346,6,390,461,441,549
106,20230609c_00334.jpg,791,uncertain,0.5280,0.9295,11,1078,373,1138,449
106,20230609c_00334.jpg,158,fanning,0.9161,0.9258,16,1458,372,1509,432
106,20230609c_00334.jpg,507,uncertain,0.5133,0.9257,16,418,381,484,475
106,20230609c_00334.jpg,366,neutral,0.9979,0.9215,4,1248,944,1303,1039
106,20230609c_00334.jpg,718,trophallaxis,0.9989,0.9124,16,465,371,559,441
106,20230609c_00334.jpg,807,fanning,0.8180,0.9015,10,964,372,1028,462
106,20230609c_00334.jpg,243,neutral,0.7617,0.8975,15,1206,372,1277,445
106,20230609c_00334.jpg,164,fanning,0.9857,0.8924,16,1321,368,1413,413
106,20230609c_00334.jpg,463,trophallaxis,0.9995,0.8908,16,457,372,523,425
106,20230609c_00334.jpg,567,fanning,0.9992,0.8907,16,573,370,639,412
106,20230609c_00334.jpg,372,fanning,0.9806,0.8885,16,368,394,421,469
106,20230609c_00334.jpg,809,uncertain,0.5121,0.8873,10,877,371,923,409
106,20230609c_00334.jpg,752,fanning,0.8728,0.8343,13,980,371,1038,413
107,20230609c_00335.jpg,844,neutral,0.9565,0.9346,7,809,370,873,453
107,20230609c_00335.jpg,507,fanning,0.9993,0.9343,16,409,391,481,471
107,20230609c_00335.jpg,158,fanning,0.9320,0.9281,16,1458,372,1509,433
107,20230609c_00335.jpg,791,fanning,0.6089,0.9276,12,1082,372,1140,447
107,20230609c_00335.jpg,842,neutral,0.5531,0.9219,7,383,435,439,545
107,20230609c_00335.jpg,718,trophallaxis,0.9993,0.9029,16,458,370,563,435
107,20230609c_00335.jpg,164,fanning,0.9819,0.9003,16,1321,369,1413,413
107,20230609c_00335.jpg,372,fanning,0.9603,0.8851,16,367,392,418,465
107,20230609c_00335.jpg,567,fanning,0.9991,0.8774,16,584,370,624,395
107,20230609c_00335.jpg,763,buffering,0.0000,0.8655,2,1449,949,1495,999
107,20230609c_00335.jpg,807,fanning,0.9251,0.8540,11,964,373,1033,455
107,20230609c_00335.jpg,243,neutral,0.7592,0.8391,16,1215,372,1276,437
107,20230609c_00335.jpg,463,trophallaxis,0.9995,0.8034,16,457,378,508,422
107,20230609c_00335.jpg,828,neutral,0.8648,0.7900,8,1211,372,1262,392
107,20230609c_00335.jpg,752,fanning,0.8468,0.7367,14,974,373,1036,410
108,20230609c_00336.jpg,844,neutral,0.9177,0.9402,8,805,370,869,442
108,20230609c_00336.jpg,160,neutral,0.9952,0.9373,6,602,581,685,654
108,20230609c_00336.jpg,842,fanning,0.7549,0.9340,8,378,443,442,537
108,20230609c_00336.jpg,158,fanning,0.9546,0.9299,16,1456,372,1510,434
108,20230609c_00336.jpg,507,fanning,0.9993,0.9256,16,416,391,471,472
108,20230609c_00336.jpg,791,fanning,0.6547,0.9223,13,1080,372,1140,444
108,20230609c_00336.jpg,372,fanning,0.8882,0.9188,16,363,392,418,460
108,20230609c_00336.jpg,718,trophallaxis,0.9994,0.9087,16,461,370,569,426
108,20230609c_00336.jpg,463,trophallaxis,0.9994,0.9077,16,457,371,511,423
108,20230609c_00336.jpg,164,fanning,0.9797,0.8993,16,1320,369,1413,414
108,20230609c_00336.jpg,792,buffering,0.0000,0.8801,2,450,819,504,861
108,20230609c_00336.jpg,807,fanning,0.9490,0.8688,12,956,373,1037,445
108,20230609c_00336.jpg,752,fanning,0.8387,0.8220,15,989,371,1045,413
108,20230609c_00336.jpg,243,neutral,0.5975,0.8035,16,1216,372,1277,431
108,20230609c_00336.jpg,898,buffering,0.0000,0.7061,1,1248,373,1272,427
109,20230609c_00337.jpg,899,buffering,0.0000,0.9322,1,661,442,727,531
109,20230609c_00337.jpg,158,fanning,0.9632,0.9314,16,1458,371,1508,436
109,20230609c_00337.jpg,842,fanning,0.8932,0.9295,9,387,449,443,539
109,20230609c_00337.jpg,791,fanning,0.7581,0.9282,14,1084,373,1137,432
109,20230609c_00337.jpg,844,neutral,0.6187,0.9233,9,809,370,871,433
109,20230609c_00337.jpg,372,fanning,0.5915,0.9217,16,360,392,417,459
109,20230609c_00337.jpg,507,fanning,0.9989,0.9214,16,421,397,471,483
109,20230609c_00337.jpg,463,trophallaxis,0.9994,0.9005,16,458,370,575,424
109,20230609c_00337.jpg,164,fanning,0.9795,0.8974,16,1321,368,1413,413
109,20230609c_00337.jpg,718,trophallaxis,0.9994,0.8691,16,513,372,570,420
109,20230609c_00337.jpg,243,uncertain,0.5292,0.8110,16,1218,372,1275,430
109,20230609c_00337.jpg,828,neutral,0.7908,0.7982,9,1222,372,1267,398
110,20230609c_00338.jpg,158,fanning,0.9661,0.9379,16,1455,371,1508,435
110,20230609c_00338.jpg,842,fanning,0.9419,0.9355,10,383,451,437,539
110,20230609c_00338.jpg,907,buffering,0.0000,0.9351,1,734,474,785,568
110,20230609c_00338.jpg,791,fanning,0.8199,0.9286,15,1083,373,1138,432
110,20230609c_00338.jpg,899,buffering,0.0000,0.9235,2,637,422,726,500
110,20230609c_00338.jpg,507,fanning,0.9941,0.9227,16,421,397,482,485
110,20230609c_00338.jpg,844,uncertain,0.5345,0.9221,10,809,370,873,428
110,20230609c_00338.jpg,372,trophallaxis,0.8095,0.9182,16,357,391,413,460
110,20230609c_00338.jpg,243,fanning,0.5873,0.9119,16,1224,372,1272,426
110,20230609c_00338.jpg,463,trophallaxis,0.9994,0.9062,16,460,370,574,425
110,20230609c_00338.jpg,807,fanning,0.9767,0.9057,13,947,373,1007,427
110,20230609c_00338.jpg,164,fanning,0.9857,0.8900,16,1320,369,1414,414
110,20230609c_00338.jpg,752,fanning,0.8332,0.8787,16,1003,371,1062,404
110,20230609c_00338.jpg,379,neutral,0.9991,0.8585,6,574,846,634,882
110,20230609c_00338.jpg,718,trophallaxis,0.9993,0.8233,16,518,371,572,416
111,20230609c_00339.jpg,842,fanning,0.9898,0.9373,11,381,454,435,541
111,20230609c_00339.jpg,907,buffering,0.0000,0.9343,2,728,458,782,549
111,20230609c_00339.jpg,372,fanning,0.9951,0.9292,16,355,393,408,462
111,20230609c_00339.jpg,158,fanning,0.9714,0.9284,16,1454,371,1508,434
111,20230609c_00339.jpg,791,fanning,0.8253,0.9273,16,1086,372,1142,434
111,20230609c_00339.jpg,844,fanning,0.6728,0.9267,11,809,370,876,424
111,20230609c_00339.jpg,507,fanning,0.9982,0.9260,16,422,404,473,488
111,20230609c_00339.jpg,243,uncertain,0.5311,0.9074,16,1219,371,1273,420
111,20230609c_00339.jpg,164,fanning,0.9923,0.8950,16,1320,369,1414,414
111,20230609c_00339.jpg,463,trophallaxis,0.9993,0.8825,16,461,371,576,426
111,20230609c_00339.jpg,718,trophallaxis,0.9992,0.8260,16,504,371,579,407
111,20230609c_00339.jpg,752,fanning,0.7492,0.7834,16,1004,371,1065,405
112,20230609c_00340.jpg,907,buffering,0.0000,0.9419,3,707,456,766,545
112,20230609c_00340.jpg,842,fanning,0.9934,0.9381,12,381,456,440,544
112,20230609c_00340.jpg,158,fanning,0.9762,0.9365,16,1454,371,1507,436
112,20230609c_00340.jpg,372,fanning,0.9935,0.9341,16,350,393,406,466
112,20230609c_00340.jpg,844,fanning,0.7748,0.9256,12,810,369,872,423
112,20230609c_00340.jpg,507,fanning,0.9984,0.9234,16,423,398,482,483
112,20230609c_00340.jpg,791,fanning,0.7931,0.9230,16,1089,373,1141,433
112,20230609c_00340.jpg,807,fanning,0.9787,0.8997,14,955,373,994,416
112,20230609c_00340.jpg,463,trophallaxis,0.9993,0.8981,16,461,374,517,425
112,20230609c_00340.jpg,164,fanning,0.9914,0.8879,16,1320,368,1413,413
112,20230609c_00340.jpg,931,buffering,0.0000,0.8848,1,462,905,535,971
112,20230609c_00340.jpg,243,neutral,0.7170,0.8706,16,1221,372,1267,409
112,20230609c_00340.jpg,752,neutral,0.7314,0.8645,16,1020,370,1074,404
113,20230609c_00341.jpg,907,neutral,0.9960,0.9452,4,682,466,746,555
113,20230609c_00341.jpg,842,fanning,0.9961,0.9420,13,377,457,441,545
113,20230609c_00341.jpg,158,fanning,0.9732,0.9389,16,1454,371,1507,434
113,20230609c_00341.jpg,372,fanning,0.9990,0.9291,16,352,393,399,473
113,20230609c_00341.jpg,844,fanning,0.8292,0.9290,13,813,370,877,421
113,20230609c_00341.jpg,936,buffering,0.0000,0.9288,1,543,371,601,455
113,20230609c_00341.jpg,507,fanning,0.9990,0.9221,16,420,390,483,473
113,20230609c_00341.jpg,931,buffering,0.0000,0.9208,2,439,897,497,981
113,20230609c_00341.jpg,791,fanning,0.7007,0.9203,16,1089,372,1145,431
113,20230609c_00341.jpg,938,buffering,0.0000,0.9202,1,1156,714,1216,830
113,20230609c_00341.jpg,243,neutral,0.7218,0.8974,16,1225,371,1269,397
113,20230609c_00341.jpg,463,trophallaxis,0.9992,0.8846,16,462,373,524,426
113,20230609c_00341.jpg,164,fanning,0.9911,0.8840,16,1322,369,1414,413
113,20230609c_00341.jpg,807,fanning,0.9686,0.8616,15,953,374,991,412
113,20230609c_00341.jpg,752,neutral,0.7588,0.8032,16,1026,372,1093,416
114,20230609c_00342.jpg,907,neutral,0.9859,0.9437,5,673,468,732,564
114,20230609c_00342.jpg,158,fanning,0.9763,0.9398,16,1452,371,1508,434
114,20230609c_00342.jpg,842,fanning,0.9981,0.9374,14,376,454,439,544
114,20230609c_00342.jpg,938,buffering,0.0000,0.9296,2,1141,706,1202,807
114,20230609c_00342.jpg,366,neutral,0.9984,0.9290,5,1242,963,1309,1072
114,20230609c_00342.jpg,372,fanning,0.9993,0.9285,16,351,396,397,478
114,20230609c_00342.jpg,507,fanning,0.9992,0.9274,16,424,391,485,471
114,20230609c_00342.jpg,844,fanning,0.8059,0.9267,14,813,369,874,416
114,20230609c_00342.jpg,791,fanning,0.8980,0.9244,16,1092,372,1144,432
114,20230609c_00342.jpg,936,buffering,0.0000,0.9180,2,543,372,607,455
114,20230609c_00342.jpg,612,buffering,0.0000,0.9154,2,208,853,255,930
114,20230609c_00342.jpg,463,trophallaxis,0.9992,0.8959,16,463,373,535,425
114,20230609c_00342.jpg,807,fanning,0.9423,0.8919,16,961,373,997,400
114,20230609c_00342.jpg,164,fanning,0.9897,0.8820,16,1320,369,1414,414
114,20230609c_00342.jpg,243,neutral,0.8062,0.8672,16,1226,371,1264,394
114,20230609c_00342.jpg,752,neutral,0.9053,0.8620,16,1030,370,1089,398
114,20230609c_00342.jpg,718,trophallaxis,0.9991,0.8443,16,529,373,566,408
115,20230609c_00343.jpg,842,fanning,0.9983,0.9369,15,382,455,443,544
115,20230609c_00343.jpg,951,buffering,0.0000,0.9369,1,1062,539,1111,631
115,20230609c_00343.jpg,907,neutral,0.9550,0.9356,6,667,465,723,562
115,20230609c_00343.jpg,158,fanning,0.9797,0.9312,16,1453,371,1508,430
115,20230609c_00343.jpg,372,fanning,0.9992,0.9264,16,351,395,398,478
115,20230609c_00343.jpg,844,fanning,0.6920,0.9238,15,816,369,872,414
115,20230609c_00343.jpg,507,fanning,0.9993,0.9225,16,424,392,484,471
115,20230609c_00343.jpg,791,fanning,0.9314,0.9218,16,1093,372,1146,429
115,20230609c_00343.jpg,938,buffering,0.0000,0.9185,3,1128,702,1173,779
115,20230609c_00343.jpg,463,trophallaxis,0.9992,0.9078,16,464,373,530,425
115,20230609c_00343.jpg,936,buffering,0.0000,0.8809,3,546,371,636,443
115,20230609c_00343.jpg,752,neutral,0.9396,0.8625,16,1027,371,1084,400
115,20230609c_00343.jpg,164,fanning,0.9916,0.8522,16,1320,369,1413,415
115,20230609c_00343.jpg,807,fanning,0.8790,0.8049,16,968,372,1000,395
115,20230609c_00343.jpg,243,neutral,0.9092,0.7976,16,1225,372,1264,395
116,20230609c_00344.jpg,951,buffering,0.0000,0.9409,2,1038,532,1091,619
116,20230609c_00344.jpg,372,fanning,0.9993,0.9382,16,350,389,404,475
116,20230609c_00344.jpg,158,fanning,0.9833,0.9380,16,1453,371,1506,432
116,20230609c_00344.jpg,907,neutral,0.8631,0.9380,7,670,458,725,549
116,20230609c_00344.jpg,842,fanning,0.9985,0.9322,16,382,455,445,544
116,20230609c_00344.jpg,791,fanning,0.8672,0.9228,16,1093,372,1151,430
116,20230609c_00344.jpg,463,trophallaxis,0.9991,0.9174,16,467,373,529,425
116,20230609c_00344.jpg,507,fanning,0.9993,0.9117,16,423,393,478,471
116,20230609c_00344.jpg,844,fanning,0.6447,0.9097,16,815,369,874,413
116,20230609c_00344.jpg,957,buffering,0.0000,0.9066,1,773,927,810,1001
116,20230609c_00344.jpg,752,neutral,0.9513,0.8962,16,1023,371,1083,400
116,20230609c_00344.jpg,936,neutral,0.9992,0.8929,4,577,371,642,437
116,20230609c_00344.jpg,164,fanning,0.9928,0.8522,16,1317,370,1414,416
116,20230609c_00344.jpg,243,neutral,0.8744,0.8129,16,1228,372,1264,400
117,20230609c_00345.jpg,372,fanning,0.9993,0.9455,16,350,395,403,476
117,20230609c_00345.jpg,907,neutral,0.8423,0.9392,8,677,439,737,528
117,20230609c_00345.jpg,158,fanning,0.9841,0.9333,16,1452,371,1503,433
117,20230609c_00345.jpg,842,fanning,0.9983,0.9329,16,384,454,441,543
117,20230609c_00345.jpg,463,trophallaxis,0.9991,0.9255,16,469,372,530,422
117,20230609c_00345.jpg,222,neutral,0.9876,0.9251,6,1395,700,1445,797
117,20230609c_00345.jpg,968,buffering,0.0000,0.9179,1,92,649,161,738
117,20230609c_00345.jpg,791,fanning,0.9016,0.9138,16,1091,373,1147,428
117,20230609c_00345.jpg,844,fanning,0.6845,0.9133,16,818,369,879,409
117,20230609c_00345.jpg,507,fanning,0.9993,0.9119,16,423,384,489,467
117,20230609c_00345.jpg,752,neutral,0.9818,0.8989,16,1026,371,1088,400
117,20230609c_00345.jpg,936,neutral,0.9994,0.8964,5,583,371,642,443
117,20230609c_00345.jpg,164,fanning,0.9911,0.8581,16,1315,370,1414,415
117,20230609c_00345.jpg,243,neutral,0.8794,0.7471,16,1223,372,1259,400
118,20230609c_00346.jpg,158,fanning,0.9863,0.9287,16,1449,371,1503,433
118,20230609c_00346.jpg,978,buffering,0.0000,0.9249,1,182,746,246,817
118,20230609c_00346.jpg,842,fanning,0.9983,0.9247,16,381,453,448,544
118,20230609c_00346.jpg,936,neutral,0.9992,0.9214,6,596,371,653,447
118,20230609c_00346.jpg,372,fanning,0.9992,0.9207,16,347,390,417,477
118,20230609c_00346.jpg,791,fanning,0.9208,0.9194,16,1088,372,1145,430
118,20230609c_00346.jpg,463,trophallaxis,0.9989,0.9162,16,422,373,532,460
118,20230609c_00346.jpg,507,fanning,0.9993,0.9101,16,420,391,489,459
118,20230609c_00346.jpg,844,fanning,0.7279,0.9069,16,816,369,872,408
118,20230609c_00346.jpg,752,neutral,0.9965,0.8960,16,1023,371,1090,401
118,20230609c_00346.jpg,164,fanning,0.9922,0.8623,16,1314,370,1414,415
119,20230609c_00347.jpg,985,buffering,0.0000,0.9465,1,945,507,1000,596
119,20230609c_00347.jpg,158,fanning,0.9885,0.9323,16,1449,371,1505,433
119,20230609c_00347.jpg,372,fanning,0.9990,0.9308,16,344,393,424,477
119,20230609c_00347.jpg,842,fanning,0.9987,0.9305,16,382,453,445,542
119,20230609c_00347.jpg,463,trophallaxis,0.9990,0.9250,16,473,373,538,422
119,20230609c_00347.jpg,791,fanning,0.9289,0.9242,16,1091,373,1150,431
119,20230609c_00347.jpg,936,neutral,0.9978,0.9182,7,603,371,668,442
119,20230609c_00347.jpg,978,buffering,0.0000,0.9088,2,194,725,254,791
119,20230609c_00347.jpg,989,buffering,0.0000,0.9065,1,1288,590,1359,665
119,20230609c_00347.jpg,995,buffering,0.0000,0.9053,1,1214,869,1258,935
119,20230609c_00347.jpg,417,neutral,0.9912,0.9030,7,1444,840,1517,921
119,20230609c_00347.jpg,844,fanning,0.8482,0.9022,16,814,369,872,407
119,20230609c_00347.jpg,507,fanning,0.9993,0.9003,16,424,378,508,458
119,20230609c_00347.jpg,752,neutral,0.9957,0.8838,16,1025,371,1089,400
119,20230609c_00347.jpg,164,fanning,0.9927,0.8769,16,1312,370,1414,414
120,20230609c_00348.jpg,1000,buffering,0.0000,0.9576,1,989,587,1035,659
120,20230609c_00348.jpg,985,buffering,0.0000,0.9510,2,920,508,985,587
120,20230609c_00348.jpg,791,fanning,0.9417,0.9362,16,1090,372,1148,433
120,20230609c_00348.jpg,372,fanning,0.9990,0.9342,16,354,391,430,474
120,20230609c_00348.jpg,998,buffering,0.0000,0.9334,1,754,387,816,481
120,20230609c_00348.jpg,507,fanning,0.9993,0.9287,16,430,373,517,460
120,20230609c_00348.jpg,463,trophallaxis,0.9979,0.9272,16,472,373,534,422
120,20230609c_00348.jpg,842,fanning,0.9988,0.9271,16,384,450,443,540
120,20230609c_00348.jpg,158,fanning,0.9902,0.9239,16,1450,371,1504,435
120,20230609c_00348.jpg,936,neutral,0.9973,0.9205,8,604,371,676,441
120,20230609c_00348.jpg,844,fanning,0.8281,0.9058,16,823,370,873,407
120,20230609c_00348.jpg,995,buffering,0.0000,0.8929,2,1204,888,1251,946
120,20230609c_00348.jpg,989,buffering,0.0000,0.8864,2,1300,542,1387,640
120,20230609c_00348.jpg,1001,buffering,0.0000,0.8837,1,1334,584,1387,663
120,20230609c_00348.jpg,752,neutral,0.9952,0.8698,16,1015,371,1078,394
120,20230609c_00348.jpg,978,buffering,0.0000,0.8630,3,197,712,259,760
120,20230609c_00348.jpg,164,fanning,0.9923,0.5781,16,1336,370,1414,415
121,20230609c_00349.jpg,985,buffering,0.0000,0.9513,3,892,508,967,587
121,20230609c_00349.jpg,1000,buffering,0.0000,0.9384,2,984,578,1034,659
121,20230609c_00349.jpg,1001,buffering,0.0000,0.9340,2,1332,565,1386,649
121,20230609c_00349.jpg,998,buffering,0.0000,0.9326,2,782,374,843,473
121,20230609c_00349.jpg,372,fanning,0.9990,0.9315,16,356,397,426,473
121,20230609c_00349.jpg,936,neutral,0.9959,0.9255,9,608,371,678,433
121,20230609c_00349.jpg,791,fanning,0.9586,0.9250,16,1090,373,1147,428
121,20230609c_00349.jpg,158,fanning,0.9938,0.9236,16,1449,371,1505,432
121,20230609c_00349.jpg,463,trophallaxis,0.9985,0.9232,16,431,373,536,461
121,20230609c_00349.jpg,995,buffering,0.0000,0.9149,3,1208,902,1263,965
121,20230609c_00349.jpg,842,fanning,0.9988,0.9101,16,384,450,439,540
121,20230609c_00349.jpg,507,fanning,0.9993,0.9018,16,432,389,492,459
121,20230609c_00349.jpg,844,fanning,0.8111,0.8992,16,829,370,867,407
121,20230609c_00349.jpg,1013,buffering,0.0000,0.8918,1,1310,372,1347,396
122,20230609c_00350.jpg,1000,buffering,0.0000,0.9419,3,992,567,1047,649
122,20230609c_00350.jpg,158,fanning,0.9962,0.9356,16,1448,371,1503,433
122,20230609c_00350.jpg,998,buffering,0.0000,0.9355,3,789,372,854,463
122,20230609c_00350.jpg,989,buffering,0.0000,0.9338,3,1308,534,1383,616
122,20230609c_00350.jpg,842,fanning,0.9992,0.9321,16,383,449,448,539
122,20230609c_00350.jpg,372,fanning,0.9992,0.9239,16,366,391,433,467
122,20230609c_00350.jpg,463,trophallaxis,0.9984,0.9236,16,433,373,538,462
122,20230609c_00350.jpg,791,fanning,0.9684,0.9217,16,1089,373,1145,429
122,20230609c_00350.jpg,995,neutral,0.9997,0.9158,4,1232,919,1290,983
122,20230609c_00350.jpg,936,neutral,0.7436,0.9141,10,595,370,675,420
122,20230609c_00350.jpg,1013,buffering,0.0000,0.8956,2,1309,372,1346,396
122,20230609c_00350.jpg,507,fanning,0.9992,0.8955,16,434,391,497,460
122,20230609c_00350.jpg,844,fanning,0.7880,0.8777,16,832,370,870,400
122,20230609c_00350.jpg,752,neutral,0.9975,0.6043,16,1017,371,1056,391
123,20230609c_00351.jpg,951,buffering,0.0000,0.9390,3,1004,534,1062,631
123,20230609c_00351.jpg,463,trophallaxis,0.9977,0.9376,16,429,372,544,461
123,20230609c_00351.jpg,998,neutral,0.6782,0.9299,4,786,369,867,459
123,20230609c_00351.jpg,842,fanning,0.9991,0.9251,16,384,447,447,540
123,20230609c_00351.jpg,158,fanning,0.9975,0.9227,16,1448,371,1505,434
123,20230609c_00351.jpg,791,fanning,0.9786,0.9196,16,1088,373,1139,428
123,20230609c_00351.jpg,507,fanning,0.9992,0.9090,16,416,393,501,461
123,20230609c_00351.jpg,372,fanning,0.9993,0.9041,16,372,389,442,460
123,20230609c_00351.jpg,1013,buffering,0.0000,0.8994,3,1308,372,1346,397
123,20230609c_00351.jpg,936,neutral,0.9979,0.8968,11,604,371,672,414
123,20230609c_00351.jpg,844,fanning,0.8893,0.8773,16,832,370,874,399
123,20230609c_00351.jpg,1031,buffering,0.0000,0.8715,1,565,371,607,402
123,20230609c_00351.jpg,752,neutral,0.9984,0.6962,16,1021,371,1064,392
124,20230609c_00352.jpg,1035,buffering,0.0000,0.9481,1,1273,490,1336,579
124,20230609c_00352.jpg,842,fanning,0.9987,0.9336,16,382,450,441,539
124,20230609c_00352.jpg,222,neutral,0.8932,0.9299,7,1408,663,1457,751
124,20230609c_00352.jpg,998,fanning,0.7066,0.9253,5,785,370,854,449
124,20230609c_00352.jpg,951,neutral,0.9948,0.9224,4,993,472,1055,577
124,20230609c_00352.jpg,372,fanning,0.9992,0.9216,16,376,389,446,455
124,20230609c_00352.jpg,158,fanning,0.9981,0.9201,16,1449,371,1506,434
124,20230609c_00352.jpg,463,trophallaxis,0.9965,0.9012,16,433,376,529,454
124,20230609c_00352.jpg,1013,neutral,0.9997,0.8967,4,1307,372,1345,396
124,20230609c_00352.jpg,791,fanning,0.9766,0.8771,16,1091,373,1133,423
124,20230609c_00352.jpg,844,fanning,0.9075,0.8589,16,833,370,875,396
124,20230609c_00352.jpg,936,neutral,0.9967,0.7154,12,629,371,668,401
125,20230609c_00353.jpg,1035,buffering,0.0000,0.9480,2,1271,471,1333,563
125,20230609c_00353.jpg,1048,buffering,0.0000,0.9428,1,565,421,627,512
125,20230609c_00353.jpg,842,fanning,0.9989,0.9352,16,383,450,439,540
125,20230609c_00353.jpg,1049,buffering,0.0000,0.9308,1,862,835,914,924
125,20230609c_00353.jpg,1051,buffering,0.0000,0.9296,1,1089,372,1177,446
125,20230609c_00353.jpg,998,fanning,0.8589,0.9291,6,789,370,860,450
125,20230609c_00353.jpg,158,fanning,0.9981,0.9264,16,1449,371,1504,433
125,20230609c_00353.jpg,372,fanning,0.9992,0.9252,16,378,388,449,450
125,20230609c_00353.jpg,1054,buffering,0.0000,0.9224,1,1150,710,1211,800
125,20230609c_00353.jpg,463,trophallaxis,0.7848,0.9134,16,439,383,539,456
125,20230609c_00353.jpg,1013,neutral,0.9997,0.8951,5,1305,372,1343,396
125,20230609c_00353.jpg,1056,buffering,0.0000,0.8674,1,491,372,548,411
125,20230609c_00353.jpg,844,fanning,0.8522,0.8496,16,843,370,880,393
125,20230609c_00353.jpg,791,fanning,0.9690,0.8342,16,1093,374,1131,424
126,20230609c_00354.jpg,1035,buffering,0.0000,0.9448,3,1268,465,1324,547
126,20230609c_00354.jpg,1048,buffering,0.0000,0.9419,2,537,401,595,499
126,20230609c_00354.jpg,867,buffering,0.0000,0.9390,2,556,583,659,660
126,20230609c_00354.jpg,842,fanning,0.9995,0.9355,16,383,450,437,541
126,20230609c_00354.jpg,998,fanning,0.9394,0.9316,7,789,370,854,449
126,20230609c_00354.jpg,158,fanning,0.9983,0.9278,16,1449,371,1506,434
126,20230609c_00354.jpg,1054,buffering,0.0000,0.9255,2,1153,714,1212,807
126,20230609c_00354.jpg,372,fanning,0.9991,0.9244,16,383,389,454,450
126,20230609c_00354.jpg,463,fanning,0.9042,0.9186,16,439,382,535,457
126,20230609c_00354.jpg,1051,buffering,0.0000,0.9128,2,1085,371,1170,439
126,20230609c_00354.jpg,763,buffering,0.0000,0.9069,3,1447,991,1506,1055
126,20230609c_00354.jpg,1013,neutral,0.9997,0.8971,6,1303,372,1341,397
126,20230609c_00354.jpg,1056,buffering,0.0000,0.8585,2,511,371,558,406
126,20230609c_00354.jpg,791,fanning,0.9489,0.8112,16,1090,372,1127,420
126,20230609c_00354.jpg,844,fanning,0.7187,0.7216,16,843,372,880,387
127,20230609c_00355.jpg,1035,neutral,0.9990,0.9452,4,1265,448,1324,530
127,20230609c_00355.jpg,1048,buffering,0.0000,0.9432,3,539,390,606,489
127,20230609c_00355.jpg,1067,buffering,0.0000,0.9398,1,1287,568,1339,660
127,20230609c_00355.jpg,1066,buffering,0.0000,0.9396,1,1016,371,1080,442
127,20230609c_00355.jpg,1069,buffering,0.0000,0.9362,1,843,767,904,854
127,20230609c_00355.jpg,998,fanning,0.9646,0.9337,8,796,370,856,441
127,20230609c_00355.jpg,158,fanning,0.9984,0.9258,16,1448,371,1505,434
127,20230609c_00355.jpg,1054,buffering,0.0000,0.9253,3,1178,708,1239,807
127,20230609c_00355.jpg,842,fanning,0.9994,0.9216,16,381,448,437,542
127,20230609c_00355.jpg,372,fanning,0.9988,0.9153,16,385,383,460,453
127,20230609c_00355.jpg,463,fanning,0.9944,0.9140,16,451,379,548,452
127,20230609c_00355.jpg,1013,neutral,0.9997,0.8961,7,1303,372,1342,396
127,20230609c_00355.jpg,1051,buffering,0.0000,0.8203,3,1084,372,1143,435
127,20230609c_00355.jpg,1056,buffering,0.0000,0.8172,3,519,372,554,407
128,20230609c_00356.jpg,1067,buffering,0.0000,0.9440,2,1289,535,1344,623
128,20230609c_00356.jpg,1035,neutral,0.9990,0.9405,5,1267,435,1323,522
128,20230609c_00356.jpg,1075,buffering,0.0000,0.9333,1,794,504,863,599
128,20230609c_00356.jpg,1054,neutral,0.8729,0.9311,4,1205,694,1262,789
128,20230609c_00356.jpg,158,fanning,0.9984,0.9276,16,1448,371,1503,435
128,20230609c_00356.jpg,907,fanning,0.5613,0.9252,9,576,397,634,483
128,20230609c_00356.jpg,1066,buffering,0.0000,0.9244,2,1010,372,1074,441
128,20230609c_00356.jpg,998,fanning,0.9769,0.9223,9,798,370,858,435
128,20230609c_00356.jpg,842,fanning,0.9994,0.9169,16,380,447,439,541
128,20230609c_00356.jpg,1051,neutral,0.9993,0.9159,4,1086,373,1136,432
128,20230609c_00356.jpg,463,fanning,0.9974,0.9097,16,458,374,550,446
128,20230609c_00356.jpg,372,fanning,0.9981,0.9054,16,391,390,463,446
128,20230609c_00356.jpg,1013,neutral,0.9996,0.8997,8,1298,372,1340,397
129,20230609c_00357.jpg,1075,buffering,0.0000,0.9391,2,793,477,859,568
129,20230609c_00357.jpg,158,fanning,0.9986,0.9309,16,1448,371,1504,433
129,20230609c_00357.jpg,1067,buffering,0.0000,0.9301,3,1270,463,1349,579
129,20230609c_00357.jpg,907,fanning,0.8647,0.9260,10,574,372,640,465
129,20230609c_00357.jpg,1035,neutral,0.9988,0.9255,6,1268,429,1318,512
129,20230609c_00357.jpg,842,fanning,0.9993,0.9243,16,379,447,440,541
129,20230609c_00357.jpg,998,fanning,0.9806,0.9236,10,795,370,856,427
129,20230609c_00357.jpg,1066,buffering,0.0000,0.9147,3,1001,372,1071,441
129,20230609c_00357.jpg,1054,neutral,0.6189,0.9120,5,1215,661,1271,760
129,20230609c_00357.jpg,463,fanning,0.9980,0.9082,16,460,390,539,446
129,20230609c_00357.jpg,1013,neutral,0.9995,0.8990,9,1290,372,1339,399
129,20230609c_00357.jpg,372,fanning,0.9942,0.8982,16,399,392,471,447
129,20230609c_00357.jpg,1051,neutral,0.9995,0.8937,5,1090,371,1142,428
130,20230609c_00358.jpg,978,neutral,0.9996,0.9345,4,246,566,301,657
130,20230609c_00358.jpg,1075,buffering,0.0000,0.9331,3,792,459,851,557
130,20230609c_00358.jpg,1067,neutral,0.9995,0.9331,4,1259,439,1328,533
130,20230609c_00358.jpg,1088,buffering,0.0000,0.9321,1,914,703,958,793
130,20230609c_00358.jpg,1051,neutral,0.9996,0.9275,6,1089,371,1133,429
130,20230609c_00358.jpg,158,fanning,0.9987,0.9255,16,1447,371,1503,435
130,20230609c_00358.jpg,998,fanning,0.9877,0.9204,11,794,370,851,420
130,20230609c_00358.jpg,842,fanning,0.9993,0.9202,16,379,446,441,541
130,20230609c_00358.jpg,907,fanning,0.9306,0.9170,11,590,372,651,444
130,20230609c_00358.jpg,1066,neutral,0.9997,0.9148,4,999,373,1071,442
130,20230609c_00358.jpg,372,fanning,0.9968,0.9104,16,398,392,475,447
130,20230609c_00358.jpg,463,fanning,0.9989,0.9012,16,462,377,546,446
130,20230609c_00358.jpg,1013,neutral,0.9995,0.8772,10,1284,372,1338,401
130,20230609c_00358.jpg,996,buffering,0.0000,0.8552,1,1058,1040,1105,1079
130,20230609c_00358.jpg,1035,neutral,0.9993,0.8478,7,1271,418,1318,471
130,20230609c_00358.jpg,1056,neutral,0.9994,0.7974,4,518,371,549,399
131,20230609c_00359.jpg,1075,neutral,0.8794,0.9384,4,786,446,845,538
131,20230609c_00359.jpg,978,neutral,0.9993,0.9369,5,236,558,290,656
131,20230609c_00359.jpg,1066,neutral,0.9997,0.9305,5,999,374,1075,442
131,20230609c_00359.jpg,1067,neutral,0.9975,0.9287,5,1274,417,1318,498
131,20230609c_00359.jpg,158,fanning,0.9986,0.9274,16,1447,371,1504,437
131,20230609c_00359.jpg,1051,neutral,0.9993,0.9226,7,1093,372,1139,425
131,20230609c_00359.jpg,1088,buffering,0.0000,0.9224,2,909,660,962,752
131,20230609c_00359.jpg,842,fanning,0.9993,0.9216,16,382,447,437,540
131,20230609c_00359.jpg,1094,buffering,0.0000,0.9212,1,1574,532,1640,637
131,20230609c_00359.jpg,998,fanning,0.9917,0.9188,12,794,370,852,419
131,20230609c_00359.jpg,372,fanning,0.9984,0.9115,16,396,393,476,453
131,20230609c_00359.jpg,463,fanning,0.9990,0.9092,16,471,374,547,452
131,20230609c_00359.jpg,907,fanning,0.9681,0.8921,12,602,371,664,445
131,20230609c_00359.jpg,1013,neutral,0.9993,0.8768,11,1283,373,1333,404
131,20230609c_00359.jpg,1056,neutral,0.9995,0.7823,5,516,371,549,397
132,20230609c_00360.jpg,1075,fanning,0.5949,0.9434,5,784,423,846,512
132,20230609c_00360.jpg,1067,neutral,0.9976,0.9385,6,1272,413,1325,494
132,20230609c_00360.jpg,978,neutral,0.9945,0.9342,6,245,572,316,650
132,20230609c_00360.jpg,463,fanning,0.9994,0.9304,16,482,375,553,455
132,20230609c_00360.jpg,1066,neutral,0.9997,0.9274,6,1009,373,1082,432
132,20230609c_00360.jpg,372,fanning,0.9983,0.9238,16,392,393,482,456
132,20230609c_00360.jpg,1051,neutral,0.9994,0.9202,8,1087,372,1152,433
132,20230609c_00360.jpg,842,fanning,0.9993,0.9184,16,381,447,435,538
132,20230609c_00360.jpg,998,fanning,0.9936,0.9132,13,791,370,843,419
132,20230609c_00360.jpg,158,fanning,0.9986,0.9066,16,1448,370,1504,433
132,20230609c_00360.jpg,1013,neutral,0.9993,0.8935,12,1284,373,1333,404
132,20230609c_00360.jpg,907,fanning,0.9805,0.8839,13,602,372,668,441
132,20230609c_00360.jpg,1056,neutral,0.9995,0.8077,6,513,371,551,393
133,20230609c_00361.jpg,1067,neutral,0.9964,0.9429,7,1280,405,1326,487
133,20230609c_00361.jpg,1075,fanning,0.8765,0.9412,6,782,389,840,502
133,20230609c_00361.jpg,1104,buffering,0.0000,0.9377,1,1190,451,1247,544
133,20230609c_00361.jpg,158,fanning,0.9987,0.9371,16,1447,371,1506,433
133,20230609c_00361.jpg,463,fanning,0.9995,0.9308,16,491,374,559,450
133,20230609c_00361.jpg,1066,neutral,0.9997,0.9295,7,1013,374,1085,429
133,20230609c_00361.jpg,372,fanning,0.9977,0.9236,16,392,390,491,461
133,20230609c_00361.jpg,1051,neutral,0.9994,0.9212,9,1087,373,1150,430
133,20230609c_00361.jpg,842,fanning,0.9993,0.9162,16,382,446,434,538
133,20230609c_00361.jpg,998,fanning,0.9956,0.9118,14,791,371,836,415
133,20230609c_00361.jpg,978,neutral,0.9920,0.9000,7,239,585,346,653
133,20230609c_00361.jpg,907,fanning,0.9886,0.8867,14,603,371,672,439
133,20230609c_00361.jpg,1013,neutral,0.9995,0.8807,13,1277,372,1333,403
134,20230609c_00362.jpg,1075,fanning,0.9661,0.9392,7,781,395,838,493
134,20230609c_00362.jpg,1067,neutral,0.9916,0.9379,8,1282,402,1328,484
134,20230609c_00362.jpg,463,fanning,0.9994,0.9357,16,495,372,564,445
134,20230609c_00362.jpg,989,neutral,0.9987,0.9290,4,1427,380,1504,501
134,20230609c_00362.jpg,1066,neutral,0.9997,0.9280,8,1012,372,1097,430
134,20230609c_00362.jpg,842,fanning,0.9992,0.9211,16,382,448,431,538
134,20230609c_00362.jpg,907,fanning,0.9898,0.9180,15,604,371,675,432
134,20230609c_00362.jpg,372,fanning,0.9978,0.9164,16,410,393,492,447
134,20230609c_00362.jpg,998,fanning,0.9947,0.9096,15,787,370,842,411
134,20230609c_00362.jpg,1051,neutral,0.9994,0.8668,10,1086,374,1160,431
134,20230609c_00362.jpg,1013,neutral,0.9994,0.8581,14,1280,372,1333,397
134,20230609c_00362.jpg,1113,buffering,0.0000,0.8384,1,1152,375,1190,448
134,20230609c_00362.jpg,978,neutral,0.9956,0.8193,8,262,583,329,635
134,20230609c_00362.jpg,158,fanning,0.9987,0.7462,16,1446,371,1504,413
134,20230609c_00362.jpg,164,fanning,0.9920,0.7198,16,1356,371,1411,419
135,20230609c_00363.jpg,463,fanning,0.9995,0.9446,16,504,372,576,437
135,20230609c_00363.jpg,1067,neutral,0.9841,0.9430,9,1282,397,1332,482
135,20230609c_00363.jpg,1075,fanning,0.9926,0.9414,8,781,375,838,485
135,20230609c_00363.jpg,1066,neutral,0.9997,0.9382,9,1012,372,1088,428
135,20230609c_00363.jpg,158,fanning,0.9985,0.9259,16,1447,370,1503,433
135,20230609c_00363.jpg,842,fanning,0.9991,0.9164,16,379,445,434,541
135,20230609c_00363.jpg,998,fanning,0.9955,0.9107,16,784,370,842,414
135,20230609c_00363.jpg,907,fanning,0.9897,0.9091,16,600,371,674,431
135,20230609c_00363.jpg,372,fanning,0.9983,0.9082,16,412,394,495,447
135,20230609c_00363.jpg,1113,buffering,0.0000,0.9077,2,1150,376,1213,460
135,20230609c_00363.jpg,1051,neutral,0.9993,0.8950,11,1099,373,1159,421
135,20230609c_00363.jpg,978,neutral,0.9904,0.8494,9,258,551,337,648
135,20230609c_00363.jpg,1013,neutral,0.9993,0.8033,15,1286,371,1332,390
136,20230609c_00364.jpg,1066,neutral,0.9996,0.9472,10,1010,372,1091,424
136,20230609c_00364.jpg,1067,neutral,0.9575,0.9330,10,1288,393,1334,474
136,20230609c_00364.jpg,158,fanning,0.9986,0.9299,16,1445,371,1505,432
136,20230609c_00364.jpg,978,neutral,0.9928,0.9242,10,293,557,357,623
136,20230609c_00364.jpg,372,fanning,0.9982,0.9230,16,424,392,503,445
136,20230609c_00364.jpg,907,fanning,0.9829,0.9222,16,598,371,671,424
136,20230609c_00364.jpg,1075,fanning,0.9960,0.9191,9,774,395,826,478
136,20230609c_00364.jpg,842,fanning,0.9991,0.9168,16,378,447,436,540
136,20230609c_00364.jpg,463,fanning,0.9996,0.9167,16,511,372,579,432
136,20230609c_00364.jpg,1051,neutral,0.9990,0.8896,12,1101,372,1220,444
136,20230609c_00364.jpg,998,fanning,0.9941,0.8809,16,781,371,841,407
136,20230609c_00364.jpg,1113,buffering,0.0000,0.8490,3,1155,371,1218,447
136,20230609c_00364.jpg,1013,neutral,0.9992,0.7906,16,1289,372,1336,390
137,20230609c_00365.jpg,1134,buffering,0.0000,0.9456,1,241,536,298,619
137,20230609c_00365.jpg,978,neutral,0.9360,0.9406,11,324,534,386,610
137,20230609c_00365.jpg,158,fanning,0.9985,0.9398,16,1447,371,1506,432
137,20230609c_00365.jpg,1066,neutral,0.9993,0.9364,11,1010,372,1094,421
137,20230609c_00365.jpg,372,fanning,0.9979,0.9346,16,427,393,506,442
137,20230609c_00365.jpg,1075,fanning,0.9923,0.9249,10,748,394,805,484
137,20230609c_00365.jpg,842,fanning,0.9993,0.9175,16,381,446,437,541
137,20230609c_00365.jpg,907,fanning,0.9314,0.9140,16,601,371,673,419
137,20230609c_00365.jpg,612,buffering,0.0000,0.9058,3,157,905,257,971
137,20230609c_00365.jpg,1051,neutral,0.9987,0.8958,13,1101,371,1216,437
137,20230609c_00365.jpg,998,fanning,0.9900,0.8816,16,786,370,831,397
137,20230609c_00365.jpg,1113,neutral,0.9994,0.8690,4,1172,372,1215,444
137,20230609c_00365.jpg,463,fanning,0.9996,0.8672,16,510,371,578,428
137,20230609c_00365.jpg,164,fanning,0.9884,0.8669,16,1291,371,1411,472
138,20230609c_00366.jpg,1134,buffering,0.0000,0.9421,2,231,516,296,605
138,20230609c_00366.jpg,1066,neutral,0.9992,0.9368,12,1013,372,1097,421
138,20230609c_00366.jpg,158,fanning,0.9984,0.9358,16,1445,371,1502,434
138,20230609c_00366.jpg,372,fanning,0.9978,0.9334,16,433,392,509,443
138,20230609c_00366.jpg,1075,fanning,0.9956,0.9182,11,749,384,833,468
138,20230609c_00366.jpg,164,fanning,0.9907,0.9018,16,1289,374,1415,429
138,20230609c_00366.jpg,907,fanning,0.9305,0.8965,16,604,370,672,410
138,20230609c_00366.jpg,1051,neutral,0.9977,0.8816,14,1104,371,1233,438
138,20230609c_00366.jpg,1113,neutral,0.9990,0.8721,5,1177,371,1226,441
138,20230609c_00366.jpg,463,fanning,0.9996,0.8589,16,508,371,585,428
138,20230609c_00366.jpg,998,fanning,0.9820,0.8577,16,789,370,839,395
138,20230609c_00366.jpg,842,fanning,0.9989,0.8461,16,380,450,438,536
138,20230609c_00366.jpg,1146,buffering,0.0000,0.8060,1,1153,374,1191,439
139,20230609c_00367.jpg,1066,neutral,0.9982,0.9442,13,1024,372,1107,420
139,20230609c_00367.jpg,842,fanning,0.9989,0.9393,16,381,450,458,537
139,20230609c_00367.jpg,1075,fanning,0.9956,0.9385,12,745,392,830,472
139,20230609c_00367.jpg,372,fanning,0.9991,0.9360,16,436,392,511,442
139,20230609c_00367.jpg,1134,buffering,0.0000,0.9350,3,220,501,291,590
139,20230609c_00367.jpg,1150,buffering,0.0000,0.9315,1,1731,843,1804,928
139,20230609c_00367.jpg,1155,buffering,0.0000,0.9236,1,1292,403,1335,477
139,20230609c_00367.jpg,158,fanning,0.9984,0.9185,16,1448,371,1504,434
139,20230609c_00367.jpg,463,fanning,0.9996,0.8891,16,508,371,578,426
139,20230609c_00367.jpg,1051,neutral,0.9963,0.8367,15,1126,372,1232,437
139,20230609c_00367.jpg,164,fanning,0.9899,0.8146,16,1295,371,1413,424
139,20230609c_00367.jpg,998,fanning,0.9647,0.7542,16,793,372,825,392
139,20230609c_00367.jpg,1113,neutral,0.9988,0.6792,6,1187,376,1228,436
140,20230609c_00368.jpg,1134,neutral,0.9997,0.9412,4,217,485,288,573
140,20230609c_00368.jpg,1150,buffering,0.0000,0.9330,2,1698,834,1767,913
140,20230609c_00368.jpg,1066,neutral,0.9950,0.9319,14,1031,372,1106,417
140,20230609c_00368.jpg,507,fanning,0.9993,0.9276,16,433,399,495,495
140,20230609c_00368.jpg,1155,buffering,0.0000,0.9229,2,1285,397,1333,476
140,20230609c_00368.jpg,158,fanning,0.9981,0.9208,16,1448,371,1504,432
140,20230609c_00368.jpg,842,fanning,0.9991,0.9202,16,378,453,430,542
140,20230609c_00368.jpg,1075,fanning,0.9963,0.9077,13,765,371,841,465
140,20230609c_00368.jpg,372,fanning,0.9992,0.9017,16,436,391,509,440
140,20230609c_00368.jpg,463,fanning,0.9996,0.9011,16,509,371,579,425
140,20230609c_00368.jpg,1113,neutral,0.9980,0.8557,7,1193,373,1231,422
140,20230609c_00368.jpg,1164,buffering,0.0000,0.8190,1,1111,371,1184,395
140,20230609c_00368.jpg,1146,buffering,0.0000,0.8143,2,1153,379,1199,432
140,20230609c_00368.jpg,907,neutral,0.9946,0.7875,16,619,371,659,389
140,20230609c_00368.jpg,164,fanning,0.9900,0.7519,16,1320,370,1413,423
141,20230609c_00369.jpg,1134,neutral,0.9996,0.9335,5,217,469,276,556
141,20230609c_00369.jpg,1155,buffering,0.0000,0.9304,3,1278,387,1327,473
141,20230609c_00369.jpg,1075,fanning,0.9969,0.9303,14,768,371,840,457
141,20230609c_00369.jpg,842,fanning,0.9991,0.9230,16,373,452,437,540
141,20230609c_00369.jpg,1066,neutral,0.9887,0.9214,15,1033,372,1102,415
141,20230609c_00369.jpg,158,fanning,0.9980,0.9193,16,1448,371,1497,432
141,20230609c_00369.jpg,372,fanning,0.9992,0.9087,16,437,390,508,440
141,20230609c_00369.jpg,507,fanning,0.9995,0.9078,16,465,411,515,472
141,20230609c_00369.jpg,463,fanning,0.9996,0.8989,16,513,371,579,426
141,20230609c_00369.jpg,1164,buffering,0.0000,0.8150,2,1116,372,1184,393
141,20230609c_00369.jpg,1146,buffering,0.0000,0.7773,3,1153,376,1193,426
141,20230609c_00369.jpg,1113,neutral,0.9977,0.7535,8,1183,373,1220,416
142,20230609c_00370.jpg,1155,neutral,0.9996,0.9360,4,1265,377,1318,463
142,20230609c_00370.jpg,1134,neutral,0.9988,0.9355,6,214,452,275,539
142,20230609c_00370.jpg,1075,fanning,0.9971,0.9323,15,765,371,840,450
142,20230609c_00370.jpg,1066,neutral,0.9592,0.9274,16,1035,372,1101,414
142,20230609c_00370.jpg,842,fanning,0.9991,0.9267,16,373,451,440,540
142,20230609c_00370.jpg,507,fanning,0.9995,0.9262,16,488,414,546,481
142,20230609c_00370.jpg,158,fanning,0.9970,0.9213,16,1449,370,1496,434
142,20230609c_00370.jpg,372,fanning,0.9992,0.9112,16,436,391,514,445
142,20230609c_00370.jpg,164,fanning,0.9927,0.8537,16,1346,371,1414,441
142,20230609c_00370.jpg,463,fanning,0.9996,0.8288,16,504,371,581,429
142,20230609c_00370.jpg,1113,neutral,0.9960,0.8145,9,1185,374,1223,410
142,20230609c_00370.jpg,1051,neutral,0.9787,0.7362,16,1128,372,1203,422
142,20230609c_00370.jpg,1164,buffering,0.0000,0.6973,3,1116,372,1182,392
143,20230609c_00371.jpg,1155,neutral,0.9995,0.9369,5,1252,374,1312,458
143,20230609c_00371.jpg,1075,fanning,0.9971,0.9337,16,760,372,833,445
143,20230609c_00371.jpg,158,fanning,0.9966,0.9321,16,1447,371,1501,432
143,20230609c_00371.jpg,1134,neutral,0.9915,0.9296,7,212,441,276,532
143,20230609c_00371.jpg,842,fanning,0.9992,0.9295,16,372,451,436,540
143,20230609c_00371.jpg,372,fanning,0.9992,0.9279,16,441,390,512,445
143,20230609c_00371.jpg,1066,neutral,0.7648,0.9273,16,1043,372,1101,413
143,20230609c_00371.jpg,1182,buffering,0.0000,0.9254,1,574,766,630,852
143,20230609c_00371.jpg,1180,buffering,0.0000,0.9238,1,586,372,659,445
143,20230609c_00371.jpg,463,fanning,0.9994,0.9048,16,511,371,566,423
143,20230609c_00371.jpg,1113,neutral,0.9965,0.8366,10,1189,373,1223,403
143,20230609c_00371.jpg,1051,neutral,0.9378,0.8286,16,1146,371,1189,417
143,20230609c_00371.jpg,996,buffering,0.0000,0.8013,2,1061,1050,1111,1080
144,20230609c_00372.jpg,1134,neutral,0.9728,0.9391,8,212,432,263,515
144,20230609c_00372.jpg,1182,buffering,0.0000,0.9353,2,565,746,605,831
144,20230609c_00372.jpg,1155,neutral,0.9993,0.9314,6,1243,374,1315,447
144,20230609c_00372.jpg,1066,neutral,0.6302,0.9300,16,1049,371,1102,411
144,20230609c_00372.jpg,372,fanning,0.9991,0.9293,16,440,390,513,445
144,20230609c_00372.jpg,842,fanning,0.9992,0.9260,16,369,456,431,542
144,20230609c_00372.jpg,1075,fanning,0.9958,0.9250,16,758,372,822,437
144,20230609c_00372.jpg,158,fanning,0.9959,0.9236,16,1448,371,1500,433
144,20230609c_00372.jpg,463,fanning,0.9991,0.9191,16,513,370,575,422
144,20230609c_00372.jpg,1180,buffering,0.0000,0.8900,2,566,401,643,457
144,20230609c_00372.jpg,1113,neutral,0.9956,0.8566,11,1199,373,1227,396
144,20230609c_00372.jpg,1051,neutral,0.8890,0.7973,16,1144,372,1184,412
144,20230609c_00372.jpg,164,fanning,0.9909,0.5796,16,1352,371,1414,420
145,20230609c_00373.jpg,1155,neutral,0.9991,0.9479,7,1246,374,1310,446
145,20230609c_00373.jpg,1196,buffering,0.0000,0.9384,1,559,432,626,517
145,20230609c_00373.jpg,1134,neutral,0.9619,0.9368,9,216,413,274,505
145,20230609c_00373.jpg,372,fanning,0.9992,0.9287,16,439,390,512,446
145,20230609c_00373.jpg,1075,fanning,0.9956,0.9281,16,751,373,824,429
145,20230609c_00373.jpg,1199,buffering,0.0000,0.9260,1,1092,846,1146,930
145,20230609c_00373.jpg,158,fanning,0.9958,0.9256,16,1448,371,1499,434
145,20230609c_00373.jpg,1182,buffering,0.0000,0.9244,3,542,716,596,813
145,20230609c_00373.jpg,842,fanning,0.9993,0.9232,16,369,456,433,542
145,20230609c_00373.jpg,1066,neutral,0.8364,0.9117,16,1055,372,1100,403
145,20230609c_00373.jpg,463,fanning,0.9990,0.9095,16,517,370,578,422
145,20230609c_00373.jpg,1051,neutral,0.9040,0.8202,16,1148,372,1184,407
146,20230609c_00374.jpg,1155,neutral,0.9983,0.9458,8,1236,374,1299,446
146,20230609c_00374.jpg,1134,neutral,0.8000,0.9438,10,221,407,294,489
146,20230609c_00374.jpg,1196,buffering,0.0000,0.9407,2,586,447,670,529
146,20230609c_00374.jpg,372,fanning,0.9992,0.9351,16,436,392,510,446
146,20230609c_00374.jpg,1075,fanning,0.9959,0.9315,16,744,372,818,426
146,20230609c_00374.jpg,1199,buffering,0.0000,0.9280,2,1079,828,1129,919
146,20230609c_00374.jpg,1182,neutral,0.9978,0.9249,4,531,672,584,777
146,20230609c_00374.jpg,158,fanning,0.9952,0.9245,16,1445,371,1500,435
146,20230609c_00374.jpg,842,fanning,0.9993,0.9203,16,368,455,432,542
146,20230609c_00374.jpg,1066,neutral,0.8611,0.9076,16,1055,372,1097,399
146,20230609c_00374.jpg,463,fanning,0.9988,0.9027,16,518,372,583,424
146,20230609c_00374.jpg,1164,neutral,0.9988,0.8667,4,1126,371,1183,398
147,20230609c_00375.jpg,1155,neutral,0.9976,0.9414,9,1230,373,1299,445
147,20230609c_00375.jpg,1000,neutral,0.9975,0.9407,4,985,471,1049,567
147,20230609c_00375.jpg,1196,buffering,0.0000,0.9405,3,632,457,710,556
147,20230609c_00375.jpg,1134,uncertain,0.5058,0.9348,11,231,400,295,484
147,20230609c_00375.jpg,158,fanning,0.9954,0.9336,16,1444,371,1505,433
147,20230609c_00375.jpg,1182,neutral,0.9984,0.9317,5,528,629,583,731
147,20230609c_00375.jpg,1075,fanning,0.9959,0.9311,16,733,372,806,427
147,20230609c_00375.jpg,842,fanning,0.9994,0.9250,16,373,454,430,541
147,20230609c_00375.jpg,372,fanning,0.9992,0.9239,16,438,393,516,446
147,20230609c_00375.jpg,463,fanning,0.9990,0.9034,16,522,371,590,424
147,20230609c_00375.jpg,1066,neutral,0.8334,0.9018,16,1060,372,1103,397
147,20230609c_00375.jpg,1164,neutral,0.9987,0.8477,5,1132,372,1183,393
148,20230609c_00376.jpg,1196,uncertain,0.5099,0.9445,4,687,452,757,539
148,20230609c_00376.jpg,1000,neutral,0.9983,0.9424,5,988,430,1057,515
148,20230609c_00376.jpg,1134,fanning,0.7051,0.9403,12,231,399,293,475
148,20230609c_00376.jpg,1182,neutral,0.9960,0.9357,6,523,591,582,693
148,20230609c_00376.jpg,1075,fanning,0.9961,0.9338,16,732,372,803,421
148,20230609c_00376.jpg,158,fanning,0.9951,0.9250,16,1445,371,1503,433
148,20230609c_00376.jpg,842,fanning,0.9993,0.9224,16,373,454,429,541
148,20230609c_00376.jpg,372,fanning,0.9991,0.9160,16,442,392,523,446
148,20230609c_00376.jpg,1155,neutral,0.9977,0.9152,10,1235,373,1315,448
148,20230609c_00376.jpg,463,fanning,0.9990,0.9024,16,520,371,590,424
148,20230609c_00376.jpg,1066,neutral,0.8349,0.8499,16,1063,373,1102,394
149,20230609c_00377.jpg,1227,buffering,0.0000,0.9503,1,592,732,650,799
149,20230609c_00377.jpg,1182,neutral,0.9667,0.9461,7,519,550,574,650
149,20230609c_00377.jpg,1155,neutral,0.9982,0.9454,11,1233,373,1289,448
149,20230609c_00377.jpg,1196,fanning,0.7695,0.9435,5,741,441,798,531
149,20230609c_00377.jpg,1134,fanning,0.8325,0.9409,13,238,392,302,468
149,20230609c_00377.jpg,1223,buffering,0.0000,0.9350,1,661,591,726,686
149,20230609c_00377.jpg,1075,fanning,0.9946,0.9349,16,722,372,788,423
149,20230609c_00377.jpg,842,fanning,0.9993,0.9238,16,373,451,430,541
149,20230609c_00377.jpg,158,fanning,0.9955,0.9201,16,1445,371,1499,432
149,20230609c_00377.jpg,372,fanning,0.9991,0.9065,16,444,392,525,442
149,20230609c_00377.jpg,463,fanning,0.9991,0.9059,16,521,371,594,424
149,20230609c_00377.jpg,1066,neutral,0.7409,0.9022,16,1068,372,1106,399
149,20230609c_00377.jpg,1164,neutral,0.9988,0.5770,6,1137,372,1185,388
150,20230609c_00378.jpg,1196,uncertain,0.5109,0.9427,6,775,418,827,509
150,20230609c_00378.jpg,1134,fanning,0.9060,0.9421,14,246,386,309,460
150,20230609c_00378.jpg,1223,buffering,0.0000,0.9368,2,661,619,726,694
150,20230609c_00378.jpg,1182,neutral,0.9037,0.9347,8,503,508,552,607
150,20230609c_00378.jpg,842,fanning,0.9992,0.9317,16,369,449,432,539
150,20230609c_00378.jpg,1227,buffering,0.0000,0.9279,2,618,742,677,814
150,20230609c_00378.jpg,1155,neutral,0.9983,0.9270,12,1229,371,1282,439
150,20230609c_00378.jpg,1075,fanning,0.9928,0.9226,16,725,372,790,420
150,20230609c_00378.jpg,158,fanning,0.9963,0.9178,16,1445,371,1503,433
150,20230609c_00378.jpg,1088,buffering,0.0000,0.9139,3,923,374,979,447
150,20230609c_00378.jpg,1066,neutral,0.7809,0.9116,16,1067,373,1108,401
150,20230609c_00378.jpg,463,fanning,0.9991,0.8972,16,519,371,589,426
150,20230609c_00378.jpg,372,fanning,0.9992,0.8876,16,449,393,528,439
151,20230609c_00379.jpg,1196,fanning,0.7025,0.9413,7,781,398,835,487
151,20230609c_00379.jpg,1182,neutral,0.7064,0.9408,9,484,471,538,568
151,20230609c_00379.jpg,1223,buffering,0.0000,0.9394,3,638,625,696,705
151,20230609c_00379.jpg,1134,fanning,0.9440,0.9387,15,251,378,314,454
151,20230609c_00379.jpg,842,fanning,0.9990,0.9280,16,367,450,431,538
151,20230609c_00379.jpg,1088,neutral,0.9681,0.9250,4,899,373,968,438
151,20230609c_00379.jpg,158,fanning,0.9964,0.9182,16,1445,371,1505,430
151,20230609c_00379.jpg,1075,fanning,0.9725,0.9161,16,719,372,775,414
151,20230609c_00379.jpg,1155,neutral,0.9977,0.9132,13,1237,373,1277,429
151,20230609c_00379.jpg,1066,neutral,0.6613,0.9004,16,1072,372,1110,399
151,20230609c_00379.jpg,463,fanning,0.9990,0.8997,16,515,371,593,427
151,20230609c_00379.jpg,372,fanning,0.9996,0.8898,16,452,394,532,440
152,20230609c_00380.jpg,1134,fanning,0.9660,0.9435,16,252,372,317,455
152,20230609c_00380.jpg,1196,fanning,0.8167,0.9361,8,787,390,871,468
152,20230609c_00380.jpg,158,fanning,0.9959,0.9294,16,1445,371,1503,432
152,20230609c_00380.jpg,1182,fanning,0.8338,0.9279,10,476,430,531,531
152,20230609c_00380.jpg,842,fanning,0.9987,0.9267,16,373,448,435,535
152,20230609c_00380.jpg,463,fanning,0.9991,0.9173,16,518,371,581,426
152,20230609c_00380.jpg,1066,neutral,0.7935,0.9139,16,1067,373,1107,400
152,20230609c_00380.jpg,1088,neutral,0.9755,0.9013,5,925,373,977,428
152,20230609c_00380.jpg,1075,fanning,0.7292,0.8982,16,717,371,771,408
152,20230609c_00380.jpg,1155,neutral,0.9969,0.8770,14,1232,372,1271,415
152,20230609c_00380.jpg,372,fanning,0.9996,0.7816,16,457,395,533,441
153,20230609c_00381.jpg,1134,fanning,0.9708,0.9392,16,250,374,314,454
153,20230609c_00381.jpg,951,neutral,0.9947,0.9354,5,817,374,947,469
153,20230609c_00381.jpg,158,fanning,0.9950,0.9266,16,1446,371,1503,430
153,20230609c_00381.jpg,1196,fanning,0.8008,0.9256,9,815,398,879,470
153,20230609c_00381.jpg,1182,fanning,0.9582,0.9235,11,467,394,533,507
153,20230609c_00381.jpg,842,fanning,0.9980,0.9220,16,368,444,434,536
153,20230609c_00381.jpg,1066,neutral,0.8577,0.9109,16,1065,372,1107,401
153,20230609c_00381.jpg,1088,neutral,0.9441,0.9074,6,929,374,978,422
153,20230609c_00381.jpg,463,fanning,0.9991,0.9057,16,516,370,590,424
153,20230609c_00381.jpg,1155,neutral,0.9974,0.8991,15,1230,373,1266,406
153,20230609c_00381.jpg,1075,fanning,0.5922,0.8888,16,707,371,751,401
153,20230609c_00381.jpg,372,fanning,0.9996,0.8080,16,465,395,532,439
154,20230609c_00382.jpg,1000,neutral,0.9901,0.9499,6,994,412,1069,494
154,20230609c_00382.jpg,1134,fanning,0.9764,0.9374,16,250,373,314,456
154,20230609c_00382.jpg,158,fanning,0.9949,0.9245,16,1447,371,1500,434
154,20230609c_00382.jpg,463,fanning,0.9990,0.9241,16,522,371,588,422
154,20230609c_00382.jpg,842,fanning,0.9993,0.9216,16,374,450,432,535
154,20230609c_00382.jpg,1088,neutral,0.9725,0.9187,7,934,373,976,413
154,20230609c_00382.jpg,951,neutral,0.9820,0.9116,6,838,371,904,480
154,20230609c_00382.jpg,1066,neutral,0.9087,0.9101,16,1066,373,1109,403
154,20230609c_00382.jpg,1155,neutral,0.9971,0.8127,16,1227,372,1262,398
154,20230609c_00382.jpg,372,fanning,0.9996,0.7938,16,458,396,544,442
155,20230609c_00383.jpg,1134,fanning,0.9737,0.9356,16,250,377,313,454
155,20230609c_00383.jpg,158,fanning,0.9941,0.9275,16,1443,371,1503,430
155,20230609c_00383.jpg,463,fanning,0.9988,0.9179,16,521,371,593,425
155,20230609c_00383.jpg,842,fanning,0.9993,0.9168,16,376,450,423,536
155,20230609c_00383.jpg,951,neutral,0.9305,0.9108,7,860,381,915,473
155,20230609c_00383.jpg,1066,neutral,0.9577,0.9099,16,1070,373,1108,403
155,20230609c_00383.jpg,1088,neutral,0.9750,0.8783,8,931,374,968,402
155,20230609c_00383.jpg,372,fanning,0.9995,0.8511,16,465,400,550,446
155,20230609c_00383.jpg,1075,uncertain,0.5116,0.8268,16,708,371,746,391
155,20230609c_00383.jpg,1269,buffering,0.0000,0.8220,1,259,1037,326,1079
156,20230609c_00384.jpg,1196,fanning,0.8867,0.9394,10,931,373,993,461
156,20230609c_00384.jpg,1273,buffering,0.0000,0.9371,1,404,443,473,550
156,20230609c_00384.jpg,1134,fanning,0.9681,0.9370,16,249,377,314,452
156,20230609c_00384.jpg,158,fanning,0.9929,0.9317,16,1440,371,1507,427
156,20230609c_00384.jpg,1051,neutral,0.9300,0.9246,16,1163,368,1226,432
156,20230609c_00384.jpg,463,fanning,0.9980,0.9182,16,523,370,589,426
156,20230609c_00384.jpg,951,neutral,0.7524,0.9059,8,847,374,902,454
156,20230609c_00384.jpg,842,fanning,0.9993,0.9049,16,375,448,418,534
156,20230609c_00384.jpg,1066,neutral,0.9668,0.8790,16,1078,373,1112,396
156,20230609c_00384.jpg,372,fanning,0.9995,0.8673,16,471,401,554,447
157,20230609c_00385.jpg,1284,buffering,0.0000,0.9409,1,888,432,934,515
157,20230609c_00385.jpg,1283,buffering,0.0000,0.9398,1,740,375,812,470
157,20230609c_00385.jpg,1134,fanning,0.9599,0.9383,16,250,377,314,452
157,20230609c_00385.jpg,1273,buffering,0.0000,0.9363,2,376,445,462,555
157,20230609c_00385.jpg,1051,neutral,0.8664,0.9345,16,1180,372,1231,426
157,20230609c_00385.jpg,158,fanning,0.9940,0.9334,16,1442,371,1505,428
157,20230609c_00385.jpg,1286,buffering,0.0000,0.9301,1,333,639,396,731
157,20230609c_00385.jpg,1289,buffering,0.0000,0.9167,1,1346,943,1398,1032
157,20230609c_00385.jpg,951,neutral,0.5764,0.9165,9,837,370,895,441
157,20230609c_00385.jpg,463,fanning,0.9974,0.9160,16,526,371,583,419
157,20230609c_00385.jpg,372,fanning,0.9994,0.9103,16,473,405,564,450
157,20230609c_00385.jpg,842,fanning,0.9993,0.9068,16,374,448,418,533
157,20230609c_00385.jpg,1066,neutral,0.9785,0.8142,16,1080,373,1110,391
157,20230609c_00385.jpg,996,buffering,0.0000,0.7918,3,1073,1047,1137,1080
158,20230609c_00386.jpg,1134,fanning,0.9426,0.9395,16,250,376,314,451
158,20230609c_00386.jpg,1286,buffering,0.0000,0.9386,2,326,614,389,699
158,20230609c_00386.jpg,1284,buffering,0.0000,0.9359,2,863,416,924,496
158,20230609c_00386.jpg,1273,buffering,0.0000,0.9310,3,394,487,464,569
158,20230609c_00386.jpg,158,fanning,0.9958,0.9228,16,1446,371,1499,428
158,20230609c_00386.jpg,951,fanning,0.8149,0.9173,10,845,370,889,438
158,20230609c_00386.jpg,1296,buffering,0.0000,0.9157,1,903,372,962,443
158,20230609c_00386.jpg,1051,fanning,0.6090,0.9121,16,1174,372,1237,423
158,20230609c_00386.jpg,463,fanning,0.9969,0.9116,16,533,371,580,413
158,20230609c_00386.jpg,372,fanning,0.9993,0.8990,16,485,405,575,450
158,20230609c_00386.jpg,842,fanning,0.9992,0.8760,16,374,448,419,530
159,20230609c_00387.jpg,1134,fanning,0.9148,0.9389,16,250,373,316,453
159,20230609c_00387.jpg,1286,buffering,0.0000,0.9385,3,342,596,397,679
159,20230609c_00387.jpg,158,fanning,0.9950,0.9343,16,1435,372,1501,428
159,20230609c_00387.jpg,372,fanning,0.9993,0.9219,16,497,390,583,452
159,20230609c_00387.jpg,1051,fanning,0.6377,0.9159,16,1183,372,1236,424
159,20230609c_00387.jpg,842,fanning,0.9995,0.9134,16,372,448,429,538
159,20230609c_00387.jpg,1284,buffering,0.0000,0.9114,3,834,371,915,495
159,20230609c_00387.jpg,1273,fanning,0.8034,0.9101,4,373,502,462,592
159,20230609c_00387.jpg,951,fanning,0.9272,0.9070,11,840,371,887,428
159,20230609c_00387.jpg,463,fanning,0.9967,0.9026,16,533,371,578,410
159,20230609c_00387.jpg,1296,buffering,0.0000,0.8477,2,891,372,964,442
160,20230609c_00388.jpg,1312,buffering,0.0000,0.9452,1,617,440,676,507
160,20230609c_00388.jpg,1134,fanning,0.9000,0.9389,16,250,373,314,453
160,20230609c_00388.jpg,158,fanning,0.9969,0.9364,16,1435,371,1503,430
160,20230609c_00388.jpg,842,fanning,0.9994,0.9326,16,367,440,432,532
160,20230609c_00388.jpg,1284,neutral,0.9991,0.9292,4,868,371,925,485
160,20230609c_00388.jpg,1314,buffering,0.0000,0.9165,1,676,369,744,447
160,20230609c_00388.jpg,1051,fanning,0.6971,0.9132,16,1173,372,1240,425
160,20230609c_00388.jpg,951,fanning,0.9576,0.9128,12,842,370,890,423
160,20230609c_00388.jpg,1286,fanning,0.6041,0.9120,4,363,597,410,675
160,20230609c_00388.jpg,372,fanning,0.9993,0.9108,16,499,378,590,453
160,20230609c_00388.jpg,1296,buffering,0.0000,0.9090,3,904,373,955,425
160,20230609c_00388.jpg,463,fanning,0.9960,0.8926,16,533,371,577,408
161,20230609c_00389.jpg,1312,buffering,0.0000,0.9431,2,603,451,675,519
161,20230609c_00389.jpg,1134,fanning,0.9757,0.9374,16,249,370,315,453
161,20230609c_00389.jpg,1284,neutral,0.9976,0.9363,5,871,374,931,483
161,20230609c_00389.jpg,158,fanning,0.9964,0.9344,16,1434,371,1502,429
161,20230609c_00389.jpg,1314,buffering,0.0000,0.9332,2,673,370,747,453
161,20230609c_00389.jpg,842,fanning,0.9993,0.9314,16,367,439,435,533
161,20230609c_00389.jpg,1227,buffering,0.0000,0.9272,3,715,797,789,885
161,20230609c_00389.jpg,1323,buffering,0.0000,0.9249,1,210,805,273,882
161,20230609c_00389.jpg,372,fanning,0.9994,0.9147,16,505,400,589,455
161,20230609c_00389.jpg,951,fanning,0.9679,0.9027,13,845,370,889,419
161,20230609c_00389.jpg,1286,fanning,0.9021,0.9017,5,367,585,429,687
161,20230609c_00389.jpg,1296,neutral,0.9987,0.8972,4,907,374,955,422
161,20230609c_00389.jpg,1051,fanning,0.7884,0.8780,16,1177,372,1248,425
161,20230609c_00389.jpg,463,fanning,0.9940,0.8541,16,530,371,572,401
162,20230609c_00390.jpg,1312,buffering,0.0000,0.9465,3,606,455,684,527
162,20230609c_00390.jpg,1314,buffering,0.0000,0.9411,3,675,373,747,460
162,20230609c_00390.jpg,1134,fanning,0.9822,0.9395,16,249,371,317,457
162,20230609c_00390.jpg,158,fanning,0.9964,0.9357,16,1435,372,1503,425
162,20230609c_00390.jpg,1284,neutral,0.9910,0.9308,6,877,394,932,479
162,20230609c_00390.jpg,842,fanning,0.9991,0.9306,16,368,437,435,533
162,20230609c_00390.jpg,372,fanning,0.9995,0.9201,16,511,396,596,452
162,20230609c_00390.jpg,951,fanning,0.9682,0.9177,14,840,371,887,422
162,20230609c_00390.jpg,1051,fanning,0.7790,0.9164,16,1189,372,1268,450
162,20230609c_00390.jpg,1323,buffering,0.0000,0.9153,2,240,822,298,895
162,20230609c_00390.jpg,1286,fanning,0.9907,0.9135,6,366,574,434,676
162,20230609c_00390.jpg,463,fanning,0.9929,0.9059,16,532,371,576,404
163,20230609c_00391.jpg,1312,neutral,0.9949,0.9405,4,642,460,714,536
163,20230609c_00391.jpg,1314,fanning,0.6402,0.9362,4,679,372,747,463
163,20230609c_00391.jpg,158,fanning,0.9934,0.9359,16,1432,372,1506,423
163,20230609c_00391.jpg,1134,fanning,0.9769,0.9355,16,250,371,316,454
163,20230609c_00391.jpg,1345,buffering,0.0000,0.9346,1,941,372,997,411
163,20230609c_00391.jpg,1284,neutral,0.9853,0.9330,7,835,369,930,476
163,20230609c_00391.jpg,1273,fanning,0.8282,0.9325,5,363,547,416,649
163,20230609c_00391.jpg,842,fanning,0.9990,0.9294,16,369,440,434,533
163,20230609c_00391.jpg,1347,buffering,0.0000,0.9228,1,1389,1003,1462,1079
163,20230609c_00391.jpg,372,fanning,0.9995,0.9144,16,519,389,600,448
163,20230609c_00391.jpg,463,fanning,0.9833,0.8875,16,532,372,578,404
163,20230609c_00391.jpg,951,fanning,0.9817,0.8726,15,835,370,883,410
163,20230609c_00391.jpg,1051,fanning,0.7230,0.8539,16,1211,382,1293,443
164,20230609c_00392.jpg,1104,buffering,0.0000,0.9414,2,1180,485,1240,558
164,20230609c_00392.jpg,158,fanning,0.9755,0.9398,16,1432,372,1499,424
164,20230609c_00392.jpg,1314,fanning,0.7910,0.9359,5,676,371,748,456
164,20230609c_00392.jpg,1134,fanning,0.9763,0.9355,16,252,374,307,454
164,20230609c_00392.jpg,1347,buffering,0.0000,0.9334,2,1380,978,1440,1079
164,20230609c_00392.jpg,1345,buffering,0.0000,0.9301,2,948,373,991,405
164,20230609c_00392.jpg,372,fanning,0.9994,0.9206,16,533,372,603,449
164,20230609c_00392.jpg,842,fanning,0.9989,0.9141,16,370,446,432,528
164,20230609c_00392.jpg,1284,neutral,0.9764,0.9102,8,855,371,925,466
164,20230609c_00392.jpg,951,fanning,0.9792,0.8427,16,838,370,892,401
164,20230609c_00392.jpg,1051,uncertain,0.5499,0.8168,16,1215,380,1308,452
165,20230609c_00393.jpg,1361,buffering,0.0000,0.9427,1,1415,430,1477,517
165,20230609c_00393.jpg,1360,buffering,0.0000,0.9358,1,203,600,267,686
165,20230609c_00393.jpg,158,fanning,0.9734,0.9338,16,1445,372,1508,422
165,20230609c_00393.jpg,1134,fanning,0.9845,0.9337,16,248,371,315,454
165,20230609c_00393.jpg,1345,buffering,0.0000,0.9305,3,940,372,992,409
165,20230609c_00393.jpg,1314,fanning,0.8806,0.9281,6,682,372,747,448
165,20230609c_00393.jpg,372,fanning,0.9994,0.9278,16,526,372,612,447
165,20230609c_00393.jpg,1289,buffering,0.0000,0.9215,2,1347,931,1400,1041
165,20230609c_00393.jpg,1284,neutral,0.9679,0.9129,9,880,377,928,457
165,20230609c_00393.jpg,842,fanning,0.9991,0.8919,16,371,442,439,532
165,20230609c_00393.jpg,1051,neutral,0.6220,0.8660,16,1223,399,1306,447
166,20230609c_00394.jpg,1361,buffering,0.0000,0.9428,2,1407,415,1481,507
166,20230609c_00394.jpg,1284,neutral,0.8834,0.9382,10,889,372,934,446
166,20230609c_00394.jpg,1134,fanning,0.9891,0.9336,16,247,371,314,453
166,20230609c_00394.jpg,158,fanning,0.9550,0.9334,16,1445,372,1500,421
166,20230609c_00394.jpg,1314,uncertain,0.5060,0.9312,7,678,371,748,437
166,20230609c_00394.jpg,1340,buffering,0.0000,0.9307,1,405,597,460,677
166,20230609c_00394.jpg,1345,neutral,0.9942,0.9282,4,940,372,995,412
166,20230609c_00394.jpg,1051,neutral,0.6738,0.9231,16,1228,381,1317,439
166,20230609c_00394.jpg,842,fanning,0.9993,0.9223,16,341,431,436,530
166,20230609c_00394.jpg,372,fanning,0.9993,0.9195,16,530,372,613,451
166,20230609c_00394.jpg,1373,buffering,0.0000,0.8877,1,823,370,913,401
167,20230609c_00395.jpg,1361,buffering,0.0000,0.9456,3,1399,382,1460,487
167,20230609c_00395.jpg,1134,fanning,0.9923,0.9336,16,247,371,315,454
167,20230609c_00395.jpg,1314,uncertain,0.5294,0.9307,8,675,371,747,424
167,20230609c_00395.jpg,1273,fanning,0.9305,0.9272,6,319,627,389,689
167,20230609c_00395.jpg,1051,uncertain,0.5488,0.9268,16,1236,376,1320,436
167,20230609c_00395.jpg,158,fanning,0.9391,0.9252,16,1445,372,1497,421
167,20230609c_00395.jpg,1284,neutral,0.9462,0.9242,11,886,372,933,437
167,20230609c_00395.jpg,372,fanning,0.9992,0.9207,16,533,372,612,445
167,20230609c_00395.jpg,1345,neutral,0.9949,0.9133,5,952,373,992,399
167,20230609c_00395.jpg,842,fanning,0.9991,0.9077,16,372,445,416,528
167,20230609c_00395.jpg,1373,buffering,0.0000,0.8684,2,813,370,906,398
168,20230609c_00396.jpg,1385,buffering,0.0000,0.9460,1,866,471,923,556
168,20230609c_00396.jpg,1340,buffering,0.0000,0.9459,2,416,567,478,650
168,20230609c_00396.jpg,1051,neutral,0.6937,0.9410,16,1243,374,1325,434
168,20230609c_00396.jpg,1361,neutral,0.9879,0.9355,4,1358,373,1439,468
168,20230609c_00396.jpg,842,fanning,0.9991,0.9343,16,366,443,435,528
168,20230609c_00396.jpg,1134,fanning,0.9943,0.9308,16,250,369,313,451
168,20230609c_00396.jpg,158,fanning,0.8952,0.9279,16,1443,373,1503,419
168,20230609c_00396.jpg,1284,neutral,0.8846,0.9256,12,886,372,931,433
168,20230609c_00396.jpg,1386,buffering,0.0000,0.9248,1,1015,462,1085,560
168,20230609c_00396.jpg,372,fanning,0.9992,0.9029,16,534,371,624,442
168,20230609c_00396.jpg,1314,neutral,0.5928,0.8909,9,676,371,733,410
168,20230609c_00396.jpg,1345,neutral,0.9949,0.8875,6,962,373,995,394
168,20230609c_00396.jpg,1390,buffering,0.0000,0.8849,1,1273,814,1304,866
168,20230609c_00396.jpg,1373,buffering,0.0000,0.8397,3,801,370,867,394
169,20230609c_00397.jpg,1386,buffering,0.0000,0.9447,2,1004,424,1075,523
169,20230609c_00397.jpg,1340,buffering,0.0000,0.9439,3,432,554,488,639
169,20230609c_00397.jpg,1361,neutral,0.9228,0.9429,5,1370,410,1449,472
169,20230609c_00397.jpg,1051,neutral,0.7492,0.9386,16,1262,373,1338,429
169,20230609c_00397.jpg,158,fanning,0.8824,0.9325,16,1442,372,1502,420
169,20230609c_00397.jpg,1385,buffering,0.0000,0.9318,2,867,444,926,541
169,20230609c_00397.jpg,842,fanning,0.9991,0.9315,16,367,441,434,529
169,20230609c_00397.jpg,372,fanning,0.9990,0.9284,16,561,372,627,436
169,20230609c_00397.jpg,1134,fanning,0.9942,0.9268,16,245,369,314,454
169,20230609c_00397.jpg,1284,neutral,0.7285,0.9241,13,885,372,929,431
169,20230609c_00397.jpg,463,fanning,0.7347,0.8598,16,534,371,589,401
169,20230609c_00397.jpg,1314,neutral,0.6569,0.8558,10,683,371,726,393
169,20230609c_00397.jpg,1390,buffering,0.0000,0.8471,2,1261,832,1297,885
169,20230609c_00397.jpg,1345,neutral,0.9942,0.8180,7,957,372,993,390
169,20230609c_00397.jpg,1373,neutral,0.9997,0.7952,4,792,371,865,392
170,20230609c_00398.jpg,1051,neutral,0.7502,0.9431,16,1272,372,1394,424
170,20230609c_00398.jpg,164,fanning,0.9923,0.9424,16,1389,390,1492,482
170,20230609c_00398.jpg,507,fanning,0.9995,0.9406,16,571,425,632,519
170,20230609c_00398.jpg,1340,neutral,0.9884,0.9402,4,438,542,500,630
170,20230609c_00398.jpg,1386,buffering,0.0000,0.9369,3,1008,384,1072,480
170,20230609c_00398.jpg,842,fanning,0.9992,0.9338,16,368,442,436,528
170,20230609c_00398.jpg,1134,fanning,0.9962,0.9317,16,243,369,302,450
170,20230609c_00398.jpg,1385,buffering,0.0000,0.9276,3,856,425,918,521
170,20230609c_00398.jpg,158,fanning,0.7646,0.9256,16,1448,372,1497,429
170,20230609c_00398.jpg,1284,fanning,0.6084,0.9135,14,884,372,928,429
170,20230609c_00398.jpg,372,fanning,0.9976,0.9035,16,571,372,631,426
170,20230609c_00398.jpg,463,fanning,0.7734,0.8456,16,530,370,591,405
171,20230609c_00399.jpg,1340,neutral,0.8914,0.9479,5,439,534,511,619
171,20230609c_00399.jpg,164,fanning,0.9931,0.9476,16,1409,374,1499,495
171,20230609c_00399.jpg,1386,neutral,0.7768,0.9453,4,992,372,1065,435
171,20230609c_00399.jpg,507,fanning,0.9995,0.9384,16,601,411,656,512
171,20230609c_00399.jpg,842,fanning,0.9992,0.9304,16,369,439,436,527
171,20230609c_00399.jpg,1051,neutral,0.6674,0.9304,16,1287,373,1412,423
171,20230609c_00399.jpg,1134,fanning,0.9962,0.9290,16,243,369,303,450
171,20230609c_00399.jpg,1385,neutral,0.9936,0.9276,4,856,418,922,509
171,20230609c_00399.jpg,158,fanning,0.6531,0.9250,16,1447,373,1499,428
171,20230609c_00399.jpg,1284,fanning,0.8250,0.9120,15,885,372,928,421
171,20230609c_00399.jpg,372,fanning,0.9977,0.9068,16,578,371,625,416
171,20230609c_00399.jpg,463,fanning,0.8461,0.8724,16,534,370,605,406
172,20230609c_00400.jpg,1340,neutral,0.7663,0.9512,6,452,520,517,608
172,20230609c_00400.jpg,164,fanning,0.9920,0.9463,16,1426,375,1498,495
172,20230609c_00400.jpg,842,fanning,0.9992,0.9379,16,370,436,436,526
172,20230609c_00400.jpg,507,fanning,0.9995,0.9369,16,610,410,666,506
172,20230609c_00400.jpg,1134,fanning,0.9979,0.9355,16,243,369,300,451
172,20230609c_00400.jpg,1385,neutral,0.9426,0.9291,5,854,412,919,498
172,20230609c_00400.jpg,1386,neutral,0.7511,0.9239,5,996,370,1047,421
172,20230609c_00400.jpg,158,uncertain,0.5275,0.9182,16,1448,373,1498,422
172,20230609c_00400.jpg,463,fanning,0.6498,0.8907,16,531,371,595,401
172,20230609c_00400.jpg,372,fanning,0.9964,0.8803,16,592,371,640,407
173,20230609c_00401.jpg,1340,neutral,0.5611,0.9495,7,455,512,523,601
173,20230609c_00401.jpg,164,fanning,0.9860,0.9491,16,1428,377,1494,497
173,20230609c_00401.jpg,1385,neutral,0.8550,0.9405,6,848,385,909,484
173,20230609c_00401.jpg,507,fanning,0.9995,0.9359,16,612,405,669,502
173,20230609c_00401.jpg,842,fanning,0.9992,0.9333,16,369,439,435,529
173,20230609c_00401.jpg,1134,fanning,0.9985,0.9299,16,243,370,303,449
173,20230609c_00401.jpg,158,neutral,0.6820,0.9289,16,1446,373,1496,418
173,20230609c_00401.jpg,463,uncertain,0.5279,0.8955,16,528,371,594,400
173,20230609c_00401.jpg,1430,buffering,0.0000,0.8944,1,1303,372,1340,398
173,20230609c_00401.jpg,1284,fanning,0.8618,0.8935,16,880,372,930,409
173,20230609c_00401.jpg,372,fanning,0.9868,0.8535,16,599,371,642,397
174,20230609c_00402.jpg,1340,fanning,0.7080,0.9513,8,461,507,531,595
174,20230609c_00402.jpg,164,fanning,0.9837,0.9508,16,1426,378,1491,496
174,20230609c_00402.jpg,1385,uncertain,0.5092,0.9409,7,846,380,912,478
174,20230609c_00402.jpg,507,fanning,0.9995,0.9386,16,608,387,662,489
174,20230609c_00402.jpg,158,neutral,0.7673,0.9368,16,1443,372,1500,415
174,20230609c_00402.jpg,842,fanning,0.9992,0.9334,16,369,438,436,526
174,20230609c_00402.jpg,1134,fanning,0.9988,0.9266,16,242,370,303,449
174,20230609c_00402.jpg,1436,buffering,0.0000,0.9246,1,992,372,1042,437
174,20230609c_00402.jpg,463,neutral,0.5735,0.9063,16,529,371,594,403
174,20230609c_00402.jpg,1430,buffering,0.0000,0.9007,2,1305,373,1342,400
174,20230609c_00402.jpg,1284,fanning,0.9298,0.8734,16,882,372,930,406
175,20230609c_00403.jpg,164,fanning,0.9949,0.9493,16,1421,411,1481,497
175,20230609c_00403.jpg,1340,fanning,0.8496,0.9464,9,460,499,540,585
175,20230609c_00403.jpg,1312,neutral,0.9936,0.9416,5,731,535,797,619
175,20230609c_00403.jpg,507,fanning,0.9995,0.9370,16,591,370,653,470
175,20230609c_00403.jpg,842,fanning,0.9991,0.9356,16,369,437,437,525
175,20230609c_00403.jpg,1385,fanning,0.7068,0.9355,8,848,373,912,470
175,20230609c_00403.jpg,1134,fanning,0.9989,0.9341,16,241,369,301,449
175,20230609c_00403.jpg,158,neutral,0.7339,0.9300,16,1434,372,1501,418
175,20230609c_00403.jpg,1447,buffering,0.0000,0.9274,1,1182,848,1237,951
175,20230609c_00403.jpg,463,uncertain,0.5466,0.9064,16,529,370,592,403
175,20230609c_00403.jpg,1436,buffering,0.0000,0.9038,2,991,372,1039,431
175,20230609c_00403.jpg,1430,buffering,0.0000,0.8848,3,1312,372,1348,396
175,20230609c_00403.jpg,1284,fanning,0.7165,0.8609,16,889,372,932,395
176,20230609c_00404.jpg,1340,fanning,0.9480,0.9484,10,468,493,541,576
176,20230609c_00404.jpg,164,fanning,0.9944,0.9479,16,1423,392,1479,489
176,20230609c_00404.jpg,842,fanning,0.9991,0.9389,16,368,435,437,527
176,20230609c_00404.jpg,1385,fanning,0.8506,0.9305,9,842,372,903,460
176,20230609c_00404.jpg,158,neutral,0.7699,0.9302,16,1438,372,1493,415
176,20230609c_00404.jpg,1134,fanning,0.9990,0.9296,16,241,369,307,449
176,20230609c_00404.jpg,1447,buffering,0.0000,0.9266,2,1185,844,1242,944
176,20230609c_00404.jpg,507,fanning,0.9994,0.9214,16,576,371,640,455
176,20230609c_00404.jpg,1436,buffering,0.0000,0.9208,3,992,372,1034,421
176,20230609c_00404.jpg,463,neutral,0.8789,0.8663,16,535,371,584,398
177,20230609c_00405.jpg,1340,fanning,0.9720,0.9453,11,475,486,541,566
177,20230609c_00405.jpg,1462,buffering,0.0000,0.9395,1,1005,441,1074,527
177,20230609c_00405.jpg,842,fanning,0.9991,0.9390,16,369,435,437,525
177,20230609c_00405.jpg,1436,uncertain,0.5241,0.9366,4,993,372,1059,416
177,20230609c_00405.jpg,164,fanning,0.9945,0.9305,16,1420,374,1492,478
177,20230609c_00405.jpg,158,neutral,0.8582,0.9282,16,1438,372,1496,417
177,20230609c_00405.jpg,1385,fanning,0.8819,0.9282,10,839,372,913,442
177,20230609c_00405.jpg,507,fanning,0.9993,0.9280,16,560,371,626,459
177,20230609c_00405.jpg,1134,fanning,0.9991,0.9237,16,241,370,306,447
177,20230609c_00405.jpg,1447,buffering,0.0000,0.9235,3,1155,843,1221,937
177,20230609c_00405.jpg,463,neutral,0.9789,0.8294,16,535,372,578,396
178,20230609c_00406.jpg,1340,fanning,0.9840,0.9454,12,485,480,548,558
178,20230609c_00406.jpg,1469,buffering,0.0000,0.9406,1,1400,456,1471,558
178,20230609c_00406.jpg,842,fanning,0.9992,0.9396,16,367,439,434,526
178,20230609c_00406.jpg,1134,fanning,0.9991,0.9287,16,242,370,304,449
178,20230609c_00406.jpg,507,fanning,0.9992,0.9283,16,556,370,622,453
178,20230609c_00406.jpg,1283,buffering,0.0000,0.9237,2,790,373,855,478
178,20230609c_00406.jpg,164,fanning,0.9954,0.9222,16,1416,373,1490,469
178,20230609c_00406.jpg,1436,uncertain,0.5311,0.9183,5,998,370,1068,407
178,20230609c_00406.jpg,158,neutral,0.8897,0.9090,16,1437,372,1499,413
178,20230609c_00406.jpg,1462,buffering,0.0000,0.9047,2,1014,432,1056,517
178,20230609c_00406.jpg,1385,fanning,0.9631,0.8516,11,835,371,891,430
178,20230609c_00406.jpg,463,neutral,0.9917,0.8470,16,535,371,574,394
179,20230609c_00407.jpg,1340,fanning,0.9892,0.9424,13,486,467,562,550
179,20230609c_00407.jpg,1469,buffering,0.0000,0.9419,2,1414,432,1476,539
179,20230609c_00407.jpg,842,fanning,0.9992,0.9390,16,366,436,436,538
179,20230609c_00407.jpg,1134,fanning,0.9991,0.9288,16,241,369,306,448
179,20230609c_00407.jpg,507,fanning,0.9990,0.9213,16,557,371,627,446
179,20230609c_00407.jpg,1283,buffering,0.0000,0.9077,3,793,391,842,455
179,20230609c_00407.jpg,164,fanning,0.9967,0.9022,16,1416,372,1499,462
179,20230609c_00407.jpg,1478,buffering,0.0000,0.8977,1,1028,420,1144,497
179,20230609c_00407.jpg,158,neutral,0.7931,0.8929,16,1441,372,1498,416
179,20230609c_00407.jpg,1462,buffering,0.0000,0.8841,3,1033,421,1096,497
179,20230609c_00407.jpg,1385,fanning,0.9463,0.8442,12,847,371,886,433
180,20230609c_00408.jpg,1469,buffering,0.0000,0.9482,3,1416,425,1487,523
180,20230609c_00408.jpg,1340,fanning,0.9929,0.9467,14,492,453,566,538
180,20230609c_00408.jpg,842,fanning,0.9992,0.9390,16,366,435,437,532
180,20230609c_00408.jpg,1478,buffering,0.0000,0.9356,2,1031,415,1109,498
180,20230609c_00408.jpg,1283,neutral,0.9990,0.9305,4,792,373,892,474
180,20230609c_00408.jpg,1134,fanning,0.9990,0.9211,16,240,369,310,446
180,20230609c_00408.jpg,507,fanning,0.9982,0.9211,16,545,371,635,452
180,20230609c_00408.jpg,1436,neutral,0.7818,0.9134,6,985,371,1062,412
180,20230609c_00408.jpg,1227,neutral,0.9940,0.9103,4,872,924,966,1010
180,20230609c_00408.jpg,158,fanning,0.8617,0.9060,16,1419,372,1498,424
180,20230609c_00408.jpg,1385,fanning,0.9754,0.8708,13,849,373,898,423
180,20230609c_00408.jpg,164,fanning,0.9978,0.8517,16,1420,373,1465,452
181,20230609c_00409.jpg,1469,neutral,0.9986,0.9496,4,1404,418,1475,512
181,20230609c_00409.jpg,1340,fanning,0.9948,0.9425,15,500,449,566,532
181,20230609c_00409.jpg,1478,buffering,0.0000,0.9397,3,1032,409,1104,493
181,20230609c_00409.jpg,1283,neutral,0.9984,0.9390,5,795,391,877,478
181,20230609c_00409.jpg,507,fanning,0.9970,0.9384,16,547,370,632,452
181,20230609c_00409.jpg,842,fanning,0.9990,0.9365,16,366,436,436,525
181,20230609c_00409.jpg,1486,buffering,0.0000,0.9362,1,1111,393,1167,487
181,20230609c_00409.jpg,1134,fanning,0.9991,0.9282,16,240,371,310,445
181,20230609c_00409.jpg,1436,neutral,0.6355,0.9281,7,982,372,1058,411
181,20230609c_00409.jpg,1051,neutral,0.7138,0.8783,16,1359,370,1501,427
181,20230609c_00409.jpg,1385,fanning,0.9825,0.8360,14,849,372,915,417
181,20230609c_00409.jpg,164,fanning,0.9973,0.8161,16,1410,372,1464,442
181,20230609c_00409.jpg,1489,buffering,0.0000,0.6461,1,1355,370,1442,424
182,20230609c_00410.jpg,1340,fanning,0.9961,0.9459,16,507,440,570,525
182,20230609c_00410.jpg,1469,neutral,0.9964,0.9442,5,1396,422,1463,515
182,20230609c_00410.jpg,1436,uncertain,0.5104,0.9436,8,976,371,1052,411
182,20230609c_00410.jpg,842,fanning,0.9990,0.9419,16,367,436,435,532
182,20230609c_00410.jpg,1478,neutral,0.9993,0.9397,4,1035,401,1101,487
182,20230609c_00410.jpg,1283,neutral,0.9971,0.9339,6,838,371,910,474
182,20230609c_00410.jpg,1134,fanning,0.9991,0.9336,16,240,370,310,445
182,20230609c_00410.jpg,1486,buffering,0.0000,0.9322,2,1101,382,1158,475
182,20230609c_00410.jpg,507,fanning,0.9980,0.9314,16,560,370,632,452
182,20230609c_00410.jpg,158,fanning,0.8336,0.9222,16,1449,372,1509,422
182,20230609c_00410.jpg,164,fanning,0.9969,0.8691,16,1409,372,1461,429
183,20230609c_00411.jpg,1340,fanning,0.9966,0.9467,16,509,435,568,520
183,20230609c_00411.jpg,1469,neutral,0.9974,0.9430,6,1381,426,1448,517
183,20230609c_00411.jpg,842,fanning,0.9994,0.9382,16,367,435,438,527
183,20230609c_00411.jpg,1478,neutral,0.9987,0.9336,5,1040,390,1099,478
183,20230609c_00411.jpg,1312,neutral,0.9963,0.9319,6,769,590,832,666
183,20230609c_00411.jpg,1134,fanning,0.9992,0.9317,16,239,370,314,443
183,20230609c_00411.jpg,158,fanning,0.8389,0.9284,16,1449,372,1512,420
183,20230609c_00411.jpg,507,fanning,0.9975,0.9263,16,556,370,631,450
183,20230609c_00411.jpg,1486,buffering,0.0000,0.9260,3,1095,376,1160,468
183,20230609c_00411.jpg,1436,fanning,0.7598,0.9237,9,972,372,1045,410
183,20230609c_00411.jpg,164,fanning,0.9935,0.8800,16,1415,372,1457,420
183,20230609c_00411.jpg,1283,neutral,0.8323,0.8737,7,849,372,933,456
183,20230609c_00411.jpg,1489,buffering,0.0000,0.5802,2,1355,372,1414,419
184,20230609c_00412.jpg,1340,fanning,0.9975,0.9455,16,511,423,571,507
184,20230609c_00412.jpg,1469,neutral,0.9965,0.9432,7,1366,420,1424,513
184,20230609c_00412.jpg,842,fanning,0.9993,0.9361,16,368,435,437,524
184,20230609c_00412.jpg,1486,fanning,0.6676,0.9299,4,1101,373,1158,461
184,20230609c_00412.jpg,507,fanning,0.9990,0.9297,16,568,370,630,444
184,20230609c_00412.jpg,1478,neutral,0.9894,0.9276,6,1043,378,1104,465
184,20230609c_00412.jpg,158,fanning,0.8745,0.9268,16,1456,373,1515,432
184,20230609c_00412.jpg,1134,fanning,0.9991,0.9215,16,241,370,316,445
184,20230609c_00412.jpg,1104,buffering,0.0000,0.9159,3,1172,490,1249,546
184,20230609c_00412.jpg,1436,fanning,0.8505,0.9137,10,968,372,1037,407
184,20230609c_00412.jpg,164,fanning,0.9858,0.8951,16,1415,373,1456,409
184,20230609c_00412.jpg,1283,fanning,0.7544,0.8242,8,846,370,945,429
185,20230609c_00413.jpg,1340,fanning,0.9973,0.9419,16,511,402,572,500
185,20230609c_00413.jpg,1469,neutral,0.9904,0.9415,8,1347,375,1410,489
185,20230609c_00413.jpg,158,fanning,0.9387,0.9400,16,1463,373,1524,434
185,20230609c_00413.jpg,842,fanning,0.9993,0.9384,16,366,436,437,526
185,20230609c_00413.jpg,1478,neutral,0.9780,0.9344,7,1046,374,1099,461
185,20230609c_00413.jpg,507,fanning,0.9988,0.9306,16,563,371,633,440
185,20230609c_00413.jpg,1486,fanning,0.6353,0.9295,5,1105,372,1161,445
185,20230609c_00413.jpg,1134,fanning,0.9991,0.9288,16,242,369,316,445
185,20230609c_00413.jpg,1436,fanning,0.8534,0.9212,11,963,372,1037,408
185,20230609c_00413.jpg,164,fanning,0.9775,0.9176,16,1414,371,1456,397
185,20230609c_00413.jpg,1283,fanning,0.9347,0.8669,9,880,373,930,437
186,20230609c_00414.jpg,1340,fanning,0.9971,0.9446,16,515,398,571,499
186,20230609c_00414.jpg,158,fanning,0.9234,0.9414,16,1473,373,1538,427
186,20230609c_00414.jpg,842,fanning,0.9993,0.9381,16,366,438,437,524
186,20230609c_00414.jpg,1469,neutral,0.9847,0.9328,9,1322,372,1408,467
186,20230609c_00414.jpg,1134,fanning,0.9991,0.9323,16,242,370,314,446
186,20230609c_00414.jpg,1436,fanning,0.8773,0.9292,12,958,373,1019,408
186,20230609c_00414.jpg,507,fanning,0.9982,0.9207,16,567,370,638,423
186,20230609c_00414.jpg,1478,neutral,0.9676,0.9198,8,1053,374,1102,435
186,20230609c_00414.jpg,1486,fanning,0.8151,0.9182,6,1106,373,1158,433
186,20230609c_00414.jpg,1283,fanning,0.9646,0.8568,10,844,370,928,452
187,20230609c_00415.jpg,1340,fanning,0.9966,0.9472,16,515,399,573,494
187,20230609c_00415.jpg,1469,neutral,0.9702,0.9387,10,1319,372,1412,461
187,20230609c_00415.jpg,842,fanning,0.9994,0.9373,16,367,438,435,526
187,20230609c_00415.jpg,1512,buffering,0.0000,0.9342,1,1093,478,1156,572
187,20230609c_00415.jpg,158,fanning,0.9336,0.9306,16,1466,371,1513,421
187,20230609c_00415.jpg,1486,fanning,0.8214,0.9225,7,1102,373,1171,429
187,20230609c_00415.jpg,1134,fanning,0.9991,0.9220,16,242,369,316,447
187,20230609c_00415.jpg,1478,neutral,0.9523,0.9218,9,1051,373,1101,419
187,20230609c_00415.jpg,1436,fanning,0.9133,0.9145,13,957,373,1016,405
187,20230609c_00415.jpg,507,fanning,0.9959,0.9132,16,580,371,646,415
187,20230609c_00415.jpg,1227,neutral,0.9909,0.9086,5,965,987,1006,1064
187,20230609c_00415.jpg,1283,fanning,0.9753,0.8665,11,855,372,905,430
188,20230609c_00416.jpg,1340,fanning,0.9968,0.9442,16,520,397,579,488
188,20230609c_00416.jpg,1512,buffering,0.0000,0.9424,2,1097,470,1162,558
188,20230609c_00416.jpg,842,fanning,0.9994,0.9376,16,367,439,435,525
188,20230609c_00416.jpg,158,fanning,0.9350,0.9339,16,1467,372,1515,418
188,20230609c_00416.jpg,1134,fanning,0.9992,0.9321,16,241,369,316,446
188,20230609c_00416.jpg,1478,neutral,0.9270,0.9150,10,1057,374,1093,407
188,20230609c_00416.jpg,1469,neutral,0.9307,0.9148,11,1320,372,1377,447
188,20230609c_00416.jpg,507,fanning,0.9931,0.9128,16,581,372,650,411
188,20230609c_00416.jpg,1486,fanning,0.5640,0.9104,8,1108,372,1163,416
188,20230609c_00416.jpg,1436,fanning,0.9226,0.8926,14,960,373,1014,398
188,20230609c_00416.jpg,1283,fanning,0.9844,0.8682,12,856,371,901,424
189,20230609c_00417.jpg,842,fanning,0.9993,0.9395,16,367,438,435,526
189,20230609c_00417.jpg,1340,fanning,0.9967,0.9373,16,523,391,587,482
189,20230609c_00417.jpg,1134,fanning,0.9992,0.9344,16,241,369,317,446
189,20230609c_00417.jpg,1512,buffering,0.0000,0.9344,3,1094,455,1156,545
189,20230609c_00417.jpg,158,fanning,0.9377,0.9327,16,1470,372,1515,418
189,20230609c_00417.jpg,1516,buffering,0.0000,0.9249,1,798,371,871,449
189,20230609c_00417.jpg,1486,uncertain,0.5182,0.9069,9,1116,373,1160,407
189,20230609c_00417.jpg,1469,neutral,0.9147,0.9064,12,1319,373,1366,435
189,20230609c_00417.jpg,1478,neutral,0.9691,0.8999,11,1060,373,1095,400
189,20230609c_00417.jpg,1520,buffering,0.0000,0.8898,1,921,422,993,485
189,20230609c_00417.jpg,1436,fanning,0.9294,0.8870,15,963,372,1013,395
189,20230609c_00417.jpg,1283,fanning,0.9914,0.8699,13,858,371,900,421
189,20230609c_00417.jpg,507,fanning,0.9833,0.8663,16,593,371,638,397
189,20230609c_00417.jpg,1526,buffering,0.0000,0.5929,1,883,373,939,395
190,20230609c_00418.jpg,1340,fanning,0.9962,0.9451,16,525,383,587,475
190,20230609c_00418.jpg,1512,neutral,0.8345,0.9432,4,1094,435,1154,520
190,20230609c_00418.jpg,1134,fanning,0.9992,0.9382,16,239,369,315,444
190,20230609c_00418.jpg,842,fanning,0.9993,0.9355,16,367,436,440,525
190,20230609c_00418.jpg,1520,buffering,0.0000,0.9312,2,924,408,990,476
190,20230609c_00418.jpg,1360,buffering,0.0000,0.9300,2,206,609,264,720
190,20230609c_00418.jpg,158,fanning,0.9255,0.9293,16,1471,372,1513,419
190,20230609c_00418.jpg,1283,fanning,0.9964,0.8931,14,840,371,903,421
190,20230609c_00418.jpg,1486,uncertain,0.5382,0.8912,10,1124,373,1161,400
190,20230609c_00418.jpg,1489,buffering,0.0000,0.8647,3,1320,371,1417,416
190,20230609c_00418.jpg,1516,buffering,0.0000,0.8642,2,780,371,851,450
190,20230609c_00418.jpg,1436,fanning,0.9485,0.7305,16,967,373,1002,396
190,20230609c_00418.jpg,1526,buffering,0.0000,0.6906,2,896,374,946,395
191,20230609c_00419.jpg,1340,fanning,0.9962,0.9462,16,530,376,596,472
191,20230609c_00419.jpg,1512,neutral,0.5688,0.9433,5,1091,422,1149,506
191,20230609c_00419.jpg,842,fanning,0.9993,0.9366,16,368,436,437,526
191,20230609c_00419.jpg,1134,fanning,0.9988,0.9322,16,240,371,316,446
191,20230609c_00419.jpg,1520,buffering,0.0000,0.9313,3,927,403,991,475
191,20230609c_00419.jpg,158,fanning,0.9133,0.9287,16,1472,372,1514,422
191,20230609c_00419.jpg,1516,buffering,0.0000,0.9237,3,797,370,859,438
191,20230609c_00419.jpg,1283,fanning,0.9975,0.9131,15,844,370,911,419
191,20230609c_00419.jpg,1486,uncertain,0.5019,0.8814,11,1125,372,1160,396
191,20230609c_00419.jpg,1489,neutral,0.9974,0.8443,4,1323,370,1415,413
191,20230609c_00419.jpg,1526,buffering,0.0000,0.7347,3,905,374,946,395
191,20230609c_00419.jpg,1436,fanning,0.9204,0.7207,16,963,373,1001,395
192,20230609c_00420.jpg,1340,fanning,0.9958,0.9419,16,539,380,608,470
192,20230609c_00420.jpg,1512,uncertain,0.5221,0.9409,6,1084,392,1149,479
192,20230609c_00420.jpg,158,fanning,0.8902,0.9357,16,1470,372,1510,416
192,20230609c_00420.jpg,1520,neutral,0.9996,0.9341,4,930,397,992,471
192,20230609c_00420.jpg,1134,fanning,0.9991,0.9334,16,244,372,316,444
192,20230609c_00420.jpg,1283,fanning,0.9969,0.9154,16,848,370,913,417
192,20230609c_00420.jpg,1516,neutral,0.9996,0.9150,4,801,370,859,433
192,20230609c_00420.jpg,1447,neutral,0.9997,0.9093,4,1084,857,1149,915
192,20230609c_00420.jpg,842,fanning,0.9992,0.8947,16,372,435,436,525
192,20230609c_00420.jpg,1489,neutral,0.9955,0.8818,5,1320,371,1415,411
192,20230609c_00420.jpg,1526,neutral,0.9995,0.7551,4,909,373,946,390
192,20230609c_00420.jpg,1436,fanning,0.6940,0.7208,16,957,373,1001,398
193,20230609c_00421.jpg,1340,fanning,0.9955,0.9505,16,541,380,607,467
193,20230609c_00421.jpg,158,fanning,0.9033,0.9355,16,1468,373,1514,419
193,20230609c_00421.jpg,1512,fanning,0.7369,0.9353,7,1084,384,1148,473
193,20230609c_00421.jpg,1134,fanning,0.9991,0.9237,16,242,371,321,448
193,20230609c_00421.jpg,1516,neutral,0.9961,0.9200,5,796,371,857,429
193,20230609c_00421.jpg,1520,neutral,0.9983,0.9177,5,933,391,995,464
193,20230609c_00421.jpg,842,fanning,0.9992,0.9160,16,369,437,434,526
193,20230609c_00421.jpg,1549,buffering,0.0000,0.8853,1,1506,866,1565,922
193,20230609c_00421.jpg,1283,fanning,0.9555,0.7928,16,865,372,907,406
193,20230609c_00421.jpg,1436,uncertain,0.5148,0.7543,16,965,372,1004,393
194,20230609c_00422.jpg,842,fanning,0.9991,0.9399,16,368,439,434,526
194,20230609c_00422.jpg,1340,fanning,0.9952,0.9343,16,543,384,621,464
194,20230609c_00422.jpg,158,fanning,0.8844,0.9343,16,1471,373,1512,420
194,20230609c_00422.jpg,1520,neutral,0.9947,0.9329,6,926,378,996,463
194,20230609c_00422.jpg,1512,fanning,0.7521,0.9309,8,1081,377,1145,468
194,20230609c_00422.jpg,1134,fanning,0.9992,0.9184,16,244,370,320,448
194,20230609c_00422.jpg,1516,neutral,0.9673,0.9103,6,797,371,855,419
194,20230609c_00422.jpg,1283,fanning,0.9232,0.8685,16,874,372,904,397
194,20230609c_00422.jpg,1526,neutral,0.9993,0.7913,5,904,373,944,404
195,20230609c_00423.jpg,158,fanning,0.8438,0.9380,16,1467,373,1513,419
195,20230609c_00423.jpg,842,fanning,0.9992,0.9369,16,368,438,434,528
195,20230609c_00423.jpg,1563,buffering,0.0000,0.9350,1,1078,657,1141,744
195,20230609c_00423.jpg,1512,fanning,0.8570,0.9330,9,1081,374,1142,454
195,20230609c_00423.jpg,1520,neutral,0.9795,0.9253,7,935,390,995,464
195,20230609c_00423.jpg,1134,fanning,0.9992,0.9236,16,244,371,320,449
195,20230609c_00423.jpg,1516,neutral,0.9338,0.9024,7,791,371,849,413
195,20230609c_00423.jpg,1340,fanning,0.9933,0.8483,16,565,389,619,458
195,20230609c_00423.jpg,1283,fanning,0.9347,0.8377,16,869,372,902,392
195,20230609c_00423.jpg,1436,uncertain,0.5226,0.6282,16,962,372,1004,393
196,20230609c_00424.jpg,1340,fanning,0.9915,0.9421,16,548,380,630,462
196,20230609c_00424.jpg,1572,buffering,0.0000,0.9413,1,408,692,463,789
196,20230609c_00424.jpg,158,fanning,0.7053,0.9408,16,1466,373,1513,418
196,20230609c_00424.jpg,842,fanning,0.9992,0.9375,16,368,436,436,531
196,20230609c_00424.jpg,1512,fanning,0.8496,0.9336,10,1081,374,1141,449
196,20230609c_00424.jpg,1563,buffering,0.0000,0.9304,2,1063,614,1131,709
196,20230609c_00424.jpg,1520,neutral,0.9748,0.9301,8,929,371,997,466
196,20230609c_00424.jpg,1134,fanning,0.9993,0.9272,16,244,375,321,449
196,20230609c_00424.jpg,1447,neutral,0.9996,0.9223,5,1043,813,1108,913
196,20230609c_00424.jpg,1576,buffering,0.0000,0.8973,1,1265,920,1305,988
196,20230609c_00424.jpg,1516,neutral,0.8180,0.8852,8,790,371,844,406
197,20230609c_00425.jpg,158,fanning,0.5951,0.9410,16,1469,373,1513,421
197,20230609c_00425.jpg,842,fanning,0.9991,0.9381,16,367,437,437,526
197,20230609c_00425.jpg,1563,buffering,0.0000,0.9379,3,1054,577,1115,667
197,20230609c_00425.jpg,1520,neutral,0.9352,0.9354,9,934,374,998,470
197,20230609c_00425.jpg,1512,fanning,0.8586,0.9317,11,1076,373,1137,439
197,20230609c_00425.jpg,1134,fanning,0.9992,0.9299,16,244,376,320,449
197,20230609c_00425.jpg,1340,fanning,0.9671,0.9016,16,559,388,624,463
197,20230609c_00425.jpg,1516,uncertain,0.5412,0.8944,9,797,370,846,402
197,20230609c_00425.jpg,1436,fanning,0.5925,0.6325,16,968,373,1003,395
198,20230609c_00426.jpg,1563,neutral,0.9936,0.9452,4,1041,547,1106,634
198,20230609c_00426.jpg,1340,fanning,0.9580,0.9381,16,562,387,641,463
198,20230609c_00426.jpg,842,fanning,0.9992,0.9380,16,367,441,435,526
198,20230609c_00426.jpg,1520,neutral,0.9079,0.9364,10,938,376,999,469
198,20230609c_00426.jpg,158,uncertain,0.5211,0.9319,16,1468,373,1511,422
198,20230609c_00426.jpg,1512,fanning,0.9011,0.9317,12,1077,373,1131,433
198,20230609c_00426.jpg,1134,fanning,0.9991,0.9273,16,242,375,317,449
198,20230609c_00426.jpg,1312,neutral,0.9889,0.9208,7,869,726,921,799
198,20230609c_00426.jpg,1516,fanning,0.7450,0.8588,10,800,371,845,398
198,20230609c_00426.jpg,1436,fanning,0.6787,0.7253,16,963,373,1000,394
199,20230609c_00427.jpg,1563,neutral,0.9835,0.9448,5,1024,506,1096,599
199,20230609c_00427.jpg,1340,fanning,0.9501,0.9417,16,561,384,647,460
199,20230609c_00427.jpg,842,fanning,0.9992,0.9394,16,367,437,438,528
199,20230609c_00427.jpg,1520,trophallaxis,0.5829,0.9384,11,943,393,1006,468
199,20230609c_00427.jpg,158,neutral,0.5575,0.9344,16,1466,373,1511,420
199,20230609c_00427.jpg,1512,fanning,0.9405,0.9323,13,1074,373,1127,429
199,20230609c_00427.jpg,1134,fanning,0.9990,0.9301,16,241,384,317,449
199,20230609c_00427.jpg,1595,buffering,0.0000,0.9157,1,953,736,993,839
200,20230609c_00428.jpg,1563,neutral,0.9741,0.9437,6,1007,476,1070,578
200,20230609c_00428.jpg,1340,fanning,0.9329,0.9410,16,568,374,656,452
200,20230609c_00428.jpg,842,fanning,0.9992,0.9396,16,367,438,436,528
200,20230609c_00428.jpg,1520,trophallaxis,0.7833,0.9342,12,944,377,1008,465
200,20230609c_00428.jpg,1134,fanning,0.9990,0.9322,16,241,381,316,450
200,20230609c_00428.jpg,158,neutral,0.5774,0.9299,16,1469,373,1511,421
200,20230609c_00428.jpg,1601,buffering,0.0000,0.9276,1,874,669,923,746
200,20230609c_00428.jpg,1512,fanning,0.9587,0.9260,14,1071,373,1120,423
200,20230609c_00428.jpg,1572,buffering,0.0000,0.8879,2,394,709,452,771
200,20230609c_00428.jpg,1526,neutral,0.9993,0.8738,6,894,373,942,401
201,20230609c_00429.jpg,1340,fanning,0.9438,0.9438,16,570,377,660,452
201,20230609c_00429.jpg,1563,neutral,0.9596,0.9415,7,993,473,1056,569
201,20230609c_00429.jpg,842,fanning,0.9993,0.9413,16,366,440,434,534
201,20230609c_00429.jpg,1134,fanning,0.9988,0.9407,16,242,378,317,450
201,20230609c_00429.jpg,1520,trophallaxis,0.9556,0.9366,13,950,378,1010,463
201,20230609c_00429.jpg,1601,buffering,0.0000,0.9340,2,886,644,936,721
201,20230609c_00429.jpg,1512,fanning,0.9712,0.9327,15,1063,373,1114,418
201,20230609c_00429.jpg,158,neutral,0.8565,0.9278,16,1471,373,1532,423
201,20230609c_00429.jpg,1603,buffering,0.0000,0.9161,1,627,535,692,682
202,20230609c_00430.jpg,1563,neutral,0.7991,0.9446,8,992,465,1053,553
202,20230609c_00430.jpg,1340,fanning,0.9513,0.9423,16,574,375,660,452
202,20230609c_00430.jpg,1520,trophallaxis,0.9808,0.9388,14,951,377,1013,462
202,20230609c_00430.jpg,842,fanning,0.9992,0.9385,16,367,436,436,530
202,20230609c_00430.jpg,1134,fanning,0.9986,0.9362,16,243,383,319,451
202,20230609c_00430.jpg,1611,buffering,0.0000,0.9309,1,845,371,912,439
202,20230609c_00430.jpg,158,neutral,0.8464,0.9299,16,1468,373,1514,425
202,20230609c_00430.jpg,1512,fanning,0.9758,0.9299,16,1055,372,1110,413
202,20230609c_00430.jpg,1601,buffering,0.0000,0.9289,3,907,608,959,694
202,20230609c_00430.jpg,1603,buffering,0.0000,0.9287,2,656,541,709,641
202,20230609c_00430.jpg,1553,buffering,0.0000,0.8228,1,380,1042,434,1080
203,20230609c_00431.jpg,1563,neutral,0.6205,0.9448,9,987,445,1055,531
203,20230609c_00431.jpg,1340,fanning,0.9568,0.9413,16,581,374,660,446
203,20230609c_00431.jpg,842,fanning,0.9991,0.9389,16,367,439,434,534
203,20230609c_00431.jpg,1134,fanning,0.9981,0.9385,16,243,381,320,452
203,20230609c_00431.jpg,1601,neutral,0.9945,0.9362,4,924,558,979,646
203,20230609c_00431.jpg,1603,buffering,0.0000,0.9349,3,663,501,721,600
203,20230609c_00431.jpg,1512,fanning,0.9741,0.9341,16,1062,373,1105,409
203,20230609c_00431.jpg,1611,buffering,0.0000,0.9289,2,847,371,903,436
203,20230609c_00431.jpg,158,neutral,0.8658,0.9278,16,1470,373,1510,424
203,20230609c_00431.jpg,1520,trophallaxis,0.9921,0.9170,15,960,384,1012,455
204,20230609c_00432.jpg,1563,fanning,0.6525,0.9490,10,978,435,1048,522
204,20230609c_00432.jpg,1621,buffering,0.0000,0.9437,1,1059,525,1117,626
204,20230609c_00432.jpg,1134,fanning,0.9966,0.9392,16,245,386,319,452
204,20230609c_00432.jpg,842,fanning,0.9990,0.9391,16,367,436,436,540
204,20230609c_00432.jpg,1601,neutral,0.9985,0.9389,5,934,521,989,601
204,20230609c_00432.jpg,1340,fanning,0.9682,0.9370,16,583,373,658,438
204,20230609c_00432.jpg,158,neutral,0.8581,0.9290,16,1469,373,1513,423
204,20230609c_00432.jpg,1512,fanning,0.9644,0.9192,16,1059,373,1101,402
204,20230609c_00432.jpg,1620,buffering,0.0000,0.9181,1,657,378,750,458
204,20230609c_00432.jpg,1611,buffering,0.0000,0.9069,3,837,371,920,436
204,20230609c_00432.jpg,1520,trophallaxis,0.9950,0.8818,16,964,377,1016,444
205,20230609c_00433.jpg,1563,fanning,0.9584,0.9408,11,962,422,1031,506
205,20230609c_00433.jpg,1134,fanning,0.9968,0.9406,16,244,388,318,453
205,20230609c_00433.jpg,842,fanning,0.9990,0.9386,16,367,436,437,540
205,20230609c_00433.jpg,1621,buffering,0.0000,0.9364,2,1045,478,1111,586
205,20230609c_00433.jpg,1611,neutral,0.9995,0.9358,4,845,371,913,432
205,20230609c_00433.jpg,1601,neutral,0.9981,0.9330,6,919,483,981,575
205,20230609c_00433.jpg,158,neutral,0.8274,0.9269,16,1470,373,1511,423
205,20230609c_00433.jpg,1620,buffering,0.0000,0.9226,2,677,384,734,472
205,20230609c_00433.jpg,1340,fanning,0.9825,0.9182,16,592,372,676,481
205,20230609c_00433.jpg,1512,fanning,0.9367,0.9109,16,1051,372,1089,399
205,20230609c_00433.jpg,1520,trophallaxis,0.9960,0.6635,16,969,374,1020,422
206,20230609c_00434.jpg,1563,fanning,0.9797,0.9417,12,951,392,1020,484
206,20230609c_00434.jpg,1134,fanning,0.9966,0.9408,16,247,383,319,453
206,20230609c_00434.jpg,842,fanning,0.9990,0.9397,16,367,438,434,532
206,20230609c_00434.jpg,1620,buffering,0.0000,0.9373,3,669,372,742,456
206,20230609c_00434.jpg,1340,fanning,0.9892,0.9362,16,587,371,659,438
206,20230609c_00434.jpg,1621,buffering,0.0000,0.9342,3,1031,452,1110,555
206,20230609c_00434.jpg,158,neutral,0.8438,0.9280,16,1466,373,1511,422
206,20230609c_00434.jpg,1611,neutral,0.9989,0.8947,5,847,371,924,425
206,20230609c_00434.jpg,1512,fanning,0.8477,0.8588,16,1053,372,1087,391
206,20230609c_00434.jpg,1520,trophallaxis,0.9981,0.7612,16,976,373,1020,423
206,20230609c_00434.jpg,1526,neutral,0.9993,0.5991,7,892,373,923,405
207,20230609c_00435.jpg,1621,neutral,0.9968,0.9465,4,1020,422,1083,515
207,20230609c_00435.jpg,1563,fanning,0.9656,0.9437,13,930,401,997,483
207,20230609c_00435.jpg,1637,buffering,0.0000,0.9417,1,548,464,615,541
207,20230609c_00435.jpg,842,fanning,0.9990,0.9387,16,367,435,437,538
207,20230609c_00435.jpg,1639,buffering,0.0000,0.9382,1,871,441,932,532
207,20230609c_00435.jpg,1134,fanning,0.9976,0.9380,16,246,384,317,454
207,20230609c_00435.jpg,1340,fanning,0.9921,0.9352,16,588,369,656,444
207,20230609c_00435.jpg,1620,neutral,0.9996,0.9297,4,666,371,734,442
207,20230609c_00435.jpg,158,neutral,0.8362,0.9290,16,1471,374,1514,423
207,20230609c_00435.jpg,1640,buffering,0.0000,0.9243,1,543,945,597,1043
207,20230609c_00435.jpg,1611,neutral,0.9989,0.8912,6,847,370,917,419
207,20230609c_00435.jpg,1520,trophallaxis,0.9955,0.8554,16,971,373,1018,422
208,20230609c_00436.jpg,1637,buffering,0.0000,0.9412,2,564,446,630,520
208,20230609c_00436.jpg,1621,neutral,0.9908,0.9411,5,1019,398,1091,479
208,20230609c_00436.jpg,842,fanning,0.9990,0.9403,16,370,435,437,527
208,20230609c_00436.jpg,1134,fanning,0.9969,0.9390,16,244,384,314,454
208,20230609c_00436.jpg,158,neutral,0.8488,0.9300,16,1466,373,1528,424
208,20230609c_00436.jpg,1639,buffering,0.0000,0.9288,2,869,437,931,530
208,20230609c_00436.jpg,1520,trophallaxis,0.9820,0.9173,16,976,374,1017,424
208,20230609c_00436.jpg,1620,neutral,0.9996,0.9113,5,647,372,730,431
208,20230609c_00436.jpg,1611,neutral,0.9987,0.8822,7,849,371,917,411
208,20230609c_00436.jpg,1640,buffering,0.0000,0.8814,2,566,946,611,1004
208,20230609c_00436.jpg,1340,fanning,0.9905,0.8808,16,589,371,640,445
209,20230609c_00437.jpg,1621,neutral,0.9568,0.9419,6,1032,395,1102,473
209,20230609c_00437.jpg,1134,fanning,0.9966,0.9383,16,243,377,317,453
209,20230609c_00437.jpg,842,fanning,0.9989,0.9382,16,369,436,436,532
209,20230609c_00437.jpg,158,neutral,0.9077,0.9299,16,1469,374,1528,425
209,20230609c_00437.jpg,1640,buffering,0.0000,0.9269,3,577,942,639,1007
209,20230609c_00437.jpg,1620,neutral,0.9995,0.9137,6,664,371,733,420
209,20230609c_00437.jpg,1520,neutral,0.9940,0.9104,16,980,374,1018,421
209,20230609c_00437.jpg,1639,buffering,0.0000,0.9049,3,868,401,933,526
209,20230609c_00437.jpg,1340,fanning,0.9878,0.8996,16,587,371,662,431
209,20230609c_00437.jpg,1652,buffering,0.0000,0.8763,1,624,371,668,430
209,20230609c_00437.jpg,1611,neutral,0.9965,0.8586,8,850,372,915,411
210,20230609c_00438.jpg,842,fanning,0.9989,0.9396,16,368,435,438,531
210,20230609c_00438.jpg,1134,fanning,0.9965,0.9370,16,241,376,317,452
210,20230609c_00438.jpg,1621,neutral,0.8878,0.9363,7,1043,383,1104,468
210,20230609c_00438.jpg,1654,buffering,0.0000,0.9338,1,1084,728,1151,825
210,20230609c_00438.jpg,1620,neutral,0.9994,0.9288,7,670,371,732,420
210,20230609c_00438.jpg,158,neutral,0.9326,0.9272,16,1466,374,1529,423
210,20230609c_00438.jpg,1639,neutral,0.9871,0.9200,4,856,395,925,525
210,20230609c_00438.jpg,1520,neutral,0.9986,0.9096,16,982,374,1019,420
210,20230609c_00438.jpg,1340,fanning,0.9884,0.8831,16,588,371,668,428
210,20230609c_00438.jpg,1652,buffering,0.0000,0.8787,2,626,373,665,423
210,20230609c_00438.jpg,1611,neutral,0.9919,0.8734,9,848,371,911,406
211,20230609c_00439.jpg,1134,fanning,0.9954,0.9412,16,242,374,316,454
211,20230609c_00439.jpg,1660,buffering,0.0000,0.9401,1,672,410,730,506
211,20230609c_00439.jpg,842,fanning,0.9989,0.9387,16,371,437,436,526
211,20230609c_00439.jpg,1621,neutral,0.8169,0.9336,8,1041,373,1109,460
211,20230609c_00439.jpg,158,neutral,0.9393,0.9332,16,1467,373,1513,421
211,20230609c_00439.jpg,1654,buffering,0.0000,0.9281,2,1089,708,1148,806
211,20230609c_00439.jpg,1639,neutral,0.8362,0.9157,5,869,450,920,517
211,20230609c_00439.jpg,1520,neutral,0.9993,0.9123,16,982,374,1019,419
211,20230609c_00439.jpg,1620,neutral,0.9992,0.8975,8,666,372,727,419
211,20230609c_00439.jpg,1340,fanning,0.9936,0.8918,16,587,371,656,426
211,20230609c_00439.jpg,1665,buffering,0.0000,0.8905,1,838,411,916,459
211,20230609c_00439.jpg,1652,buffering,0.0000,0.8703,3,624,372,662,414
211,20230609c_00439.jpg,1611,neutral,0.9906,0.8555,10,845,371,887,398
211,20230609c_00439.jpg,1526,neutral,0.9993,0.7235,8,880,372,918,397
212,20230609c_00440.jpg,1660,buffering,0.0000,0.9409,2,670,400,729,497
212,20230609c_00440.jpg,1134,fanning,0.9930,0.9395,16,243,376,317,454
212,20230609c_00440.jpg,842,fanning,0.9988,0.9393,16,368,435,437,534
212,20230609c_00440.jpg,158,neutral,0.9534,0.9317,16,1465,373,1526,424
212,20230609c_00440.jpg,1654,buffering,0.0000,0.9289,3,1100,699,1151,788
212,20230609c_00440.jpg,1621,neutral,0.7882,0.9256,9,1045,373,1106,445
212,20230609c_00440.jpg,1639,fanning,0.5625,0.9209,6,872,419,930,512
212,20230609c_00440.jpg,1520,neutral,0.9993,0.9080,16,982,374,1020,418
212,20230609c_00440.jpg,1665,buffering,0.0000,0.8909,2,832,405,921,454
212,20230609c_00440.jpg,1340,fanning,0.9918,0.8841,16,585,371,657,421
212,20230609c_00440.jpg,1620,neutral,0.9996,0.8757,9,675,372,725,409
212,20230609c_00440.jpg,1652,neutral,0.9671,0.8661,4,620,372,658,408
212,20230609c_00440.jpg,1526,neutral,0.9993,0.8441,9,876,371,910,395
212,20230609c_00440.jpg,1674,buffering,0.0000,0.8221,1,782,372,816,393
213,20230609c_00441.jpg,1660,buffering,0.0000,0.9456,3,671,390,733,490
213,20230609c_00441.jpg,1639,fanning,0.9080,0.9409,7,877,422,934,505
213,20230609c_00441.jpg,1621,neutral,0.7137,0.9407,10,1042,373,1114,435
213,20230609c_00441.jpg,1134,fanning,0.9922,0.9400,16,243,375,317,454
213,20230609c_00441.jpg,842,fanning,0.9988,0.9393,16,368,435,439,535
213,20230609c_00441.jpg,158,neutral,0.9743,0.9359,16,1466,374,1512,420
213,20230609c_00441.jpg,1654,neutral,0.9483,0.9278,4,1104,665,1161,759
213,20230609c_00441.jpg,1312,neutral,0.9821,0.9127,8,994,870,1036,950
213,20230609c_00441.jpg,1520,neutral,0.9995,0.9074,16,981,372,1027,421
213,20230609c_00441.jpg,1340,fanning,0.9975,0.8912,16,585,372,664,415
213,20230609c_00441.jpg,1620,neutral,0.9996,0.8896,10,676,371,723,405
213,20230609c_00441.jpg,1665,buffering,0.0000,0.8818,3,827,396,912,442
213,20230609c_00441.jpg,1674,buffering,0.0000,0.8756,2,783,372,820,394
213,20230609c_00441.jpg,1526,neutral,0.9992,0.6208,10,877,372,914,397
214,20230609c_00442.jpg,842,fanning,0.9985,0.9417,16,368,434,437,531
214,20230609c_00442.jpg,1681,buffering,0.0000,0.9405,1,834,562,898,664
214,20230609c_00442.jpg,1639,fanning,0.9355,0.9400,8,887,407,942,493
214,20230609c_00442.jpg,1134,fanning,0.9905,0.9386,16,243,374,318,454
214,20230609c_00442.jpg,1660,neutral,0.9989,0.9386,4,674,379,743,477
214,20230609c_00442.jpg,1654,neutral,0.8839,0.9326,5,1105,636,1160,726
214,20230609c_00442.jpg,158,neutral,0.9785,0.9285,16,1468,373,1528,424
214,20230609c_00442.jpg,1621,uncertain,0.5202,0.9121,11,1047,372,1113,421
214,20230609c_00442.jpg,1520,neutral,0.9994,0.9017,16,979,372,1024,420
214,20230609c_00442.jpg,1340,fanning,0.9975,0.8930,16,588,371,647,412
214,20230609c_00442.jpg,1652,neutral,0.9763,0.8767,5,629,371,662,394
214,20230609c_00442.jpg,1620,neutral,0.9992,0.8426,11,677,372,720,397
215,20230609c_00443.jpg,1681,buffering,0.0000,0.9449,2,857,535,919,639
215,20230609c_00443.jpg,1654,neutral,0.9029,0.9414,6,1096,610,1154,689
215,20230609c_00443.jpg,842,fanning,0.9984,0.9405,16,367,434,437,535
215,20230609c_00443.jpg,1134,fanning,0.9893,0.9390,16,243,374,318,454
215,20230609c_00443.jpg,1639,fanning,0.9315,0.9379,9,889,374,948,473
215,20230609c_00443.jpg,1660,neutral,0.9994,0.9319,5,682,375,749,467
215,20230609c_00443.jpg,158,neutral,0.9759,0.9301,16,1467,373,1512,424
215,20230609c_00443.jpg,1621,uncertain,0.5197,0.9215,12,1056,373,1103,406
215,20230609c_00443.jpg,1447,neutral,0.9993,0.9204,6,920,804,964,876
215,20230609c_00443.jpg,1340,fanning,0.9953,0.8906,16,589,371,629,397
215,20230609c_00443.jpg,1603,neutral,0.9735,0.8297,4,774,373,849,464
215,20230609c_00443.jpg,1520,neutral,0.9992,0.8233,16,984,374,1023,413
215,20230609c_00443.jpg,1693,buffering,0.0000,0.8207,1,780,392,823,465
215,20230609c_00443.jpg,1620,neutral,0.9992,0.8069,12,680,373,720,394
215,20230609c_00443.jpg,1526,neutral,0.9993,0.7014,11,885,372,918,395
216,20230609c_00444.jpg,1681,buffering,0.0000,0.9446,3,888,512,955,616
216,20230609c_00444.jpg,842,fanning,0.9979,0.9395,16,367,434,439,534
216,20230609c_00444.jpg,1134,fanning,0.9885,0.9387,16,242,375,316,453
216,20230609c_00444.jpg,1660,neutral,0.9971,0.9381,6,689,370,755,456
216,20230609c_00444.jpg,1654,neutral,0.9497,0.9361,7,1088,589,1145,671
216,20230609c_00444.jpg,158,neutral,0.9826,0.9297,16,1464,373,1511,424
216,20230609c_00444.jpg,1639,fanning,0.9355,0.9284,10,903,379,959,456
216,20230609c_00444.jpg,1696,buffering,0.0000,0.9267,1,755,433,824,516
216,20230609c_00444.jpg,1447,neutral,0.9894,0.9091,7,902,778,955,854
216,20230609c_00444.jpg,1520,neutral,0.9990,0.8743,16,986,374,1021,408
216,20230609c_00444.jpg,1693,buffering,0.0000,0.8672,2,788,391,833,454
216,20230609c_00444.jpg,1526,neutral,0.9993,0.8586,12,885,372,916,395
216,20230609c_00444.jpg,1340,fanning,0.9809,0.8423,16,595,372,633,390
216,20230609c_00444.jpg,1620,neutral,0.9992,0.7972,13,675,373,709,391
216,20230609c_00444.jpg,1674,buffering,0.0000,0.6838,3,775,373,819,393
217,20230609c_00445.jpg,1681,neutral,0.9981,0.9454,4,924,505,995,603
217,20230609c_00445.jpg,842,fanning,0.9977,0.9421,16,367,433,438,534
217,20230609c_00445.jpg,1134,fanning,0.9853,0.9401,16,242,375,317,452
217,20230609c_00445.jpg,1654,neutral,0.9837,0.9361,8,1105,571,1167,660
217,20230609c_00445.jpg,1660,neutral,0.9968,0.9360,7,690,370,756,444
217,20230609c_00445.jpg,158,neutral,0.9856,0.9325,16,1466,373,1512,422
217,20230609c_00445.jpg,1693,buffering,0.0000,0.9315,3,772,382,851,481
217,20230609c_00445.jpg,1447,neutral,0.9111,0.9278,8,913,764,964,838
217,20230609c_00445.jpg,1639,fanning,0.9569,0.9214,11,898,372,963,444
217,20230609c_00445.jpg,1520,neutral,0.9987,0.8911,16,983,373,1019,404
218,20230609c_00446.jpg,1681,neutral,0.9952,0.9444,5,960,497,1021,595
218,20230609c_00446.jpg,842,fanning,0.9977,0.9416,16,367,436,437,532
218,20230609c_00446.jpg,1134,fanning,0.9770,0.9404,16,242,377,317,452
218,20230609c_00446.jpg,1639,fanning,0.9569,0.9367,12,904,373,963,439
218,20230609c_00446.jpg,1595,buffering,0.0000,0.9341,2,940,757,990,833
218,20230609c_00446.jpg,1703,buffering,0.0000,0.9340,1,1222,584,1286,669
218,20230609c_00446.jpg,1660,neutral,0.9971,0.9325,8,699,372,767,433
218,20230609c_00446.jpg,1654,neutral,0.9775,0.9303,9,1134,538,1187,637
218,20230609c_00446.jpg,158,neutral,0.9870,0.9282,16,1466,373,1512,422
218,20230609c_00446.jpg,1693,neutral,0.9926,0.9226,4,765,379,856,454
218,20230609c_00446.jpg,1704,buffering,0.0000,0.9061,1,856,908,898,976
219,20230609c_00447.jpg,1703,buffering,0.0000,0.9461,2,1239,544,1300,642
219,20230609c_00447.jpg,1681,neutral,0.9888,0.9440,6,970,480,1034,580
219,20230609c_00447.jpg,1134,fanning,0.9706,0.9390,16,242,382,316,452
219,20230609c_00447.jpg,842,fanning,0.9976,0.9388,16,368,435,439,534
219,20230609c_00447.jpg,1708,buffering,0.0000,0.9379,1,779,432,844,531
219,20230609c_00447.jpg,1654,neutral,0.9568,0.9369,10,1154,505,1219,595
219,20230609c_00447.jpg,158,neutral,0.9889,0.9346,16,1466,373,1514,421
219,20230609c_00447.jpg,1639,fanning,0.9556,0.9318,13,903,373,969,434
219,20230609c_00447.jpg,1660,neutral,0.9525,0.9184,9,706,372,761,426
219,20230609c_00447.jpg,1693,neutral,0.6040,0.9178,5,770,379,847,451
219,20230609c_00447.jpg,1595,buffering,0.0000,0.9010,3,935,781,970,841
219,20230609c_00447.jpg,1704,buffering,0.0000,0.8893,2,855,894,894,967
219,20230609c_00447.jpg,1526,neutral,0.9994,0.6535,13,882,372,907,390
220,20230609c_00448.jpg,1703,buffering,0.0000,0.9472,3,1261,511,1328,609
220,20230609c_00448.jpg,1681,neutral,0.9819,0.9443,7,978,455,1042,556
220,20230609c_00448.jpg,842,fanning,0.9976,0.9410,16,369,435,438,526
220,20230609c_00448.jpg,1708,buffering,0.0000,0.9401,2,782,445,859,523
220,20230609c_00448.jpg,1134,fanning,0.9929,0.9400,16,242,376,316,453
220,20230609c_00448.jpg,1693,fanning,0.7115,0.9334,6,763,374,838,441
220,20230609c_00448.jpg,158,neutral,0.9897,0.9329,16,1470,373,1513,422
220,20230609c_00448.jpg,1654,neutral,0.9533,0.9278,11,1136,450,1206,545
220,20230609c_00448.jpg,1639,fanning,0.9594,0.9197,14,899,372,967,439
220,20230609c_00448.jpg,1660,neutral,0.9558,0.9091,10,708,372,766,416
220,20230609c_00448.jpg,1447,neutral,0.7436,0.8939,9,905,763,951,817
220,20230609c_00448.jpg,1312,neutral,0.9848,0.8191,9,1036,935,1097,973
220,20230609c_00448.jpg,1526,neutral,0.9995,0.7422,14,886,372,909,390
221,20230609c_00449.jpg,1681,neutral,0.9628,0.9418,8,983,434,1051,532
221,20230609c_00449.jpg,842,fanning,0.9971,0.9399,16,369,435,437,526
221,20230609c_00449.jpg,1708,buffering,0.0000,0.9382,3,787,431,872,512
221,20230609c_00449.jpg,1134,fanning,0.9959,0.9381,16,242,380,316,452
221,20230609c_00449.jpg,158,neutral,0.9917,0.9370,16,1467,373,1516,422
221,20230609c_00449.jpg,1703,neutral,0.9994,0.9319,4,1281,459,1342,554
221,20230609c_00449.jpg,1693,fanning,0.9647,0.9267,7,761,373,839,440
221,20230609c_00449.jpg,1640,neutral,0.9994,0.9194,4,751,856,808,952
221,20230609c_00449.jpg,1639,fanning,0.8344,0.9146,15,897,373,963,439
221,20230609c_00449.jpg,1447,fanning,0.6334,0.9079,10,890,732,933,797
221,20230609c_00449.jpg,1660,neutral,0.9996,0.9024,11,716,372,761,412
222,20230609c_00450.jpg,1703,neutral,0.9970,0.9501,5,1247,418,1331,495
222,20230609c_00450.jpg,1681,neutral,0.9901,0.9468,9,976,420,1040,515
222,20230609c_00450.jpg,842,fanning,0.9976,0.9392,16,367,435,438,535
222,20230609c_00450.jpg,1708,neutral,0.9973,0.9376,4,794,420,874,501
222,20230609c_00450.jpg,1134,fanning,0.9972,0.9338,16,241,382,318,451
222,20230609c_00450.jpg,158,neutral,0.9904,0.9321,16,1468,372,1514,425
222,20230609c_00450.jpg,1693,fanning,0.9868,0.9199,8,760,373,837,439
222,20230609c_00450.jpg,1447,uncertain,0.5072,0.9145,11,884,700,924,761
222,20230609c_00450.jpg,1639,fanning,0.8350,0.9101,16,900,373,964,431
222,20230609c_00450.jpg,1660,neutral,0.9997,0.8951,12,710,371,759,410
222,20230609c_00450.jpg,1526,neutral,0.9995,0.5531,15,885,372,912,389
223,20230609c_00451.jpg,1708,neutral,0.9651,0.9429,5,810,400,881,492
223,20230609c_00451.jpg,158,neutral,0.9908,0.9420,16,1466,373,1516,422
223,20230609c_00451.jpg,842,fanning,0.9975,0.9386,16,368,435,438,534
223,20230609c_00451.jpg,1134,fanning,0.9967,0.9332,16,242,382,321,451
223,20230609c_00451.jpg,1639,fanning,0.7526,0.9200,16,905,372,967,429
223,20230609c_00451.jpg,1693,fanning,0.9888,0.9170,9,757,373,832,441
223,20230609c_00451.jpg,1660,neutral,0.9997,0.8532,13,712,371,759,403
223,20230609c_00451.jpg,1526,neutral,0.9994,0.7586,16,893,373,919,391
224,20230609c_00452.jpg,1708,fanning,0.7399,0.9461,6,821,399,885,488
224,20230609c_00452.jpg,158,neutral,0.9906,0.9417,16,1466,372,1517,422
224,20230609c_00452.jpg,842,fanning,0.9974,0.9407,16,368,436,437,524
224,20230609c_00452.jpg,1681,neutral,0.9851,0.9401,10,1008,374,1074,447
224,20230609c_00452.jpg,1730,buffering,0.0000,0.9396,1,969,418,1025,504
224,20230609c_00452.jpg,1134,fanning,0.9953,0.9329,16,241,389,315,451
224,20230609c_00452.jpg,1639,fanning,0.6781,0.9315,16,914,373,979,426
224,20230609c_00452.jpg,1654,neutral,0.9129,0.9300,12,1176,374,1258,447
224,20230609c_00452.jpg,1693,fanning,0.9961,0.9139,10,758,372,834,429
224,20230609c_00452.jpg,1660,neutral,0.9997,0.8755,14,713,372,753,397
225,20230609c_00453.jpg,1730,buffering,0.0000,0.9472,2,970,420,1028,514
225,20230609c_00453.jpg,1708,fanning,0.7535,0.9454,7,830,381,891,478
225,20230609c_00453.jpg,1681,neutral,0.9752,0.9428,11,1010,372,1073,442
225,20230609c_00453.jpg,1654,neutral,0.8468,0.9409,13,1177,373,1254,448
225,20230609c_00453.jpg,842,fanning,0.9974,0.9405,16,367,435,437,533
225,20230609c_00453.jpg,158,neutral,0.9909,0.9392,16,1466,373,1515,422
225,20230609c_00453.jpg,1134,fanning,0.9956,0.9365,16,242,383,319,452
225,20230609c_00453.jpg,1639,fanning,0.7071,0.9329,16,924,373,991,419
225,20230609c_00453.jpg,1737,buffering,0.0000,0.9288,1,1230,821,1283,920
225,20230609c_00453.jpg,1693,fanning,0.9943,0.9214,11,755,371,834,419
225,20230609c_00453.jpg,1741,buffering,0.0000,0.9043,1,515,768,560,851
225,20230609c_00453.jpg,1660,neutral,0.9997,0.8774,15,712,372,751,395
225,20230609c_00453.jpg,1738,buffering,0.0000,0.8085,1,550,813,598,857
226,20230609c_00454.jpg,1730,buffering,0.0000,0.9433,3,969,414,1030,511
226,20230609c_00454.jpg,842,fanning,0.9971,0.9381,16,368,435,438,533
226,20230609c_00454.jpg,1134,fanning,0.9962,0.9360,16,243,382,320,452
226,20230609c_00454.jpg,1681,neutral,0.9864,0.9342,12,1007,372,1069,438
226,20230609c_00454.jpg,1708,fanning,0.8669,0.9320,8,827,371,894,464
226,20230609c_00454.jpg,158,neutral,0.9918,0.9305,16,1465,374,1514,423
226,20230609c_00454.jpg,1639,fanning,0.9321,0.9301,16,932,372,995,417
226,20230609c_00454.jpg,1737,buffering,0.0000,0.9253,2,1227,807,1287,916
226,20230609c_00454.jpg,1654,neutral,0.8761,0.9180,14,1173,372,1261,445
226,20230609c_00454.jpg,1741,buffering,0.0000,0.9123,2,514,752,567,831
226,20230609c_00454.jpg,1693,fanning,0.9966,0.8897,12,760,372,830,415
226,20230609c_00454.jpg,1660,neutral,0.9997,0.7921,16,709,371,744,390
227,20230609c_00455.jpg,1708,fanning,0.7686,0.9430,9,835,371,894,459
227,20230609c_00455.jpg,842,fanning,0.9973,0.9399,16,367,437,436,523
227,20230609c_00455.jpg,1730,neutral,0.9997,0.9368,4,958,375,1021,481
227,20230609c_00455.jpg,158,neutral,0.9919,0.9357,16,1465,374,1518,422
227,20230609c_00455.jpg,1134,fanning,0.9962,0.9339,16,243,382,324,452
227,20230609c_00455.jpg,1681,neutral,0.9877,0.9262,13,1012,374,1075,439
227,20230609c_00455.jpg,1654,neutral,0.8816,0.9189,15,1164,373,1259,445
227,20230609c_00455.jpg,1737,buffering,0.0000,0.9119,3,1186,798,1258,900
227,20230609c_00455.jpg,1693,fanning,0.9982,0.8975,13,764,371,826,410
227,20230609c_00455.jpg,1746,buffering,0.0000,0.8619,1,1156,879,1215,919
227,20230609c_00455.jpg,1639,fanning,0.8508,0.8013,16,939,374,991,415
228,20230609c_00456.jpg,842,fanning,0.9972,0.9413,16,366,435,436,535
228,20230609c_00456.jpg,158,neutral,0.9891,0.9321,16,1464,374,1515,421
228,20230609c_00456.jpg,1134,fanning,0.9914,0.9318,16,242,392,316,452
228,20230609c_00456.jpg,1708,fanning,0.8521,0.9308,10,833,369,894,448
228,20230609c_00456.jpg,1654,neutral,0.9092,0.9114,16,1157,374,1248,447
228,20230609c_00456.jpg,1693,fanning,0.9985,0.9056,14,762,371,811,399
228,20230609c_00456.jpg,1746,buffering,0.0000,0.9024,2,1154,877,1205,930
228,20230609c_00456.jpg,1681,neutral,0.9827,0.8994,14,1017,373,1074,437
228,20230609c_00456.jpg,1639,fanning,0.6038,0.8593,16,947,374,992,414
229,20230609c_00457.jpg,1674,neutral,0.9992,0.9581,4,766,371,814,394
229,20230609c_00457.jpg,842,fanning,0.9971,0.9384,16,368,436,438,530
229,20230609c_00457.jpg,1134,fanning,0.9912,0.9329,16,242,389,320,450
229,20230609c_00457.jpg,1654,neutral,0.9418,0.9274,16,1150,376,1236,446
229,20230609c_00457.jpg,158,neutral,0.9468,0.9268,16,1455,374,1513,431
229,20230609c_00457.jpg,1708,fanning,0.9308,0.9255,11,834,370,892,445
229,20230609c_00457.jpg,1681,neutral,0.9761,0.8801,15,1021,372,1074,433
229,20230609c_00457.jpg,1746,buffering,0.0000,0.8670,3,1144,882,1178,937
229,20230609c_00457.jpg,1639,neutral,0.6492,0.8360,16,947,373,1001,412
230,20230609c_00458.jpg,842,fanning,0.9974,0.9407,16,368,434,439,523
230,20230609c_00458.jpg,158,neutral,0.8325,0.9303,16,1461,373,1512,431
230,20230609c_00458.jpg,1708,fanning,0.9335,0.9292,12,838,370,896,441
230,20230609c_00458.jpg,1134,fanning,0.9899,0.9288,16,242,391,319,448
230,20230609c_00458.jpg,1595,neutral,0.6303,0.9255,4,916,750,976,847
230,20230609c_00458.jpg,1654,neutral,0.9811,0.9222,16,1149,372,1230,446
230,20230609c_00458.jpg,1674,neutral,0.9991,0.8949,5,764,371,811,394
230,20230609c_00458.jpg,1730,neutral,0.9994,0.8789,5,983,372,1036,438
230,20230609c_00458.jpg,1758,buffering,0.0000,0.8198,1,1190,1048,1252,1080
230,20230609c_00458.jpg,1639,neutral,0.6391,0.8100,16,948,373,1000,411
231,20230609c_00459.jpg,842,fanning,0.9973,0.9425,16,366,435,437,532
231,20230609c_00459.jpg,158,neutral,0.7465,0.9296,16,1461,373,1513,433
231,20230609c_00459.jpg,1134,fanning,0.9899,0.9291,16,242,392,320,448
231,20230609c_00459.jpg,1761,buffering,0.0000,0.9269,1,717,635,766,713
231,20230609c_00459.jpg,1708,fanning,0.9462,0.9262,13,838,369,896,436
231,20230609c_00459.jpg,1654,neutral,0.9832,0.9193,16,1144,372,1222,439
231,20230609c_00459.jpg,1746,neutral,0.9990,0.9130,4,1118,910,1162,976
231,20230609c_00459.jpg,1674,neutral,0.9982,0.8934,6,763,371,806,393
231,20230609c_00459.jpg,1639,neutral,0.5640,0.8047,16,952,374,989,410
232,20230609c_00460.jpg,842,fanning,0.9977,0.9401,16,368,435,439,533
232,20230609c_00460.jpg,1761,buffering,0.0000,0.9370,2,694,618,750,698
232,20230609c_00460.jpg,1654,neutral,0.9852,0.9343,16,1143,372,1216,441
232,20230609c_00460.jpg,1134,fanning,0.9874,0.9312,16,242,393,320,448
232,20230609c_00460.jpg,158,fanning,0.6560,0.9279,16,1460,373,1512,433
232,20230609c_00460.jpg,1708,fanning,0.9540,0.9263,14,838,369,898,436
232,20230609c_00460.jpg,1674,neutral,0.9967,0.9115,7,761,371,804,396
233,20230609c_00461.jpg,842,fanning,0.9977,0.9403,16,367,435,438,524
233,20230609c_00461.jpg,1654,neutral,0.9642,0.9391,16,1134,372,1202,437
233,20230609c_00461.jpg,158,fanning,0.8794,0.9292,16,1458,373,1511,432
233,20230609c_00461.jpg,1134,fanning,0.9747,0.9284,16,242,393,319,449
233,20230609c_00461.jpg,1708,fanning,0.9487,0.9276,15,838,369,895,433
233,20230609c_00461.jpg,1674,neutral,0.9955,0.9023,8,753,372,817,399
234,20230609c_00462.jpg,842,fanning,0.9974,0.9406,16,369,433,436,534
234,20230609c_00462.jpg,1654,neutral,0.9868,0.9364,16,1137,373,1194,430
234,20230609c_00462.jpg,1134,fanning,0.9741,0.9306,16,243,392,317,450
234,20230609c_00462.jpg,1776,buffering,0.0000,0.9298,1,470,613,525,703
234,20230609c_00462.jpg,158,fanning,0.9355,0.9279,16,1454,372,1511,433
234,20230609c_00462.jpg,1708,fanning,0.9655,0.9221,16,838,370,896,432
234,20230609c_00462.jpg,1730,neutral,0.9987,0.9212,6,978,372,1061,428
234,20230609c_00462.jpg,1674,neutral,0.9961,0.9043,9,756,372,799,399
235,20230609c_00463.jpg,842,fanning,0.9971,0.9414,16,369,432,440,534
235,20230609c_00463.jpg,1776,buffering,0.0000,0.9381,2,462,580,518,670
235,20230609c_00463.jpg,1134,fanning,0.9803,0.9339,16,243,392,316,451
235,20230609c_00463.jpg,1730,neutral,0.9989,0.9327,7,984,371,1068,422
235,20230609c_00463.jpg,158,fanning,0.9670,0.9244,16,1454,372,1509,432
235,20230609c_00463.jpg,1708,fanning,0.9308,0.9224,16,838,369,897,433
235,20230609c_00463.jpg,1654,neutral,0.9827,0.9212,16,1133,375,1186,418
235,20230609c_00463.jpg,1786,buffering,0.0000,0.9193,1,154,700,210,764
235,20230609c_00463.jpg,1674,neutral,0.9970,0.8986,10,751,372,797,398
236,20230609c_00464.jpg,842,fanning,0.9976,0.9421,16,369,433,437,530
236,20230609c_00464.jpg,1134,fanning,0.9802,0.9373,16,242,390,316,452
236,20230609c_00464.jpg,1730,neutral,0.9982,0.9277,8,992,371,1075,419
236,20230609c_00464.jpg,1654,neutral,0.9829,0.9251,16,1131,373,1174,413
236,20230609c_00464.jpg,158,fanning,0.9798,0.9204,16,1452,372,1506,431
236,20230609c_00464.jpg,1708,fanning,0.8777,0.9116,16,836,369,895,432
236,20230609c_00464.jpg,1674,neutral,0.9962,0.9093,11,734,371,796,399
236,20230609c_00464.jpg,1786,buffering,0.0000,0.8913,2,171,679,224,754
237,20230609c_00465.jpg,842,fanning,0.9987,0.9385,16,370,434,435,533
237,20230609c_00465.jpg,1134,fanning,0.9812,0.9382,16,244,389,316,454
237,20230609c_00465.jpg,1730,neutral,0.9963,0.9311,9,1000,371,1079,415
237,20230609c_00465.jpg,158,fanning,0.9896,0.9246,16,1445,373,1508,431
237,20230609c_00465.jpg,1708,fanning,0.8127,0.9205,16,836,369,895,432
237,20230609c_00465.jpg,1674,neutral,0.9932,0.9132,12,733,371,796,400
237,20230609c_00465.jpg,1654,neutral,0.9929,0.9015,16,1131,373,1171,405
237,20230609c_00465.jpg,1786,buffering,0.0000,0.8998,3,174,648,233,718
238,20230609c_00466.jpg,1134,fanning,0.9797,0.9398,16,245,388,315,454
238,20230609c_00466.jpg,842,fanning,0.9989,0.9385,16,369,436,434,532
238,20230609c_00466.jpg,1786,neutral,0.9996,0.9313,4,164,612,245,683
238,20230609c_00466.jpg,1730,neutral,0.9929,0.9290,10,999,370,1082,416
238,20230609c_00466.jpg,158,fanning,0.9896,0.9198,16,1452,372,1507,426
238,20230609c_00466.jpg,1708,fanning,0.8329,0.9166,16,835,371,892,431
238,20230609c_00466.jpg,1674,neutral,0.9974,0.9122,13,733,371,778,397
238,20230609c_00466.jpg,1654,neutral,0.9933,0.9018,16,1125,372,1167,396
239,20230609c_00467.jpg,1134,fanning,0.9815,0.9392,16,244,387,318,454
239,20230609c_00467.jpg,842,fanning,0.9988,0.9357,16,369,434,435,534
239,20230609c_00467.jpg,158,fanning,0.9879,0.9269,16,1455,373,1510,426
239,20230609c_00467.jpg,1730,neutral,0.9842,0.9244,11,996,370,1078,413
239,20230609c_00467.jpg,1708,fanning,0.8314,0.9210,16,834,369,892,431
239,20230609c_00467.jpg,1674,neutral,0.9969,0.9108,14,717,371,781,398
239,20230609c_00467.jpg,1786,neutral,0.9979,0.8314,5,193,572,239,644
239,20230609c_00467.jpg,1654,neutral,0.9953,0.8061,16,1124,372,1163,391
240,20230609c_00468.jpg,1134,fanning,0.9796,0.9381,16,245,386,318,455
240,20230609c_00468.jpg,1730,neutral,0.9642,0.9359,12,1001,372,1082,411
240,20230609c_00468.jpg,842,fanning,0.9986,0.9324,16,367,435,438,532
240,20230609c_00468.jpg,1808,buffering,0.0000,0.9322,1,260,644,334,727
240,20230609c_00468.jpg,158,fanning,0.9897,0.9270,16,1450,373,1512,431
240,20230609c_00468.jpg,1708,fanning,0.6458,0.9251,16,833,371,892,431
240,20230609c_00468.jpg,1810,buffering,0.0000,0.9229,1,663,387,727,461
240,20230609c_00468.jpg,1786,neutral,0.9914,0.8982,6,186,533,243,609
240,20230609c_00468.jpg,1674,neutral,0.9966,0.8951,15,728,371,773,399
241,20230609c_00469.jpg,1134,fanning,0.9794,0.9403,16,242,375,317,453
241,20230609c_00469.jpg,842,fanning,0.9985,0.9359,16,367,436,437,524
241,20230609c_00469.jpg,1730,neutral,0.9363,0.9340,13,1006,371,1086,410
241,20230609c_00469.jpg,158,fanning,0.9911,0.9323,16,1444,372,1512,433
241,20230609c_00469.jpg,1708,fanning,0.6922,0.9302,16,832,370,890,429
241,20230609c_00469.jpg,1808,buffering,0.0000,0.9268,2,299,644,374,723
241,20230609c_00469.jpg,1786,neutral,0.9861,0.9238,7,168,485,244,575
241,20230609c_00469.jpg,1810,buffering,0.0000,0.9224,2,689,371,762,461
241,20230609c_00469.jpg,1813,buffering,0.0000,0.9194,1,659,822,711,896
241,20230609c_00469.jpg,1674,neutral,0.9973,0.8082,16,725,372,774,398
242,20230609c_00470.jpg,842,fanning,0.9985,0.9402,16,369,433,438,524
242,20230609c_00470.jpg,1134,fanning,0.9794,0.9339,16,243,377,317,453
242,20230609c_00470.jpg,158,fanning,0.9918,0.9301,16,1446,372,1511,432
242,20230609c_00470.jpg,1813,buffering,0.0000,0.9301,2,671,806,733,902
242,20230609c_00470.jpg,1708,fanning,0.7221,0.9294,16,833,370,893,425
242,20230609c_00470.jpg,1786,neutral,0.8653,0.9257,8,170,434,240,501
242,20230609c_00470.jpg,1810,buffering,0.0000,0.9231,3,701,373,762,465
242,20230609c_00470.jpg,1730,neutral,0.8604,0.8896,14,1009,371,1088,408
243,20230609c_00471.jpg,842,fanning,0.9985,0.9414,16,372,434,438,524
243,20230609c_00471.jpg,1810,neutral,0.9994,0.9369,4,718,370,775,456
243,20230609c_00471.jpg,1819,buffering,0.0000,0.9328,1,984,585,1033,668
243,20230609c_00471.jpg,1813,buffering,0.0000,0.9326,3,693,785,743,876
243,20230609c_00471.jpg,1708,fanning,0.7176,0.9324,16,832,370,893,421
243,20230609c_00471.jpg,158,fanning,0.9923,0.9295,16,1451,373,1514,432
243,20230609c_00471.jpg,1134,fanning,0.9755,0.9032,16,202,374,316,453
243,20230609c_00471.jpg,1730,neutral,0.7362,0.8983,15,1012,371,1089,414
244,20230609c_00472.jpg,1819,buffering,0.0000,0.9426,2,974,574,1035,662
244,20230609c_00472.jpg,842,fanning,0.9986,0.9410,16,372,434,439,525
244,20230609c_00472.jpg,158,fanning,0.9931,0.9298,16,1448,373,1513,432
244,20230609c_00472.jpg,1813,neutral,0.9996,0.9203,4,699,732,755,841
244,20230609c_00472.jpg,1827,buffering,0.0000,0.9192,1,702,1000,768,1079
244,20230609c_00472.jpg,1810,neutral,0.9990,0.9138,5,730,372,797,443
244,20230609c_00472.jpg,1708,fanning,0.7025,0.9119,16,835,371,885,419
244,20230609c_00472.jpg,1730,neutral,0.6630,0.8681,16,1017,372,1084,417
244,20230609c_00472.jpg,1134,fanning,0.9771,0.8286,16,245,376,306,452
245,20230609c_00473.jpg,1134,fanning,0.9722,0.9412,16,244,372,318,451
245,20230609c_00473.jpg,842,fanning,0.9985,0.9398,16,372,435,438,526
245,20230609c_00473.jpg,1819,buffering,0.0000,0.9371,3,975,563,1029,646
245,20230609c_00473.jpg,158,fanning,0.9925,0.9318,16,1445,373,1510,433
245,20230609c_00473.jpg,1810,neutral,0.9990,0.9197,6,732,372,797,440
245,20230609c_00473.jpg,1708,fanning,0.6680,0.9115,16,836,371,889,417
245,20230609c_00473.jpg,1730,fanning,0.6119,0.8961,16,1015,372,1105,418
246,20230609c_00474.jpg,1134,fanning,0.9691,0.9444,16,245,370,318,451
246,20230609c_00474.jpg,1833,buffering,0.0000,0.9360,1,217,889,304,980
246,20230609c_00474.jpg,1810,neutral,0.9988,0.9342,7,730,372,793,440
246,20230609c_00474.jpg,842,fanning,0.9988,0.9334,16,367,436,436,527
246,20230609c_00474.jpg,158,fanning,0.9917,0.9298,16,1444,373,1511,432
246,20230609c_00474.jpg,1837,buffering,0.0000,0.9180,1,366,365,449,430
246,20230609c_00474.jpg,1708,fanning,0.6920,0.9134,16,838,370,892,416
246,20230609c_00474.jpg,1730,fanning,0.9271,0.8562,16,1019,372,1079,405
247,20230609c_00475.jpg,1134,fanning,0.9625,0.9442,16,245,370,314,452
247,20230609c_00475.jpg,1833,buffering,0.0000,0.9353,2,243,919,339,1008
247,20230609c_00475.jpg,1810,neutral,0.9981,0.9336,8,731,372,798,436
247,20230609c_00475.jpg,1837,buffering,0.0000,0.9334,2,364,366,426,430
247,20230609c_00475.jpg,1741,buffering,0.0000,0.9326,3,526,623,591,744
247,20230609c_00475.jpg,158,fanning,0.9901,0.9275,16,1444,373,1509,430
247,20230609c_00475.jpg,842,fanning,0.9988,0.9257,16,372,438,437,529
247,20230609c_00475.jpg,1708,fanning,0.6768,0.9150,16,835,370,886,416
247,20230609c_00475.jpg,1844,buffering,0.0000,0.9067,1,758,599,814,696
247,20230609c_00475.jpg,1730,fanning,0.8592,0.8119,16,1028,373,1081,396
248,20230609c_00476.jpg,1741,neutral,0.9981,0.9425,4,513,572,581,680
248,20230609c_00476.jpg,1134,fanning,0.9559,0.9404,16,245,370,315,452
248,20230609c_00476.jpg,1810,neutral,0.9958,0.9325,9,735,373,805,430
248,20230609c_00476.jpg,1837,buffering,0.0000,0.9307,3,367,367,429,425
248,20230609c_00476.jpg,1844,buffering,0.0000,0.9303,2,727,564,791,664
248,20230609c_00476.jpg,158,fanning,0.9876,0.9267,16,1444,374,1510,432
248,20230609c_00476.jpg,1708,fanning,0.6633,0.9148,16,836,370,888,418
248,20230609c_00476.jpg,842,fanning,0.9987,0.9080,16,373,439,440,531
248,20230609c_00476.jpg,1730,fanning,0.7927,0.7379,16,1026,373,1081,406
249,20230609c_00477.jpg,1741,neutral,0.9911,0.9481,5,526,550,588,646
249,20230609c_00477.jpg,1134,fanning,0.9668,0.9407,16,245,372,315,453
249,20230609c_00477.jpg,158,fanning,0.9835,0.9365,16,1439,373,1508,429
249,20230609c_00477.jpg,1595,fanning,0.6507,0.9310,5,883,782,934,890
249,20230609c_00477.jpg,1837,neutral,0.7125,0.9258,4,363,367,426,421
249,20230609c_00477.jpg,1810,neutral,0.9779,0.9246,10,740,373,812,424
249,20230609c_00477.jpg,842,fanning,0.9982,0.9134,16,368,441,435,533
249,20230609c_00477.jpg,1708,fanning,0.6159,0.9094,16,835,370,895,420
249,20230609c_00477.jpg,1730,fanning,0.7113,0.7287,16,1034,373,1081,399
250,20230609c_00478.jpg,1741,neutral,0.7665,0.9434,6,537,548,602,648
250,20230609c_00478.jpg,1134,fanning,0.9710,0.9401,16,244,372,315,453
250,20230609c_00478.jpg,1595,fanning,0.8173,0.9378,6,896,735,952,835
250,20230609c_00478.jpg,1837,fanning,0.5771,0.9370,5,368,368,437,420
250,20230609c_00478.jpg,1761,buffering,0.0000,0.9365,3,584,494,653,585
250,20230609c_00478.jpg,158,fanning,0.9710,0.9322,16,1437,373,1507,425
250,20230609c_00478.jpg,1708,fanning,0.5647,0.9190,16,840,371,893,421
250,20230609c_00478.jpg,842,fanning,0.9977,0.9114,16,371,438,436,529
250,20230609c_00478.jpg,1810,neutral,0.9814,0.8916,11,747,372,793,407
251,20230609c_00479.jpg,1134,fanning,0.9747,0.9419,16,243,372,315,451
251,20230609c_00479.jpg,1741,fanning,0.6087,0.9395,7,525,549,585,658
251,20230609c_00479.jpg,1868,buffering,0.0000,0.9378,1,436,945,504,1062
251,20230609c_00479.jpg,1837,fanning,0.7845,0.9306,6,367,367,447,414
251,20230609c_00479.jpg,158,fanning,0.9492,0.9288,16,1441,374,1509,426
251,20230609c_00479.jpg,1867,buffering,0.0000,0.9252,1,1052,371,1124,450
251,20230609c_00479.jpg,1708,fanning,0.6366,0.9192,16,839,370,893,422
251,20230609c_00479.jpg,842,fanning,0.9975,0.9033,16,372,436,438,528
251,20230609c_00479.jpg,1810,neutral,0.9894,0.8867,12,749,372,794,400
252,20230609c_00480.jpg,1872,buffering,0.0000,0.9452,1,1398,504,1461,593
252,20230609c_00480.jpg,1134,fanning,0.9853,0.9444,16,244,370,315,451
252,20230609c_00480.jpg,1874,buffering,0.0000,0.9373,1,669,416,714,501
252,20230609c_00480.jpg,158,fanning,0.9216,0.9306,16,1434,373,1507,429
252,20230609c_00480.jpg,1876,buffering,0.0000,0.9298,1,523,930,598,1021
252,20230609c_00480.jpg,1867,buffering,0.0000,0.9294,2,1058,371,1133,446
252,20230609c_00480.jpg,1873,buffering,0.0000,0.9288,1,907,661,964,756
252,20230609c_00480.jpg,1708,fanning,0.7203,0.9226,16,838,370,894,423
252,20230609c_00480.jpg,842,fanning,0.9971,0.9127,16,376,434,438,530
253,20230609c_00481.jpg,1872,buffering,0.0000,0.9428,2,1378,489,1443,576
253,20230609c_00481.jpg,1134,fanning,0.9840,0.9419,16,243,371,313,452
253,20230609c_00481.jpg,1874,buffering,0.0000,0.9370,2,652,401,728,491
253,20230609c_00481.jpg,158,fanning,0.8849,0.9356,16,1443,374,1510,429
253,20230609c_00481.jpg,1867,buffering,0.0000,0.9336,3,1059,370,1125,441
253,20230609c_00481.jpg,1873,buffering,0.0000,0.9280,2,915,613,979,721
253,20230609c_00481.jpg,1837,fanning,0.9619,0.9253,7,379,368,461,409
253,20230609c_00481.jpg,842,fanning,0.9977,0.9180,16,382,428,451,534
253,20230609c_00481.jpg,1708,fanning,0.7316,0.9168,16,837,371,896,424
253,20230609c_00481.jpg,1881,buffering,0.0000,0.8964,1,616,939,703,1019
253,20230609c_00481.jpg,1882,buffering,0.0000,0.8562,1,0,705,31,808
254,20230609c_00482.jpg,1867,neutral,0.9971,0.9408,4,1062,371,1131,439
254,20230609c_00482.jpg,1134,fanning,0.9936,0.9406,16,243,370,315,451
254,20230609c_00482.jpg,1874,buffering,0.0000,0.9362,3,628,400,707,488
254,20230609c_00482.jpg,158,fanning,0.8813,0.9347,16,1451,374,1512,429
254,20230609c_00482.jpg,1708,fanning,0.7162,0.9181,16,837,371,889,425
254,20230609c_00482.jpg,1827,buffering,0.0000,0.8839,2,720,958,833,1046
254,20230609c_00482.jpg,1882,buffering,0.0000,0.8833,2,0,675,38,767
254,20230609c_00482.jpg,842,fanning,0.9937,0.8671,16,381,440,437,528
255,20230609c_00483.jpg,1874,neutral,0.9941,0.9444,4,615,390,678,488
255,20230609c_00483.jpg,1134,fanning,0.9976,0.9401,16,242,370,316,450
255,20230609c_00483.jpg,158,fanning,0.9014,0.9326,16,1444,374,1509,429
255,20230609c_00483.jpg,1867,neutral,0.9870,0.9253,5,1059,374,1132,433
255,20230609c_00483.jpg,1882,buffering,0.0000,0.9211,3,0,649,70,726
255,20230609c_00483.jpg,1708,fanning,0.6953,0.9201,16,837,370,897,426
255,20230609c_00483.jpg,842,fanning,0.9964,0.9151,16,378,440,436,526
255,20230609c_00483.jpg,1896,buffering,0.0000,0.9111,1,347,397,398,487
256,20230609c_00484.jpg,1874,neutral,0.9705,0.9364,5,598,390,659,482
256,20230609c_00484.jpg,158,fanning,0.9394,0.9320,16,1451,374,1513,429
256,20230609c_00484.jpg,1881,buffering,0.0000,0.9280,2,638,918,687,999
256,20230609c_00484.jpg,1134,fanning,0.9987,0.9272,16,242,374,314,448
256,20230609c_00484.jpg,1867,neutral,0.9887,0.9199,6,1058,371,1131,428
256,20230609c_00484.jpg,1708,fanning,0.6758,0.9177,16,840,371,907,425
256,20230609c_00484.jpg,1896,buffering,0.0000,0.9135,2,366,395,423,483
256,20230609c_00484.jpg,842,fanning,0.9964,0.8678,16,381,446,430,525
257,20230609c_00485.jpg,1874,neutral,0.9578,0.9361,6,589,389,649,483
257,20230609c_00485.jpg,158,fanning,0.9449,0.9327,16,1446,373,1511,429
257,20230609c_00485.jpg,1708,fanning,0.6108,0.9130,16,841,371,903,424
257,20230609c_00485.jpg,1867,neutral,0.9964,0.9128,7,1083,373,1124,412
257,20230609c_00485.jpg,1907,buffering,0.0000,0.9094,1,255,369,329,480
257,20230609c_00485.jpg,1896,buffering,0.0000,0.9087,3,388,394,444,480
257,20230609c_00485.jpg,1134,fanning,0.9981,0.8290,16,241,378,301,449
257,20230609c_00485.jpg,842,fanning,0.9974,0.7394,16,381,455,422,525
258,20230609c_00486.jpg,158,fanning,0.9616,0.9426,16,1452,374,1513,430
258,20230609c_00486.jpg,1874,neutral,0.7967,0.9346,7,575,377,641,476
258,20230609c_00486.jpg,1913,buffering,0.0000,0.9342,1,1032,384,1090,475
258,20230609c_00486.jpg,1914,buffering,0.0000,0.9331,1,1219,390,1272,475
258,20230609c_00486.jpg,1896,fanning,0.9991,0.9227,4,399,390,462,474
258,20230609c_00486.jpg,1907,buffering,0.0000,0.9127,2,244,369,338,448
258,20230609c_00486.jpg,1708,fanning,0.5902,0.9095,16,842,371,902,418
258,20230609c_00486.jpg,1134,fanning,0.9980,0.8866,16,241,374,318,447
258,20230609c_00486.jpg,842,fanning,0.9960,0.8795,16,380,444,420,526
258,20230609c_00486.jpg,1867,neutral,0.9971,0.8734,8,1089,374,1125,403
258,20230609c_00486.jpg,1920,buffering,0.0000,0.6125,1,416,466,436,524
259,20230609c_00487.jpg,158,fanning,0.9503,0.9402,16,1441,373,1513,426
259,20230609c_00487.jpg,1913,buffering,0.0000,0.9326,2,1029,382,1084,473
259,20230609c_00487.jpg,1914,buffering,0.0000,0.9322,2,1210,374,1269,461
259,20230609c_00487.jpg,1896,fanning,0.9990,0.9317,5,416,389,479,469
259,20230609c_00487.jpg,842,fanning,0.9962,0.9276,16,375,439,441,527
259,20230609c_00487.jpg,1134,fanning,0.9986,0.9251,16,240,377,317,445
259,20230609c_00487.jpg,1874,uncertain,0.5046,0.9195,8,544,374,640,457
259,20230609c_00487.jpg,1708,fanning,0.6554,0.9053,16,850,371,908,416
259,20230609c_00487.jpg,1738,buffering,0.0000,0.8889,2,1114,829,1158,896
259,20230609c_00487.jpg,1867,neutral,0.9978,0.8420,9,1097,373,1132,393
260,20230609c_00488.jpg,1914,buffering,0.0000,0.9387,3,1212,373,1269,457
260,20230609c_00488.jpg,1896,fanning,0.9991,0.9376,6,436,380,524,471
260,20230609c_00488.jpg,158,fanning,0.9512,0.9324,16,1433,373,1507,427
260,20230609c_00488.jpg,1134,fanning,0.9986,0.9313,16,238,374,315,446
260,20230609c_00488.jpg,842,fanning,0.9959,0.9289,16,375,437,439,527
260,20230609c_00488.jpg,1874,fanning,0.6059,0.9263,9,542,373,631,459
260,20230609c_00488.jpg,1913,buffering,0.0000,0.9254,3,1028,374,1089,468
260,20230609c_00488.jpg,1708,fanning,0.6914,0.9101,16,846,371,904,416
261,20230609c_00489.jpg,1914,neutral,0.9995,0.9389,4,1210,372,1267,448
261,20230609c_00489.jpg,1896,fanning,0.9994,0.9381,7,457,373,536,477
261,20230609c_00489.jpg,1874,fanning,0.5635,0.9381,10,547,370,626,457
261,20230609c_00489.jpg,1134,fanning,0.9983,0.9349,16,239,375,319,448
261,20230609c_00489.jpg,158,fanning,0.9555,0.9337,16,1451,374,1509,427
261,20230609c_00489.jpg,842,fanning,0.9958,0.9215,16,377,434,435,528
261,20230609c_00489.jpg,1913,neutral,0.9974,0.9132,4,1023,375,1086,465
261,20230609c_00489.jpg,1708,fanning,0.7929,0.9019,16,849,371,911,413
261,20230609c_00489.jpg,1939,buffering,0.0000,0.8987,1,363,366,424,437
261,20230609c_00489.jpg,1934,buffering,0.0000,0.8104,1,459,372,540,398
262,20230609c_00490.jpg,158,fanning,0.9676,0.9412,16,1450,374,1516,428
262,20230609c_00490.jpg,1134,fanning,0.9965,0.9359,16,240,385,316,447
262,20230609c_00490.jpg,1913,neutral,0.9944,0.9320,5,1016,375,1080,463
262,20230609c_00490.jpg,1896,fanning,0.9993,0.9278,8,467,370,550,468
262,20230609c_00490.jpg,1874,fanning,0.7464,0.9247,11,547,372,621,441
262,20230609c_00490.jpg,842,fanning,0.9934,0.9243,16,380,436,439,530
262,20230609c_00490.jpg,1914,neutral,0.9994,0.9225,5,1204,373,1264,436
262,20230609c_00490.jpg,1708,fanning,0.7630,0.9000,16,849,371,911,411
262,20230609c_00490.jpg,1939,buffering,0.0000,0.8941,2,358,366,426,412
262,20230609c_00490.jpg,1934,buffering,0.0000,0.5793,2,460,371,542,396
263,20230609c_00491.jpg,1913,neutral,0.9811,0.9453,6,1007,373,1070,446
263,20230609c_00491.jpg,1134,fanning,0.9956,0.9366,16,240,378,317,448
263,20230609c_00491.jpg,158,fanning,0.9703,0.9354,16,1439,373,1513,426
263,20230609c_00491.jpg,1914,neutral,0.9988,0.9272,6,1205,373,1263,429
263,20230609c_00491.jpg,842,fanning,0.9920,0.9250,16,374,435,435,525
263,20230609c_00491.jpg,1595,fanning,0.9067,0.9219,7,877,745,925,819
263,20230609c_00491.jpg,1896,fanning,0.9993,0.9051,9,496,371,574,462
263,20230609c_00491.jpg,1708,fanning,0.7152,0.8976,16,844,371,905,410
263,20230609c_00491.jpg,1939,buffering,0.0000,0.8835,3,371,367,421,398
263,20230609c_00491.jpg,1874,fanning,0.9945,0.8528,12,552,370,621,427
263,20230609c_00491.jpg,1934,buffering,0.0000,0.7524,3,466,373,531,399
264,20230609c_00492.jpg,1913,neutral,0.9770,0.9454,7,990,373,1059,439
264,20230609c_00492.jpg,1134,fanning,0.9958,0.9381,16,240,376,317,449
264,20230609c_00492.jpg,1914,neutral,0.9980,0.9355,7,1203,373,1261,424
264,20230609c_00492.jpg,158,fanning,0.9717,0.9341,16,1435,372,1505,429
264,20230609c_00492.jpg,1957,buffering,0.0000,0.9324,1,335,481,381,564
264,20230609c_00492.jpg,1868,buffering,0.0000,0.9320,2,447,914,525,1005
264,20230609c_00492.jpg,842,fanning,0.9913,0.9248,16,361,434,441,522
264,20230609c_00492.jpg,1708,fanning,0.7481,0.8881,16,847,371,906,407
264,20230609c_00492.jpg,1896,fanning,0.9993,0.8879,10,505,373,578,458
264,20230609c_00492.jpg,1934,neutral,0.9996,0.8427,4,463,373,540,396
264,20230609c_00492.jpg,1874,fanning,0.9958,0.8369,13,549,372,602,409
265,20230609c_00493.jpg,1134,fanning,0.9973,0.9381,16,241,376,317,449
265,20230609c_00493.jpg,1913,neutral,0.9681,0.9381,8,991,373,1056,429
265,20230609c_00493.jpg,158,fanning,0.9743,0.9335,16,1436,372,1505,430
265,20230609c_00493.jpg,1957,buffering,0.0000,0.9292,2,330,431,434,544
265,20230609c_00493.jpg,1876,buffering,0.0000,0.9289,2,537,882,623,976
265,20230609c_00493.jpg,1914,neutral,0.9962,0.9241,8,1199,372,1260,420
265,20230609c_00493.jpg,1964,buffering,0.0000,0.9225,1,712,373,763,438
265,20230609c_00493.jpg,1896,fanning,0.9993,0.9099,11,507,374,579,447
265,20230609c_00493.jpg,842,fanning,0.9893,0.9062,16,381,437,432,526
265,20230609c_00493.jpg,1708,fanning,0.7380,0.8606,16,841,371,900,402
265,20230609c_00493.jpg,1934,neutral,0.9990,0.8148,5,464,372,542,398
265,20230609c_00493.jpg,1967,buffering,0.0000,0.5508,1,369,367,422,393
266,20230609c_00494.jpg,1957,buffering,0.0000,0.9377,3,318,432,376,524
266,20230609c_00494.jpg,1134,fanning,0.9984,0.9369,16,242,377,318,449
266,20230609c_00494.jpg,158,fanning,0.9840,0.9337,16,1436,373,1507,430
266,20230609c_00494.jpg,1873,buffering,0.0000,0.9314,3,1000,406,1058,504
266,20230609c_00494.jpg,1881,buffering,0.0000,0.9292,3,614,859,684,941
266,20230609c_00494.jpg,1914,neutral,0.9944,0.9266,9,1202,371,1260,410
266,20230609c_00494.jpg,1896,fanning,0.9994,0.9258,12,506,373,581,433
266,20230609c_00494.jpg,842,fanning,0.9899,0.9233,16,383,438,432,525
266,20230609c_00494.jpg,1913,neutral,0.9135,0.9101,9,992,373,1047,416
266,20230609c_00494.jpg,1595,fanning,0.9485,0.9093,8,883,778,920,850
266,20230609c_00494.jpg,1964,buffering,0.0000,0.9012,2,711,373,772,434
266,20230609c_00494.jpg,1967,buffering,0.0000,0.8634,2,375,367,424,398
266,20230609c_00494.jpg,1934,neutral,0.9983,0.7930,6,468,372,534,393
266,20230609c_00494.jpg,1708,fanning,0.6804,0.7928,16,847,371,886,400
267,20230609c_00495.jpg,158,fanning,0.9892,0.9418,16,1435,373,1508,427
267,20230609c_00495.jpg,1873,neutral,0.9971,0.9408,4,995,372,1050,441
267,20230609c_00495.jpg,1134,fanning,0.9986,0.9372,16,245,374,317,453
267,20230609c_00495.jpg,1957,fanning,0.5539,0.9367,4,320,410,376,504
267,20230609c_00495.jpg,1964,buffering,0.0000,0.9201,3,719,374,766,431
267,20230609c_00495.jpg,1595,fanning,0.9638,0.9168,9,884,770,926,836
267,20230609c_00495.jpg,842,fanning,0.9902,0.9080,16,384,440,433,525
267,20230609c_00495.jpg,1914,neutral,0.9940,0.9046,10,1220,372,1259,399
267,20230609c_00495.jpg,1708,fanning,0.7429,0.8743,16,839,370,899,400
267,20230609c_00495.jpg,1896,fanning,0.9995,0.8691,13,508,373,580,426
267,20230609c_00495.jpg,1967,buffering,0.0000,0.8462,3,373,367,428,397
268,20230609c_00496.jpg,1957,fanning,0.8727,0.9407,5,311,392,383,492
268,20230609c_00496.jpg,1873,neutral,0.9832,0.9390,5,995,372,1049,440
268,20230609c_00496.jpg,1134,fanning,0.9987,0.9379,16,244,373,314,453
268,20230609c_00496.jpg,158,fanning,0.9892,0.9329,16,1445,372,1506,423
268,20230609c_00496.jpg,1964,neutral,0.9938,0.9261,4,719,373,767,423
268,20230609c_00496.jpg,1975,buffering,0.0000,0.9209,1,696,842,757,933
268,20230609c_00496.jpg,842,fanning,0.9893,0.9103,16,379,438,436,524
268,20230609c_00496.jpg,1896,fanning,0.9995,0.8733,14,515,373,581,421
268,20230609c_00496.jpg,1967,neutral,0.9839,0.8610,4,375,367,430,395
268,20230609c_00496.jpg,1708,fanning,0.7653,0.8561,16,838,371,898,399
268,20230609c_00496.jpg,1934,neutral,0.9830,0.8227,7,473,372,538,394
269,20230609c_00497.jpg,1873,neutral,0.9602,0.9394,6,995,372,1057,429
269,20230609c_00497.jpg,158,fanning,0.9882,0.9367,16,1433,373,1506,427
269,20230609c_00497.jpg,1134,fanning,0.9988,0.9348,16,244,370,316,453
269,20230609c_00497.jpg,1975,buffering,0.0000,0.9297,2,703,842,771,932
269,20230609c_00497.jpg,1957,fanning,0.9889,0.9235,6,308,389,394,475
269,20230609c_00497.jpg,842,fanning,0.9845,0.9195,16,374,412,433,525
269,20230609c_00497.jpg,1964,neutral,0.9959,0.9081,5,719,372,781,410
269,20230609c_00497.jpg,1896,fanning,0.9995,0.8970,15,516,372,586,427
269,20230609c_00497.jpg,1708,fanning,0.8580,0.8592,16,830,371,894,398
269,20230609c_00497.jpg,1967,neutral,0.9842,0.8378,5,375,366,436,397
269,20230609c_00497.jpg,1934,neutral,0.6846,0.8134,8,470,372,535,396
270,20230609c_00498.jpg,1134,fanning,0.9986,0.9378,16,242,371,316,452
270,20230609c_00498.jpg,1873,neutral,0.9164,0.9366,7,990,372,1055,431
270,20230609c_00498.jpg,1975,buffering,0.0000,0.9327,3,705,826,763,920
270,20230609c_00498.jpg,842,fanning,0.9944,0.9285,16,380,438,434,523
270,20230609c_00498.jpg,158,fanning,0.9916,0.9269,16,1437,372,1507,423
270,20230609c_00498.jpg,1957,fanning,0.9968,0.9261,7,331,401,404,459
270,20230609c_00498.jpg,1964,neutral,0.9980,0.8776,6,735,372,777,395
270,20230609c_00498.jpg,1967,neutral,0.9917,0.8522,6,382,366,446,397
270,20230609c_00498.jpg,1708,fanning,0.7922,0.8181,16,841,373,880,393
270,20230609c_00498.jpg,1934,uncertain,0.5153,0.7908,9,473,372,539,394
271,20230609c_00499.jpg,1134,fanning,0.9986,0.9370,16,239,371,315,453
271,20230609c_00499.jpg,1975,neutral,0.9978,0.9301,4,711,778,768,890
271,20230609c_00499.jpg,842,fanning,0.9881,0.9288,16,380,439,437,524
271,20230609c_00499.jpg,1873,neutral,0.9325,0.9261,8,993,372,1065,430
271,20230609c_00499.jpg,158,fanning,0.9928,0.9234,16,1434,373,1507,425
271,20230609c_00499.jpg,1957,fanning,0.9989,0.9232,8,340,401,410,469
271,20230609c_00499.jpg,1896,fanning,0.9996,0.9047,16,503,371,589,414
271,20230609c_00499.jpg,1964,neutral,0.9988,0.8770,7,746,372,781,394
271,20230609c_00499.jpg,1967,neutral,0.9965,0.8520,7,379,367,449,402
271,20230609c_00499.jpg,1934,trophallaxis,0.9671,0.8299,10,473,372,538,394
271,20230609c_00499.jpg,1708,fanning,0.7221,0.6635,16,843,372,883,388
272,20230609c_00500.jpg,1134,fanning,0.9982,0.9394,16,241,371,315,453
272,20230609c_00500.jpg,842,fanning,0.9861,0.9308,16,352,439,439,523
272,20230609c_00500.jpg,158,fanning,0.9886,0.9274,16,1435,372,1506,427
272,20230609c_00500.jpg,1957,fanning,0.9993,0.9123,9,351,399,427,462
272,20230609c_00500.jpg,1992,buffering,0.0000,0.8867,1,233,1027,293,1077
272,20230609c_00500.jpg,1813,neutral,0.9996,0.8585,5,980,372,1058,436
272,20230609c_00500.jpg,1967,neutral,0.9973,0.8428,8,379,368,453,396
272,20230609c_00500.jpg,1896,fanning,0.9995,0.8390,16,529,372,594,406
272,20230609c_00500.jpg,1934,trophallaxis,0.9884,0.7894,11,479,373,541,393
273,20230609c_00501.jpg,1134,fanning,0.9982,0.9379,16,243,370,313,454
273,20230609c_00501.jpg,842,fanning,0.9721,0.9328,16,364,437,441,519
273,20230609c_00501.jpg,158,fanning,0.9867,0.9287,16,1438,373,1510,425
273,20230609c_00501.jpg,1957,fanning,0.9992,0.9035,10,367,399,447,453
273,20230609c_00501.jpg,1813,neutral,0.9997,0.8923,6,992,373,1071,415
273,20230609c_00501.jpg,1992,buffering,0.0000,0.8476,2,264,1032,320,1073
273,20230609c_00501.jpg,1896,fanning,0.9985,0.8325,16,532,372,594,405
273,20230609c_00501.jpg,1967,neutral,0.9933,0.7943,9,377,367,444,393
273,20230609c_00501.jpg,1934,trophallaxis,0.9984,0.7775,12,480,373,536,392
274,20230609c_00502.jpg,1134,fanning,0.9981,0.9397,16,243,369,315,454
274,20230609c_00502.jpg,842,fanning,0.9987,0.9371,16,379,427,446,523
274,20230609c_00502.jpg,158,fanning,0.9871,0.9342,16,1436,374,1509,427
274,20230609c_00502.jpg,1999,buffering,0.0000,0.9305,1,1010,668,1085,755
274,20230609c_00502.jpg,1813,neutral,0.9997,0.9120,7,1003,372,1085,415
274,20230609c_00502.jpg,1957,fanning,0.9992,0.9044,11,380,398,461,452
274,20230609c_00502.jpg,1896,fanning,0.9924,0.8517,16,529,372,594,407
274,20230609c_00502.jpg,1934,trophallaxis,0.9990,0.7794,13,480,372,536,393
274,20230609c_00502.jpg,1967,neutral,0.9879,0.7764,10,380,367,446,394
275,20230609c_00503.jpg,1134,fanning,0.9969,0.9380,16,244,368,314,454
275,20230609c_00503.jpg,842,fanning,0.9992,0.9375,16,378,446,444,523
275,20230609c_00503.jpg,158,fanning,0.9886,0.9335,16,1433,372,1505,429
275,20230609c_00503.jpg,1957,fanning,0.9994,0.9194,12,390,393,467,450
275,20230609c_00503.jpg,1813,neutral,0.9996,0.9176,8,1011,372,1087,416
275,20230609c_00503.jpg,1896,fanning,0.6632,0.8802,16,517,371,601,406
275,20230609c_00503.jpg,1934,trophallaxis,0.9989,0.7009,14,484,373,537,393
275,20230609c_00503.jpg,1967,neutral,0.9537,0.6726,11,385,366,450,394
276,20230609c_00504.jpg,842,fanning,0.9994,0.9394,16,372,430,450,523
276,20230609c_00504.jpg,1134,fanning,0.9970,0.9353,16,244,370,312,452
276,20230609c_00504.jpg,158,fanning,0.9893,0.9337,16,1432,374,1508,431
276,20230609c_00504.jpg,1813,neutral,0.9996,0.9236,9,1022,372,1099,418
276,20230609c_00504.jpg,1957,fanning,0.9994,0.9122,13,395,396,478,447
276,20230609c_00504.jpg,1876,buffering,0.0000,0.8944,3,566,872,611,947
276,20230609c_00504.jpg,1896,trophallaxis,0.9497,0.8704,16,524,371,607,402
276,20230609c_00504.jpg,2011,buffering,0.0000,0.8653,1,711,1022,758,1080
276,20230609c_00504.jpg,1934,trophallaxis,0.9991,0.8330,15,484,372,536,400
276,20230609c_00504.jpg,1967,neutral,0.9065,0.8206,12,382,367,461,400
277,20230609c_00505.jpg,2013,buffering,0.0000,0.9418,1,696,375,767,458
277,20230609c_00505.jpg,1813,neutral,0.9994,0.9375,10,1027,372,1104,421
277,20230609c_00505.jpg,842,fanning,0.9995,0.9363,16,373,444,452,521
277,20230609c_00505.jpg,1134,fanning,0.9972,0.9344,16,244,371,312,452
277,20230609c_00505.jpg,158,fanning,0.9900,0.9320,16,1436,373,1505,426
277,20230609c_00505.jpg,1868,buffering,0.0000,0.9232,3,494,907,547,990
277,20230609c_00505.jpg,1957,fanning,0.9995,0.9205,14,410,383,503,446
277,20230609c_00505.jpg,1896,trophallaxis,0.8895,0.8348,16,534,372,597,398
277,20230609c_00505.jpg,1934,trophallaxis,0.9987,0.7217,16,491,372,542,393
278,20230609c_00506.jpg,2019,buffering,0.0000,0.9459,1,773,432,826,507
278,20230609c_00506.jpg,842,fanning,0.9995,0.9383,16,373,448,462,520
278,20230609c_00506.jpg,1134,fanning,0.9987,0.9331,16,244,370,310,451
278,20230609c_00506.jpg,158,fanning,0.9882,0.9298,16,1443,374,1504,432
278,20230609c_00506.jpg,1813,neutral,0.9992,0.9266,11,1020,372,1101,414
278,20230609c_00506.jpg,1957,fanning,0.9996,0.9232,15,428,393,511,444
278,20230609c_00506.jpg,2013,buffering,0.0000,0.9229,2,688,373,765,448
278,20230609c_00506.jpg,1975,neutral,0.9975,0.9167,5,745,621,808,705
278,20230609c_00506.jpg,1896,trophallaxis,0.9842,0.8187,16,535,372,596,397
278,20230609c_00506.jpg,1934,trophallaxis,0.9988,0.7039,16,490,373,541,395
278,20230609c_00506.jpg,1967,neutral,0.6486,0.6555,13,393,367,451,391
279,20230609c_00507.jpg,842,fanning,0.9995,0.9387,16,372,446,466,518
279,20230609c_00507.jpg,158,fanning,0.9868,0.9371,16,1447,374,1517,428
279,20230609c_00507.jpg,1881,neutral,0.9858,0.9368,4,592,808,652,909
279,20230609c_00507.jpg,2019,buffering,0.0000,0.9366,2,780,406,838,505
279,20230609c_00507.jpg,1134,fanning,0.9988,0.9318,16,244,371,309,450
279,20230609c_00507.jpg,2013,buffering,0.0000,0.9313,3,687,372,756,438
279,20230609c_00507.jpg,1957,fanning,0.9996,0.9167,16,434,393,514,445
279,20230609c_00507.jpg,1813,neutral,0.9973,0.9127,12,1017,371,1105,407
279,20230609c_00507.jpg,2028,buffering,0.0000,0.9013,1,558,750,593,807
279,20230609c_00507.jpg,1896,trophallaxis,0.9865,0.8300,16,543,372,596,397
279,20230609c_00507.jpg,1967,fanning,0.7257,0.7865,14,395,367,481,400
279,20230609c_00507.jpg,1934,trophallaxis,0.9988,0.7862,16,485,373,542,398
280,20230609c_00508.jpg,158,fanning,0.9882,0.9382,16,1448,374,1503,428
280,20230609c_00508.jpg,2019,buffering,0.0000,0.9382,3,777,400,837,494
280,20230609c_00508.jpg,842,fanning,0.9996,0.9362,16,373,444,468,517
280,20230609c_00508.jpg,2013,neutral,0.9993,0.9349,4,685,373,755,436
280,20230609c_00508.jpg,1134,fanning,0.9989,0.9298,16,243,371,309,450
280,20230609c_00508.jpg,2028,buffering,0.0000,0.9232,2,557,719,611,812
280,20230609c_00508.jpg,1813,neutral,0.9880,0.9222,13,1027,372,1114,407
280,20230609c_00508.jpg,1957,fanning,0.9996,0.8970,16,427,372,546,445
280,20230609c_00508.jpg,1896,trophallaxis,0.9481,0.8815,16,546,372,600,402
280,20230609c_00508.jpg,1967,fanning,0.9175,0.8605,15,391,367,452,395
280,20230609c_00508.jpg,1934,trophallaxis,0.9986,0.7678,16,460,372,543,394
281,20230609c_00509.jpg,2013,neutral,0.9959,0.9370,5,681,372,749,423
281,20230609c_00509.jpg,1957,fanning,0.9996,0.9369,16,451,375,549,458
281,20230609c_00509.jpg,2019,neutral,0.9882,0.9360,4,775,387,838,477
281,20230609c_00509.jpg,158,fanning,0.9856,0.9347,16,1447,374,1521,427
281,20230609c_00509.jpg,842,fanning,0.9996,0.9306,16,369,443,462,514
281,20230609c_00509.jpg,1134,fanning,0.9989,0.9301,16,243,371,309,451
281,20230609c_00509.jpg,1813,neutral,0.8305,0.8997,14,1034,371,1133,404
281,20230609c_00509.jpg,1967,fanning,0.9188,0.8372,16,394,367,467,392
281,20230609c_00509.jpg,1896,uncertain,0.5125,0.8253,16,544,372,596,396
281,20230609c_00509.jpg,1934,trophallaxis,0.9986,0.6847,16,467,373,544,390
282,20230609c_00510.jpg,2037,buffering,0.0000,0.9430,1,589,479,650,567
282,20230609c_00510.jpg,842,fanning,0.9996,0.9368,16,370,446,458,513
282,20230609c_00510.jpg,2019,neutral,0.9298,0.9365,5,776,374,836,467
282,20230609c_00510.jpg,1957,fanning,0.9996,0.9356,16,459,375,545,458
282,20230609c_00510.jpg,158,fanning,0.9751,0.9345,16,1432,373,1503,429
282,20230609c_00510.jpg,2040,buffering,0.0000,0.9315,1,504,776,570,838
282,20230609c_00510.jpg,1134,fanning,0.9986,0.9314,16,242,370,308,450
282,20230609c_00510.jpg,2013,neutral,0.9468,0.9036,6,674,371,743,415
282,20230609c_00510.jpg,1813,neutral,0.9103,0.8955,15,1048,373,1115,401
282,20230609c_00510.jpg,1967,fanning,0.9786,0.8908,16,397,367,470,393
282,20230609c_00510.jpg,1896,uncertain,0.5047,0.7890,16,555,372,617,404
282,20230609c_00510.jpg,1934,trophallaxis,0.9972,0.7140,16,475,373,544,390
283,20230609c_00511.jpg,1957,fanning,0.9996,0.9388,16,463,393,540,458
283,20230609c_00511.jpg,1134,fanning,0.9986,0.9365,16,242,370,306,451
283,20230609c_00511.jpg,158,fanning,0.9702,0.9357,16,1439,373,1505,426
283,20230609c_00511.jpg,842,fanning,0.9996,0.9332,16,369,444,467,513
283,20230609c_00511.jpg,2043,buffering,0.0000,0.9300,1,500,655,552,739
283,20230609c_00511.jpg,2040,buffering,0.0000,0.9295,2,475,783,542,843
283,20230609c_00511.jpg,2019,neutral,0.8178,0.9290,6,776,372,839,452
283,20230609c_00511.jpg,2046,buffering,0.0000,0.9198,1,650,838,696,901
283,20230609c_00511.jpg,1813,neutral,0.9248,0.9029,16,1054,374,1117,401
283,20230609c_00511.jpg,2013,neutral,0.9940,0.8547,7,669,371,732,414
283,20230609c_00511.jpg,1967,fanning,0.9938,0.8487,16,403,368,476,392
283,20230609c_00511.jpg,1934,trophallaxis,0.9980,0.8046,16,470,373,541,391
284,20230609c_00512.jpg,842,fanning,0.9996,0.9394,16,370,444,467,514
284,20230609c_00512.jpg,1957,fanning,0.9996,0.9375,16,468,373,552,458
284,20230609c_00512.jpg,2048,buffering,0.0000,0.9372,1,46,489,104,547
284,20230609c_00512.jpg,2043,buffering,0.0000,0.9367,2,507,631,564,727
284,20230609c_00512.jpg,2019,uncertain,0.5362,0.9345,7,776,373,839,445
284,20230609c_00512.jpg,158,fanning,0.9783,0.9344,16,1441,373,1504,425
284,20230609c_00512.jpg,2046,buffering,0.0000,0.9324,2,648,839,701,917
284,20230609c_00512.jpg,1134,fanning,0.9988,0.9286,16,240,371,305,452
284,20230609c_00512.jpg,2040,buffering,0.0000,0.9171,3,465,795,527,860
284,20230609c_00512.jpg,1813,neutral,0.8637,0.9100,16,1058,373,1122,400
284,20230609c_00512.jpg,1967,fanning,0.9954,0.8767,16,406,368,479,391
284,20230609c_00512.jpg,2013,neutral,0.9993,0.8262,8,667,372,723,402
284,20230609c_00512.jpg,1934,trophallaxis,0.9949,0.6437,16,469,373,549,393
285,20230609c_00513.jpg,158,fanning,0.9874,0.9390,16,1431,372,1503,429
285,20230609c_00513.jpg,1957,fanning,0.9996,0.9381,16,469,375,559,455
285,20230609c_00513.jpg,2043,buffering,0.0000,0.9381,3,526,593,582,679
285,20230609c_00513.jpg,1134,fanning,0.9988,0.9352,16,239,371,301,450
285,20230609c_00513.jpg,842,fanning,0.9996,0.9349,16,370,445,466,513
285,20230609c_00513.jpg,2046,buffering,0.0000,0.9309,3,671,829,744,913
285,20230609c_00513.jpg,2051,buffering,0.0000,0.9308,1,614,371,694,466
285,20230609c_00513.jpg,2019,fanning,0.7352,0.9204,8,776,372,839,436
285,20230609c_00513.jpg,2048,buffering,0.0000,0.9169,2,56,482,116,536
285,20230609c_00513.jpg,2040,neutral,0.9994,0.9158,4,464,813,526,883
285,20230609c_00513.jpg,1813,neutral,0.6573,0.9034,16,1064,373,1126,400
285,20230609c_00513.jpg,1967,fanning,0.9921,0.8779,16,409,368,482,390
286,20230609c_00514.jpg,2051,buffering,0.0000,0.9414,2,615,372,688,458
286,20230609c_00514.jpg,842,fanning,0.9996,0.9380,16,369,447,471,512
286,20230609c_00514.jpg,158,fanning,0.9873,0.9379,16,1440,373,1509,425
286,20230609c_00514.jpg,2040,neutral,0.9995,0.9376,5,480,820,551,902
286,20230609c_00514.jpg,1957,fanning,0.9996,0.9299,16,472,375,556,454
286,20230609c_00514.jpg,1134,fanning,0.9988,0.9261,16,240,371,301,451
286,20230609c_00514.jpg,2019,fanning,0.8462,0.9226,9,777,372,840,429
286,20230609c_00514.jpg,2048,buffering,0.0000,0.9198,3,66,473,127,527
286,20230609c_00514.jpg,1813,fanning,0.6658,0.9064,16,1070,374,1132,402
286,20230609c_00514.jpg,1967,fanning,0.9781,0.8733,16,411,368,484,391
287,20230609c_00515.jpg,2037,buffering,0.0000,0.9402,2,563,464,623,557
287,20230609c_00515.jpg,158,fanning,0.9881,0.9376,16,1436,373,1507,426
287,20230609c_00515.jpg,842,fanning,0.9996,0.9362,16,368,445,475,512
287,20230609c_00515.jpg,2051,buffering,0.0000,0.9316,3,613,373,679,454
287,20230609c_00515.jpg,1134,fanning,0.9989,0.9303,16,239,372,296,451
287,20230609c_00515.jpg,1957,fanning,0.9996,0.9298,16,475,374,554,455
287,20230609c_00515.jpg,2019,fanning,0.9039,0.9250,10,772,372,835,422
287,20230609c_00515.jpg,2048,neutral,0.9994,0.9203,4,83,471,149,526
287,20230609c_00515.jpg,1813,fanning,0.8232,0.9046,16,1079,374,1140,403
287,20230609c_00515.jpg,1934,trophallaxis,0.9966,0.8219,16,495,372,558,396
287,20230609c_00515.jpg,1967,fanning,0.9787,0.8036,16,419,370,493,390
287,20230609c_00515.jpg,2055,buffering,0.0000,0.6643,1,664,372,712,393
288,20230609c_00516.jpg,842,fanning,0.9996,0.9333,16,369,446,469,513
288,20230609c_00516.jpg,158,fanning,0.9934,0.9322,16,1434,374,1508,428
288,20230609c_00516.jpg,1957,fanning,0.9996,0.9286,16,476,373,552,456
288,20230609c_00516.jpg,1881,neutral,0.9938,0.9211,5,601,767,669,864
288,20230609c_00516.jpg,1813,fanning,0.9171,0.9194,16,1082,374,1145,406
288,20230609c_00516.jpg,1134,fanning,0.9991,0.9188,16,240,372,294,451
288,20230609c_00516.jpg,2019,fanning,0.9043,0.9145,11,773,372,835,418
288,20230609c_00516.jpg,2051,neutral,0.9997,0.8916,4,617,373,681,449
288,20230609c_00516.jpg,2048,neutral,0.9996,0.8841,5,100,466,156,516
288,20230609c_00516.jpg,1934,trophallaxis,0.9908,0.8454,16,498,372,563,401
288,20230609c_00516.jpg,1967,fanning,0.9816,0.8264,16,416,369,490,389
288,20230609c_00516.jpg,2055,buffering,0.0000,0.8188,2,663,372,705,391
289,20230609c_00517.jpg,158,fanning,0.9937,0.9325,16,1444,373,1505,424
289,20230609c_00517.jpg,842,fanning,0.9996,0.9323,16,369,446,473,514
289,20230609c_00517.jpg,1957,fanning,0.9995,0.9309,16,477,391,550,457
289,20230609c_00517.jpg,2061,buffering,0.0000,0.9271,1,599,421,650,487
289,20230609c_00517.jpg,1134,fanning,0.9992,0.9224,16,239,372,293,451
289,20230609c_00517.jpg,2019,fanning,0.9277,0.9171,12,770,373,829,415
289,20230609c_00517.jpg,1813,fanning,0.9666,0.9108,16,1085,374,1147,404
289,20230609c_00517.jpg,2048,neutral,0.9992,0.8792,6,100,465,162,514
289,20230609c_00517.jpg,1934,trophallaxis,0.9480,0.8149,16,495,372,555,398
289,20230609c_00517.jpg,2051,neutral,0.9997,0.8130,5,611,374,670,431
289,20230609c_00517.jpg,1967,fanning,0.9810,0.7998,16,417,369,488,388
290,20230609c_00518.jpg,2061,buffering,0.0000,0.9354,2,596,390,659,475
290,20230609c_00518.jpg,1957,fanning,0.9995,0.9347,16,479,382,553,455
290,20230609c_00518.jpg,842,fanning,0.9996,0.9337,16,367,444,473,512
290,20230609c_00518.jpg,158,fanning,0.9941,0.9336,16,1438,374,1510,426
290,20230609c_00518.jpg,1134,fanning,0.9993,0.9267,16,239,371,293,449
290,20230609c_00518.jpg,2019,fanning,0.9586,0.9229,13,768,372,830,413
290,20230609c_00518.jpg,1813,fanning,0.9749,0.9075,16,1087,374,1148,404
290,20230609c_00518.jpg,1934,trophallaxis,0.8488,0.8543,16,497,372,542,398
290,20230609c_00518.jpg,2048,neutral,0.9978,0.8495,7,107,461,161,508
290,20230609c_00518.jpg,1967,fanning,0.9757,0.8417,16,413,369,485,390
291,20230609c_00519.jpg,158,fanning,0.9948,0.9345,16,1436,374,1508,424
291,20230609c_00519.jpg,1957,fanning,0.9994,0.9333,16,481,390,554,455
291,20230609c_00519.jpg,842,fanning,0.9996,0.9328,16,367,446,473,509
291,20230609c_00519.jpg,2061,buffering,0.0000,0.9309,3,583,372,644,445
291,20230609c_00519.jpg,2019,fanning,0.9698,0.9238,14,769,372,829,412
291,20230609c_00519.jpg,2068,buffering,0.0000,0.9218,1,1247,792,1301,877
291,20230609c_00519.jpg,1134,fanning,0.9993,0.9209,16,238,372,293,449
291,20230609c_00519.jpg,1813,fanning,0.9767,0.9048,16,1088,374,1150,403
291,20230609c_00519.jpg,1934,neutral,0.9236,0.8607,16,499,372,542,399
291,20230609c_00519.jpg,2048,neutral,0.9656,0.8165,8,96,470,155,514
291,20230609c_00519.jpg,1967,fanning,0.9287,0.8070,16,411,368,489,391
292,20230609c_00520.jpg,2068,buffering,0.0000,0.9432,2,1239,781,1298,880
292,20230609c_00520.jpg,1957,fanning,0.9994,0.9390,16,480,384,556,455
292,20230609c_00520.jpg,158,fanning,0.9948,0.9347,16,1433,374,1508,427
292,20230609c_00520.jpg,2061,neutral,0.9992,0.9327,4,583,371,643,428
292,20230609c_00520.jpg,842,fanning,0.9996,0.9321,16,367,444,473,510
292,20230609c_00520.jpg,1134,fanning,0.9993,0.9275,16,238,371,294,448
292,20230609c_00520.jpg,1813,fanning,0.9788,0.9071,16,1094,374,1151,403
292,20230609c_00520.jpg,2019,fanning,0.9852,0.9010,15,771,372,831,409
292,20230609c_00520.jpg,1934,neutral,0.9983,0.8549,16,499,372,546,403
292,20230609c_00520.jpg,1967,fanning,0.8244,0.7397,16,431,371,494,391
293,20230609c_00521.jpg,2051,neutral,0.9997,0.9369,6,584,371,659,427
293,20230609c_00521.jpg,1957,fanning,0.9993,0.9368,16,479,394,557,456
293,20230609c_00521.jpg,2074,buffering,0.0000,0.9368,1,838,523,895,615
293,20230609c_00521.jpg,158,fanning,0.9950,0.9361,16,1437,374,1508,426
293,20230609c_00521.jpg,1134,fanning,0.9993,0.9307,16,238,371,295,447
293,20230609c_00521.jpg,842,fanning,0.9996,0.9295,16,368,445,472,510
293,20230609c_00521.jpg,2068,buffering,0.0000,0.9280,3,1209,762,1277,868
293,20230609c_00521.jpg,1813,fanning,0.9691,0.9242,16,1096,374,1152,405
293,20230609c_00521.jpg,2019,fanning,0.9859,0.8935,16,771,372,831,406
293,20230609c_00521.jpg,1934,neutral,0.9989,0.8333,16,489,372,536,395
293,20230609c_00521.jpg,1967,fanning,0.7014,0.7065,16,409,368,487,389
294,20230609c_00522.jpg,2077,buffering,0.0000,0.9412,1,1028,452,1096,540
294,20230609c_00522.jpg,1957,fanning,0.9991,0.9396,16,483,392,570,456
294,20230609c_00522.jpg,2051,neutral,0.9994,0.9373,7,570,372,647,427
294,20230609c_00522.jpg,158,fanning,0.9953,0.9361,16,1436,374,1507,426
294,20230609c_00522.jpg,2074,buffering,0.0000,0.9361,2,836,478,897,572
294,20230609c_00522.jpg,1134,fanning,0.9993,0.9342,16,237,372,291,448
294,20230609c_00522.jpg,842,fanning,0.9996,0.9269,16,365,441,471,511
294,20230609c_00522.jpg,1813,fanning,0.9667,0.9170,16,1095,374,1151,403
294,20230609c_00522.jpg,2019,fanning,0.9890,0.8878,16,768,372,829,404
294,20230609c_00522.jpg,1934,neutral,0.9993,0.8721,16,490,372,547,398
294,20230609c_00522.jpg,1967,uncertain,0.5077,0.8681,16,405,368,481,392
295,20230609c_00523.jpg,2051,neutral,0.9575,0.9385,8,569,371,645,425
295,20230609c_00523.jpg,1957,fanning,0.9991,0.9373,16,482,393,563,455
295,20230609c_00523.jpg,1134,fanning,0.9993,0.9355,16,238,373,292,448
295,20230609c_00523.jpg,158,fanning,0.9961,0.9334,16,1439,375,1509,428
295,20230609c_00523.jpg,842,fanning,0.9996,0.9288,16,366,441,477,513
295,20230609c_00523.jpg,2074,buffering,0.0000,0.9272,3,834,433,880,521
295,20230609c_00523.jpg,1813,fanning,0.9790,0.9168,16,1099,374,1148,402
295,20230609c_00523.jpg,2019,fanning,0.9910,0.8851,16,767,372,829,404
295,20230609c_00523.jpg,1967,neutral,0.5716,0.8796,16,406,368,482,391
295,20230609c_00523.jpg,1934,neutral,0.9993,0.8628,16,493,372,548,399
296,20230609c_00524.jpg,1134,fanning,0.9994,0.9356,16,238,373,293,448
296,20230609c_00524.jpg,158,fanning,0.9951,0.9341,16,1439,374,1511,425
296,20230609c_00524.jpg,1957,fanning,0.9988,0.9336,16,485,392,565,457
296,20230609c_00524.jpg,2074,neutral,0.9990,0.9335,4,818,377,884,469
296,20230609c_00524.jpg,2051,fanning,0.5921,0.9291,9,572,371,650,422
296,20230609c_00524.jpg,842,fanning,0.9996,0.9272,16,366,440,473,508
296,20230609c_00524.jpg,1999,buffering,0.0000,0.9167,2,1017,623,1078,715
296,20230609c_00524.jpg,2019,fanning,0.9828,0.8702,16,775,372,816,398
296,20230609c_00524.jpg,1967,neutral,0.7523,0.8435,16,412,369,484,390
296,20230609c_00524.jpg,1934,neutral,0.9992,0.8312,16,494,372,540,396
297,20230609c_00525.jpg,158,fanning,0.9949,0.9361,16,1446,375,1512,424
297,20230609c_00525.jpg,1957,fanning,0.9982,0.9355,16,486,391,566,456
297,20230609c_00525.jpg,1134,fanning,0.9994,0.9351,16,237,373,293,446
297,20230609c_00525.jpg,2074,neutral,0.9979,0.9309,5,809,371,874,424
297,20230609c_00525.jpg,842,fanning,0.9996,0.9278,16,366,440,471,508
297,20230609c_00525.jpg,2051,fanning,0.9627,0.9083,10,576,372,655,420
297,20230609c_00525.jpg,2087,buffering,0.0000,0.9027,1,1058,372,1141,431
297,20230609c_00525.jpg,2019,fanning,0.9760,0.8564,16,776,372,814,394
297,20230609c_00525.jpg,1934,neutral,0.9995,0.8347,16,497,372,541,397
298,20230609c_00526.jpg,1957,fanning,0.9982,0.9391,16,490,382,572,464
298,20230609c_00526.jpg,2087,buffering,0.0000,0.9391,2,1064,373,1144,426
298,20230609c_00526.jpg,1134,fanning,0.9994,0.9361,16,236,372,295,446
298,20230609c_00526.jpg,158,fanning,0.9968,0.9324,16,1436,374,1506,426
298,20230609c_00526.jpg,842,fanning,0.9996,0.9293,16,369,440,471,511
298,20230609c_00526.jpg,2051,fanning,0.9910,0.8648,11,579,372,662,415
298,20230609c_00526.jpg,1934,neutral,0.9996,0.8647,16,493,372,539,395
298,20230609c_00526.jpg,1967,neutral,0.6691,0.8579,16,414,369,489,392
298,20230609c_00526.jpg,2019,fanning,0.9153,0.8208,16,775,372,809,392
298,20230609c_00526.jpg,1896,neutral,0.7796,0.6206,16,623,372,658,409
299,20230609c_00527.jpg,2094,buffering,0.0000,0.9409,1,885,526,944,610
299,20230609c_00527.jpg,1134,fanning,0.9994,0.9392,16,237,373,297,446
299,20230609c_00527.jpg,842,fanning,0.9996,0.9384,16,368,440,473,511
299,20230609c_00527.jpg,158,fanning,0.9971,0.9359,16,1448,375,1514,426
299,20230609c_00527.jpg,1957,fanning,0.9971,0.9340,16,495,387,571,466
299,20230609c_00527.jpg,2095,buffering,0.0000,0.9244,1,812,370,874,422
299,20230609c_00527.jpg,2087,buffering,0.0000,0.9195,3,1076,373,1132,435
299,20230609c_00527.jpg,2092,buffering,0.0000,0.9139,1,1012,777,1053,848
299,20230609c_00527.jpg,1967,neutral,0.7645,0.8723,16,406,369,481,392
299,20230609c_00527.jpg,1934,neutral,0.9996,0.8675,16,495,372,539,398
299,20230609c_00527.jpg,2051,fanning,0.9596,0.8472,12,569,372,663,413
299,20230609c_00527.jpg,1896,neutral,0.9301,0.8404,16,618,372,661,407
